1,0,0,0,1,0,0,0,1,0,0,0,0.707107,0,0,-0.707107,0.707107,0,0,-0.707107,1,0,0,0,1,0,0,0,0.706648,-0.02545,-0.02545,-0.706649,0.706541,0.028277,0.028277,-0.706541,1,0,0,0,1,0,0,0,0.707107,0,0,0.707107,0.707107,0,0,0.707107,-0.419201,0.0294973,0.122054,-0.4192,0.0299716,-0.128282,-0.450001,0.229079,0.107659,-0.45,0.229432,-0.112291,-0.45,0.612882,0.079978,-0.45,0.613001,-0.0815395,-0.45,0.878375,0,-0.45,1.03657,0,-0.45,1.22117,0,-0.45,1.15077,0.1671,-0.45,1.15077,-0.1671,-0.45,0.891375,0.1671,-0.45,0.891375,-0.1671,-0.45,1.44097,0,0,0,0,0,0,0,0,0,0,0,0,0,0,0,0,0,0,0,0,0,0,0,0,0,0,0,0,0,0,0,0,0,0,0,0,0,0,0,0,-0.448631,0.86099,-0.000551856,1,1,0,0,0,0,0,0,0,0,0,0,0,0
1,0,0,0.000846257,1,0,0,-6.20636e-06,1,4.47916e-10,-2.02737e-09,0.000391398,0.708687,0.00100087,-0.000436054,-0.705523,0.708717,-0.000834,0.000335165,-0.705492,1,3.51535e-10,-6.43248e-10,-4.51575e-05,1,0,0,-7.19151e-05,0.705178,-0.0255439,-0.0251787,-0.708122,0.704505,0.0284471,0.028009,-0.708575,0.999998,0,0,0.0017611,0.999997,-1.32813e-07,9.44256e-08,0.00245127,0.707387,0,0,0.706827,0.707334,0,0,0.70688,-0.419341,0.0295341,0.121841,-0.42004,0.0300138,-0.128152,-0.450218,0.229132,0.107514,-0.450877,0.229491,-0.112211,-0.449694,0.612941,0.0799292,-0.450004,0.613062,-0.0815127,-0.449163,0.878436,0,-0.449463,1.03664,0,-0.449968,1.22124,0,-0.449146,1.15084,0.166988,-0.449134,1.15084,-0.167001,-0.447287,0.891446,0.166782,-0.44726,0.891446,-0.166819,-0.450641,1.44103,8.25387e-11,0,0,0.0507754,0,0,-0.000372381,2.68749e-08,-1.21642e-07,0.0234839,0.0666602,-0.0290423,0.134257,-0.0555459,0.0223226,0.136821,2.10921e-08,-3.85949e-08,-0.00270945,0,0,-0.0043149,-0.00722386,0.0171291,-0.125027,0.012829,-0.0163961,-0.172809,0,0,0.105666,-7.96877e-06,5.66554e-06,0.147076,0,0,-0.0237465,0,0,-0.0192583,-0.44833,0.86105,-0.00056103,0,1,0,0,0.000526219,0,0,0.00105244,0.0251189,0.00184178,0,0,0,0.0315731
0.999998,0,0,0.00209355,1,0,0,-1.53326e-05,1,3.45452e-10,-1.52539e-09,0.000967959,0.711001,0.00248023,-0.00107838,-0.703186,0.711076,-0.002066,0.000828393,-0.703112,1,3.90111e-10,-4.20658e-10,-0.000115385,1,0,0,-0.000180854,0.702999,-0.0256825,-0.0247787,-0.710295,0.701502,0.0286956,0.0276138,-0.711553,0.99999,0,0,0.0043684,0.999982,-4.78123e-07,3.3993e-07,0.00605336,0.7078,0,0,0.706413,0.707669,0,0,0.706544,-0.419551,0.0295889,0.121528,-0.421262,0.030085,-0.127958,-0.450543,0.22921,0.107301,-0.452157,0.229587,-0.112093,-0.449244,0.613024,0.0798579,-0.450003,0.613154,-0.0814736,-0.447926,0.87852,0,-0.448669,1.03672,0,-0.449919,1.22131,0,-0.447888,1.15093,0.166825,-0.447858,1.15093,-0.166857,-0.443294,0.891576,0.166318,-0.443226,0.891577,-0.166409,-0.451584,1.44111,6.34979e-11,0,0,0.0748377,0,0,-0.000547576,-6.14779e-09,3.01187e-08,0.0345936,0.098382,-0.0427163,0.197411,-0.0819284,0.0327997,0.201159,2.31455e-09,1.33554e-08,-0.00421367,0,0,-0.00653633,-0.010692,0.0252829,-0.184865,0.0188088,-0.0242216,-0.253898,0,0,0.156439,-2.07188e-05,1.47304e-05,0.216127,0,0,-0.0351298,0,0,-0.0284994,-0.447884,0.861135,-0.000574354,0,0.999999,0,0,0.00130164,0,0,0.00260329,0.0370976,0.00250161,0,0,0,0.0465256
0.999993,0,0,0.00363304,1,0,0,-2.65895e-05,0.999999,-4.57484e-11,3.05694e-10,0.00167948,0.71384,0.00431046,-0.00187228,-0.700293,0.713972,-0.00359,0.00143787,-0.700164,1,2.7126e-10,2.60449e-10,-0.000203339,1,0,0,-0.000316335,0.700298,-0.0258534,-0.0242856,-0.712969,0.697782,0.0290008,0.0271266,-0.715208,0.999971,0,0,0.00759049,0.999945,-9.56234e-07,6.79853e-07,0.0104954,0.708311,0,0,0.7059,0.708084,0,0,0.706128,-0.419812,0.0296563,0.121142,-0.422767,0.0301865,-0.127717,-0.450945,0.229306,0.107039,-0.453731,0.229719,-0.111947,-0.448689,0.613121,0.0797711,-0.449998,0.613268,-0.0814269,-0.446399,0.878611,0,-0.447688,1.0368,0,-0.449858,1.22139,0,-0.446335,1.15105,0.166627,-0.446284,1.15106,-0.166682,-0.438368,0.891779,0.165754,-0.438249,0.891782,-0.16591,-0.452746,1.44117,-8.35036e-12,0,0,0.0923699,0,0,-0.000675413,-2.34721e-08,1.09865e-07,0.0426912,0.121476,-0.0526925,0.243491,-0.101142,0.0404484,0.248101,-7.13109e-09,4.08664e-08,-0.00527725,0,0,-0.00812889,-0.0132124,0.0312187,-0.228367,0.0231801,-0.0299156,-0.313096,0,0,0.19333,-2.86876e-05,2.03959e-05,0.266534,0,0,-0.0433981,0,0,-0.035212,-0.447332,0.861235,-0.00059071,0,0.999997,0,0,0.00225867,0,0,0.00451734,0.0458139,0.00272691,0,0,0,0.0574216
0.999986,0,0,0.00535589,1,0,0,-3.91877e-05,0.999997,-4.64045e-10,2.26564e-09,0.00247575,0.716999,0.00636332,-0.00276281,-0.69704,0.717194,-0.00529948,0.00212156,-0.69685,1,1.50512e-10,9.9275e-10,-0.000301676,1,0,0,-0.000467879,0.697262,-0.0260439,-0.0237347,-0.71595,0.693596,0.0293409,0.0265828,-0.719275,0.999937,0,0,0.011196,0.99988,-1.48744e-06,1.05753e-06,0.0154666,0.708882,0,0,0.705327,0.708548,0,0,0.705663,-0.420104,0.0297314,0.120711,-0.424451,0.030318,-0.127448,-0.451396,0.229414,0.106749,-0.455494,0.229886,-0.111787,-0.448068,0.613221,0.0796755,-0.449994,0.613396,-0.0813767,-0.44469,0.878697,0,-0.446591,1.03688,0,-0.449789,1.22146,0,-0.444598,1.15119,0.166409,-0.444522,1.1512,-0.166489,-0.432857,0.892061,0.165135,-0.432682,0.892068,-0.165361,-0.454047,1.44121,-8.46271e-11,0,0,0.103372,0,0,-0.000755893,-2.50978e-08,1.17597e-07,0.0477766,0.135941,-0.0589709,0.272502,-0.113188,0.0452687,0.277666,-7.24485e-09,4.39381e-08,-0.00590018,0,0,-0.0090926,-0.014785,0.0349361,-0.25555,0.0259437,-0.0334771,-0.350407,0,0,0.216339,-3.18751e-05,2.26622e-05,0.298297,0,0,-0.048573,0,0,-0.0394106,-0.446715,0.861339,-0.000608978,0,0.999994,0,0,0.00332969,0,0,0.00665939,0.0512686,0.00257671,0,0,0,0.0642613
0.999974,0,0,0.00715325,1,0,0,-5.2338e-05,0.999995,-6.47798e-10,3.15422e-09,0.00330658,0.720275,0.00850956,-0.00369458,-0.693627,0.720538,-0.00708707,0.00283713,-0.693373,1,1.83402e-10,1.36892e-09,-0.000403051,1,0,0,-0.000625003,0.694084,-0.0262418,-0.0231615,-0.719043,0.689199,0.0296945,0.0260171,-0.723495,0.999888,0,0,0.0149534,0.999787,-1.99205e-06,1.41628e-06,0.0206561,0.709477,0,0,0.704728,0.70903,0,0,0.705178,-0.420409,0.0298095,0.120262,-0.426213,0.0304757,-0.127169,-0.451866,0.229525,0.106448,-0.457336,0.23008,-0.111623,-0.44742,0.613317,0.0795775,-0.449991,0.613532,-0.081327,-0.442908,0.878768,0,-0.445446,1.03694,0,-0.449718,1.22149,0,-0.442786,1.15134,0.166188,-0.442686,1.15134,-0.166292,-0.42711,0.892419,0.164505,-0.426876,0.892431,-0.164802,-0.455404,1.44122,-1.17658e-10,0,0,0.107844,0,0,-0.000789016,-1.10252e-08,5.33145e-08,0.0498498,0.141778,-0.0615516,0.28445,-0.118065,0.0472607,0.289843,1.97339e-09,2.25705e-08,-0.00608248,0,0,-0.00942745,-0.0154097,0.0364353,-0.266418,0.0270992,-0.0349069,-0.365835,0,0,0.225467,-3.02813e-05,2.15291e-05,0.311417,0,0,-0.0506258,0,0,-0.0410736,-0.446072,0.861441,-0.000628049,0,0.99999,0,0,0.00444709,0,0,0.00889421,0.0534618,0.00215471,0,0,0,0.0670446
0.99996,0,0,0.00891629,1,0,0,-6.5251e-05,0.999991,-3.35365e-10,1.77117e-09,0.00412175,0.72347,0.0106187,-0.00461167,-0.690259,0.723802,-0.00884434,0.00354178,-0.689942,1,5.2546e-10,9.81651e-10,-0.000500119,1,0,0,-0.000777227,0.690957,-0.0264348,-0.0226007,-0.722059,0.684855,0.0300405,0.0254642,-0.727614,0.999826,0,0,0.0186315,0.999668,-2.39037e-06,1.69947e-06,0.0257529,0.710059,0,0,0.704142,0.709503,0,0,0.704702,-0.420706,0.0299261,0.119823,-0.427951,0.0306909,-0.126896,-0.452324,0.229675,0.106154,-0.459152,0.230331,-0.111465,-0.446783,0.613442,0.079483,-0.449992,0.613708,-0.0812809,-0.441162,0.878861,0,-0.444326,1.03702,0,-0.44965,1.22155,0,-0.441012,1.15153,0.165976,-0.440886,1.15153,-0.166104,-0.421474,0.892871,0.163902,-0.421183,0.892891,-0.164265,-0.456737,1.44123,-6.05603e-11,0,0,0.105786,0,0,-0.000774783,1.8746e-08,-8.29827e-08,0.0489108,0.138987,-0.0604344,0.279329,-0.115773,0.0464244,0.28465,2.05235e-08,-2.32364e-08,-0.00582413,0,0,-0.00913343,-0.0150865,0.0357165,-0.260961,0.0266466,-0.0342049,-0.359377,0,0,0.220713,-2.39063e-05,1.69966e-05,0.305892,0,0,-0.0495779,0,0,-0.0402117,-0.445443,0.861572,-0.000646823,0,0.999985,0,0,0.00554327,0,0,0.0110866,0.0523934,0.00278056,0,0,0,0.0657714
0.999945,0,0,0.0105362,1,0,0,-7.71376e-05,0.999988,7.34888e-10,-3.08371e-09,0.00487107,0.726392,0.012559,-0.00545762,-0.687144,0.726788,-0.0104618,0.00419232,-0.686769,1,1.33222e-09,-5.7639e-10,-0.000585538,1,0,0,-0.000914069,0.688079,-0.026611,-0.0220871,-0.724811,0.680831,0.0303584,0.0249582,-0.731385,0.999758,0,0,0.0219987,0.999536,-2.60273e-06,1.85046e-06,0.0304464,0.710592,0,0,0.703604,0.709935,0,0,0.704267,-0.420975,0.0300548,0.119421,-0.429562,0.0309294,-0.126648,-0.452739,0.229833,0.105887,-0.460833,0.230602,-0.111324,-0.446197,0.613571,0.0793976,-0.450001,0.613892,-0.0812413,-0.439559,0.878953,0,-0.443298,1.0371,0,-0.449589,1.22159,0,-0.439383,1.15172,0.165787,-0.439235,1.15174,-0.165936,-0.416297,0.893364,0.163363,-0.415953,0.893391,-0.163784,-0.457964,1.44123,1.32886e-10,0,0,0.0971974,0,0,-0.000713191,6.42155e-08,-2.91294e-07,0.0449597,0.127568,-0.0556195,0.257138,-0.106313,0.0427596,0.262055,4.84054e-08,-9.34825e-08,-0.00512514,0,0,-0.00821057,-0.0138157,0.0327793,-0.239174,0.024586,-0.0313708,-0.331035,0,0,0.202078,-1.275e-05,9.0649e-06,0.281724,0,0,-0.0454259,0,0,-0.0368357,-0.444868,0.861709,-0.000664214,0,0.999979,0,0,0.00655061,0,0,0.0131013,0.0480625,0.00275373,0,0,0,0.060442
0.999929,0,0,0.0119041,1,0,0,-8.72083e-05,0.999985,2.8246e-09,-1.26106e-08,0.00550434,0.728854,0.0141978,-0.00617554,-0.684494,0.729306,-0.0118291,0.0047452,-0.684069,1,2.75921e-09,-3.71253e-09,-0.000651963,0.999999,0,0,-0.00102505,0.685651,-0.0267583,-0.0216551,-0.727116,0.677401,0.0306278,0.0245329,-0.734567,0.999692,0,0,0.024824,0.999407,-2.5495e-06,1.81262e-06,0.0344262,0.711039,0,0,0.703152,0.710298,0,0,0.703901,-0.421197,0.0301779,0.119082,-0.430944,0.0311605,-0.126442,-0.453084,0.229981,0.105662,-0.462273,0.230861,-0.111209,-0.445699,0.613689,0.0793267,-0.45002,0.614065,-0.0812103,-0.43821,0.879034,0,-0.442435,1.03717,0,-0.449542,1.22163,0,-0.43801,1.15191,0.165632,-0.437842,1.15192,-0.165797,-0.411923,0.893836,0.162921,-0.411534,0.893872,-0.163388,-0.459004,1.44122,5.086e-10,0,0,0.082079,0,0,-0.000604244,1.25384e-07,-5.7162e-07,0.0379963,0.107521,-0.0471068,0.217878,-0.0896842,0.0362666,0.22209,8.56195e-08,-1.88168e-07,-0.00398551,0,0,-0.00665885,-0.0115972,0.0276241,-0.201076,0.0209174,-0.0264044,-0.280795,0,0,0.169561,3.18752e-06,-2.26622e-06,0.238911,0,0,-0.0381589,0,0,-0.0309277,-0.444387,0.861834,-0.000679148,0,0.999973,0,0,0.00740153,0,0,0.0148032,0.0404718,0.00243366,0,0,0,0.0510561
0.999917,0,0,0.0129112,1,0,0,-9.46739e-05,0.999982,6.19542e-09,-2.80099e-08,0.00597134,0.730671,0.0154015,-0.00670821,-0.682523,0.731166,-0.0128354,0.00515664,-0.68206,1,4.96196e-09,-8.83408e-09,-0.00069205,0.999999,0,0,-0.00109969,0.683876,-0.0268651,-0.0213389,-0.728792,0.674842,0.0308288,0.0242222,-0.73692,0.999639,0,0,0.026876,0.999301,-2.15106e-06,1.52934e-06,0.0373819,0.711365,0,0,0.702823,0.710562,0,0,0.703634,-0.421351,0.0302797,0.118833,-0.431997,0.0313527,-0.126295,-0.453327,0.230102,0.105498,-0.463366,0.231074,-0.11113,-0.44533,0.613784,0.079275,-0.450052,0.614206,-0.0811898,-0.437223,0.879099,0,-0.441805,1.03722,0,-0.449514,1.22166,0,-0.437001,1.15206,0.165521,-0.436819,1.15207,-0.165697,-0.408695,0.894222,0.162605,-0.408272,0.894264,-0.163105,-0.459776,1.44122,1.11278e-09,0,0,0.0604303,0,0,-0.000447938,2.0225e-07,-9.23961e-07,0.0280206,0.0788456,-0.0348963,0.161548,-0.0658868,0.0269452,0.164734,1.32165e-07,-3.07293e-07,-0.00240523,0,0,-0.00447825,-0.00843029,0.0202506,-0.146642,0.0156409,-0.0193065,-0.208683,0,0,0.123162,2.39064e-05,-1.69967e-05,0.177455,0,0,-0.0277877,0,0,-0.0224984,-0.444038,0.861936,-0.000690559,0,0.999968,0,0,0.00802841,0,0,0.016057,0.029617,0.0019598,0,0,0,0.0376139
0.99991,0,0,0.0134486,1,0,0,-9.87452e-05,0.999981,1.1109e-08,-5.04816e-08,0.00622188,0.73166,0.0160365,-0.00699836,-0.681445,0.732179,-0.0133694,0.00538279,-0.68096,1,8.09602e-09,-1.63484e-08,-0.000698456,0.999999,0,0,-0.0011275,0.682955,-0.0269196,-0.0211728,-0.729657,0.673432,0.0309413,0.0240595,-0.73821,0.99961,0,0,0.0279236,0.999239,-1.32779e-06,9.44017e-07,0.0390032,0.711533,0,0,0.702653,0.710698,0,0,0.703498,-0.421418,0.0303445,0.118701,-0.432619,0.0314739,-0.126226,-0.453438,0.230176,0.10541,-0.464006,0.231206,-0.111094,-0.445127,0.613845,0.0792475,-0.4501,0.614296,-0.0811817,-0.436706,0.879144,0,-0.441479,1.03726,0,-0.449509,1.22168,0,-0.436465,1.15215,0.165466,-0.436274,1.15217,-0.165647,-0.406954,0.894452,0.162447,-0.406512,0.894497,-0.162961,-0.460199,1.44122,1.99269e-09,0,0,0.032252,0,0,-0.000244277,2.94815e-07,-1.34831e-06,0.015033,0.0415424,-0.0189881,0.0881588,-0.0349212,0.0147955,0.0900042,1.88043e-07,-4.50857e-07,-0.000384317,0,0,-0.00166883,-0.00431601,0.0106589,-0.0759029,0.00875629,-0.0100765,-0.114677,0,0,0.0628823,4.94063e-05,-3.51264e-05,0.0973546,0,0,-0.0143123,0,0,-0.0115371,-0.443862,0.862001,-0.000697384,0,0.999965,0,0,0.00836365,0,0,0.0167275,0.0155014,0.00133216,0,0,0,0.0201152
0.99991,0,0,0.0134077,1,0,0,-9.86328e-05,0.999981,1.78269e-08,-8.12262e-08,0.00620577,0.731635,0.0159699,-0.00698894,-0.681474,0.732156,-0.0133206,0.00537998,-0.680986,1,1.23169e-08,-2.66627e-08,-0.000663835,0.999999,0,0,-0.00109801,0.683091,-0.0269099,-0.021191,-0.72953,0.673446,0.0309454,0.0240787,-0.738196,0.999615,0,0,0.0277357,0.99924,4.79582e-13,-4.79578e-13,0.0389801,0.711506,0,0,0.70268,0.710675,0,0,0.703521,-0.421377,0.0303577,0.118712,-0.43271,0.0314945,-0.126251,-0.453387,0.230188,0.105417,-0.464086,0.231226,-0.111113,-0.44513,0.61386,0.0792495,-0.450167,0.614315,-0.0811879,-0.436769,0.879162,0,-0.441528,1.03728,0,-0.449534,1.2217,0,-0.436509,1.15217,0.165476,-0.436317,1.15219,-0.165656,-0.407044,0.894463,0.162478,-0.4066,0.894508,-0.162986,-0.460192,1.44124,3.19773e-09,0,0,-0.00245707,0,0,6.74438e-06,4.03078e-07,-1.84468e-06,-0.000966992,-0.00438966,0.000617858,-0.00231028,0.00321312,-0.000182698,-0.00212431,2.53253e-07,-6.1886e-07,0.00207726,0,0,0.00176947,0.000746213,-0.001151,0.0111866,0.000263304,0.00128545,0.00120878,0,0,-0.0112792,7.96876e-05,-5.66554e-05,-0.00138961,0,0,0.00227451,0,0,0.0019455,-0.443899,0.862019,-0.000698548,1,0.999965,0,0,0.00833965,0,0,0.0166795,-0.00187755,0.000548959,0,0,0,-0.00143984
0.999907,0,0,0.0136375,1,0,0,-9.45103e-05,0.99998,-1.10118e-08,5.07505e-08,0.00631048,0.731837,0.0163506,-0.00705927,-0.681247,0.732358,-0.0136046,0.0054101,-0.680763,1,-5.77994e-09,1.76316e-08,-0.000826109,0.999999,0,0,-0.00125744,0.682337,-0.0269632,-0.0210887,-0.730235,0.673007,0.030963,0.0239705,-0.738599,0.999586,0,0,0.0287693,0.999217,-3.44064e-05,2.36762e-05,0.0395697,0.711649,0,0,0.702535,0.710805,0,0,0.703389,-0.421594,0.0314139,0.118649,-0.432591,0.0325407,-0.126167,-0.453658,0.231249,0.105379,-0.464019,0.232276,-0.11105,-0.445109,0.614906,0.0792386,-0.449977,0.615355,-0.0811652,-0.436422,0.88019,0,-0.441261,1.0383,0,-0.449405,1.22272,0,-0.436242,1.15321,0.165419,-0.436051,1.15323,-0.165609,-0.406462,0.89554,0.162314,-0.406022,0.895586,-0.162851,-0.460247,1.44225,-1.97362e-09,0,0,0.0137864,0,0,0.000247348,-1.73033e-06,7.91865e-06,0.00628285,0.0250494,-0.00460753,0.0184536,-0.01868,0.00196106,0.0181818,-1.08581e-06,2.65766e-06,-0.00973646,0,0,-0.00956598,-0.00412222,0.00646278,-0.061959,0.00155166,-0.00702739,-0.03582,0,0,0.0620408,-0.00206492,0.00142094,0.0354056,0,0,-0.0121915,0,0,-0.0111222,-0.44374,0.863055,-0.000696675,0,0.999964,0,0,0.00848058,0,0,0.0169614,0.0104213,0.030849,0,0,0,0.00845589
0.999891,0,0,0.014776,1,0,0,-8.79512e-05,0.999977,-9.68253e-08,4.43479e-07,0.00682733,0.733242,0.0180188,-0.00750629,-0.679688,0.733779,-0.0148979,0.00568468,-0.679201,0.999999,-5.96006e-08,1.49452e-07,-0.00132935,0.999998,0,0,-0.00175806,0.679305,-0.0271679,-0.0206443,-0.733063,0.670672,0.0310913,0.0235117,-0.740729,0.999464,0,0,0.0327403,0.999097,-0.000123254,8.48799e-05,0.0424783,0.712218,0,0,0.701958,0.711306,0,0,0.702882,-0.4223,0.0340869,0.118351,-0.432582,0.0352116,-0.12583,-0.454564,0.233945,0.105194,-0.46418,0.23497,-0.110816,-0.444879,0.617536,0.0791839,-0.44936,0.617985,-0.0810859,-0.434949,0.88275,0,-0.44019,1.04085,0,-0.449013,1.22523,0,-0.435001,1.15584,0.165202,-0.43481,1.15586,-0.165426,-0.403297,0.898412,0.161692,-0.402852,0.89846,-0.162329,-0.460761,1.44472,-1.73146e-08,0,0,0.0683184,0,0,0.000393546,-5.14885e-06,2.35639e-05,0.0310118,0.109487,-0.0292442,0.126951,-0.0848255,0.0179189,0.127308,-3.22924e-06,7.90925e-06,-0.0301947,0,0,-0.0300373,-0.0159462,0.0282476,-0.248916,0.0105936,-0.0295237,-0.189893,0,0,0.238374,-0.00533253,0.00367338,0.174661,0,0,-0.0486624,0,0,-0.0427508,-0.443096,0.865654,-0.000694644,0,0.999958,0,0,0.00918067,0,0,0.0183616,0.044176,0.0767881,0,0,0,0.042007
0.99987,0,0,0.0161536,1,0,0,-7.8621e-05,0.999972,-2.10299e-07,9.62794e-07,0.00745107,0.734865,0.020071,-0.00803088,-0.677869,0.735419,-0.0164802,0.00599683,-0.677385,0.999998,-1.30781e-07,3.23756e-07,-0.00198707,0.999997,0,0,-0.00240735,0.675513,-0.0274234,-0.0200988,-0.736564,0.667911,0.0312344,0.0229462,-0.743232,0.999288,0,0,0.0377172,0.998944,-0.000239094,0.000164686,0.0459361,0.712928,0,0,0.701237,0.711933,0,0,0.702248,-0.423211,0.0375729,0.117989,-0.432432,0.0386685,-0.125404,-0.455724,0.237458,0.104972,-0.464249,0.238453,-0.110518,-0.444619,0.620954,0.0791199,-0.448539,0.621389,-0.0809847,-0.43313,0.886066,0,-0.438856,1.04414,0,-0.448501,1.22849,0,-0.433491,1.15926,0.164932,-0.4333,1.15928,-0.1652,-0.399523,0.902121,0.160916,-0.399077,0.90217,-0.161678,-0.461344,1.44791,-3.74959e-08,0,0,0.0826666,0,0,0.000559812,-6.80851e-06,3.11592e-05,0.0374253,0.134584,-0.0342837,0.147618,-0.103693,0.0203439,0.147697,-4.27084e-06,1.04582e-05,-0.0394629,0,0,-0.0389574,-0.0199651,0.0347368,-0.309867,0.0119743,-0.0365317,-0.223957,0,0,0.298797,-0.00695324,0.0047903,0.20767,0,0,-0.0606894,0,0,-0.053519,-0.442289,0.869023,-0.000690396,0,0.99995,0,0,0.0100267,0,0,0.0200537,0.0545686,0.0994813,0,0,0,0.050762
0.999854,0,0,0.0171006,1,0,0,-6.61853e-05,0.999969,-3.2212e-07,1.47453e-06,0.00787645,0.735736,0.0215999,-0.0083328,-0.676873,0.736292,-0.017628,0.00613897,-0.676407,0.999997,-2.00958e-07,4.955e-07,-0.00261275,0.999995,0,0,-0.00301279,0.672503,-0.0276304,-0.0196911,-0.739317,0.666207,0.0312974,0.0225166,-0.74477,0.999127,0,0,0.0417691,0.998839,-0.000354492,0.000244177,0.0481741,0.713492,0,0,0.700663,0.712441,0,0,0.701732,-0.424039,0.0410347,0.117732,-0.431893,0.042049,-0.12505,-0.456762,0.240939,0.104819,-0.463908,0.241851,-0.110261,-0.444512,0.624345,0.0790784,-0.447735,0.624739,-0.0808945,-0.431743,0.889364,0,-0.437802,1.04742,0,-0.448012,1.23174,0,-0.432414,1.16261,0.164711,-0.432228,1.16263,-0.165017,-0.397108,0.905663,0.16028,-0.396674,0.90571,-0.161151,-0.461608,1.45111,-5.73175e-08,0,0,0.0568308,0,0,0.000746143,-6.70932e-06,3.07046e-05,0.0255232,0.10034,-0.019726,0.0804698,-0.0752833,0.00923607,0.0793362,-4.2106e-06,1.03046e-05,-0.0375411,0,0,-0.0363262,-0.016179,0.0259313,-0.244818,0.00569299,-0.0280515,-0.138026,0,0,0.24331,-0.00692704,0.00477168,0.134432,0,0,-0.0482941,0,0,-0.0434375,-0.441642,0.872357,-0.000681977,0,0.999944,0,0,0.0106053,0,0,0.021211,0.0416028,0.098927,0,0,0,0.0347215
0.999856,0,0,0.0169475,1,0,0,-5.03097e-05,0.99997,-4.02974e-07,1.84453e-06,0.00779821,0.734894,0.0216955,-0.0081113,-0.677786,0.735416,-0.017616,0.00590325,-0.677361,0.999995,-2.51766e-07,6.1964e-07,-0.0030199,0.999994,0,0,-0.00338185,0.671838,-0.0276911,-0.0196588,-0.739919,0.667055,0.031186,0.0224638,-0.744016,0.999076,0,0,0.0429666,0.998875,-0.000442029,0.00030445,0.0474241,0.713626,0,0,0.700527,0.712587,0,0,0.701584,-0.424501,0.0435999,0.117753,-0.430716,0.0444777,-0.124927,-0.457301,0.243503,0.104843,-0.462839,0.244275,-0.110147,-0.444739,0.626878,0.0790889,-0.447172,0.627204,-0.0808466,-0.431567,0.891868,0,-0.43757,1.04993,0,-0.447689,1.23425,0,-0.432469,1.16507,0.164639,-0.432299,1.16509,-0.164964,-0.398018,0.908008,0.160072,-0.39762,0.908047,-0.160998,-0.461166,1.45363,-7.17314e-08,0,0,-0.00918936,0,0,0.000952539,-4.85128e-06,2.22001e-05,-0.00469406,0.0067566,0.0144291,-0.0744903,0.000404343,-0.0154047,-0.0777769,-3.04853e-06,7.44842e-06,-0.0244292,0,0,-0.0221439,-0.00458702,0.00183027,-0.0537729,-0.00824936,-0.00408322,0.06791,0,0,0.0719138,-0.00525397,0.00361753,-0.0450535,0,0,-0.0114655,0,0,-0.0125062,-0.441474,0.874849,-0.000667526,0,0.999945,0,0,0.0105034,0,0,0.0210072,0.00527948,0.0751251,0,0,0,-0.00611527
0.999887,0,0,0.0150245,1,0,0,-3.06596e-05,0.999976,-4.23548e-07,1.93863e-06,0.00691112,0.731359,0.0194524,-0.00706773,-0.681679,0.731791,-0.0157229,0.00508349,-0.681329,0.999995,-2.64843e-07,6.51133e-07,-0.00302203,0.999994,0,0,-0.00332202,0.675073,-0.0275069,-0.0202406,-0.73696,0.671927,0.0308042,0.0230305,-0.739618,0.999224,0,0,0.0393798,0.999121,-0.000474289,0.000326599,0.0419165,0.713044,0,0,0.701119,0.712128,0,0,0.70205,-0.424312,0.0444077,0.118222,-0.428648,0.0451161,-0.125195,-0.456964,0.244276,0.10515,-0.460718,0.244874,-0.110281,-0.445482,0.627728,0.0791823,-0.447071,0.627967,-0.0808742,-0.433381,0.892804,0,-0.438701,1.0509,0,-0.447675,1.23528,0,-0.434361,1.16581,0.164823,-0.43422,1.16582,-0.165132,-0.40423,0.908204,0.160598,-0.403901,0.908229,-0.161481,-0.459628,1.45475,-7.57117e-08,0,0,-0.115393,0,0,0.001179,-1.23437e-06,5.64556e-06,-0.0532272,-0.146168,0.0681815,-0.31727,0.12337,-0.0535784,-0.323642,-7.84622e-07,1.88958e-06,-0.000127335,0,0,0.00358977,0.0148097,-0.0375655,0.263289,-0.0298532,0.035373,0.393856,0,0,-0.215394,-0.00193398,0.00132784,-0.330785,0,0,0.0497925,0,0,0.0392818,-0.44211,0.875699,-0.000645125,0,0.999957,0,0,0.00930766,0,0,0.0186156,-0.0544068,0.0280792,0,0,0,-0.071748
0.999943,0,0,0.0106619,1,0,0,-6.90076e-06,0.999988,-3.54527e-07,1.62265e-06,0.00490989,0.72407,0.0139848,-0.00491046,-0.689568,0.724346,-0.0112432,0.00347872,-0.689336,0.999997,-2.21825e-07,5.44936e-07,-0.00243262,0.999997,0,0,-0.00264078,0.683689,-0.0269753,-0.0216809,-0.728953,0.682207,0.0300503,0.0244659,-0.730132,0.999577,0,0,0.0290757,0.999553,-0.000423816,0.000291695,0.0298783,0.71146,0,0,0.702727,0.710817,0,0,0.703377,-0.423187,0.0426982,0.119317,-0.425436,0.0432498,-0.126019,-0.455372,0.242486,0.105859,-0.457221,0.242921,-0.11078,-0.446922,0.626119,0.0793981,-0.447648,0.626276,-0.0810204,-0.437963,0.891396,0,-0.441739,1.04954,0,-0.448111,1.23403,0,-0.438805,1.16409,0.165387,-0.438712,1.1641,-0.165628,-0.41775,0.905567,0.162213,-0.417535,0.905577,-0.162901,-0.456602,1.45367,-6.39741e-08,0,0,-0.261782,0,0,0.00142553,4.14138e-06,-1.89589e-05,-0.120076,-0.358433,0.141531,-0.647861,0.293613,-0.105285,-0.658246,2.58113e-06,-6.37186e-06,0.0353647,0,0,0.0408746,0.042012,-0.0922566,0.706347,-0.0591186,0.0903176,0.839807,0,0,-0.618611,0.00303292,-0.00209737,-0.722763,0,0,0.135477,0,0,0.111927,-0.443871,0.874142,-0.000612557,0,0.999978,0,0,0.00660481,0,0,0.0132097,-0.13745,-0.042218,0,0,0,-0.162176
0.999995,0,0,0.00318949,1,0,0,2.13013e-05,0.999999,-1.66594e-07,7.62436e-07,0.00148925,0.71181,0.00444799,-0.00136259,-0.702357,0.711871,-0.00350559,0.000898615,-0.702301,0.999999,-1.04346e-07,2.56004e-07,-0.00106517,0.999999,0,0,-0.0011456,0.699,-0.0259847,-0.0242375,-0.714238,0.699102,0.0288122,0.0270323,-0.713929,0.999949,0,0,0.0101173,0.999955,-0.000263097,0.000180767,0.00953277,0.708577,0,0,0.705633,0.708405,0,0,0.705807,-0.42084,0.0379518,0.121218,-0.420826,0.0384218,-0.127569,-0.452142,0.237597,0.107108,-0.452018,0.237944,-0.111783,-0.449236,0.621396,0.0797952,-0.44912,0.62151,-0.0813479,-0.446091,0.886871,0,-0.447223,1.04507,0,-0.449136,1.22966,0,-0.446522,1.15929,0.166494,-0.4465,1.15929,-0.166587,-0.440609,0.899963,0.165374,-0.440565,0.899963,-0.16564,-0.451694,1.44944,-3.05436e-08,0,0,-0.448354,0,0,0.00169213,1.1276e-05,-5.16133e-05,-0.205239,-0.630037,0.234478,-1.06628,0.511134,-0.170524,-1.0816,7.04872e-06,-1.73359e-05,0.0820469,0,0,0.0897108,0.0770193,-0.162243,1.27541,-0.0960454,0.16075,1.40575,0,0,-1.13774,0.0096467,-0.00665812,-1.22099,0,0,0.245594,0,0,0.205425,-0.447082,0.86949,-0.000566946,0,0.999998,0,0,0.00198151,0,0,0.00396302,-0.243855,-0.135757,0,0,0,-0.277401
0.999968,0,0,-0.00806227,1,0,0,5.42812e-05,0.999993,1.69564e-07,-7.76194e-07,-0.00365606,0.693109,-0.00992588,0.00382621,-0.720755,0.692934,0.00809931,-0.00282821,-0.72095,0.999999,1.05956e-07,-2.60706e-07,0.00126681,0.999999,0,0,0.00135603,0.722017,-0.024408,-0.0281892,-0.69087,0.723507,0.026961,0.0310126,-0.689093,0.999811,0,0,-0.0194277,0.999782,3.5354e-05,-2.51355e-05,-0.02089,0.704092,0,0,0.710108,0.704633,0,0,0.709572,-0.417016,0.0300697,0.124108,-0.414596,0.0306018,-0.130029,-0.446916,0.229492,0.10907,-0.444811,0.2299,-0.113468,-0.452612,0.613112,0.0804663,-0.451716,0.613261,-0.0819538,-0.458545,0.878453,0,-0.455696,1.03662,0,-0.450894,1.22116,0,-0.458205,1.15104,0.168367,-0.458282,1.15104,-0.168192,-0.474749,0.892178,0.170697,-0.474948,0.892186,-0.170199,-0.444512,1.44087,3.18252e-08,0,0,-0.675111,0,0,0.00197879,2.01695e-05,-9.2318e-05,-0.308719,-0.960985,0.347022,-1.57251,0.775935,-0.249297,-1.59371,1.26182e-05,-3.10026e-05,0.139919,0,0,0.150098,0.119832,-0.247525,1.97047,-0.140633,0.246672,2.09172,0,0,-1.77278,0.0179075,-0.0123544,-1.82546,0,0,0.380141,0,0,0.319769,-0.452067,0.861185,-0.000504398,1,0.999988,0,0,-0.0049755,0,0,-0.00995104,-0.373618,-0.252542,0,0,0,-0.417422
0.999458,0,0,-0.0329135,1,0,0,0.000163857,0.999886,7.16305e-07,-3.27928e-06,-0.0150995,0.647772,-0.0403738,0.0153302,-0.760609,0.647251,0.0328545,-0.0112406,-0.761485,0.999985,4.46932e-07,-1.10174e-06,0.00552997,0.999981,0,0,0.00608629,0.767726,-0.0210513,-0.0369676,-0.639365,0.771046,0.023075,0.0397532,-0.635119,0.996763,0,0,-0.0804011,0.996601,-0.000243025,0.000161971,-0.0823768,0.694521,0,0,0.719472,0.69692,0,0,0.717149,-0.410628,0.0318349,0.130658,-0.404012,0.032875,-0.13617,-0.437647,0.230736,0.113819,-0.432284,0.231669,-0.117859,-0.461058,0.612274,0.0822764,-0.459005,0.612696,-0.0836331,-0.485538,0.875603,0,-0.473914,1.03329,0,-0.454324,1.21685,0,-0.483625,1.15106,0.172947,-0.483965,1.15112,-0.172093,-0.550115,0.90056,0.183627,-0.550955,0.90069,-0.181211,-0.428263,1.43507,1.41355e-07,0,0,-1.49143,0,0,0.00657454,3.28061e-05,-0.000150192,-0.686638,-2.089,0.789365,-3.58987,1.69889,-0.577412,-3.64405,2.04587e-05,-5.04626e-05,0.255791,0,0,0.283817,0.246351,-0.539645,4.13972,-0.28457,0.531933,4.32373,0,0,-3.66354,-0.0167195,0.0112375,-3.69473,0,0,0.803411,0,0,0.648698,-0.463493,0.859768,-0.00038399,0,0.999793,0,0,-0.0203324,0,0,-0.0406676,-0.809801,-0.0854909,0,0,0,-0.921497
0.997671,0,0,-0.0682142,1,0,0,0.000356338,0.999506,1.29654e-06,-5.93645e-06,-0.0314389,0.575816,-0.0809879,0.0311914,-0.81296,0.575258,0.0660544,-0.0229851,-0.814976,0.999943,8.07476e-07,-1.99531e-06,0.0106829,0.999928,0,0,0.0119953,0.824235,-0.0162833,-0.0496543,-0.563831,0.829231,0.0175467,0.0522803,-0.556178,0.986721,0,0,-0.162427,0.986382,-0.00148091,0.00100465,-0.164463,0.681146,0,0,0.732148,0.686486,0,0,0.727143,-0.404637,0.034274,0.140124,-0.392733,0.0366247,-0.145371,-0.427733,0.232392,0.121308,-0.418413,0.234708,-0.124974,-0.474526,0.607485,0.0855122,-0.471167,0.60863,-0.0866879,-0.523366,0.864391,0,-0.499374,1.02039,0,-0.459006,1.20052,0,-0.517029,1.14983,0.180573,-0.51779,1.15009,-0.178528,-0.650172,0.928572,0.205046,-0.652064,0.929136,-0.199271,-0.405385,1.41357,2.73676e-07,0,0,-2.12086,0,0,0.0115489,3.48253e-05,-0.000159482,-0.98064,-2.93498,1.14533,-5.22236,2.3995,-0.848054,-5.30674,2.16335e-05,-5.36159e-05,0.309185,0,0,0.354557,0.332376,-0.759562,5.676,-0.383747,0.742822,5.90055,0,0,-4.9597,-0.0746623,0.0508249,-4.96459,0,0,1.10565,0,0,0.866915,-0.479875,0.853107,-0.000201988,0,0.999111,0,0,-0.0421541,0,0,-0.0843332,-1.13483,-0.336378,0,0,0,-1.30997
0.994047,0,0,-0.108951,1,0,0,0.000570442,0.998733,2.01411e-06,-9.22234e-06,-0.0503231,0.484941,-0.124529,0.0480743,-0.8643,0.485113,0.101637,-0.0354639,-0.867801,0.999858,1.25397e-06,-3.1007e-06,0.0168706,0.999819,0,0,0.0190372,0.880501,-0.0104003,-0.0647612,-0.469484,0.886435,0.0107697,0.0671955,-0.457822,0.966458,0,0,-0.256824,0.965992,-0.00276052,0.00187512,-0.258551,0.665271,0,0,0.746602,0.674093,0,0,0.738646,-0.400831,0.0369472,0.150801,-0.383626,0.0414834,-0.155612,-0.419273,0.234125,0.130694,-0.406177,0.23879,-0.13392,-0.491654,0.596648,0.0901297,-0.487184,0.599044,-0.0911434,-0.567293,0.840869,0,-0.529298,0.993468,0,-0.465559,1.16672,0,-0.548426,1.1446,0.190827,-0.549697,1.14523,-0.187078,-0.743461,0.97911,0.233743,-0.746724,0.980485,-0.223175,-0.381219,1.3694,4.57005e-07,0,0,-2.45404,0,0,0.0128462,4.30923e-05,-0.000197328,-1.13402,-3.40554,1.3199,-6.01448,2.78106,-0.974824,-6.11043,2.67926e-05,-6.633e-05,0.371301,0,0,0.422566,0.388468,-0.88117,6.61501,-0.44534,0.863104,6.85143,0,0,-5.7951,-0.0782743,0.053246,-5.77856,0,0,1.28822,0,0,1.01453,-0.498386,0.838113,4.42591e-05,0,0.997728,0,0,-0.0673774,0,0,-0.134857,-1.31781,-0.705655,0,0,0,-1.51571
0.988669,0,0,-0.150114,1,0,0,0.000744886,0.997589,2.97268e-06,-1.36108e-05,-0.0694015,0.387202,-0.164973,0.0631854,-0.904912,0.389045,0.134577,-0.0465057,-0.910148,0.999706,1.85278e-06,-4.57715e-06,0.024238,0.999631,0,0,0.0271658,0.927838,-0.00383012,-0.08055,-0.364161,0.933649,0.00329942,0.0828577,-0.348457,0.934991,0,0,-0.354672,0.934544,-0.00318024,0.00215669,-0.355827,0.648291,0,0,0.761393,0.660545,0,0,0.750787,-0.401121,0.039428,0.160625,-0.379596,0.046722,-0.164783,-0.414585,0.23563,0.140579,-0.39872,0.243311,-0.143373,-0.511233,0.57928,0.0956981,-0.506167,0.583308,-0.0966287,-0.612584,0.804352,0,-0.560892,0.95197,0,-0.474558,1.11514,0,-0.569478,1.12996,0.202224,-0.571327,1.13109,-0.196476,-0.803293,1.03739,0.265555,-0.808236,1.0399,-0.249377,-0.361001,1.30273,7.21809e-07,0,0,-2.49095,0,0,0.0104667,5.76069e-05,-0.000263731,-1.14678,-3.50067,1.31308,-5.9662,2.84357,-0.957722,-6.05508,3.59359e-05,-8.86047e-05,0.442139,0,0,0.487845,0.414626,-0.904467,6.95676,-0.469347,0.892776,7.17636,0,0,-6.16972,-0.027555,0.0185008,-6.13661,0,0,1.35111,0,0,1.09157,-0.516627,0.813169,0.00032074,0,0.995672,0,0,-0.0929396,0,0,-0.186148,-1.35873,-1.09551,0,0,0,-1.53873
0.982403,0,0,-0.186774,1,0,0,0.000818388,0.996266,4.2759e-06,-1.95755e-05,-0.0863316,0.298413,-0.198447,0.0746441,-0.930589,0.30276,0.16162,-0.0546279,-0.937673,0.999458,2.67021e-06,-6.58374e-06,0.0329294,0.99934,0,0,0.0363343,0.961414,0.00288483,-0.0951268,-0.258121,0.966093,-0.00417395,0.0974873,-0.239046,0.894289,0,0,-0.44749,0.894067,-0.0018902,0.00126807,-0.447927,0.631716,0,0,0.7752,0.646695,0,0,0.762749,-0.406075,0.0413351,0.167559,-0.38192,0.0513644,-0.171094,-0.414688,0.236631,0.149204,-0.397599,0.247344,-0.15177,-0.531418,0.556816,0.101404,-0.52644,0.562512,-0.102372,-0.654505,0.758065,0,-0.591133,0.899974,0,-0.485846,1.0516,0,-0.578618,1.10131,0.212799,-0.581113,1.10297,-0.205091,-0.823493,1.0789,0.294957,-0.830382,1.08272,-0.273322,-0.348346,1.22206,1.09836e-06,0,0,-2.23159,0,0,0.00441013,7.83693e-05,-0.00035869,-1.01891,-3.22037,1.12488,-5.07756,2.58703,-0.796748,-5.14074,4.90636e-05,-0.00012044,0.5217,0,0,0.550394,0.410851,-0.829454,6.70126,-0.45577,0.83184,6.87536,0,0,-6.0836,0.0774952,-0.0534108,-6.03876,0,0,1.29434,0,0,1.09802,-0.533189,0.779342,0.000567446,0,0.993273,0,0,-0.115797,0,0,-0.232116,-1.25761,-1.38861,0,0,0,-1.37903
0.976803,0,0,-0.214138,1,0,0,0.000729666,0.995109,6.02771e-06,-2.75916e-05,-0.098785,0.236129,-0.22341,0.0814889,-0.942173,0.243526,0.181371,-0.0590101,-0.950956,0.999071,3.77245e-06,-9.27933e-06,0.0430884,0.998918,0,0,0.0464958,0.980811,0.00914925,-0.106618,-0.162968,0.983766,-0.0109058,0.109347,-0.141873,0.849249,0,0,-0.527992,0.849443,0.00188722,-0.00132266,-0.527675,0.617164,0,0,0.786834,0.633456,0,0,0.773778,-0.413602,0.0446331,0.170137,-0.388847,0.0566894,-0.173523,-0.41788,0.239168,0.154904,-0.401226,0.252147,-0.15772,-0.548968,0.534554,0.106246,-0.544694,0.541523,-0.107398,-0.688319,0.710747,0,-0.61662,0.847637,0,-0.498058,0.989129,0,-0.581503,1.06232,0.220918,-0.5847,1.0644,-0.211591,-0.820663,1.08826,0.317324,-0.829589,1.09319,-0.291242,-0.344232,1.14466,1.61042e-06,0,0,-1.67597,0,0,-0.00532336,0.000105379,-0.000482206,-0.750427,-2.56464,0.755279,-3.34851,2.01144,-0.491902,-3.36735,6.61755e-05,-0.000161836,0.609982,0,0,0.610213,0.377142,-0.65613,5.84848,-0.404607,0.680295,5.9484,0,0,-5.53669,0.236876,-0.162489,-5.48499,0,0,1.11789,0,0,1.03388,-0.54725,0.743378,0.000721774,0,0.991124,0,0,-0.13294,0,0,-0.266669,-1.01442,-1.41955,0,0,0,-1.0366
0.973396,0,0,-0.229129,1,0,0,0.000268826,0.994482,9.11543e-06,-4.17172e-05,-0.104908,0.21949,-0.24318,0.0828643,-0.941181,0.231088,0.195826,-0.0584197,-0.951229,0.998291,5.71991e-06,-1.40234e-05,0.0584411,0.998145,0,0,0.0608774,0.990661,0.0158123,-0.11441,-0.0724628,0.991464,-0.0175113,0.118412,-0.0516906,0.795096,0,0,-0.606484,0.795947,0.0119446,-0.0082123,-0.605193,0.603752,0,0,0.797172,0.618336,0,0,0.785914,-0.418932,0.0588665,0.16619,-0.396512,0.0715681,-0.1709,-0.418654,0.252714,0.156206,-0.404686,0.266394,-0.160569,-0.560145,0.520018,0.109813,-0.557288,0.527448,-0.111497,-0.71305,0.668282,0,-0.636912,0.802134,0,-0.511344,0.937448,0,-0.587942,1.01736,0.226388,-0.592019,1.0194,-0.215719,-0.821178,1.05695,0.331716,-0.832378,1.06182,-0.302142,-0.349131,1.08401,2.48132e-06,0,0,-0.922396,0,0,-0.0276504,0.000185681,-0.000849445,-0.369317,-1.80225,0.173035,-0.598483,1.2892,0.017218,-0.530005,0.000116973,-0.000284955,0.922359,0,0,0.864151,0.39921,-0.447729,5.47975,-0.395763,0.528463,5.44842,0,0,-5.72376,0.650502,-0.445653,-5.6507,0,0,1.01606,0,0,1.16327,-0.559383,0.71241,0.000700189,1,0.989793,0,0,-0.142512,0,0,-0.285998,-0.741933,-1.27393,0,0,0,-0.579862
0.975515,0,0,-0.219933,0.999999,0,0,-0.00130416,0.995214,1.60722e-05,-7.35322e-05,-0.0977241,0.301022,-0.259103,0.0726871,-0.914859,0.319709,0.203827,-0.0464726,-0.924165,0.996119,1.01145e-05,-2.4681e-05,0.0880174,0.996205,0,0,0.0870341,0.992515,0.0254732,-0.115314,0.0311014,0.990952,-0.0256017,0.12389,0.0448246,0.709788,0,0,-0.704416,0.711474,0.0416802,-0.0285732,-0.700893,0.589688,0,0,0.807631,0.592848,0,0,0.805315,-0.413702,0.0621705,0.147863,-0.400909,0.0712602,-0.160817,-0.406638,0.255027,0.148238,-0.400336,0.264491,-0.159406,-0.554549,0.481645,0.111006,-0.554287,0.486989,-0.114401,-0.721151,0.590789,0,-0.647294,0.726295,0,-0.525257,0.864801,0,-0.605718,0.919185,0.227647,-0.610664,0.919532,-0.215926,-0.841318,0.902597,0.332472,-0.854184,0.903258,-0.30087,-0.367475,1.01635,4.27924e-06,0,0,0.566248,0,0,-0.0943794,0.000417942,-0.00191134,0.433276,-0.440437,-1.09181,5.29539,-0.0793326,1.15407,5.58479,0.000264267,-0.000640892,1.77942,0,0,1.57376,0.580515,-0.0501421,6.2321,-0.487073,0.330892,5.80791,0,0,-7.79811,2.00324,-1.37175,-7.6287,0,0,1.05163,0,0,1.92203,-0.566382,0.650517,6.40947e-05,0,0.990404,0,0,-0.138201,0,0,-0.277289,-0.243053,-2.32478,0,0,0,0.261244
0.981748,0,0,-0.190186,0.999995,0,0,-0.00322973,0.996753,2.41632e-05,-0.000110536,-0.0805145,0.445335,-0.26395,0.0516414,-0.854014,0.470322,0.200168,-0.0244553,-0.859146,0.992564,1.52051e-05,-3.7029e-05,0.121726,0.993223,0,0,0.116222,0.987973,0.0338478,-0.109686,0.103597,0.98599,-0.0317972,0.123559,0.107454,0.627481,0,0,-0.778632,0.628784,0.0742214,-0.0508537,-0.772357,0.580617,0,0,0.814177,0.568899,0,0,0.822408,-0.405364,0.0544572,0.125982,-0.402989,0.0571839,-0.152564,-0.391832,0.245969,0.136323,-0.392396,0.24818,-0.157135,-0.538058,0.436325,0.109687,-0.539279,0.43799,-0.114921,-0.711788,0.511909,0,-0.646529,0.652846,0,-0.537969,0.802149,0,-0.614609,0.807952,0.224061,-0.61863,0.805658,-0.212257,-0.822604,0.689044,0.318386,-0.832409,0.683502,-0.288169,-0.396964,0.969854,6.08893e-06,0,0,1.82363,0,0,-0.115535,0.000485489,-0.00222033,1.03672,1.00286,-1.94679,9.33582,-1.36058,1.86729,9.72876,0.000306917,-0.000744487,2.03385,0,0,1.76046,0.506831,0.32848,4.37012,-0.37604,-0.00755355,3.77993,0,0,-6.653,2.32873,-1.59452,-6.45837,0,0,0.671153,0,0,1.76545,-0.56449,0.584205,-0.000991903,0,0.992671,0,0,-0.120851,0,0,-0.242294,0.280899,-2.3664,0,0,0,1.04985
0.987561,0,0,-0.157235,0.999989,0,0,-0.0046029,0.997995,3.1119e-05,-0.000142362,-0.0632936,0.584943,-0.262531,0.0264654,-0.766954,0.613705,0.190471,0.00123583,-0.766215,0.988059,1.95395e-05,-4.75982e-05,0.154073,0.989512,0,0,0.144448,0.983794,0.0389294,-0.103795,0.14093,0.982431,-0.0354936,0.120344,0.138157,0.568301,0,0,-0.822821,0.569111,0.0931185,-0.0637945,-0.814476,0.575779,0,0,0.817605,0.555511,0,0,0.83151,-0.401966,0.0461984,0.110604,-0.404788,0.0440803,-0.147482,-0.383706,0.236478,0.127348,-0.387039,0.233409,-0.154697,-0.525106,0.40226,0.108014,-0.526476,0.401279,-0.114095,-0.701731,0.45577,0,-0.647212,0.602181,0,-0.55555,0.762414,0,-0.606167,0.724782,0.219403,-0.60775,0.721009,-0.208381,-0.738876,0.521303,0.30118,-0.742246,0.512815,-0.275167,-0.435929,0.9463,7.39641e-06,0,0,2.00769,0,0,-0.0823909,0.000417027,-0.00190811,1.03595,1.24816,-1.98659,9.80957,-1.54085,1.88307,10.1619,0.000262484,-0.000640049,1.95964,0,0,1.70815,0.309416,0.34612,2.26087,-0.225389,-0.185105,1.86074,0,0,-4.43244,1.45777,-0.998334,-4.28448,0,0,0.355761,0,0,0.97136,-0.560432,0.536814,-0.00181191,1,0.995075,0,0,-0.0991238,0,0,-0.198574,0.301723,-1.68417,0,0,0,1.31162
0.991099,0,0,-0.13313,0.999986,0,0,-0.00538746,0.998675,3.66492e-05,-0.000167677,-0.051467,0.684054,-0.263439,0.00451948,-0.680184,0.715049,0.183438,0.0239013,-0.674154,0.983138,2.29491e-05,-5.59601e-05,0.182863,0.985438,0,0,0.170033,0.983923,0.0393387,-0.102027,0.141201,0.982649,-0.0365126,0.115498,0.140453,0.547801,0,0,-0.836609,0.550389,0.0859509,-0.0588955,-0.828381,0.571307,0,0,0.820736,0.558219,0,0,0.829694,-0.405572,0.0437183,0.105708,-0.405542,0.0417919,-0.139955,-0.385026,0.233229,0.124387,-0.386626,0.231136,-0.149122,-0.523576,0.391274,0.107366,-0.524698,0.391015,-0.112329,-0.702125,0.438358,0,-0.656317,0.588309,0,-0.578331,0.755624,0,-0.594841,0.696004,0.216653,-0.594247,0.692241,-0.206709,-0.643286,0.456444,0.289583,-0.641245,0.448701,-0.268647,-0.476181,0.949925,8.34954e-06,0,0,1.46186,0,0,-0.0470738,0.000331532,-0.00151761,0.710765,0.657434,-1.54815,7.93379,-0.985175,1.50252,8.19983,0.000207682,-0.000509293,1.75251,0,0,1.55451,0.0245838,0.106929,0.0160128,-0.0613374,-0.292996,0.137989,0,0,-1.4824,-0.457062,0.312313,-1.44059,0,0,0.327576,0,0,-0.195662,-0.562207,0.523477,-0.00167489,0,0.996683,0,0,-0.0813875,0,0,-0.162955,-0.0118321,-0.522357,0,0,0,1.06856
0.994041,0,0,-0.109005,0.999978,0,0,-0.00657151,0.999252,4.31462e-05,-0.000197401,-0.0386671,0.7709,-0.262725,-0.0200029,-0.579904,0.803263,0.174321,0.0490211,-0.56743,0.977095,2.69565e-05,-6.57332e-05,0.212801,0.980511,0,0,0.196463,0.98829,0.0361088,-0.101667,0.107899,0.986779,-0.0354757,0.107105,0.116353,0.559591,0,0,-0.828769,0.565091,0.0581479,-0.0398745,-0.82201,0.564366,0,0,0.825525,0.571803,0,0,0.820391,-0.407173,0.0391388,0.1066,-0.398323,0.0417121,-0.127066,-0.385302,0.228055,0.124181,-0.381986,0.232245,-0.138489,-0.52325,0.392565,0.106752,-0.524015,0.395844,-0.108882,-0.704835,0.446715,0,-0.667448,0.599464,0,-0.602976,0.772435,0,-0.579157,0.705631,0.214312,-0.576463,0.702967,-0.206015,-0.536036,0.464321,0.278911,-0.529137,0.460078,-0.264964,-0.518479,0.975171,9.36788e-06,0,0,1.45822,0,0,-0.0710443,0.000389496,-0.00178199,0.768782,0.624835,-1.60505,8.01636,-0.983354,1.56275,8.31998,0.000245112,-0.000597774,1.83257,0,0,1.61315,-0.198027,0.0306836,-2.01842,0.0655458,-0.515466,-1.46418,0,0,0.849523,-1.99946,1.36795,0.812366,0,0,0.505943,0,0,-0.987854,-0.563784,0.532422,-0.000758378,0,0.997861,0,0,-0.0653645,0,0,-0.130822,-0.0812942,0.250713,0,0,0,0.963988
0.996522,0,0,-0.083335,0.999981,0,0,-0.00610479,0.999572,4.59707e-05,-0.000210372,-0.029271,0.843326,-0.256606,-0.0429942,-0.470219,0.87377,0.161879,0.0719752,-0.452925,0.971376,2.85993e-05,-6.99236e-05,0.237545,0.9757,0,0,0.219109,0.99361,0.0298478,-0.10095,0.0406987,0.993,-0.0316505,0.0974898,0.0586866,0.600379,0,0,-0.799715,0.607138,0.0245575,-0.0168904,-0.794037,0.567818,0,0,0.823154,0.596862,0,0,0.802344,-0.401427,0.0372611,0.11136,-0.382724,0.045257,-0.115513,-0.381424,0.226955,0.125376,-0.372028,0.23815,-0.127415,-0.522084,0.409235,0.105635,-0.521936,0.4162,-0.104517,-0.707862,0.480569,0,-0.681717,0.636035,0,-0.634792,0.814568,0,-0.569397,0.757478,0.211257,-0.56586,0.756941,-0.205429,-0.437741,0.549921,0.266984,-0.429474,0.551304,-0.261941,-0.572631,1.0253,9.61929e-06,0,0,1.54744,0,0,0.0280034,0.000169218,-0.000777118,0.564094,0.835197,-1.42228,7.9359,-1.06093,1.35919,8.09044,0.000102668,-0.000261531,1.52383,0,0,1.38915,-0.38033,0.0540009,-4.05221,0.2345,-0.591717,-3.48266,0,0,3.00501,-2.40008,1.64235,2.94038,0,0,-0.251276,0,0,-1.85291,-0.567946,0.56566,0.000274423,0,0.999135,0,0,-0.041579,0,0,-0.0831819,-0.0908232,1.01561,0,0,0,1.42921
0.998452,0,0,-0.0556126,0.999998,0,0,-0.00175489,0.999592,4.00289e-05,-0.000183353,-0.0285557,0.899154,-0.241834,-0.0588222,-0.35997,0.923682,0.145932,0.0866665,-0.343517,0.968247,2.4658e-05,-6.09268e-05,0.249994,0.97254,0,0,0.232737,0.993079,0.0210738,-0.098218,-0.0608555,0.994909,-0.0241616,0.0891897,-0.040211,0.665496,0,0,-0.746402,0.671763,0.000765708,-0.000606799,-0.740765,0.594965,0,0,0.803752,0.634031,0,0,0.773308,-0.384636,0.0361502,0.118646,-0.360692,0.0463366,-0.11253,-0.372285,0.22898,0.126982,-0.358696,0.242674,-0.121028,-0.519586,0.437204,0.103574,-0.518098,0.445165,-0.100251,-0.70996,0.53217,0,-0.701008,0.689872,0,-0.679946,0.873266,0,-0.579314,0.844664,0.20648,-0.577056,0.845759,-0.203733,-0.375804,0.704702,0.252386,-0.371304,0.709607,-0.256637,-0.649322,1.09083,8.35285e-06,0,0,1.66742,0,0,0.260996,-0.000356574,0.00162149,0.0429349,1.23612,-0.929547,7.43072,-1.15754,0.826531,7.22808,-0.000237182,0.000541113,0.770163,0,0,0.83937,-0.527337,0.163249,-6.10691,0.451307,-0.502592,-5.9462,0,0,5.05095,-1.65118,1.13025,5.00926,0,0,-2.00215,0,0,-2.83026,-0.579217,0.616018,0.000796118,1,1,0,0,-0.000530065,0,0,-0.00106013,-0.0629282,1.54805,0,0,0,2.46365
0.999898,0,0,0.0143053,0.999647,0,0,0.0265494,0.997881,1.30464e-05,-6.03254e-05,-0.0650726,0.974589,-0.18675,-0.0608841,-0.107671,0.98327,0.10698,0.084129,-0.121073,0.97269,6.96031e-06,-2.02736e-05,0.232108,0.972636,0,0,0.232332,0.910561,-0.0076869,-0.0851898,-0.404429,0.911875,0.00627989,0.0775551,-0.403027,0.862974,0,0,-0.505248,0.865844,-0.00583511,0.0039384,-0.500265,0.741,0,0,0.671504,0.753704,0,0,0.657214,-0.342534,0.0622279,0.146206,-0.335407,0.0622921,-0.139827,-0.362961,0.26611,0.134936,-0.358397,0.266957,-0.128896,-0.518873,0.556922,0.0974779,-0.518044,0.5574,-0.0945706,-0.702604,0.726379,0,-0.749129,0.877566,0,-0.811224,1.05134,0,-0.699594,1.14121,0.189456,-0.699626,1.13623,-0.194023,-0.465602,1.23352,0.209837,-0.465323,1.22234,-0.231013,-0.878402,1.26015,3.12791e-06,0,0,4.19683,0,0,1.69844,-0.00161873,0.00738057,-2.19354,3.71747,-0.03133,15.8393,-2.53086,-0.260374,13.8467,-0.00107388,0.00246719,-1.10577,0,0,-0.0249553,-1.74283,0.637264,-21.3563,1.84043,-0.565473,-22.5012,0,0,18.7782,-0.418392,0.288473,18.618,0,0,-11.8402,0,0,-10.0155,-0.637002,0.788535,2.08781e-05,0,0.989919,0,0,0.141636,0,0,0.284228,0.220689,5.82627,0,0,0,8.55863
0.997927,0,0,0.0643582,0.998882,0,0,0.0472821,0.995051,-5.62203e-05,0.000255409,-0.0993643,0.991855,-0.116794,-0.0485445,0.0150263,0.995442,0.0643843,0.064612,-0.0278432,0.981311,-3.75311e-05,8.47683e-05,0.192429,0.978249,0,0,0.207433,0.738666,-0.0300039,-0.0665808,-0.670104,0.721085,0.0314706,0.0635934,-0.689203,0.972774,0,0,-0.231755,0.974792,0.000576272,-0.000412278,-0.223113,0.846006,0,0,0.533173,0.842712,0,0,0.538365,-0.31452,0.182874,0.164023,-0.343073,0.167149,-0.162204,-0.382901,0.383721,0.139698,-0.404847,0.369899,-0.138198,-0.547287,0.716765,0.0930188,-0.555135,0.710505,-0.0923375,-0.71009,0.924442,0,-0.806909,1.04914,0,-0.936418,1.1804,0,-0.896434,1.33462,0.180155,-0.887816,1.32566,-0.185703,-0.766138,1.55297,0.192937,-0.743531,1.53271,-0.212649,-1.08321,1.34258,-1.50118e-05,0,0,3.00582,0,0,1.24483,-0.00416213,0.0189719,-2.0646,4.27418,0.763702,7.41956,-2.58588,-1.19345,5.63205,-0.00268746,0.00634563,-2.43648,0,0,-1.5315,-1.50005,0.88561,-19.1051,1.69778,-0.579679,-20.7663,0,0,17.7473,0.401524,-0.272419,17.9342,0,0,-10.4334,0,0,-8.91727,-0.723353,0.946339,-0.000556722,1,0.955956,0,0,0.293511,0,0,0.595796,-0.224592,5.9419,0,0,0,9.34705
0.999131,0,0,0.0416831,0.999668,0,0,0.0257724,0.997581,-0.00012524,0.0005699,-0.0695124,0.949855,-0.047969,-0.0290557,-0.307619,0.941167,0.0252672,0.0347947,-0.335196,0.992869,-8.21545e-05,0.000190049,0.119211,0.992073,0,0,0.125666,0.722227,-0.0282884,-0.0462303,-0.689529,0.688904,0.0326364,0.0459455,-0.722658,0.988765,0,0,-0.14948,0.993328,0.000252178,-0.000176276,-0.115325,0.804649,0,0,0.593751,0.826205,0,0,0.563369,-0.201813,0.367314,0.146207,-0.236459,0.333724,-0.151166,-0.330654,0.532223,0.125137,-0.360655,0.504068,-0.128491,-0.571935,0.823878,0.0866029,-0.584857,0.810918,-0.0875198,-0.766904,1.00313,0,-0.884175,1.10911,0,-1.02954,1.22279,0,-0.952173,1.30709,0.179019,-0.949856,1.299,-0.178698,-0.717178,1.41069,0.198601,-0.709884,1.38974,-0.199056,-1.19725,1.36406,-3.03763e-05,0,0,-1.36245,0,0,-1.29146,-0.00414168,0.0188718,1.7976,4.09948,1.14752,-19.676,-2.32246,-1.75301,-18.8426,-0.00267502,0.00631213,-4.44849,0,0,-4.97705,0.101235,1.32077,-1.56461,0.104375,-1.13165,-2.81768,0,0,5.0303,-0.0197054,0.0143465,6.56547,0,0,4.40195,0,0,1.79776,-0.763557,1.00786,-0.00038955,0,0.922179,0,0,0.386764,0,0,0.79424,-1.70442,2.36068,0,0,0,5.95333
1,0,0,-9.69037e-05,0.999948,0,0,-0.0101629,0.998686,-0.000387888,0.00176661,-0.0512062,0.809285,0.00838492,-0.0247035,-0.586837,0.804607,-0.00663061,0.0187726,-0.593474,0.994443,-0.000248095,0.000589875,0.105275,0.99593,0,0,0.0901299,0.800322,-0.0178772,-0.0325672,-0.598418,0.755606,0.025484,0.0346202,-0.653614,0.972432,0,0,-0.233186,0.983429,-3.58255e-05,2.56211e-05,-0.181294,0.748281,0,0,0.663381,0.815935,0,0,0.578144,-0.102075,0.638907,0.119818,-0.130356,0.569827,-0.131314,-0.268983,0.758534,0.10618,-0.294046,0.702205,-0.114097,-0.592031,0.945594,0.0802888,-0.602073,0.919776,-0.0826582,-0.837705,1.04047,0,-0.970076,1.1271,0,-1.12333,1.22999,0,-1.04638,1.2302,0.171341,-1.047,1.22804,-0.170243,-0.793101,1.18199,0.179994,-0.794838,1.17219,-0.176697,-1.29902,1.3616,-8.82093e-05,0,0,-2.50752,0,0,-2.1563,-0.015763,0.0718215,1.10039,3.46497,0.188812,-18.8626,-1.97244,-0.923635,-17.6098,-0.00997231,0.0240281,-0.841484,0,0,-2.14481,0.724029,0.967609,7.18212,-0.523214,-0.818761,5.74128,0,0,-5.11861,-0.0173259,0.012146,-4.00321,0,0,5.37697,0,0,1.07964,-0.81222,1.05603,-0.000806288,1,0.879639,0,0,0.475642,0,0,0.991387,-2.12403,1.12014,0,0,0,5.9144
0.999908,0,0,-0.0135701,0.999487,0,0,-0.0320374,0.995391,-0.000875634,0.00398774,-0.0958101,0.867171,0.0309385,-0.0548241,-0.494016,0.863682,-0.0224347,0.0392233,-0.502007,0.975631,-0.000558513,0.0013245,0.219412,0.983525,0,0,0.180772,0.87335,-0.0100701,-0.0372986,-0.485559,0.821644,0.0199892,0.039674,-0.568267,0.890984,0,0,-0.454035,0.907626,-6.88664e-05,4.92616e-05,-0.41978,0.78788,0,0,0.615828,0.880412,0,0,0.474209,-0.143141,0.801573,0.108654,-0.179175,0.682579,-0.121046,-0.302595,0.936443,0.100704,-0.319747,0.846327,-0.109317,-0.623774,1.05474,0.0805636,-0.623492,1.01673,-0.0831048,-0.881194,1.06348,0,-1.02305,1.13349,0,-1.1842,1.22333,0,-1.10423,1.25862,0.176177,-1.10411,1.25642,-0.173464,-0.85689,1.30808,0.197322,-0.852082,1.29345,-0.188143,-1.36272,1.34987,-0.000231426,0,0,-0.808415,0,0,-1.31279,-0.0293354,0.13359,-2.68373,1.40539,-1.85903,6.60727,-0.984828,1.26055,6.55718,-0.0188723,0.0446639,6.94451,0,0,5.49116,0.519183,-0.242001,8.07437,-0.391043,0.26798,6.48094,0,0,-14.1561,-0.00210263,0.00150439,-15.054,0,0,-3.7135,0,0,-7.34319,-0.858794,1.1111,-0.000670137,0,0.845669,0,0,0.533708,0,0,1.12596,-1.30466,0.69044,0,0,0,4.03714
0.999724,0,0,-0.0235012,0.998493,0,0,-0.0548723,0.986514,-0.00150512,0.00685469,-0.163528,0.954515,0.0464819,-0.102117,-0.276246,0.953255,-0.0356965,0.0754712,-0.290404,0.923521,-0.000944447,0.00224336,0.383541,0.947473,0,0,0.319836,0.945372,-0.000168767,-0.0487333,-0.322331,0.896666,0.0123389,0.0509761,-0.439589,0.704005,0,0,-0.710195,0.712507,-3.02533e-05,2.16412e-05,-0.701665,0.849038,0,0,0.528331,0.94903,0,0,0.315185,-0.288174,0.973513,0.0912866,-0.329233,0.825222,-0.0982614,-0.42968,1.1337,0.095974,-0.421147,1.0257,-0.101931,-0.697322,1.17411,0.0839535,-0.673992,1.1306,-0.0859133,-0.92295,1.08044,0,-1.07344,1.12907,0,-1.2433,1.20065,0,-1.18843,1.30331,0.190915,-1.18601,1.30113,-0.184428,-1.04484,1.48872,0.240553,-1.02107,1.47968,-0.221433,-1.42432,1.32017,-0.000481022,0,0,-0.595975,0,0,-1.37142,-0.0380962,0.173507,-4.09859,0.888849,-2.77832,14.1966,-0.765014,2.13365,13.8675,-0.0243715,0.0580194,10.3449,0,0,8.62707,0.620766,-0.640979,10.7294,-0.509231,0.635574,8.9566,0,0,-19.1092,0.00225213,-0.00161097,-20.6718,0,0,-6.40818,0,0,-10.4048,-0.933705,1.17089,5.54149e-05,0,0.801576,0,0,0.597892,0,0,1.28174,-1.25269,0.508547,0,0,0,4.6734
0.999464,0,0,-0.0327246,0.997081,0,0,-0.0763467,0.976898,-0.00201823,0.00919508,-0.213498,0.979726,0.0571652,-0.141065,-0.130268,0.98262,-0.0454438,0.105835,-0.145573,0.86413,-0.00122551,0.00295826,0.503258,0.903923,0,0,0.427696,0.987148,0.00977858,-0.0563884,-0.149207,0.955695,0.00303249,0.0594865,-0.288269,0.557199,0,0,-0.830379,0.555144,-1.23222e-10,1.72511e-10,-0.831754,0.88509,0,0,0.46542,0.979028,0,0,0.203724,-0.440059,1.23618,0.0798258,-0.432448,1.0909,-0.0822891,-0.61952,1.35636,0.0942378,-0.559444,1.27201,-0.097735,-0.82288,1.28857,0.0871157,-0.772818,1.26497,-0.0884936,-0.94973,1.10193,0,-1.10779,1.10599,0,-1.28991,1.13273,0,-1.29399,1.26689,0.203895,-1.29038,1.2674,-0.194503,-1.2941,1.48116,0.270648,-1.26583,1.49466,-0.247591,-1.48853,1.21469,-0.000726352,0,0,-0.553622,0,0,-1.29127,-0.0313199,0.142853,-3.0534,0.6213,-2.29994,8.96139,-0.566732,1.78697,8.91555,-0.0188958,0.0478568,8.02431,0,0,6.98314,0.599556,-0.419436,10.709,-0.582252,0.454381,9.76694,0,0,-11.4007,0.00201198,-0.00143922,-12.2717,0,0,-4.35149,0,0,-6.92947,-1.0225,1.21065,0.000555331,1,0.704606,0,0,0.709599,0,0,1.57786,-0.803397,0.64481,0,0,0,8.88361
0.999285,0,0,-0.0377992,0.996093,0,0,-0.0883134,0.974642,-0.00218686,0.00996514,-0.223536,0.977089,0.0611493,-0.152722,-0.135035,0.981211,-0.048794,0.114821,-0.147171,0.845284,-0.00131065,0.00318761,0.534307,0.889314,0,0,0.457297,0.996496,0.0147143,-0.0563716,-0.0600105,0.977986,-0.00274419,0.0606517,-0.19964,0.562217,0,0,-0.826989,0.562242,1.77051e-06,-1.26613e-06,-0.826973,0.890257,0,0,0.455459,0.982621,0,0,0.185621,-0.53087,1.44449,0.0807663,-0.463881,1.31704,-0.082937,-0.744343,1.47971,0.0951439,-0.655137,1.42826,-0.0985279,-0.903371,1.33313,0.0875409,-0.848704,1.33195,-0.088902,-0.947843,1.12305,0,-1.10256,1.09059,0,-1.28603,1.07811,0,-1.31556,1.20735,0.206768,-1.31309,1.20922,-0.196783,-1.3624,1.40996,0.277265,-1.34033,1.43138,-0.253541,-1.49628,1.11997,-0.000804665,0,0,-0.304665,0,0,-0.720456,-0.0102969,0.0470214,-0.617222,0.243956,-0.71237,-0.295227,-0.203583,0.545589,-0.100628,-0.00591069,0.0157756,2.17937,0,0,1.98069,0.294648,0.011622,5.38611,-0.350555,0.0431858,5.48907,0,0,0.363339,0.000125088,-8.9459e-05,0.513475,0,0,-0.673306,0,0,-1.10738,-1.05749,1.22262,0.000606012,0,0.615543,0,0,0.788103,0,0,1.81544,0.0565928,0.633727,0,0,0,7.12754
0.999075,0,0,-0.043004,0.994735,0,0,-0.102482,0.973783,-0.00232374,0.0105897,-0.227219,0.969212,0.0637521,-0.161594,-0.174503,0.974384,-0.0510481,0.121851,-0.181994,0.830844,-0.00138173,0.00337109,0.556494,0.877985,0,0,0.478688,0.997536,0.0200032,-0.054579,0.0392731,0.993644,-0.00968224,0.0604452,-0.0944723,0.610343,0,0,-0.792137,0.616202,2.31739e-06,-1.65725e-06,-0.787588,0.892011,0,0,0.452013,0.98348,0,0,0.181017,-0.725203,1.66771,0.0855521,-0.597099,1.60022,-0.0883511,-0.92065,1.57425,0.0972952,-0.817153,1.5756,-0.10119,-0.985028,1.34853,0.0875171,-0.938858,1.3724,-0.0890499,-0.933269,1.1536,0,-1.07237,1.07856,0,-1.24585,1.01829,0,-1.2955,1.13448,0.208042,-1.29496,1.1371,-0.197896,-1.37874,1.31977,0.281089,-1.36536,1.34571,-0.257118,-1.45973,1.00661,-0.0008619,0,0,-0.312542,0,0,-0.854024,-0.00832401,0.0379807,-0.226905,0.167634,-0.562452,-2.41438,-0.143192,0.441407,-2.12786,-0.00495606,0.0127283,1.58837,0,0,1.45238,0.31729,0.108816,5.96316,-0.416298,-0.0316226,6.38673,0,0,3.56574,3.50256e-05,-2.50498e-05,4.00905,0,0,-0.232013,0,0,-0.281041,-1.08442,1.22574,0.000555718,0,0.493854,0,0,0.869545,0,0,2.10856,0.437229,0.916425,0,0,0,8.79353
0.998846,0,0,-0.0480313,0.993214,0,0,-0.116298,0.973908,-0.00243338,0.011091,-0.226661,0.955183,0.0651032,-0.168097,-0.234797,0.961823,-0.052372,0.127171,-0.236604,0.821375,-0.00143318,0.00351908,0.570376,0.869545,0,0,0.493854,0.988751,0.0251248,-0.0516925,0.138086,0.997985,-0.016934,0.0592518,0.0151388,0.680205,0,0,-0.733022,0.693063,2.01604e-06,-1.44175e-06,-0.720877,0.889876,0,0,0.456203,0.981659,0,0,0.190643,-1.04541,1.76493,0.0929944,-0.905296,1.79392,-0.0974862,-1.13264,1.56658,0.100408,-1.04905,1.62522,-0.105459,-1.04628,1.3198,0.0872628,-1.02093,1.36047,-0.0891447,-0.914951,1.18528,0,-1.02299,1.06998,0,-1.17045,0.960972,0,-1.23393,1.05962,0.207981,-1.23579,1.06219,-0.198033,-1.34659,1.22479,0.282698,-1.34318,1.25134,-0.258738,-1.37203,0.888445,-0.000901547,0,0,-0.301953,0,0,-0.833986,-0.0066299,0.030317,0.0343984,0.100746,-0.442857,-3.72319,-0.0936209,0.354736,-3.36586,-0.00358714,0.0101876,1.00821,0,0,1.04139,0.311988,0.164203,5.95806,-0.434553,-0.0769217,6.58932,0,0,5.49288,-2.50153e-05,1.78889e-05,6.10908,0,0,0.282167,0,0,0.587806,-1.10213,1.20355,0.000408136,0,0.345165,0,0,0.938542,0,0,2.43676,0.549554,0.950496,0,0,0,9.8461
0.998617,0,0,-0.0525739,0.991874,0,0,-0.127222,0.974529,-0.00252006,0.0114905,-0.223954,0.935238,0.0653665,-0.172719,-0.302036,0.944173,-0.0529553,0.131079,-0.297574,0.81718,-0.0014592,0.00364121,0.576369,0.863323,0,0,0.504652,0.972465,0.0295905,-0.0484743,0.226022,0.991248,-0.0236315,0.0575779,0.116422,0.75158,0,0,-0.659641,0.770286,1.23041e-06,-8.79907e-07,-0.637698,0.883174,0,0,0.469046,0.97659,0,0,0.215109,-1.3738,1.62941,0.101547,-1.28991,1.73583,-0.108777,-1.30676,1.42374,0.103995,-1.27363,1.51475,-0.110742,-1.07066,1.25753,0.0869681,-1.06959,1.30078,-0.0893156,-0.901832,1.20982,0,-0.965468,1.06522,0,-1.07084,0.915441,0,-1.14267,0.995217,0.207,-1.147,0.996831,-0.197492,-1.28076,1.13769,0.282688,-1.28738,1.16054,-0.258876,-1.24026,0.78411,-0.000928391,0,0,-0.2729,0,0,-0.660342,-0.00521463,0.0240302,0.166684,0.0432935,-0.353579,-4.22167,-0.0548699,0.285576,-3.81462,-0.00180392,0.00815343,0.438895,0,0,0.747721,0.278739,0.177781,5.37077,-0.40532,-0.0927101,6.09681,0,0,6.14479,-5.50358e-05,3.93585e-05,6.81362,0,0,0.86922,0,0,1.49917,-1.10009,1.14998,0.000183164,0,0.180008,0,0,0.983665,0,0,2.7796,0.393571,0.735927,0,0,0,10.2852
0.998412,0,0,-0.0563246,0.991153,0,0,-0.132726,0.975155,-0.002588,0.0118089,-0.221192,0.912712,0.0647831,-0.176146,-0.36295,0.92482,-0.0530418,0.13401,-0.352044,0.818327,-0.00145365,0.00374639,0.574739,0.858478,0,0,0.51285,0.95427,0.0329788,-0.0457217,0.293582,0.978343,-0.0289664,0.056022,0.197147,0.809018,0,0,-0.587784,0.83124,3.93224e-07,-2.81199e-07,-0.555914,0.870934,0,0,0.4914,0.966982,0,0,0.254845,-1.55434,1.31844,0.109404,-1.55108,1.44102,-0.119829,-1.37523,1.19875,0.107372,-1.39401,1.28503,-0.115971,-1.06492,1.18418,0.0867666,-1.08217,1.21883,-0.0895873,-0.902855,1.21891,0,-0.915685,1.06148,0,-0.968003,0.886118,0,-1.045,0.947442,0.205724,-1.0515,0.947164,-0.196721,-1.20643,1.06293,0.282025,-1.22159,1.07753,-0.258302,-1.08745,0.707957,-0.000948057,0,0,-0.225381,0,0,-0.333089,-0.00407819,0.0191201,0.169959,-0.00472337,-0.294619,-3.90981,-0.0269381,0.233926,-3.47413,0.0003936,0.0066258,-0.119594,0,0,0.571357,0.217545,0.149552,4.2013,-0.328599,-0.0789902,4.9092,0,0,5.52146,-5.50363e-05,3.9359e-05,6.12262,0,0,1.52916,0,0,2.45305,-1.07352,1.07775,-6.18793e-05,0,0.0124802,0,0,0.999922,0,0,3.11663,-0.0307149,0.272734,0,0,0,10.1108
0.998259,0,0,-0.0589768,0.991477,0,0,-0.130285,0.975315,-0.00264137,0.0120672,-0.220473,0.894118,0.0636679,-0.179282,-0.405411,0.909899,-0.0529269,0.136548,-0.388121,0.824668,-0.00140988,0.00384293,0.565603,0.854068,0,0,0.520161,0.941478,0.0349331,-0.044223,0.33233,0.967086,-0.0322256,0.05522,0.246286,0.843013,0,0,-0.537893,0.866727,1.38995e-11,0,-0.498783,0.851794,0,0,0.523877,0.950741,0,0,0.309986,-1.56893,0.999099,0.114872,-1.62005,1.09494,-0.127867,-1.35548,0.984724,0.109824,-1.40486,1.0468,-0.119828,-1.05798,1.11203,0.0867398,-1.08454,1.1348,-0.0899082,-0.926966,1.20427,0,-0.891455,1.05039,0,-0.888099,0.867362,0,-0.96987,0.910101,0.204945,-0.97785,0.907027,-0.196282,-1.15254,0.991295,0.282118,-1.17271,0.99317,-0.258098,-0.947304,0.661164,-0.000966687,0,0,-0.159395,0,0,0.147772,-0.00322056,0.0155869,0.0442162,-0.0433043,-0.265978,-2.78762,-0.00982627,0.199788,-2.34442,0.00300542,0.00560464,-0.66723,0,0,0.512313,0.128403,0.0795147,2.44964,-0.20439,-0.035759,3.02649,0,0,3.62288,-2.50164e-05,1.78902e-05,4.0361,0,0,2.26198,0,0,3.44944,-1.04109,1.00516,-0.000238779,1,-0.142417,0,0,0.989807,0,0,3.4274,-0.723309,-0.439099,0,0,0,9.32301
0.998276,0,0,-0.0586994,0.992883,0,0,-0.119092,0.974316,-0.00269086,0.0123154,-0.224832,0.880422,0.0622371,-0.18308,-0.432973,0.900125,-0.0528373,0.139374,-0.409338,0.835176,-0.00132578,0.00394727,0.549967,0.848607,0,0,0.529023,0.938661,0.0353714,-0.0437524,0.34022,0.963275,-0.0332101,0.0549559,0.260728,0.85755,0,0,-0.514401,0.88192,1.75242e-11,-8.80026e-12,-0.471399,0.825098,0,0,0.56499,0.925682,0,0,0.378302,-1.53041,0.776533,0.117279,-1.60282,0.841705,-0.131729,-1.32591,0.831848,0.110812,-1.38601,0.872426,-0.121506,-1.07341,1.04294,0.0866844,-1.10277,1.05671,-0.0900088,-0.972126,1.16567,0,-0.899861,1.02524,0,-0.849199,0.849069,0,-0.933581,0.874726,0.204875,-0.942164,0.868388,-0.196317,-1.1305,0.920651,0.283593,-1.15004,0.907003,-0.258683,-0.85177,0.634769,-0.000995113,0,0,0.0166735,0,0,0.676868,-0.0030489,0.015269,-0.268271,-0.0703061,-0.291299,-1.84485,-0.00561878,0.204317,-1.39916,0.00568422,0.00569805,-1.13034,0,0,0.624568,0.0289178,0.0262128,0.503,-0.0623339,-0.0117148,0.896596,0,0,1.65759,2.21779e-10,-5.49832e-10,1.87904,0,0,2.94151,0,0,4.367,-1.0295,0.941334,-0.000307412,0,-0.263844,0,0,0.964565,0,0,3.6756,-1.35482,-1.15812,0,0,0,7.44612
0.998455,0,0,-0.0555717,0.994996,0,0,-0.0999195,0.972192,-0.00274736,0.0126056,-0.233829,0.864535,0.0601719,-0.187875,-0.462235,0.889397,-0.0526501,0.142841,-0.431041,0.850446,-0.00119513,0.00407833,0.526045,0.841319,0,0,0.540539,0.942542,0.0348844,-0.0434948,0.329401,0.964666,-0.0329316,0.0546681,0.25563,0.867212,0,0,-0.497938,0.892125,1.83743e-11,-1.22666e-11,-0.451789,0.785694,0,0,0.618616,0.884106,0,0,0.467287,-1.48583,0.586723,0.118247,-1.56386,0.622206,-0.133755,-1.30672,0.693819,0.110934,-1.3689,0.715385,-0.122034,-1.10971,0.962065,0.0864433,-1.13907,0.968358,-0.0898359,-1.03681,1.10525,0,-0.932211,0.986894,0,-0.835614,0.830647,0,-0.919111,0.83924,0.20498,-0.927306,0.828781,-0.196463,-1.1246,0.846536,0.285728,-1.13608,0.814378,-0.259528,-0.778464,0.624563,-0.00103718,0,0,0.187971,0,0,1.15733,-0.00353888,0.0181065,-0.554693,-0.107861,-0.366105,-1.99238,-0.00069648,0.248601,-1.44823,0.00871624,0.00690649,-1.70288,0,0,0.817695,-0.0326751,0.0193253,-0.689592,0.0178649,-0.0190508,-0.316996,0,0,1.14538,4.90037e-11,-2.13827e-10,1.32646,0,0,3.9935,0,0,5.89549,-1.0361,0.874839,-0.000330467,0,-0.379894,0,0,0.92503,0,0,3.92096,-1.94052,-1.8124,0,0,0,7.36063
0.998684,0,0,-0.0512948,0.997129,0,0,-0.0757179,0.969702,-0.00279513,0.0128608,-0.243936,0.848834,0.057562,-0.192397,-0.48903,0.87951,-0.0522123,0.146041,-0.449898,0.868777,-0.00103275,0.00420652,0.495185,0.834324,0,0,0.551274,0.951201,0.0336468,-0.0435901,0.303619,0.969934,-0.0316673,0.0545458,0.235053,0.87275,0,0,-0.488168,0.898125,1.59699e-11,-1.18008e-11,-0.439741,0.735778,0,0,0.677223,0.825558,0,0,0.564317,-1.4505,0.428298,0.118222,-1.52351,0.44004,-0.134322,-1.30256,0.569694,0.110535,-1.36156,0.57623,-0.121793,-1.16126,0.873396,0.0861271,-1.18898,0.873925,-0.0895207,-1.11417,1.03088,0,-0.983889,0.9415,0,-0.847862,0.817475,0,-0.927655,0.809527,0.205135,-0.933819,0.794658,-0.196634,-1.13477,0.775231,0.28781,-1.12949,0.726515,-0.260317,-0.734458,0.636784,-0.00107947,0,0,0.256981,0,0,1.45776,-0.00303521,0.0161104,-0.624499,-0.14371,-0.35232,-1.85743,0.0159254,0.231214,-1.27288,0.0106851,0.00636689,-2.15375,0,0,0.7688,-0.0817931,0.00204854,-1.63215,0.0801895,-0.0133245,-1.27479,0,0,0.673853,-1.51775e-10,3.05445e-11,0.807561,0,0,4.62015,0,0,6.80322,-1.0605,0.810684,-0.000321383,0,-0.488528,0,0,0.872548,0,0,4.1624,-2.32075,-2.23121,0,0,0,7.24318
0.998868,0,0,-0.047571,0.998776,0,0,-0.0494672,0.967727,-0.00281861,0.0130052,-0.251648,0.83621,0.0545007,-0.195461,-0.509488,0.872535,-0.0513778,0.148108,-0.462717,0.888519,-0.000854032,0.00430141,0.458819,0.829907,0,0,0.557902,0.962293,0.031825,-0.0441765,0.26651,0.977209,-0.0296836,0.0547702,0.202935,0.87472,0,0,-0.484629,0.900474,1.16106e-11,-8.85789e-12,-0.434909,0.679042,0,0,0.734099,0.75327,0,0,0.657711,-1.42882,0.297172,0.11773,-1.49134,0.292623,-0.133961,-1.31119,0.458952,0.109999,-1.36418,0.454456,-0.121213,-1.22081,0.7823,0.0858584,-1.24602,0.778624,-0.0892062,-1.19735,0.950395,0,-1.04952,0.894562,0,-0.884744,0.811836,0,-0.958361,0.787674,0.20528,-0.960575,0.769025,-0.196775,-1.15857,0.709693,0.289287,-1.12947,0.651268,-0.260822,-0.724736,0.671384,-0.00110767,0,0,0.223702,0,0,1.57819,-0.00153779,0.00928072,-0.477682,-0.177847,-0.249941,-1.43998,0.0442455,0.152152,-0.873127,0.0115909,0.00407914,-2.48295,0,0,0.477887,-0.118436,-0.0256176,-2.32467,0.12464,0.00546455,-1.9768,0,0,0.243005,-2.71415e-10,1.83277e-10,0.322335,0,0,4.82143,0,0,7.09019,-1.09988,0.752343,-0.000293126,0,-0.588038,0,0,0.808833,0,0,4.39886,-2.49548,-2.41453,0,0,0,7.09378
0.998937,0,0,-0.0461037,0.999708,0,0,-0.0241752,0.967247,-0.00280244,0.0129638,-0.253491,0.829854,0.0510721,-0.195939,-0.519945,0.87065,-0.0500001,0.148192,-0.466377,0.908193,-0.000675242,0.00433182,0.418529,0.830419,0,0,0.55714,0.973581,0.029591,-0.0453974,0.221818,0.984641,-0.0272505,0.0555261,0.163266,0.873529,0,0,-0.486773,0.899536,6.61564e-12,-4.91946e-12,-0.436847,0.620856,0,0,0.783924,0.674593,0,0,0.73819,-1.41755,0.190687,0.117308,-1.46803,0.176471,-0.133279,-1.32618,0.363322,0.10971,-1.37191,0.3512,-0.120726,-1.28044,0.695483,0.0857682,-1.30273,0.688886,-0.0890405,-1.27951,0.871649,0,-1.12279,0.851282,0,-0.942037,0.814076,0,-1.00657,0.773561,0.205383,-1.0032,0.752806,-0.196845,-1.1897,0.651383,0.289764,-1.13387,0.593487,-0.260851,-0.749322,0.723817,-0.00110702,0,0,0.0881347,0,0,1.51859,0.000953344,-0.00238247,-0.11425,-0.210276,-0.0589719,-0.740036,0.0842647,0.01142,-0.248955,0.0114335,4.32506e-05,-2.69049,0,0,-0.0550532,-0.142605,-0.0636727,-2.76715,0.151217,0.0373162,-2.42302,0,0,-0.147142,-3.09917e-10,2.44371e-10,-0.129206,0,0,4.59736,0,0,6.75641,-1.14894,0.702794,-0.000255431,0,-0.677117,0,0,0.735875,0,0,4.62927,-2.46472,-2.36237,0,0,0,6.91237
0.998819,0,0,-0.0485962,0.999996,0,0,-0.00286149,0.96919,-0.00273108,0.0126609,-0.245974,0.83286,0.0473374,-0.192683,-0.516698,0.875846,-0.0479205,0.145414,-0.45766,0.926581,-0.000513531,0.00426621,0.376071,0.838046,0,0,0.5456,0.983319,0.0271309,-0.0474047,0.173495,0.990807,-0.0246497,0.0570073,0.12018,0.86947,0,0,-0.493986,0.895515,2.3079e-12,-1.47378e-12,-0.445031,0.567969,0,0,0.82305,0.600172,0,0,0.799871,-1.40886,0.10912,0.117445,-1.44796,0.0899857,-0.132866,-1.33902,0.287031,0.110016,-1.37712,0.269985,-0.120714,-1.33221,0.620685,0.085987,-1.35142,0.612181,-0.089167,-1.35379,0.802492,0,-1.19644,0.81694,0,-1.01199,0.824263,0,-1.06326,0.76719,0.205376,-1.05359,0.746851,-0.196768,-1.21766,0.602801,0.288895,-1.13791,0.556384,-0.260123,-0.801863,0.788057,-0.00106352,0,0,-0.14972,0,0,1.27897,0.00443819,-0.0188791,0.465804,-0.240996,0.22059,0.242397,0.135984,-0.190986,0.599624,0.010213,-0.00574071,-2.77636,0,0,-0.830008,-0.154298,-0.112117,-2.95959,0.159921,0.0822305,-2.61344,0,0,-0.496602,-2.67281e-10,2.13826e-10,-0.547065,0,0,3.94793,0,0,5.80187,-1.20013,0.665448,-0.000214373,0,-0.754892,0,0,0.65585,0,0,4.85257,-2.22848,-2.07473,0,0,0,6.69905
0.998388,0,0,-0.0567493,0.999934,0,0,0.0114604,0.974159,-0.00258833,0.0120178,-0.225527,0.847631,0.0433209,-0.184402,-0.495622,0.889494,-0.0449517,0.138813,-0.433025,0.942787,-0.000386774,0.00407306,0.333371,0.854442,0,0,0.519547,0.990483,0.0246456,-0.0503589,0.125699,0.994938,-0.0221755,0.059419,0.0779501,0.862761,0,0,-0.505612,0.8885,2.67161e-17,0,-0.458876,0.52792,0,0,0.849294,0.542385,0,0,0.84013,-1.39259,0.0557933,0.118524,-1.42175,0.0346252,-0.133202,-1.34047,0.236438,0.111197,-1.37097,0.216584,-0.121476,-1.36844,0.566351,0.0866354,-1.38451,0.556745,-0.0897154,-1.41335,0.750772,0,-1.26239,0.797225,0,-1.08376,0.843759,0,-1.11596,0.770788,0.205042,-1.10064,0.753698,-0.196368,-1.22921,0.569634,0.286122,-1.1342,0.543176,-0.258095,-0.870073,0.859662,-0.00096579,0,0,-0.489864,0,0,0.859327,0.00891678,-0.0402093,1.26248,-0.270007,0.588741,1.50733,0.199401,-0.455064,1.67263,0.00792937,-0.0132728,-2.74056,0,0,-1.84698,-0.153517,-0.17095,-2.902,0.150751,0.140208,-2.54807,0,0,-0.805378,-1.43506e-10,9.16415e-11,-0.931252,0,0,2.87315,0,0,4.22656,-1.24424,0.644885,-0.000175286,1,-0.820938,0,0,0.571017,0,0,5.0677,-1.78675,-1.55161,0,0,0,6.45378
0.997762,0,0,-0.0668634,0.999863,0,0,0.0165641,0.979276,-0.00244176,0.0113447,-0.202196,0.866613,0.0403811,-0.175283,-0.465432,0.905294,-0.0423177,0.131677,-0.401637,0.952584,-0.000324938,0.00385426,0.304251,0.870885,0,0,0.491487,0.993814,0.0230161,-0.0532648,0.0946964,0.996574,-0.0206434,0.0619366,0.0507676,0.854377,0,0,-0.519654,0.87977,-4.58963e-13,-6.52845e-18,-0.475399,0.509762,0,0,0.860315,0.516242,0,0,0.856443,-1.38171,0.0623833,0.119835,-1.40538,0.0409096,-0.133864,-1.33751,0.243703,0.112643,-1.36336,0.223045,-0.122534,-1.38412,0.568188,0.0874719,-1.39816,0.558272,-0.0904691,-1.44448,0.752636,0,-1.30068,0.817739,0,-1.12908,0.885716,0,-1.14374,0.802756,0.204557,-1.12564,0.789314,-0.195862,-1.22145,0.581587,0.282967,-1.12296,0.571224,-0.2557,-0.918938,0.932894,-0.000864854,0,0,-0.608012,0,0,0.306254,0.00912535,-0.0419222,1.43314,-0.203187,0.651651,2.10838,0.178677,-0.489929,2.09398,0.00384901,-0.0141726,-1.84347,0,0,-1.95152,-0.0996291,-0.171339,-1.87241,0.0927633,0.149279,-1.63537,0,0,-0.981334,-2.8699e-11,-4.08201e-16,-1.12127,0,0,1.27452,0,0,1.84891,-1.26832,0.66578,-0.000143732,0,-0.858032,0,0,0.513596,0,0,5.20444,-0.933899,0.0559276,0,0,0,4.10246
0.99666,0,0,-0.0816669,0.999808,0,0,0.0195884,0.985489,-0.00224311,0.0104269,-0.169401,0.893421,0.0368808,-0.162526,-0.417162,0.926875,-0.0389102,0.121776,-0.352928,0.962524,-0.000270292,0.00354921,0.271174,0.891734,0,0,0.45256,0.996285,0.0212267,-0.0573303,0.0606504,0.997453,-0.0189906,0.0655301,0.0208087,0.840059,0,0,-0.542495,0.864966,-7.39652e-13,-6.13598e-18,-0.50183,0.494792,0,0,0.869012,0.495312,0,0,0.868715,-1.37848,0.0697014,0.121396,-1.39741,0.0485728,-0.13453,-1.33781,0.250702,0.114615,-1.35933,0.229993,-0.123948,-1.39807,0.567257,0.0887596,-1.41008,0.557365,-0.0916378,-1.47414,0.750757,0,-1.33979,0.833275,0,-1.17706,0.920366,0,-1.16773,0.829076,0.203631,-1.14785,0.820481,-0.194998,-1.19994,0.592889,0.278151,-1.10344,0.600499,-0.251936,-0.974677,0.997824,-0.000734135,0,0,-0.890676,0,0,0.181491,0.0122851,-0.0567629,2.00274,-0.241712,0.897593,3.27916,0.229147,-0.669827,3.18155,0.00338719,-0.0193278,-2.07237,0,0,-2.6497,-0.10864,-0.241589,-2.04999,0.0996142,0.214703,-1.79996,0,0,-1.61744,-1.77938e-11,2.25212e-17,-1.81774,0,0,1.03879,0,0,1.45584,-1.29283,0.682782,-0.000102697,0,-0.891962,0,0,0.45211,0,0,5.34493,-0.889939,-0.0563657,0,0,0,4.21444
0.994998,0,0,-0.0998958,0.999782,0,0,0.0208589,0.991565,-0.00200272,0.00931307,-0.129263,0.923045,0.0328705,-0.146525,-0.354173,0.949945,-0.0348283,0.109472,-0.290531,0.971955,-0.000222169,0.00317521,0.235146,0.914534,0,0,0.40451,0.997587,0.0192928,-0.0622234,0.023992,0.997339,-0.0172227,0.0698863,-0.011575,0.820846,0,0,-0.57115,0.844937,-8.70377e-13,-5.55363e-18,-0.534867,0.482951,0,0,0.875647,0.479352,0,0,0.877623,-1.38155,0.0727357,0.122768,-1.39648,0.052487,-0.134794,-1.34093,0.252865,0.116778,-1.35853,0.232779,-0.125403,-1.41032,0.559901,0.0903766,-1.4204,0.55035,-0.0931027,-1.50204,0.741495,0,-1.37908,0.839769,0,-1.22655,0.943682,0,-1.18797,0.849264,0.201883,-1.16783,0.846104,-0.193516,-1.16749,0.607602,0.270977,-1.07869,0.632508,-0.246323,-1.036,1.04957,-0.000588812,0,0,-1.09829,0,0,0.0762402,0.0147388,-0.0682991,2.43587,-0.270543,1.08928,4.14579,0.267953,-0.809879,3.97881,0.00296703,-0.0233398,-2.23464,0,0,-3.1915,-0.11668,-0.292327,-2.20286,0.106123,0.261752,-1.9447,0,0,-2.07015,-8.61006e-12,3.40947e-17,-2.31819,0,0,0.814383,0,0,1.09664,-1.31744,0.692428,-6.61312e-05,0,-0.921747,0,0,0.387792,0,0,5.48672,-0.836992,-0.277852,0,0,0,4.2537
0.992739,0,0,-0.120285,0.999786,0,0,0.0207005,0.996433,-0.00173154,0.00805425,-0.0839857,0.95091,0.0284379,-0.127825,-0.280396,0.970697,-0.0302046,0.0952271,-0.218555,0.980353,-0.00017994,0.00275027,0.19723,0.93701,0,0,0.349303,0.997453,0.0172312,-0.0676086,-0.0148265,0.996026,-0.0153462,0.0746897,-0.0460173,0.797958,0,0,-0.602713,0.820758,-8.8078e-13,-4.83427e-18,-0.571277,0.474152,0,0,0.880443,0.468031,0,0,0.883712,-1.38945,0.0723291,0.12356,-1.40107,0.0534258,-0.134314,-1.34627,0.251225,0.11882,-1.36044,0.232352,-0.12662,-1.42094,0.547896,0.0921946,-1.42924,0.538965,-0.094741,-1.52788,0.726755,0,-1.41783,0.838805,0,-1.27638,0.95735,0,-1.20597,0.867532,0.19906,-1.1872,0.869627,-0.191254,-1.13007,0.632824,0.261032,-1.0538,0.671894,-0.238603,-1.1013,1.08898,-0.000443372,0,0,-1.23084,0,0,-0.00950228,0.0164866,-0.0765304,2.73252,-0.289677,1.22671,4.70828,0.295095,-0.910086,4.48572,0.0025885,-0.0262084,-2.33026,0,0,-3.57692,-0.123747,-0.323552,-2.33102,0.112289,0.290428,-2.06958,0,0,-2.33945,-1.14827e-12,4.28531e-17,-2.62264,0,0,0.601258,0,0,0.77131,-1.34201,0.696651,-4.61402e-05,0,-0.946721,0,0,0.322054,0,0,5.62739,-0.775055,-0.442201,0,0,0,4.22015
0.989928,0,0,-0.141572,0.999811,0,0,0.0194385,0.999333,-0.00144114,0.00670473,-0.0358662,0.973523,0.0237158,-0.107171,-0.200511,0.98638,-0.0252118,0.0796307,-0.141697,0.98735,-0.000142994,0.00229314,0.158539,0.957268,0,0,0.289204,0.995671,0.01506,-0.073148,-0.0553336,0.993345,-0.0133683,0.0796238,-0.0821391,0.77295,0,0,-0.634467,0.793913,-8.00966e-13,-4.03036e-18,-0.608031,0.46828,0,0,0.88358,0.460949,0,0,0.887427,-1.4006,0.0692145,0.12353,-1.40958,0.0520622,-0.132908,-1.35312,0.246607,0.120503,-1.36439,0.229437,-0.127405,-1.43,0.532743,0.09408,-1.43672,0.524655,-0.0964276,-1.55135,0.708281,0,-1.45524,0.83193,0,-1.32537,0.963069,0,-1.22413,0.886387,0.195121,-1.2081,0.892841,-0.188198,-1.09533,0.671484,0.248377,-1.03458,0.719815,-0.228869,-1.16871,1.11705,-0.000310248,0,0,-1.28834,0,0,-0.0757364,0.0175284,-0.0814568,2.89269,-0.299117,1.30988,4.96661,0.310572,-0.970446,4.7023,0.00225163,-0.0279336,-2.35925,0,0,-3.80595,-0.129843,-0.335263,-2.43447,0.118111,0.300728,-2.1746,0,0,-2.42531,4.59161e-12,4.87963e-17,-2.73107,0,0,0.399449,0,0,0.479829,-1.36646,0.696944,-5.01173e-05,0,-0.966561,0,0,0.256438,0,0,5.76452,-0.704126,-0.554237,0,0,0,4.11384
0.986708,0,0,-0.162505,0.999849,0,0,0.0173978,0.999904,-0.00114369,0.00532141,0.0127316,0.988925,0.0188763,-0.0854968,-0.119842,0.995661,-0.0200581,0.0633864,-0.0651072,0.992745,-0.000110725,0.00182318,0.120226,0.97395,0,0,0.226762,0.992097,0.0127986,-0.078504,-0.0970437,0.989172,-0.0112972,0.0843726,-0.119551,0.747759,0,0,-0.66397,0.766363,-6.60674e-13,-3.19241e-18,-0.642408,0.4652,0,0,0.885205,0.457659,0,0,0.889128,-1.41338,0.0640914,0.122643,-1.42033,0.0490224,-0.130623,-1.36072,0.2398,0.121694,-1.36961,0.224705,-0.12768,-1.43757,0.515917,0.0958975,-1.44292,0.508833,-0.0980372,-1.57216,0.687905,0,-1.49047,0.820921,0,-1.3724,0.962791,0,-1.24474,0.906638,0.190256,-1.23225,0.916098,-0.184492,-1.07035,0.722165,0.233594,-1.0258,0.774193,-0.217575,-1.23618,1.13527,-0.000198597,0,0,-1.27078,0,0,-0.122462,0.0178641,-0.0830786,2.91638,-0.298861,1.33878,4.92081,0.314383,-0.990959,4.62853,0.00195641,-0.0285154,-2.32159,0,0,-3.8786,-0.134966,-0.327462,-2.5132,0.123591,0.292654,-2.25976,0,0,-2.32777,8.60954e-12,5.19243e-17,-2.64348,0,0,0.208948,0,0,0.222237,-1.39061,0.694587,-7.93401e-05,0,-0.981288,0,0,0.192547,0,0,5.89567,-0.6242,-0.611263,0,0,0,3.93468
0.983327,0,0,-0.181847,0.999889,0,0,0.0149035,0.998225,-0.000851651,0.00396264,0.0594233,0.996886,0.0141165,-0.0638569,-0.0440594,0.998753,-0.0149721,0.0472648,0.00587014,0.99651,-8.25168e-05,0.00136012,0.0834658,0.986335,0,0,0.164749,0.986658,0.010467,-0.0833413,-0.139464,0.983434,-0.00914187,0.0886226,-0.157858,0.724678,0,0,-0.689087,0.74051,-4.88521e-13,-2.36753e-18,-0.672046,0.464761,0,0,0.885436,0.457681,0,0,0.889116,-1.42622,0.0576906,0.121087,-1.43165,0.044941,-0.127732,-1.36826,0.23169,0.122372,-1.37525,0.218911,-0.127479,-1.44367,0.499043,0.0975132,-1.44788,0.493056,-0.0994475,-1.59,0.66771,0,-1.52267,0.807947,0,-1.41641,0.958872,0,-1.26913,0.927894,0.184838,-1.26031,0.9389,-0.180408,-1.05957,0.78015,0.217679,-1.02973,0.830823,-0.205467,-1.30158,1.14585,-0.000113467,0,0,-1.17817,0,0,-0.14968,0.017494,-0.0813955,2.80358,-0.288909,1.31343,4.57086,0.306531,-0.971627,4.26445,0.00170284,-0.027954,-2.21729,0,0,-3.79486,-0.139117,-0.300148,-2.56722,0.128729,0.266207,-2.32507,0,0,-2.04682,1.09056e-11,5.22373e-17,-2.35989,0,0,0.0297618,0,0,-0.00153065,-1.41408,0.690882,-0.000129532,0,-0.991251,0,0,0.131991,0,0,6.01843,-0.535297,-0.605841,0,0,0,3.68275
0.980125,0,0,-0.198381,0.999925,0,0,0.0122806,0.994796,-0.000577524,0.00268686,0.101853,0.99879,0.0096396,-0.0433422,0.0211653,0.997254,-0.0101855,0.0320477,0.0659787,0.998777,-5.77408e-05,0.000923843,0.0494373,0.99436,0,0,0.106059,0.979361,0.0080861,-0.0873301,-0.182099,0.976115,-0.00691175,0.0920649,-0.196663,0.706254,0,0,-0.707958,0.719089,-3.11493e-13,-1.59851e-18,-0.694918,0.466799,0,0,0.884364,0.460515,0,0,0.887652,-1.43759,0.0508129,0.11924,-1.44191,0.0404954,-0.124694,-1.37499,0.223328,0.122612,-1.38048,0.21296,-0.126933,-1.44831,0.483975,0.0987992,-1.45158,0.479111,-0.100541,-1.60458,0.650079,0,-1.55104,0.795599,0,-1.45643,0.954091,0,-1.2971,0.949351,0.179339,-1.2915,0.960664,-0.176283,-1.06364,0.83927,0.201839,-1.04551,0.884935,-0.19344,-1.36288,1.15176,-5.55374e-05,0,0,-1.01048,0,0,-0.157389,0.0164177,-0.0764073,2.5543,-0.269261,1.23381,3.91674,0.287013,-0.912443,3.60999,0.00149091,-0.026249,-2.04633,0,0,-3.55472,-0.142295,-0.253319,-2.59651,0.133523,0.221382,-2.37051,0,0,-1.58244,1.14795e-11,4.97348e-17,-1.88027,0,0,-0.138152,0,0,-0.191417,-1.43619,0.687346,-0.000192971,0,-0.997082,0,0,0.0763359,0,0,6.13036,-0.437386,-0.528949,0,0,0,3.35804
0.977506,0,0,-0.210906,0.999951,0,0,0.00985425,0.990468,-0.000333539,0.00155135,0.137733,0.997188,0.00563958,-0.0250039,0.0704158,0.993717,-0.00591854,0.0184813,0.110228,0.999813,-3.57516e-05,0.000534175,0.0193106,0.998563,0,0,0.0535963,0.970287,0.00567693,-0.0901486,-0.224464,0.96725,-0.00461668,0.0943972,-0.235573,0.695141,0,0,-0.718874,0.704993,-1.54903e-13,-9.23902e-19,-0.709214,0.471137,0,0,0.88206,0.465647,0,0,0.88497,-1.44609,0.0443306,0.117591,-1.44958,0.0364118,-0.122068,-1.38021,0.215922,0.122549,-1.38452,0.207906,-0.12622,-1.45148,0.472766,0.099637,-1.45399,0.468987,-0.101211,-1.6156,0.637633,0,-1.57485,0.78681,0,-1.4916,0.951562,0,-1.32698,0.970552,0.174228,-1.32381,0.981339,-0.172452,-1.0796,0.893774,0.187274,-1.06961,0.932575,-0.18239,-1.41826,1.1566,-2.15407e-05,0,0,-0.767756,0,0,-0.145589,0.0146355,-0.0681145,2.16854,-0.239917,1.09994,2.95849,0.25583,-0.813415,2.66522,0.00132063,-0.0234007,-1.80874,0,0,-3.15819,-0.144501,-0.186979,-2.60109,0.137974,0.158185,-2.39609,0,0,-0.93465,1.03316e-11,4.44174e-17,-1.20464,0,0,-0.294728,0,0,-0.347421,-1.45605,0.685808,-0.000260985,0,-0.999634,0,0,0.027065,0,0,6.22905,-0.330491,-0.373378,0,0,0,2.96052
0.975897,0,0,-0.218231,0.999968,0,0,0.00794966,0.986318,-0.000131546,0.000611544,0.164855,0.995077,0.00229313,-0.0098145,0.0985877,0.990967,-0.0023741,0.00725589,0.13389,0.999983,-1.58868e-05,0.000210724,-0.00576335,0.999948,0,0,0.0102004,0.959592,0.00326027,-0.0914851,-0.266087,0.956933,-0.00226661,0.0953257,-0.274204,0.693901,0,0,-0.720071,0.701046,-4.29626e-14,-3.79305e-19,-0.713116,0.477593,0,0,0.878581,0.47256,0,0,0.881299,-1.45043,0.0406364,0.11667,-1.45324,0.034926,-0.120433,-1.38331,0.212242,0.122343,-1.38669,0.206366,-0.125532,-1.45319,0.469016,0.0999209,-1.45511,0.466229,-0.10136,-1.62275,0.634546,0,-1.59342,0.786121,0,-1.52119,0.955996,0,-1.35619,0.993239,0.169912,-1.35456,1.00311,-0.169213,-1.10217,0.940946,0.175042,-1.09699,0.972746,-0.173114,-1.46619,1.16578,-5.34047e-06,0,0,-0.449965,0,0,-0.11428,0.0121472,-0.0565167,1.64629,-0.200878,0.911804,1.69608,0.212982,-0.674539,1.4301,0.00119201,-0.019409,-1.50451,0,0,-2.60528,-0.145736,-0.101126,-2.58096,0.142082,0.076611,-2.40181,0,0,-0.103437,7.46177e-12,3.62847e-17,-0.332998,0,0,-0.439997,0,0,-0.469601,-1.47267,0.689809,-0.000325731,0,-0.999896,0,0,-0.0144346,0,0,6.31206,-0.214605,-0.0926185,0,0,0,2.49021
0.975689,0,0,-0.21916,0.999976,0,0,0.00689196,0.983471,1.69742e-05,-7.87851e-05,0.181066,0.994912,-0.000238416,0.00132394,0.100737,0.991207,0.000259125,-0.000982925,0.132316,0.999696,2.52999e-06,-2.71718e-05,-0.0246547,0.999771,0,0,-0.0213976,0.9475,0.000856305,-0.0910395,-0.306519,0.945303,0.000128677,0.0945665,-0.312184,0.704756,0,0,-0.70945,0.709725,3.90845e-19,-8.94573e-24,-0.704479,0.485976,0,0,0.873972,0.480734,0,0,0.876867,-1.44943,0.0362105,0.116957,-1.45159,0.0323716,-0.120308,-1.38388,0.209104,0.122143,-1.38646,0.205018,-0.125041,-1.45351,0.470268,0.0995594,-1.45496,0.468326,-0.100905,-1.62574,0.638886,0,-1.60616,0.791993,0,-1.54456,0.966006,0,-1.38202,1.01382,0.166723,-1.38112,1.02272,-0.166816,-1.12581,0.973761,0.166035,-1.1228,0.999793,-0.166294,-1.50547,1.1787,4.48276e-07,0,0,-0.0571221,0,0,-0.0634637,0.00895304,-0.0416142,0.987562,-0.152143,0.66941,0.129522,0.15847,-0.495818,-0.0953472,0.00110503,-0.014274,-1.13363,0,0,-1.89599,-0.145998,0.00424191,-2.53611,0.145848,-0.0233357,-2.38767,0,0,0.9112,2.86992e-12,2.53369e-17,0.734639,0,0,-0.573986,0,0,-0.557899,-1.48515,0.696981,-0.000380661,1,-0.998901,0,0,-0.0468694,0,0,6.37696,-0.0897217,0.130209,0,0,0,1.94708
0.976438,0,0,-0.2158,0.999979,0,0,0.00653216,0.982681,8.44579e-05,-0.000392119,0.185303,0.996267,-0.00142481,0.00637146,0.0860746,0.99329,0.00147076,-0.00472299,0.115542,0.999446,1.27803e-05,-0.000135111,-0.0332882,0.999372,0,0,-0.0354372,0.938669,-0.000752576,-0.0896365,-0.332965,0.936773,0.00176823,0.093009,-0.337346,0.719373,0,0,-0.694624,0.723235,-2.65479e-19,1.63767e-19,-0.690602,0.493337,0,0,0.869838,0.487777,0,0,0.872968,-1.44591,0.0352904,0.117976,-1.44769,0.0324534,-0.121219,-1.38292,0.20975,0.122063,-1.38508,0.206616,-0.124874,-1.45265,0.476675,0.0989301,-1.45387,0.475191,-0.100236,-1.62458,0.649264,0,-1.61023,0.803069,0,-1.55514,0.979253,0,-1.39495,1.02891,0.165279,-1.39415,1.03721,-0.165732,-1.13885,0.988744,0.161972,-1.13618,1.01177,-0.163228,-1.52472,1.19319,1.90775e-06,0,0,0.20656,0,0,-0.0215884,0.00407283,-0.0189106,0.25861,-0.071266,0.303193,-0.8836,0.0728502,-0.224866,-1.01423,0.000615147,-0.00647771,-0.518229,0,0,-0.842725,-0.0983977,0.0691053,-1.6767,0.100524,-0.0785445,-1.59824,0,0,1.24925,-4.36038e-17,1.0847e-17,1.1621,0,0,-0.506594,0,0,-0.483005,-1.49007,0.706513,-0.000410244,0,-0.998063,0,0,-0.0622107,0,0,6.40769,0.0347829,0.311356,0,0,0,0.921864
0.977827,0,0,-0.209415,0.999981,0,0,0.00613707,0.982675,0.000135303,-0.000628198,0.185335,0.998189,-0.00232113,0.0101794,0.0592407,0.996214,0.00238662,-0.00754683,0.0865716,0.999224,2.05025e-05,-0.00021642,-0.0393919,0.998956,0,0,-0.0456931,0.928584,-0.0024685,-0.0873575,-0.360686,0.926976,0.00354312,0.0906031,-0.363996,0.739744,0,0,-0.672888,0.742665,-7.77007e-19,2.90016e-19,-0.669664,0.503166,0,0,0.86419,0.497475,0,0,0.867478,-1.44093,0.0345397,0.119633,-1.4424,0.0325568,-0.122864,-1.38139,0.211021,0.122026,-1.3832,0.208704,-0.124809,-1.45071,0.486092,0.0979984,-1.45173,0.485,-0.0992773,-1.6203,0.664617,0,-1.61026,0.818983,0,-1.56123,0.996947,0,-1.40372,1.04448,0.164202,-1.4028,1.05214,-0.164926,-1.14881,0.997792,0.15895,-1.14596,1.01801,-0.160964,-1.53807,1.21179,3.05189e-06,0,0,0.392052,0,0,-0.0237059,0.00306848,-0.0142472,0.0019294,-0.0537566,0.228366,-1.61432,0.0549346,-0.169367,-1.74723,0.000463506,-0.00488037,-0.366466,0,0,-0.615866,-0.105638,0.121007,-1.77492,0.10953,-0.128717,-1.70896,0,0,1.78746,-3.34994e-17,8.21996e-18,1.71391,0,0,-0.680165,0,0,-0.668685,-1.49197,0.718803,-0.000436759,0,-0.997334,0,0,-0.0729695,0,0,6.42925,0.128467,0.460564,0,0,0,0.647006
0.979722,0,0,-0.20036,0.999984,0,0,0.00571246,0.983367,0.000171164,-0.000794701,0.181629,0.999678,-0.00295466,0.0128643,0.02167,0.998853,0.00303445,-0.00954043,0.0468207,0.999066,2.5943e-05,-0.000273693,-0.0432203,0.998619,0,0,-0.0525416,0.917227,-0.00426696,-0.084316,-0.389315,0.91589,0.00542499,0.0874588,-0.391748,0.764532,0,0,-0.644586,0.766676,-1.15802e-18,3.824e-19,-0.642035,0.51509,0,0,0.857136,0.509436,0,0,0.860509,-1.43502,0.0339379,0.121784,-1.43623,0.0326622,-0.125085,-1.37976,0.212768,0.122012,-1.38127,0.211133,-0.124822,-1.44804,0.497847,0.0968199,-1.44889,0.49708,-0.098084,-1.61326,0.683907,0,-1.6067,0.83876,0,-1.56327,1.01817,0,-1.40892,1.06011,0.163463,-1.40774,1.06709,-0.164378,-1.1566,1.00131,0.156889,-1.15327,1.01891,-0.159438,-1.54608,1.23373,4.42601e-06,0,0,0.555082,0,0,-0.0254775,0.00216173,-0.0100371,-0.226189,-0.0379467,0.160812,-2.25625,0.0387588,-0.119263,-2.39055,0.000326597,-0.00343816,-0.2299,0,0,-0.411406,-0.111585,0.166572,-1.854,0.117026,-0.172708,-1.79946,0,0,2.25748,-2.43633e-17,5.84721e-18,2.19639,0,0,-0.831256,0,0,-0.830569,-1.49132,0.733204,-0.000460134,0,-0.996826,0,0,-0.0796122,0,0,6.44258,0.211111,0.578701,0,0,0,0.399728
0.981979,0,0,-0.188988,0.999986,0,0,0.00526407,0.984631,0.000193663,-0.000899166,0.174646,0.999572,-0.00335177,0.0145391,-0.0251469,0.999933,0.0034409,-0.0107863,-0.00223131,0.998986,2.9348e-05,-0.000309525,-0.0450273,0.998411,0,0,-0.0563582,0.904615,-0.00612354,-0.0806267,-0.418489,0.903525,0.00738555,0.0836882,-0.420219,0.792341,0,0,-0.610078,0.793865,-1.4209e-18,4.44096e-19,-0.608094,0.528736,0,0,0.848786,0.523262,0,0,0.852172,-1.42873,0.0334564,0.124245,-1.42972,0.0327491,-0.127689,-1.3785,0.214836,0.121987,-1.37974,0.213754,-0.124869,-1.44499,0.511232,0.0954502,-1.44568,0.510727,-0.0967102,-1.60384,0.706017,0,-1.59999,0.861319,0,-1.56172,1.0419,0,-1.41135,1.0753,0.163034,-1.40985,1.08157,-0.164067,-1.16358,0.999744,0.155705,-1.15965,1.01488,-0.158584,-1.54934,1.25806,6.21181e-06,0,0,0.695654,0,0,-0.0269037,0.00135251,-0.00627986,-0.425753,-0.023836,0.100526,-2.80937,0.0243218,-0.0745493,-2.9442,0.000204413,-0.00215108,-0.108523,0,0,-0.229336,-0.116235,0.205799,-1.91392,0.123013,-0.210521,-1.86971,0,0,2.65933,-1.61963e-17,3.72867e-18,2.60949,0,0,-0.959895,0,0,-0.968714,-1.48865,0.749003,-0.000480335,0,-0.996583,0,0,-0.082603,0,0,6.44858,0.282748,0.663314,0,0,0,0.180044
0.984452,0,0,-0.175652,0.999988,0,0,0.00479767,0.986319,0.000204404,-0.00094904,0.164845,0.996701,-0.00353875,0.0153161,-0.0796244,0.998187,0.00363251,-0.0113668,-0.0589986,0.998984,3.09634e-05,-0.000326505,-0.0450661,0.998345,0,0,-0.0575172,0.8908,-0.00801407,-0.0764055,-0.447853,0.889929,0.00939674,0.079404,-0.449035,0.821776,0,0,-0.569811,0.822822,-1.57706e-18,4.78045e-19,-0.568299,0.543733,0,0,0.839258,0.538559,0,0,0.842588,-1.42255,0.0330633,0.126805,-1.42335,0.0327966,-0.130453,-1.37803,0.217069,0.121899,-1.37904,0.216422,-0.124893,-1.44189,0.525533,0.0939443,-1.44244,0.525231,-0.0952094,-1.59239,0.729796,0,-1.59059,0.885526,0,-1.55706,1.06705,0,-1.4119,1.08958,0.162884,-1.41005,1.09511,-0.163967,-1.17129,0.99365,0.155303,-1.16678,1.00647,-0.158327,-1.54845,1.28375,8.33715e-06,0,0,0.813766,0,0,-0.0279842,0.000640819,-0.00297544,-0.596763,-0.0114245,0.0475069,-3.2737,0.0116237,-0.0352258,-3.40818,9.69539e-05,-0.00101913,-0.00233352,0,0,-0.0696534,-0.11959,0.23869,-1.95468,0.127489,-0.242152,-1.91971,0,0,2.993,-8.99865e-18,1.86437e-18,2.95325,0,0,-1.06606,0,0,-1.0831,-1.48447,0.765466,-0.000497353,0,-0.996599,0,0,-0.0824027,0,0,6.44818,0.343355,0.71338,0,0,0,-0.0120592
0.987001,0,0,-0.160711,0.999991,0,0,0.00431902,0.988275,0.000204981,-0.000951719,0.152681,0.990018,-0.00354269,0.015311,-0.140064,0.992487,0.00363664,-0.0113667,-0.12177,0.999049,3.10344e-05,-0.000327217,-0.0435898,0.998409,0,0,-0.0563917,0.875876,-0.00991489,-0.0717682,-0.477066,0.875192,0.011431,0.0747194,-0.477835,0.851494,0,0,-0.524364,0.852188,-1.63773e-18,4.87164e-19,-0.523235,0.559715,0,0,0.828685,0.554937,0,0,0.831892,-1.4169,0.0327257,0.129237,-1.41754,0.0327865,-0.133137,-1.37869,0.219327,0.121685,-1.3795,0.21901,-0.124823,-1.439,0.540063,0.0923548,-1.43944,0.539912,-0.093633,-1.57929,0.754108,0,-1.57893,0.910251,0,-1.54975,1.09253,0,-1.41142,1.10255,0.162974,-1.40929,1.10729,-0.16405,-1.1812,0.983788,0.155575,-1.17625,0.994433,-0.158577,-1.54398,1.30974,1.05717e-05,0,0,0.909416,0,0,-0.0287194,2.66606e-05,-0.000123888,-0.739217,-0.000712168,0.00175556,-3.64921,0.000664531,-0.00129249,-3.78248,4.22042e-06,-4.23024e-05,0.0886667,0,0,0.0676384,-0.121649,0.265244,-1.97627,0.130455,-0.267604,-1.94946,0,0,3.25848,-2.77014e-18,2.54287e-19,3.22766,0,0,-1.14976,0,0,-1.17372,-1.47929,0.781879,-0.000511234,0,-0.996837,0,0,-0.07947,0,0,6.44229,0.392951,0.729359,0,0,0,-0.176539
0.989501,0,0,-0.144527,0.999993,0,0,0.00383387,0.990346,0.000196983,-0.000914588,0.138614,0.978716,-0.0033919,0.0146452,-0.204667,0.981965,0.0034821,-0.0108752,-0.188718,0.999165,2.98061e-05,-0.000314243,-0.0408509,0.998576,0,0,-0.0533539,0.859975,-0.0118031,-0.0668304,-0.505803,0.859443,0.0134618,0.0697473,-0.506273,0.880267,0,0,-0.474478,0.880713,-1.6146e-18,4.74506e-19,-0.47365,0.576325,0,0,0.817221,0.572018,0,0,0.820241,-1.41209,0.0324133,0.131317,-1.41259,0.0327051,-0.135504,-1.38067,0.221487,0.121281,-1.3813,0.221408,-0.124587,-1.43654,0.554188,0.0907314,-1.43688,0.554144,-0.0920295,-1.56491,0.777885,0,-1.56548,0.934423,0,-1.54026,1.11729,0,-1.4107,1.1139,0.163262,-1.40836,1.11785,-0.16428,-1.19449,0.971133,0.156393,-1.18927,0.979746,-0.159232,-1.53654,1.33499,1.26094e-05,0,0,0.98261,0,0,-0.0291089,-0.000489968,0.00227484,-0.853119,0.00830092,-0.0367284,-3.93593,-0.00855586,0.0272508,-4.06712,-7.37889e-05,0.0007794,0.16448,0,0,0.182545,-0.122412,0.285463,-1.9787,0.131911,-0.286875,-1.95897,0,0,3.45578,2.48912e-18,-1.10158e-18,3.4327,0,0,-1.21099,0,0,-1.24057,-1.47354,0.797595,-0.000522157,0,-0.997239,0,0,-0.0742608,0,0,6.43184,0.431528,0.713301,0,0,0,-0.313482
0.991843,0,0,-0.127464,0.999994,0,0,0.00334799,0.992393,0.000182005,-0.000845047,0.123107,0.962321,-0.00311619,0.0134461,-0.271566,0.966104,0.00319925,-0.00998659,-0.257941,0.999311,2.75235e-05,-0.000290164,-0.0371021,0.99881,0,0,-0.0487756,0.843272,-0.0136567,-0.0617062,-0.533758,0.842856,0.0154633,0.0645993,-0.534024,0.907029,0,0,-0.421068,0.907309,-1.52026e-18,4.43374e-19,-0.420465,0.593221,0,0,0.80504,0.589434,0,0,0.807816,-1.40828,0.0321015,0.13285,-1.40868,0.032545,-0.137345,-1.38403,0.223451,0.120632,-1.38453,0.223537,-0.124122,-1.43463,0.567358,0.0891196,-1.43489,0.567384,-0.090443,-1.54961,0.800179,0,-1.55067,0.957085,0,-1.52907,1.14042,0,-1.41033,1.12351,0.163697,-1.4079,1.12667,-0.164617,-1.21189,0.956837,0.157617,-1.20662,0.963586,-0.160181,-1.52672,1.35858,1.41384e-05,0,0,1.03334,0,0,-0.0291529,-0.000909062,0.00422073,-0.938465,0.0156149,-0.0679454,-4.13384,-0.0160372,0.0504033,-4.26209,-0.000137072,0.00144598,0.225103,0,0,0.27506,-0.12188,0.299342,-1.96197,0.131857,-0.299967,-1.94823,0,0,3.5849,6.77917e-18,-2.20322e-18,3.56839,0,0,-1.24974,0,0,-1.28366,-1.46759,0.812063,-0.000530386,0,-0.997737,0,0,-0.0672315,0,0,6.41775,0.459076,0.668818,0,0,0,-0.422816
0.993943,0,0,-0.109896,0.999996,0,0,0.00286714,0.994299,0.00016165,-0.000750538,0.10663,0.940748,-0.00274653,0.0118464,-0.338888,0.944798,0.00281984,-0.0087993,-0.327523,0.999469,2.44317e-05,-0.000257561,-0.0325958,0.999074,0,0,-0.0430285,0.825978,-0.0154551,-0.0565074,-0.56065,0.825644,0.0174112,0.059385,-0.560787,0.930925,0,0,-0.365211,0.9311,-1.36839e-18,3.97373e-19,-0.364764,0.610074,0,0,0.792344,0.606837,0,0,0.794826,-1.40556,0.0317726,0.133692,-1.40588,0.0323058,-0.1385,-1.38871,0.225145,0.119701,-1.3891,0.225341,-0.123381,-1.43331,0.579129,0.0875596,-1.43351,0.579198,-0.0889123,-1.53375,0.820209,0,-1.53495,0.977447,0,-1.51667,1.16114,0,-1.41071,1.13134,0.164226,-1.40831,1.13376,-0.16502,-1.23354,0.942128,0.159095,-1.22845,0.947214,-0.161306,-1.51512,1.37971,1.4897e-05,0,0,1.06161,0,0,-0.0288514,-0.00123062,0.00571373,-0.995257,0.0212295,-0.0918942,-4.24295,-0.0217798,0.0681662,-4.36738,-0.000185631,0.00195743,0.270538,0,0,0.345189,-0.120051,0.306886,-1.92607,0.130293,-0.306878,-1.91723,0,0,3.64584,1.00999e-17,-3.05063e-18,3.63473,0,0,-1.26603,0,0,-1.30301,-1.46172,0.824857,-0.000536331,0,-0.998267,0,0,-0.058839,0,0,6.40093,0.475609,0.600913,0,0,0,-0.504555
0.995741,0,0,-0.0921969,0.999997,0,0,0.00239707,0.995973,0.000137529,-0.000638543,0.0896541,0.914335,-0.00231457,0.00998128,-0.404828,0.918386,0.00237634,-0.00741404,-0.395609,0.999619,2.07756e-05,-0.000219017,-0.027585,0.999334,0,0,-0.0364849,0.80834,-0.0171786,-0.0513428,-0.586222,0.808058,0.0192827,0.054211,-0.586286,0.951348,0,0,-0.30812,0.95146,-1.17381e-18,3.4041e-19,-0.307772,0.626576,0,0,0.779361,0.623896,0,0,0.781508,-1.40388,0.0314169,0.133765,-1.40413,0.031994,-0.138876,-1.3945,0.226527,0.118478,-1.39482,0.226789,-0.122346,-1.43257,0.589182,0.0860856,-1.43273,0.589275,-0.0874704,-1.51771,0.837401,0,-1.51878,0.994924,0,-1.50352,1.17889,0,-1.412,1.13751,0.164796,-1.40977,1.13926,-0.165449,-1.25903,0.928177,0.160682,-1.25432,0.931827,-0.162496,-1.50234,1.39783,1.47176e-05,0,0,1.06743,0,0,-0.0282044,-0.00145465,0.00675399,-1.0235,0.0251451,-0.108577,-4.26327,-0.0257835,0.0805387,-4.38302,-0.000219465,0.00231375,0.300786,0,0,0.392927,-0.116928,0.308093,-1.87102,0.127218,-0.307609,-1.86599,0,0,3.6386,1.24515e-17,-3.64384e-18,3.63171,0,0,-1.25985,0,0,-1.29856,-1.45612,0.835689,-0.000540455,0,-0.998772,0,0,-0.0495403,0,0,6.38231,0.481131,0.515755,0,0,0,-0.558744
0.997203,0,0,-0.0747452,0.999998,0,0,0.00194354,0.997357,0.000111263,-0.000516591,0.0726575,0.883841,-0.00185179,0.0079856,-0.467716,0.887643,0.00190113,-0.00593125,-0.460491,0.999751,1.68006e-05,-0.000177114,-0.0223226,0.999564,0,0,-0.0295174,0.790636,-0.0188095,-0.0463176,-0.610242,0.790382,0.0210567,0.0491806,-0.610274,0.967958,0,0,-0.251113,0.968034,-9.52337e-19,2.76661e-19,-0.250821,0.642435,0,0,0.76634,0.640302,0,0,0.768124,-1.40309,0.0310327,0.133071,-1.40331,0.0316227,-0.138461,-1.40112,0.227575,0.116986,-1.40139,0.227878,-0.121032,-1.43233,0.597335,0.0847258,-1.43246,0.59744,-0.0861439,-1.50186,0.851411,0,-1.50262,1.00917,0,-1.49011,1.19334,0,-1.4142,1.14218,0.165358,-1.41223,1.14336,-0.165865,-1.28745,0.915957,0.162246,-1.28328,0.918417,-0.163651,-1.489,1.41257,1.3556e-05,0,0,1.05078,0,0,-0.0272119,-0.00158116,0.0073413,-1.02318,0.0273613,-0.117991,-4.19477,-0.0280484,0.087521,-4.30897,-0.000238574,0.00251494,0.315845,0,0,0.418279,-0.112508,0.302963,-1.7968,0.122634,-0.302161,-1.79451,0,0,3.56318,1.3834e-17,-3.98281e-18,3.55934,0,0,-1.23119,0,0,-1.27039,-1.45094,0.844415,-0.000543254,0,-0.999208,0,0,-0.0397955,0,0,6.3628,0.475616,0.420299,0,0,0,-0.58528
0.998321,0,0,-0.0579213,0.999999,0,0,0.00151231,0.998424,8.44812e-05,-0.000392243,0.0561202,0.850406,-0.00138868,0.00598983,-0.526092,0.853745,0.00142562,-0.00444826,-0.520671,0.999854,1.27521e-05,-0.000134439,-0.0170617,0.999747,0,0,-0.0224991,0.773172,-0.020331,-0.0415332,-0.632508,0.77293,0.0227137,0.0443932,-0.632529,0.98069,0,0,-0.195568,0.980743,-7.20504e-19,2.10493e-19,-0.195305,0.657382,0,0,0.753557,0.655767,0,0,0.754963,-1.40302,0.0306269,0.131689,-1.40322,0.0312097,-0.137326,-1.40821,0.228297,0.115281,-1.40844,0.228623,-0.119488,-1.43248,0.603544,0.083502,-1.43259,0.603655,-0.0849533,-1.48656,0.86214,0,-1.4869,1.02007,0,-1.47693,1.2044,0,-1.41714,1.14557,0.165872,-1.4155,1.1463,-0.16624,-1.31749,0.906128,0.163676,-1.314,0.907654,-0.164694,-1.4757,1.42386,1.15071e-05,0,0,1.01168,0,0,-0.0258738,-0.00161013,0.00747584,-0.994312,0.0278784,-0.120138,-4.03747,-0.0285744,0.0891128,-4.14525,-0.000242957,0.00256101,0.315716,0,0,0.42124,-0.106793,0.291497,-1.70341,0.116539,-0.290531,-1.70277,0,0,3.41957,1.42471e-17,-4.06755e-18,3.41761,0,0,-1.18008,0,0,-1.21842,-1.44624,0.851033,-0.000545214,0,-0.999548,0,0,-0.0300632,0,0,6.34332,0.459094,0.321867,0,0,0,-0.584292
0.999113,0,0,-0.0421061,0.999999,0,0,0.00110914,0.999179,5.88167e-05,-0.000273083,0.0405239,0.815497,-0.000954037,0.00411715,-0.578746,0.818206,0.000979404,-0.0030569,-0.574917,0.999927,8.8756e-06,-9.3577e-05,-0.0120556,0.999875,0,0,-0.0158035,0.756276,-0.0217283,-0.0370866,-0.65284,0.756038,0.0242357,0.0399437,-0.652858,0.98974,0,0,-0.142883,0.989775,-4.95288e-19,1.46386e-19,-0.142638,0.671166,0,0,0.741307,0.670025,0,0,0.742338,-1.40345,0.030212,0.129773,-1.40362,0.030777,-0.135616,-1.41539,0.228719,0.113448,-1.41559,0.22906,-0.117795,-1.4329,0.607903,0.0824299,-1.433,0.608017,-0.0839128,-1.47217,0.869725,0,-1.47209,1.02778,0,-1.46446,1.21223,0,-1.42058,1.14789,0.166311,-1.41932,1.14828,-0.166555,-1.34767,0.898971,0.164896,-1.34493,0.899811,-0.165569,-1.46306,1.43185,8.80579e-06,0,0,0.950108,0,0,-0.0241902,-0.00154157,0.00715749,-0.936886,0.0266963,-0.115017,-3.79137,-0.0273614,0.0853142,-3.89187,-0.000232615,0.00245196,0.300397,0,0,0.401812,-0.0997816,0.273693,-1.59086,0.108934,-0.272722,-1.59079,0,0,3.20778,1.36909e-17,-3.89806e-18,3.20652,0,0,-1.10648,0,0,-1.14271,-1.4421,0.855671,-0.00054673,0,-0.999784,0,0,-0.0208047,0,0,6.3248,0.431553,0.227543,0,0,0,-0.555696
0.999617,0,0,-0.0276803,1,0,0,0.000739784,0.999653,3.59041e-05,-0.0001667,0.0263501,0.780828,-0.000574465,0.00248133,-0.624741,0.782794,0.000589813,-0.00184184,-0.622279,0.999971,5.4166e-06,-5.71155e-05,-0.00755764,0.999952,0,0,-0.00980394,0.740288,-0.0229876,-0.0330707,-0.671082,0.740061,0.0256066,0.0359235,-0.671091,0.995531,0,0,-0.0944355,0.995552,-2.93784e-19,8.8848e-20,-0.0942179,0.683554,0,0,0.729899,0.682831,0,0,0.730577,-1.40416,0.029807,0.127529,-1.40431,0.0303487,-0.133535,-1.42228,0.228891,0.111596,-1.42245,0.229242,-0.116057,-1.43347,0.610625,0.0815202,-1.43356,0.610743,-0.0830316,-1.45907,0.874516,0,-1.45864,1.03265,0,-1.45319,1.21717,0,-1.42427,1.14934,0.166656,-1.4234,1.14951,-0.166798,-1.37647,0.894389,0.165858,-1.37452,0.89477,-0.166248,-1.45169,1.43689,5.81473e-06,0,0,0.866084,0,0,-0.0221612,-0.00137547,0.00638631,-0.850912,0.0238151,-0.10263,-3.45647,-0.0244096,0.0761269,-3.54881,-0.00020755,0.0021878,0.269891,0,0,0.360002,-0.0914753,0.249553,-1.45916,0.0998188,-0.248734,-1.45856,0,0,2.92782,1.21657e-17,-3.47443e-18,2.92608,0,0,-1.01043,0,0,-1.04324,-1.43856,0.858573,-0.000548092,0,-0.999922,0,0,-0.0124805,0,0,6.30815,0.392987,0.143738,0,0,0,-0.49952
0.999887,0,0,-0.0150233,1,0,0,0.000410008,0.999901,1.73769e-05,-8.06778e-05,0.0140797,0.748269,-0.000274305,0.00118645,-0.663394,0.749436,0.00028178,-0.000880391,-0.662076,0.999993,2.62071e-06,-2.76414e-05,-0.0038211,0.999988,0,0,-0.00487418,0.725563,-0.0240963,-0.029575,-0.687098,0.725363,0.0268114,0.0324202,-0.687079,0.99867,0,0,-0.0515589,0.998678,-1.32974e-19,4.23537e-20,-0.0513972,0.694328,0,0,0.719658,0.693952,0,0,0.720021,-1.40497,0.0298108,0.125201,-1.40507,0.030327,-0.131324,-1.42855,0.229252,0.109848,-1.42867,0.229608,-0.114396,-1.43411,0.612399,0.0807791,-1.43417,0.612518,-0.0823145,-1.44763,0.877412,0,-1.44701,1.03559,0,-1.4436,1.22016,0,-1.428,1.15048,0.166901,-1.42751,1.15053,-0.166967,-1.40249,0.89234,0.166544,-1.40134,0.892458,-0.166723,-1.44221,1.43994,2.99776e-06,0,0,0.759598,0,0,-0.0197866,-0.00111185,0.0051623,-0.736378,0.0192345,-0.0829741,-3.03276,-0.019719,0.0615475,-3.11609,-0.000167756,0.00176848,0.224196,0,0,0.295794,-0.0818727,0.219076,-1.30828,0.0891935,-0.218564,-1.30607,0,0,2.57968,9.67126e-18,-2.79646e-18,2.57628,0,0,-0.891895,0,0,-0.920005,-1.43572,0.860451,-0.000549496,0,-0.999985,0,0,-0.00555187,0,0,6.29429,0.343401,0.0868732,0,0,0,-0.415735
0.99999,0,0,-0.00451304,1,0,0,0.000125569,0.999991,4.86615e-06,-2.25906e-05,0.00419198,0.719752,-7.60056e-05,0.00032845,-0.694231,0.720125,7.82412e-05,-0.000243601,-0.693844,0.999999,7.33402e-07,-7.7408e-06,-0.00109923,0.999999,0,0,-0.00138751,0.712454,-0.0250425,-0.0266859,-0.700764,0.712315,0.027836,0.0295185,-0.700686,0.999879,0,0,-0.0155254,0.99988,-2.95763e-20,1.12997e-20,-0.0154671,0.70328,0,0,0.710913,0.703171,0,0,0.711021,-1.40572,0.0298582,0.123044,-1.40575,0.0303473,-0.129244,-1.43391,0.229487,0.108331,-1.43394,0.229843,-0.112939,-1.43473,0.613211,0.0802101,-1.43475,0.613331,-0.0817637,-1.4382,0.878658,0,-1.43764,1.03685,0,-1.43617,1.22145,0,-1.43165,1.1511,0.167048,-1.4315,1.15111,-0.167066,-1.42457,0.8918,0.166955,-1.42421,0.89181,-0.167003,-1.43523,1.44125,8.80801e-07,0,0,0.63065,0,0,-0.0170664,-0.000750676,0.00348539,-0.593288,0.0129546,-0.0560524,-2.52025,-0.0132893,0.0415778,-2.59368,-0.000113239,0.00119404,0.163313,0,0,0.209202,-0.0709744,0.182262,-1.13825,0.077058,-0.182215,-1.13335,0,0,2.16334,6.20733e-18,-1.86433e-18,2.15713,0,0,-0.7509,0,0,-0.772995,-1.43368,0.861308,-0.000551053,0,-1,0,0,-0.00047907,0,0,6.28414,0.282801,0.0373721,0,0,0,-0.30437
0.999994,0,0,0.00347438,1,0,0,-0.000107777,0.999996,-6.98491e-10,6.51925e-09,-0.00283554,0.697185,-9.65569e-07,-1.20279e-06,-0.716891,0.696821,1.00552e-06,1.00218e-06,-0.717245,1,7.27596e-11,6.98492e-10,0.000354797,1,0,0,0.000282913,0.701315,-0.025815,-0.0244886,-0.711963,0.701282,0.028667,0.0273016,-0.711784,0.999922,0,0,0.0124542,0.999924,-2.48148e-24,4.1358e-25,0.0123425,0.710207,0,0,0.703993,0.710272,0,0,0.703927,-1.40632,0.0301847,0.121308,-1.40624,0.0306461,-0.127545,-1.4381,0.229887,0.107167,-1.43802,0.230234,-0.111808,-1.4353,0.613673,0.0798156,-1.43526,0.61379,-0.0813802,-1.43116,0.87914,0,-1.43099,1.03734,0,-1.43141,1.22194,0,-1.43518,1.15158,0.1671,-1.43532,1.15159,-0.1671,-1.44176,0.892268,0.167101,-1.44218,0.892279,-0.167101,-1.43136,1.44174,-1.32353e-10,0,0,0.479246,0,0,-0.0140007,-0.000292012,0.00135583,-0.421652,0.00497606,-0.0218631,-1.91895,-0.0051209,0.0162202,-1.98163,-4.39997e-05,0.00046449,0.0872415,0,0,0.100225,-0.0587809,0.139112,-0.949055,0.0634125,-0.139685,-0.940379,0,0,1.67884,1.7745e-18,-6.77982e-19,1.66863,0,0,-0.587429,0,0,-0.602245,-1.43258,0.861771,-0.000552852,1,-0.999997,0,0,0.00227824,0,0,6.27863,0.211176,0.014466,0,0,0,-0.165439
