0.999841,0.0106547,-0.00322701,0.0139572,0.999841,0.0106547,-0.00322701,0.0139572,0.976122,0.014834,0.182458,-0.116937,0.714671,-0.188467,-0.233035,-0.631997,0.673001,-0.0621306,0.190936,-0.711866,0.957474,0,0,0.28852,0.996793,0,0,0.0800218,0.830684,-0.0460327,-0.0956079,-0.546539,0.71023,0.024024,0.234528,-0.663319,0.982976,0,0,-0.183736,0.983458,0,0,-0.181135,0.656354,-0.0936344,0.0469667,0.747145,0.703849,0.0469335,-0.0479277,0.707175,0.0605269,0.0462291,0.227937,-0.225147,0.0884506,-0.300028,0.0550555,0.24158,0.191254,-0.157072,0.271163,-0.246041,0.0344123,0.610485,0.110281,-0.0394316,0.612881,-0.133772,0,0.864205,0,0.0235331,1.02062,-0.00054377,0.0454907,1.20385,0.00299949,0.0496601,1.15169,0.249282,0.0292461,1.14279,-0.189797,0.114087,0.952899,0.383661,-0.00163031,0.892566,-0.247183,0.0901923,1.41747,0.00814892,0,0,0,0,0,0,0,0,0,0,0,0,0,0,0,0,0,0,0,0,0,0,0,0,0,0,0,0,0,0,0,0,0,0,0,0,0,0,0,0.0140881,0.858108,1.59702e-05,1,0.996643,-0.007001,0.000573,-0.08157,-0.0140489,9.738e-09,-0.163325,0,0,0,0,0,0
0.999824,0.0132194,-0.00628771,0.0117515,0.999824,0.0132194,-0.00628771,0.0117515,0.975101,0.0128159,0.187202,-0.118195,0.724442,-0.169853,-0.224073,-0.629384,0.689888,-0.0362824,0.191722,-0.697123,0.96028,0,0,0.279039,0.993071,0,0,0.117513,0.827511,-0.0454528,-0.091822,-0.552022,0.729812,0.054439,0.212934,-0.647356,0.98171,0,0,-0.190384,0.972829,0,0,-0.231526,0.6507,-0.0808559,0.0541364,0.753075,0.718864,0.035454,-0.0562647,0.691962,0.0616823,0.0418161,0.227733,-0.215362,0.0945045,-0.29647,0.0593997,0.237181,0.194005,-0.137511,0.274608,-0.242567,0.0423179,0.606953,0.118624,-0.0232233,0.61139,-0.125722,0.00642944,0.86211,0.0122612,0.0296412,1.01857,0.0125995,0.0521731,1.20168,0.018279,0.0606048,1.14287,0.258939,0.0393394,1.14413,-0.181575,0.126561,0.936963,0.382793,0.0262601,0.897728,-0.255605,0.0981093,1.41494,0.0256694,0.153895,-0.183654,-0.132344,0.153895,-0.183654,-0.132344,-0.12179,0.290828,-0.0785508,1.27913,0.651222,0.330129,1.76185,-0.0323459,1.30625,0,0,-0.593216,0,0,2.26063,0.0335698,0.234189,-0.389356,1.99739,-1.54349,1.38512,0,0,-0.40606,0,0,-3.09035,0.856321,0.4957,0.51848,-0.779653,-0.534638,-1.28165,0.0233689,0.855896,0.00983423,1,0.996749,-0.00462783,0.0130885,-0.0793689,-0.0113071,0.02536,-0.159064,0.192883,-0.0628562,0.367836,0.203291,0.737735,0.126805
0.999795,0.0148672,-0.00831124,0.0109531,0.999795,0.0148672,-0.00831124,0.0109531,0.973966,0.010188,0.191019,-0.121649,0.731058,-0.148785,-0.216385,-0.629758,0.705441,-0.00187419,0.197043,-0.680826,0.963181,0,0,0.268853,0.986241,0,0,0.165312,0.82417,-0.0477081,-0.0896899,-0.557156,0.751991,0.071637,0.198015,-0.624633,0.981185,0,0,-0.193071,0.957914,0,0,-0.287055,0.647323,-0.0705584,0.0601814,0.756553,0.732082,0.0240573,-0.0565931,0.678435,0.0623307,0.0411257,0.227614,-0.202757,0.105444,-0.291275,0.0619811,0.236495,0.196011,-0.115212,0.282602,-0.238607,0.0475065,0.606998,0.124797,-0.00658867,0.614242,-0.119909,0.0108857,0.863672,0.0219404,0.0336423,1.02019,0.0237481,0.056045,1.20321,0.031854,0.0673123,1.13791,0.26641,0.0471646,1.15073,-0.177341,0.13314,0.924946,0.37943,0.0555662,0.912937,-0.271409,0.102483,1.4162,0.04149,0.0988801,-0.121423,-0.0479028,0.0988801,-0.121423,-0.0479028,-0.158765,0.235371,-0.211814,1.41962,0.545098,0.0804892,2.30921,0.277429,1.36851,0,0,-0.635496,0,0,2.89738,-0.147363,0.128898,-0.370102,1.09652,-1.09521,1.84697,0,0,-0.164272,0,0,-3.45031,0.695139,0.41741,0.306496,-0.764129,-0.00284574,-1.12442,0.0308637,0.857753,0.0177119,1,0.996745,-0.000157575,0.0227641,-0.0773348,-0.003839,0.0453712,-0.154952,0.133687,0.046857,0.290377,0.315023,0.55794,0.115436
0.999756,0.0162637,-0.00867749,0.012165,0.999756,0.0162637,-0.00867749,0.012165,0.972935,0.00797154,0.191588,-0.12895,0.735564,-0.124012,-0.211958,-0.63138,0.720082,0.0239477,0.218321,-0.658213,0.966279,0,0,0.257497,0.976962,0,0,0.213415,0.824898,-0.0498619,-0.0958993,-0.554852,0.776496,0.0640905,0.196081,-0.595398,0.981299,0,0,-0.19249,0.941338,0,0,-0.337465,0.646578,-0.0729671,0.0591296,0.757045,0.739876,0.00646738,-0.0474234,0.671039,0.0619744,0.0414099,0.227458,-0.187717,0.116168,-0.283896,0.061645,0.236957,0.197238,-0.0934535,0.29151,-0.234528,0.0475051,0.607991,0.128533,0.00685594,0.61941,-0.117768,0.011503,0.866116,0.0280783,0.0350084,1.02245,0.032993,0.0578249,1.20518,0.0452976,0.068361,1.13188,0.273043,0.0554602,1.1612,-0.174799,0.130603,0.911134,0.37431,0.0860006,0.938541,-0.291997,0.105692,1.4174,0.0593941,0.0838076,-0.0219836,0.0727291,0.0838076,-0.0219836,0.0727291,-0.133983,0.0384513,-0.444567,1.64988,0.316347,-0.0355893,1.71298,1.337,1.75483,0,0,-0.706232,0,0,2.93971,-0.136535,-0.394442,0.156315,-0.532753,-0.244152,2.27181,0,0,0.0355311,0,0,-3.18429,-0.16582,-0.0705585,0.0489156,-1.16233,0.614538,-0.61936,0.0356536,0.86068,0.02414,1,0.996455,0.00912818,0.0241106,-0.0800761,0.0143484,0.0495325,-0.160022,0.0185204,0.073325,0.184136,0.557842,0.0378119,-0.177985
0.99972,0.0175621,-0.00838129,0.0134315,0.99972,0.0175621,-0.00838129,0.0134315,0.972308,0.00314845,0.192174,-0.132953,0.744118,-0.101812,-0.206143,-0.627239,0.730925,0.0551452,0.245711,-0.634298,0.972534,0,0,0.232759,0.965369,0,0,0.260888,0.831746,-0.0453212,-0.107519,-0.542757,0.799955,0.0376202,0.20968,-0.560974,0.981511,0,0,-0.191404,0.928514,0,0,-0.371298,0.649477,-0.0790907,0.0474319,0.754768,0.7312,-0.0136649,-0.0267262,0.681502,0.0606399,0.0418015,0.227312,-0.170752,0.122321,-0.274883,0.0589604,0.237749,0.197912,-0.0760042,0.297825,-0.230111,0.042926,0.609181,0.131356,0.0137346,0.624874,-0.117641,0.00819261,0.868011,0.0321568,0.034572,1.02376,0.0400614,0.0602046,1.2058,0.0563458,0.0695902,1.12551,0.277529,0.064889,1.1724,-0.175809,0.125482,0.896513,0.367567,0.113757,0.970215,-0.315362,0.111623,1.41677,0.0744417,0.0779253,0.0177674,0.0760022,0.0779253,0.0177674,0.0760022,-0.291985,0.0379444,-0.244109,1.48516,0.427371,0.407068,2.0536,1.74887,1.75996,0,0,-1.53106,0,0,2.93233,0.296709,-0.723955,0.857064,-1.73935,0.765145,2.54925,0,0,0.0663679,0,0,-2.171,-0.411679,-0.802086,-0.214962,-1.32792,1.35631,0.836956,0.0384639,0.863014,0.028771,1,0.99559,0.0178979,0.0204458,-0.0897928,0.0320025,0.0439396,-0.179191,-0.0993127,0.0568675,0.122355,0.493141,-0.254679,-0.599809
0.999704,0.0190275,-0.00909186,0.0121412,0.999704,0.0190275,-0.00909186,0.0121412,0.970942,-0.00130452,0.196007,-0.137296,0.755372,-0.0771987,-0.201596,-0.618718,0.735943,0.0846673,0.284415,-0.608546,0.979011,0,0,0.203808,0.951782,0,0,0.306775,0.84092,-0.0397681,-0.11872,-0.526476,0.819044,0.00560411,0.224631,-0.527898,0.981195,0,0,-0.193017,0.923482,0,0,-0.383641,0.654216,-0.0851215,0.0338906,0.750737,0.712056,-0.0171954,-0.0119668,0.701811,0.0591538,0.0426525,0.22723,-0.146351,0.120965,-0.267226,0.0559734,0.239052,0.19812,-0.058869,0.299428,-0.226568,0.0366089,0.610439,0.132906,0.0161151,0.629466,-0.11823,0.0022532,0.869285,0.034236,0.0321953,1.02423,0.0447235,0.062408,1.20521,0.0645315,0.0697453,1.11903,0.27928,0.074104,1.1843,-0.180112,0.117264,0.882394,0.358398,0.136663,1.00712,-0.340412,0.119939,1.41413,0.0862104,0.0879397,-0.0426409,-0.0774186,0.0879397,-0.0426409,-0.0774186,-0.269709,0.237625,-0.266873,1.63877,0.354946,0.732285,1.93887,2.52,1.77733,0,0,-1.78005,0,0,2.87169,0.361592,-0.687512,1.14634,-2.06278,0.861466,2.36498,0,0,-0.0986108,0,0,-0.79977,-0.400161,-0.927445,-0.371311,-0.241484,0.968739,1.6823,0.0400484,0.864509,0.0314253,1,0.994483,0.0252014,0.0155521,-0.100631,0.0470424,0.0360126,-0.200845,-0.178183,0.0382126,0.0623771,0.397817,-0.318685,-0.667643
0.999689,0.0211476,-0.0100883,0.00850742,0.999689,0.0211476,-0.0100883,0.00850742,0.969745,-0.00213008,0.199449,-0.140747,0.763545,-0.0425037,-0.207465,-0.610041,0.741011,0.120707,0.323193,-0.576089,0.984612,0,0,0.174756,0.942347,0,0,0.334637,0.844356,-0.029242,-0.128988,-0.519201,0.832776,-0.02296,0.236445,-0.500051,0.981638,0,0,-0.190755,0.925546,0,0,-0.378635,0.658658,-0.0903617,0.023645,0.746623,0.706076,-0.0370372,-0.0228575,0.706798,0.058193,0.0428159,0.227659,-0.112324,0.111668,-0.258502,0.0530313,0.239601,0.198752,-0.0378252,0.296224,-0.221616,0.0307989,0.611179,0.134565,0.0174664,0.632251,-0.117317,-0.00400957,0.869885,0.0357609,0.0276739,1.02442,0.0471791,0.061324,1.20457,0.0688819,0.0682909,1.11446,0.278043,0.0795058,1.1972,-0.188007,0.107142,0.871974,0.348313,0.154353,1.04688,-0.365798,0.123996,1.41165,0.0928076,0.127225,-0.0597965,-0.218046,0.127225,-0.0597965,-0.218046,-0.0500712,0.213454,-0.212511,2.27854,-0.342353,0.690041,2.36012,2.51491,2.21224,0,0,-1.77532,0,0,1.765,0.669633,-0.640868,0.501874,-1.81804,0.679803,1.93831,0,0,0.13833,0,0,0.324861,-0.345697,-0.69995,-0.36954,-1.32549,-0.727921,0.440371,0.0403812,0.865444,0.0326495,1,0.994031,0.0273038,0.016419,-0.104344,0.0509145,0.0383494,-0.208199,-0.187883,0.0179872,0.0457457,0.127903,0.0450666,-0.224932
0.999631,0.0243755,-0.0108089,0.00516237,0.999631,0.0243755,-0.0108089,0.00516237,0.969597,-0.00383156,0.198254,-0.143396,0.770308,-0.00819247,-0.220786,-0.598174,0.745739,0.153003,0.364252,-0.536456,0.98985,0,0,0.142114,0.937861,0,0,0.347012,0.851487,-0.0201084,-0.137947,-0.505505,0.848013,-0.0548045,0.245212,-0.466628,0.98138,0,0,-0.192074,0.932188,0,0,-0.361973,0.661073,-0.0942372,0.0197914,0.744117,0.70981,-0.0572982,-0.0377617,0.701042,0.0561171,0.0429104,0.227742,-0.0728572,0.100135,-0.252586,0.0492664,0.239925,0.1992,-0.0159116,0.291635,-0.217923,0.0233374,0.611285,0.135719,0.0150867,0.634266,-0.11634,-0.0126999,0.869389,0.0367998,0.0223859,1.02312,0.0489804,0.0613447,1.20192,0.0728281,0.0685818,1.10771,0.277838,0.0855457,1.21076,-0.194826,0.0961947,0.860206,0.340445,0.168691,1.08881,-0.388369,0.131074,1.40632,0.0993015,0.193724,-0.0432502,-0.200718,0.193724,-0.0432502,-0.200718,-0.103143,-0.0718576,-0.161027,2.23937,-0.832516,0.872653,2.10651,2.65809,2.67043,0,0,-1.98366,0,0,0.789784,0.581602,-0.544985,0.949065,-2.00578,0.472131,2.28768,0,0,-0.080681,0,0,1.07626,-0.2571,-0.263024,-0.218578,-1.34529,-0.99003,-0.451076,0.0402673,0.865157,0.0336634,1,0.992922,0.0287846,0.0204582,-0.1134,0.0526045,0.0471727,-0.22619,-0.260709,-0.0148746,0.0311671,0.106504,0.247569,-0.541888
0.999492,0.0294642,-0.0121461,0.000253621,0.999492,0.0294642,-0.0121461,0.000253621,0.969477,-0.00896291,0.196725,-0.146059,0.777081,0.0161488,-0.235788,-0.583343,0.748658,0.171782,0.409932,-0.491893,0.994195,0,0,0.107595,0.937323,0,0,0.348463,0.863777,-0.00934058,-0.143317,-0.482973,0.864456,-0.0842213,0.252823,-0.426266,0.97938,0,0,-0.202027,0.940262,0,0,-0.340451,0.66151,-0.0949376,0.0176199,0.743694,0.715689,-0.0627308,-0.0323157,0.694845,0.0528935,0.0432103,0.228317,-0.0325154,0.0905628,-0.251423,0.0458007,0.240331,0.200302,0.00519237,0.287198,-0.216234,0.015697,0.610707,0.137494,0.0099167,0.63455,-0.115052,-0.0229113,0.866949,0.0378162,0.017693,1.01933,0.0495662,0.0650393,1.19587,0.0748587,0.0715211,1.09834,0.278247,0.0948984,1.2206,-0.201153,0.0841388,0.84737,0.336305,0.180764,1.12579,-0.40807,0.145447,1.39602,0.102751,0.305438,-0.0802791,-0.29456,0.305438,-0.0802791,-0.29456,-0.311061,-0.0921718,-0.161764,1.58104,-0.937335,1.06072,1.22068,2.96998,2.96191,0,0,-2.0876,0,0,0.0928553,0.682663,-0.299511,1.5567,-1.82904,0.387631,2.7103,0,0,-0.609104,0,0,1.37925,-0.0464016,-0.147554,-0.0374887,-0.352221,0.367426,-0.517194,0.0410335,0.862737,0.034086,1,0.991014,0.0260619,0.0262365,-0.128543,0.0450031,0.0587355,-0.256654,-0.306342,-0.0731902,0.0304918,-0.138189,0.391281,-0.901837
0.999383,0.0325117,-0.0129275,-0.00293629,0.999383,0.0325117,-0.0129275,-0.00293629,0.97045,-0.0117607,0.190661,-0.147433,0.780365,0.0279142,-0.252656,-0.571329,0.752299,0.181103,0.452428,-0.443348,0.997072,0,0,0.0764691,0.939791,0,0,0.341749,0.874231,0.0050254,-0.147748,-0.462456,0.876925,-0.110149,0.261475,-0.387944,0.975625,0,0,-0.219446,0.947666,0,0,-0.319264,0.658926,-0.0957453,0.0160095,0.745917,0.716532,-0.0573736,-0.0332759,0.694394,0.0504205,0.0435753,0.229408,0.00877871,0.0839508,-0.251433,0.0449443,0.240646,0.202128,0.0268062,0.283281,-0.215599,0.0115292,0.609357,0.139852,0.00569259,0.632855,-0.113938,-0.031727,0.86285,0.0384301,0.012651,1.01432,0.0478011,0.065786,1.18942,0.0714642,0.0736315,1.09255,0.277229,0.0989228,1.22532,-0.211166,0.0746663,0.841246,0.338424,0.186257,1.15441,-0.427571,0.153443,1.38673,0.0972607,0.182955,-0.0469194,-0.191434,0.182955,-0.0469194,-0.191434,-0.169361,-0.371424,-0.0803437,0.761345,-1.07469,0.824902,0.595078,2.74666,3.22419,0,0,-1.87557,0,0,-0.429166,0.902193,-0.24421,1.39789,-1.59944,0.471391,2.51682,0,0,-1.06916,0,0,1.34661,-0.0614629,-0.10814,0.202724,0.357076,-0.0630651,-0.0449302,0.0412515,0.85965,0.0325132,1,0.98952,0.0184936,0.0344672,-0.138994,0.0270943,0.0734189,-0.278111,-0.264472,-0.122986,0.0184178,-0.400673,0.566489,-0.608217
0.999312,0.0342782,-0.0136186,-0.0037707,0.999312,0.0342782,-0.0136186,-0.0037707,0.971571,-0.0138954,0.184746,-0.147396,0.781124,0.0302938,-0.275163,-0.559654,0.757984,0.180904,0.486104,-0.39552,0.998475,0,0,0.0552031,0.945512,0,0,0.325589,0.882532,0.0242034,-0.151353,-0.444572,0.888146,-0.132481,0.270687,-0.346949,0.970938,0,0,-0.239333,0.952288,0,0,-0.3052,0.654522,-0.0965326,0.0150768,0.749704,0.712054,-0.0604318,-0.0346421,0.698661,0.0484765,0.0433209,0.231817,0.0484008,0.0806845,-0.251031,0.0456434,0.240192,0.205249,0.0485624,0.280421,-0.214917,0.0100111,0.6069,0.143216,0.00289079,0.629346,-0.112702,-0.0388046,0.856871,0.0390845,0.0082094,1.00775,0.0438481,0.0650607,1.18224,0.0628018,0.0768906,1.09011,0.274997,0.0979976,1.22298,-0.225147,0.0715039,0.841841,0.348603,0.183508,1.16875,-0.448651,0.156992,1.37828,0.0827331,0.106057,-0.0414947,-0.0500803,0.106057,-0.0414947,-0.0500803,-0.129039,-0.362648,0.00564802,0.153686,-1.45388,0.766995,-0.0383746,2.13783,3.18828,0,0,-1.27876,0,0,-1.02861,1.19705,-0.19809,1.202,-1.36496,0.509592,2.65165,0,0,-1.22596,0,0,0.888288,-0.0649489,-0.0615477,0.34635,-0.20999,-0.0946845,0.363354,0.0414704,0.855473,0.0292573,1,0.98801,0.0050145,0.0463763,-0.147177,-0.00375864,0.0932515,-0.295927,-0.212327,-0.179374,0.019632,-0.716243,0.831727,-0.457362
0.999253,0.0351255,-0.0142172,-0.00758708,0.999253,0.0351255,-0.0142172,-0.00758708,0.971988,-0.0175312,0.181086,-0.148792,0.781254,0.0265119,-0.303106,-0.545038,0.759537,0.181316,0.511175,-0.359065,0.998829,0,0,0.0483858,0.951867,0,0,0.306513,0.888034,0.0487519,-0.150482,-0.43171,0.895253,-0.152041,0.286541,-0.305449,0.964897,0,0,-0.26263,0.955097,0,0,-0.296294,0.648129,-0.0944409,0.0121482,0.755554,0.711232,-0.06319,-0.0362165,0.699174,0.047743,0.0429297,0.234897,0.0862366,0.078739,-0.251158,0.0488737,0.239399,0.20927,0.0705352,0.277773,-0.214892,0.0123481,0.603779,0.148,0.00258579,0.623725,-0.111084,-0.0429308,0.849241,0.0403669,0.00536654,0.999763,0.038038,0.0655198,1.17382,0.048918,0.082533,1.09166,0.271105,0.0949975,1.2119,-0.244092,0.0749362,0.851001,0.366791,0.174284,1.16429,-0.473132,0.161857,1.36846,0.0585305,0.0508939,-0.0359414,-0.229044,0.0508939,-0.0359414,-0.229044,-0.220094,-0.223295,-0.0833057,-0.245151,-1.80977,0.948862,0.0200514,1.61925,2.39648,0,0,-0.409588,0,0,-1.20641,1.52754,0.072599,0.855609,-1.19583,0.94391,2.63468,0,0,-1.44409,0,0,0.560273,0.125908,-0.197126,0.529124,-0.184801,-0.105488,0.048891,0.0433548,0.849859,0.0242635,1,0.986815,-0.0159886,0.0579084,-0.150291,-0.0492779,0.109704,-0.304981,-0.123787,-0.228884,0.0384707,-1.15166,0.873446,-0.133218
0.99931,0.0328962,-0.014241,-0.00971948,0.99931,0.0328962,-0.014241,-0.00971948,0.972169,-0.0197437,0.179565,-0.149179,0.780865,0.0105529,-0.331295,-0.529511,0.756518,0.192705,0.526142,-0.337225,0.998643,0,0,0.0520863,0.959282,0,0,0.28245,0.888689,0.0738339,-0.149573,-0.427094,0.89732,-0.172207,0.304278,-0.2694,0.958742,0,0,-0.284277,0.957658,0,0,-0.287907,0.639547,-0.0949711,0.00879736,0.762813,0.71167,-0.0740298,-0.0318721,0.697876,0.0481918,0.0419093,0.238427,0.122826,0.0770373,-0.25291,0.0539018,0.237693,0.213505,0.0931728,0.274451,-0.215919,0.0183871,0.599775,0.152315,0.00562062,0.61645,-0.11022,-0.0429229,0.840794,0.0406934,0.00428887,0.991331,0.0303249,0.0642929,1.16579,0.0308084,0.0900379,1.09921,0.265054,0.086829,1.196,-0.267022,0.0896279,0.871999,0.38948,0.157956,1.14733,-0.500542,0.160666,1.36059,0.0271,-0.133828,-0.00141126,-0.127965,-0.133828,-0.00141126,-0.127965,-0.13393,-0.0927639,-0.022889,-1.03401,-1.82969,1.00111,0.75828,1.01673,1.40172,0,0,0.222313,0,0,-1.51082,1.56267,0.0588572,0.293975,-1.24626,1.08926,2.25388,0,0,-1.3503,0,0,0.526173,-0.0584524,-0.226483,0.674136,-0.720417,0.289423,-0.094248,0.0460877,0.843962,0.0172356,1,0.98593,-0.0389864,0.0686687,-0.147331,-0.0980209,0.124237,-0.302773,0.000237736,-0.253416,0.00979669,-1.25534,0.850495,0.236874
0.999427,0.0283121,-0.0150609,-0.0107877,0.999427,0.0283121,-0.0150609,-0.0107877,0.972238,-0.0198119,0.178825,-0.149605,0.782256,-0.0218065,-0.356963,-0.510076,0.748403,0.200482,0.538797,-0.330753,0.998569,0,0,0.0534729,0.964465,0,0,0.26421,0.884985,0.100691,-0.147996,-0.429837,0.896047,-0.192637,0.32442,-0.233973,0.951311,0,0,-0.308231,0.958084,0,0,-0.286487,0.628549,-0.0964424,0.00566719,0.771747,0.707108,-0.0830921,-0.0359585,0.701285,0.0497446,0.0411315,0.242988,0.160537,0.0759977,-0.252322,0.0614995,0.235835,0.218621,0.117992,0.270892,-0.216316,0.0289786,0.595196,0.156904,0.0125898,0.60767,-0.109579,-0.0389748,0.831273,0.0406661,0.004611,0.981967,0.0207681,0.0609772,1.15721,0.008171,0.0998068,1.11397,0.255378,0.0715412,1.17212,-0.293433,0.115664,0.908884,0.412811,0.130096,1.11455,-0.529827,0.153275,1.35295,-0.0119887,-0.275178,-0.0491697,-0.0640821,-0.275178,-0.0491697,-0.0640821,-0.00410246,-0.0450944,-0.0255824,-2.09638,-1.65149,1.27663,0.548747,0.93558,0.356934,0,0,0.0833094,0,0,-1.13776,1.68223,0.0862578,-0.205947,-1.27489,1.26067,2.19501,0,0,-1.50486,0,0,0.0889602,-0.129976,-0.212507,0.845772,-0.612615,-0.276064,0.309042,0.0496545,0.83748,0.00841291,1,0.984976,-0.0660685,0.0803758,-0.13783,-0.154439,0.140587,-0.288955,0.118444,-0.285636,-0.000820486,-1.4619,0.958255,0.637886
0.999636,0.0199404,-0.0153991,-0.00968522,0.999636,0.0199404,-0.0153991,-0.00968522,0.972323,-0.0185989,0.177085,-0.151272,0.781445,-0.059264,-0.385421,-0.487117,0.741277,0.210771,0.544907,-0.330394,0.998429,0,0,0.056025,0.969877,0,0,0.243594,0.878309,0.125957,-0.148314,-0.436706,0.891471,-0.215606,0.343112,-0.202653,0.942842,0,0,-0.333241,0.958323,0,0,-0.285686,0.615638,-0.100045,0.00417335,0.781642,0.700564,-0.0877077,-0.0464628,0.706654,0.0526247,0.0421988,0.24688,0.198047,0.0758699,-0.252041,0.0713857,0.235382,0.222829,0.143274,0.267403,-0.217498,0.0433466,0.591551,0.159661,0.0222322,0.598856,-0.110364,-0.0312889,0.822595,0.0386241,0.00688934,0.973167,0.00886962,0.0563948,1.14882,-0.0186193,0.111577,1.13674,0.238971,0.0527406,1.1429,-0.321938,0.150543,0.964445,0.428381,0.0981798,1.07026,-0.558547,0.140651,1.34522,-0.0579288,-0.502479,-0.0202322,0.0662016,-0.502479,-0.0202322,0.0662016,0.0734979,-0.105643,-0.100692,-2.4274,-1.85086,1.4776,0.712375,0.497417,-0.0349529,0,0,0.153361,0,0,-1.27886,1.59542,-0.0417146,-0.492972,-1.44952,1.19635,1.92692,0,0,-1.58432,0,0,0.0501848,-0.283764,-0.101187,0.962133,-0.322428,-0.707898,0.477217,0.0542568,0.831739,-0.00317946,1,0.983417,-0.0929638,0.0929865,-0.124907,-0.210298,0.160352,-0.269632,0.230578,-0.260337,-0.0612607,-1.42929,1.02662,0.830737
0.999802,0.00912589,-0.0158178,-0.00795904,0.999802,0.00912589,-0.0158178,-0.00795904,0.973432,-0.0160571,0.175019,-0.146769,0.78079,-0.100481,-0.41531,-0.455838,0.731715,0.215697,0.550555,-0.339055,0.998473,0,0,0.055244,0.972398,0,0,0.233329,0.868645,0.147251,-0.144665,-0.450383,0.888392,-0.230777,0.355775,-0.175856,0.93539,0,0,-0.353617,0.957632,0,0,-0.287994,0.600552,-0.100005,0.00956101,0.793249,0.692333,-0.117646,-0.0590484,0.70947,0.0559398,0.0505221,0.250079,0.234413,0.0830375,-0.251451,0.0816847,0.241632,0.225563,0.169504,0.271178,-0.218461,0.0596786,0.594896,0.160132,0.0347281,0.597044,-0.111501,-0.0208311,0.821309,0.0352252,0.0105226,0.971084,-0.00487406,0.0508526,1.1458,-0.0486789,0.125111,1.17283,0.213597,0.0295387,1.11328,-0.350001,0.192366,1.04522,0.428716,0.0596387,1.02051,-0.582681,0.123222,1.34184,-0.108836,-0.648981,-0.0250712,0.10361,-0.648981,-0.0250712,0.10361,0.154289,-0.129096,0.276031,-2.67216,-1.94312,2.01946,0.37565,0.503432,-0.650976,0,0,-0.0469377,0,0,-0.634205,1.36371,0.197252,-0.952304,-0.960227,0.812519,1.65677,0,0,-1.30182,0,0,-0.144553,-0.0399328,0.376394,1.14104,-2.02546,-0.853512,0.340053,0.0593316,0.83265,-0.0170887,1,0.980703,-0.120955,0.107774,-0.109434,-0.268626,0.185985,-0.247458,0.313732,-0.0385737,-0.101966,-1.46992,1.18399,0.966506
0.999847,-0.00322961,-0.0161873,-0.00585632,0.999847,-0.00322961,-0.0161873,-0.00585632,0.973499,-0.0160251,0.175797,-0.145392,0.775117,-0.145778,-0.447372,-0.421665,0.725048,0.223687,0.551361,-0.346799,0.998379,0,0,0.0569191,0.975869,0,0,0.218355,0.855735,0.166356,-0.142021,-0.468907,0.888303,-0.238692,0.359913,-0.156226,0.928457,0,0,-0.37144,0.95524,0,0,-0.295834,0.585432,-0.0961827,0.0187722,0.804777,0.679922,-0.166476,-0.0882739,0.708661,0.0599615,0.0677273,0.252528,0.269274,0.0979592,-0.248527,0.0933347,0.256178,0.226307,0.195865,0.282949,-0.218995,0.0792669,0.606444,0.157282,0.0500079,0.603658,-0.114173,-0.00691529,0.828758,0.0293779,0.0162957,0.976946,-0.0208985,0.0452792,1.14899,-0.0811885,0.139583,1.2207,0.17701,0.00525819,1.08799,-0.376417,0.236732,1.14833,0.405911,0.0204955,0.973013,-0.601474,0.103046,1.34184,-0.163514,-0.741376,-0.0221589,0.126177,-0.741376,-0.0221589,0.126177,0.00196478,0.0468301,0.0835467,-2.95557,-2.13917,2.157,0.565163,0.146044,-0.569638,0,0,0.100666,0,0,-0.922277,1.24744,0.124897,-1.29846,-0.493894,0.258639,1.22336,0,0,-1.14743,0,0,-0.491824,0.223948,0.648625,1.15141,-3.32713,-1.98765,0.176753,0.0656494,0.841336,-0.0337064,1,0.976125,-0.14844,0.128917,-0.0923357,-0.327626,0.226189,-0.226171,0.417475,0.223473,-0.175418,-1.40149,1.57869,1.00058
0.999751,-0.0159322,-0.015421,-0.00242307,0.999751,-0.0159322,-0.015421,-0.00242307,0.974393,-0.0156946,0.172373,-0.143522,0.764172,-0.196806,-0.477353,-0.386578,0.720072,0.228748,0.551025,-0.35432,0.998385,0,0,0.056815,0.978764,0,0,0.204992,0.83702,0.184347,-0.135324,-0.497092,0.886932,-0.241746,0.368082,-0.139375,0.924411,0,0,-0.381399,0.947846,0,0,-0.31873,0.568918,-0.0924186,0.0338175,0.816485,0.676442,-0.200021,-0.10179,0.701468,0.0648612,0.0808159,0.254347,0.299707,0.106549,-0.24165,0.105594,0.266056,0.22541,0.220506,0.290419,-0.219974,0.10185,0.613975,0.151406,0.0685195,0.606543,-0.119979,0.0118779,0.8329,0.0212294,0.0248111,0.97864,-0.0388824,0.0389698,1.14626,-0.114841,0.15084,1.26638,0.128486,-0.0197892,1.05527,-0.399022,0.275807,1.25632,0.355102,-0.0178409,0.917544,-0.612347,0.0774891,1.33375,-0.21827,-0.762224,0.0459521,0.206001,-0.762224,0.0459521,0.206001,0.0202906,-0.210385,0.115827,-3.36643,-2.07421,2.17581,0.363844,0.0473382,-0.542513,0,0,-0.00625407,0,0,-0.820356,1.21299,0.364726,-1.9889,-0.197662,0.520309,1.04633,0,0,-0.644991,0,0,-1.44368,0.218779,1.06897,1.213,-2.27773,-0.919696,-0.419819,0.0726494,0.845441,-0.0526117,1,0.969731,-0.177103,0.152226,-0.0712926,-0.389013,0.273378,-0.200951,0.563795,0.124254,-0.244457,-1.44421,1.76138,1.2115
0.999505,-0.0277233,-0.0147549,0.00167639,0.999505,-0.0277233,-0.0147549,0.00167639,0.974938,-0.0166423,0.174165,-0.137422,0.748989,-0.249318,-0.503593,-0.351069,0.71683,0.225257,0.554146,-0.35824,0.998208,0,0,0.0598399,0.980689,0,0,0.195576,0.81385,0.202821,-0.127665,-0.529352,0.889952,-0.227971,0.372751,-0.130657,0.923532,0,0,-0.383521,0.938176,0,0,-0.346159,0.554422,-0.0884942,0.0528961,0.825825,0.659034,-0.239551,-0.0281249,0.712389,0.0702606,0.0861659,0.255336,0.316109,0.102181,-0.237611,0.118009,0.267856,0.222461,0.240208,0.288034,-0.22407,0.126777,0.613812,0.141618,0.0889601,0.601767,-0.129048,0.0352169,0.830023,0.00968132,0.0373609,0.972291,-0.0593329,0.0355125,1.13366,-0.148817,0.160909,1.30023,0.0690367,-0.0421149,1.01376,-0.417113,0.30805,1.35215,0.275682,-0.0535271,0.854995,-0.615599,0.0520377,1.31339,-0.270622,-0.707664,0.0398983,0.245997,-0.707664,0.0398983,0.245997,-0.0571639,0.106504,0.370661,-3.51755,-1.89929,2.18444,-0.212863,0.252771,-0.289502,0,0,0.181803,0,0,-0.576694,1.28162,0.417855,-2.33199,0.87424,0.266544,0.552345,0,0,-0.137786,0,0,-1.74505,0.238405,1.36681,1.01317,-2.77756,4.95519,1.068,0.0811069,0.840612,-0.0740776,1,0.960502,-0.205507,0.180395,-0.051584,-0.452454,0.331369,-0.184246,0.70017,-0.0863221,-0.346442,-1.45072,2.05491,1.06771
0.999019,-0.0407966,-0.0157147,0.00710172,0.999019,-0.0407966,-0.0157147,0.00710172,0.974939,-0.0202484,0.178114,-0.131755,0.728967,-0.302336,-0.525346,-0.318139,0.713728,0.231537,0.557699,-0.3549,0.997853,0,0,0.0654895,0.9843,0,0,0.176505,0.784838,0.225668,-0.128479,-0.562669,0.903877,-0.189603,0.359543,-0.133365,0.925426,0,0,-0.378928,0.926483,0,0,-0.376336,0.544758,-0.0812185,0.0714412,0.831588,0.636764,-0.263673,-0.00211444,0.724571,0.0767053,0.0938363,0.255086,0.32821,0.101002,-0.238197,0.131082,0.271719,0.216804,0.257338,0.288169,-0.233122,0.154191,0.615499,0.126816,0.111885,0.600797,-0.142494,0.062099,0.829762,-0.00638706,0.0527177,0.967914,-0.082613,0.0327549,1.12145,-0.182858,0.168247,1.33015,-0.00143477,-0.0654203,0.975916,-0.432042,0.331121,1.43887,0.167843,-0.0915186,0.799833,-0.615128,0.0235893,1.2905,-0.320017,-0.784925,-0.0577541,0.325642,-0.784925,-0.0577541,0.325642,-0.218192,0.238946,0.342892,-3.62857,-1.68965,2.0005,0.43528,0.28011,0.193608,0,0,0.339646,0,0,-1.16457,1.61776,-0.14044,-2.51966,2.44789,-0.931897,-0.128304,0,0,0.298106,0,0,-1.94187,0.492116,1.33519,0.649922,-1.79811,1.76508,1.26683,0.0901832,0.837167,-0.0987689,1,0.946885,-0.230867,0.221097,-0.0350125,-0.51729,0.414291,-0.18501,0.806463,-0.00782684,-0.482051,-1.32464,2.77715,0.685796
0.998245,-0.0555315,-0.0164772,0.0122994,0.998245,-0.0555315,-0.0164772,0.0122994,0.975168,-0.0251582,0.180777,-0.125438,0.706168,-0.351402,-0.543698,-0.286768,0.713171,0.241618,0.562493,-0.341481,0.997153,0,0,0.0754097,0.987409,0,0,0.158188,0.755611,0.248697,-0.129428,-0.591988,0.920756,-0.14966,0.336078,-0.129855,0.929916,0,0,-0.367773,0.907644,0,0,-0.419741,0.54077,-0.0703314,0.0952516,0.832796,0.610368,-0.266415,-0.000185623,0.745972,0.0828195,0.0969417,0.253353,0.337335,0.0999004,-0.238987,0.143048,0.270828,0.208109,0.271485,0.286764,-0.245809,0.18134,0.611773,0.106428,0.13427,0.59677,-0.161789,0.0906681,0.824621,-0.0273465,0.0709244,0.95813,-0.109393,0.0333858,1.10237,-0.217814,0.175248,1.34579,-0.0821107,-0.0867076,0.93409,-0.443973,0.345412,1.50075,0.0359489,-0.128656,0.744597,-0.611154,-0.00188409,1.25781,-0.366595,-0.885243,-0.0460159,0.312155,-0.885243,-0.0460159,0.312155,-0.296956,0.160256,0.382804,-3.4469,-1.52893,1.90641,0.673579,0.326652,0.887109,0,0,0.596697,0,0,-1.11479,1.66696,-0.153341,-2.31779,2.53076,-1.57669,0.264738,0,0,0.721477,0,0,-2.8393,0.766337,1.70606,0.186382,-0.383992,0.132019,2.01563,0.100166,0.827775,-0.126911,1,0.928843,-0.253519,0.268831,-0.0266272,-0.588634,0.507396,-0.214185,0.857074,-0.154229,-0.628782,-1.32603,3.11665,0.07782
0.9969,-0.0744059,-0.0184387,0.0177431,0.9969,-0.0744059,-0.0184387,0.0177431,0.975208,-0.0297843,0.179572,-0.125843,0.684262,-0.389365,-0.560523,-0.256894,0.718728,0.260158,0.561731,-0.316553,0.995637,0,0,0.0933078,0.990284,0,0,0.139059,0.73494,0.269236,-0.13245,-0.608138,0.942702,-0.106618,0.289286,-0.12751,0.929668,0,0,-0.368397,0.887037,0,0,-0.461698,0.553378,-0.0654916,0.133547,0.819542,0.591198,-0.269398,-0.00160966,0.760202,0.08981,0.102474,0.250977,0.34431,0.0978083,-0.240548,0.158313,0.27144,0.196041,0.283631,0.284053,-0.260044,0.209922,0.605388,0.0785812,0.15429,0.590742,-0.18435,0.117243,0.8164,-0.0540875,0.0874749,0.944792,-0.14075,0.030994,1.07798,-0.254555,0.174518,1.34787,-0.174683,-0.11221,0.888403,-0.451294,0.34273,1.53616,-0.120274,-0.169508,0.688185,-0.601714,-0.0322539,1.21597,-0.411031,-1.13513,-0.118255,0.327289,-1.13513,-0.118255,0.327289,-0.279862,-0.0730151,-0.0243844,-2.75301,-1.44148,1.84509,1.19575,-0.13036,1.70234,0,0,1.07774,0,0,-1.16065,1.48204,-0.265769,-1.36907,2.7024,-3.01837,0.203703,0,0,-0.0403172,0,0,-2.80491,0.369894,2.67938,-1.25604,-0.353921,-0.0994988,1.40119,0.107726,0.814076,-0.158753,1,0.903018,-0.274026,0.3297,-0.0276825,-0.681665,0.619071,-0.287187,0.797254,-0.246612,-0.802231,-1.45664,3.82856,-0.695727
0.995031,-0.0956484,-0.0199117,0.0191855,0.995031,-0.0956484,-0.0199117,0.0191855,0.977708,-0.0333057,0.166487,-0.123527,0.664968,-0.416776,-0.577056,-0.2261,0.732435,0.27964,0.55556,-0.276937,0.992948,0,0,0.118555,0.992599,0,0,0.121437,0.730733,0.283656,-0.128698,-0.607458,0.962778,-0.057863,0.232387,-0.125329,0.917364,0,0,-0.398049,0.871288,0,0,-0.490772,0.610675,-0.0887913,0.165953,0.769189,0.574134,-0.265593,0.000172671,0.774487,0.107098,0.123537,0.256286,0.351061,0.0950846,-0.243094,0.188129,0.285485,0.183559,0.294739,0.279766,-0.273481,0.244424,0.604397,0.0430493,0.17214,0.584704,-0.207149,0.140365,0.809878,-0.0870729,0.0983722,0.930451,-0.179203,0.0205908,1.04795,-0.297116,0.154498,1.33626,-0.285983,-0.141707,0.834529,-0.453463,0.305305,1.54409,-0.306313,-0.210957,0.622864,-0.582712,-0.0735822,1.16196,-0.457352,-1.27946,-0.0892229,0.0873559,-1.27946,-0.0892229,0.0873559,-0.211355,-0.800149,0.14642,-2.05659,-1.40729,1.95467,1.19549,-0.602212,2.72443,0,0,1.52341,0,0,-1.06641,0.980794,0.233773,-0.0194088,3.00663,-3.57758,0.185714,0,0,-1.92625,0,0,-1.98402,-1.50426,2.02143,-4.85188,0.133916,0.124492,1.38096,0.111345,0.798277,-0.195259,1,0.865341,-0.304371,0.396969,-0.0309735,-0.83466,0.731749,-0.408079,0.693664,-0.195657,-0.989561,-2.21952,4.39137,-0.747468
0.993447,-0.109991,-0.0217241,0.0221884,0.993447,-0.109991,-0.0217241,0.0221884,0.98053,-0.0334062,0.147546,-0.125202,0.662803,-0.434147,-0.581614,-0.184213,0.743546,0.30424,0.545301,-0.239217,0.989267,0,0,0.146119,0.994842,0,0,0.10144,0.732642,0.298918,-0.119266,-0.599716,0.974902,-0.00972844,0.188627,-0.117857,0.906975,0,0,-0.421185,0.862333,0,0,-0.506341,0.703811,-0.144384,0.163446,0.676084,0.552178,-0.251061,0.0107379,0.794954,0.143694,0.155069,0.271047,0.357435,0.0911404,-0.245019,0.231684,0.309405,0.172056,0.304217,0.272801,-0.284938,0.279921,0.611099,0.00333884,0.188423,0.578872,-0.229875,0.161263,0.806614,-0.125806,0.105321,0.916161,-0.223694,0.00622645,1.01592,-0.341534,0.119082,1.30833,-0.399417,-0.167512,0.782744,-0.453823,0.239318,1.51427,-0.494253,-0.245359,0.560951,-0.560353,-0.116694,1.10468,-0.498167,-0.865505,-0.109611,0.18118,-0.865505,-0.109611,0.18118,-0.00415665,-1.15345,-0.0940762,-1.20212,-0.342534,2.82714,1.53896,-0.828704,2.55597,0,0,1.66861,0,0,-1.20736,0.993585,0.628639,0.540038,2.92687,-2.70557,0.483266,0,0,-1.52178,0,0,-1.07768,-3.48624,-0.584792,-8.14779,0.858206,0.749669,1.95587,0.113273,0.782186,-0.233302,1,0.818108,-0.34913,0.455617,-0.0349473,-1.05614,0.805366,-0.572467,0.626915,-0.0979224,-1.16199,-3.17624,4.18598,-0.299431
0.992066,-0.119863,-0.0254234,0.0281474,0.992066,-0.119863,-0.0254234,0.0281474,0.984389,-0.0267745,0.123706,-0.1223,0.67298,-0.446919,-0.573362,-0.136448,0.756191,0.325467,0.531844,-0.198464,0.984155,0,0,0.177308,0.996438,0,0,0.0843269,0.742607,0.302642,-0.0944136,-0.58994,0.982675,0.030478,0.156002,-0.0953088,0.911074,0,0,-0.412243,0.857174,0,0,-0.515027,0.781206,-0.232595,0.10667,0.569419,0.531232,-0.231842,0.0326438,0.814233,0.208788,0.190924,0.300674,0.362771,0.0850417,-0.246562,0.285496,0.334446,0.1662,0.310161,0.262553,-0.295457,0.310457,0.618559,-0.0376894,0.200424,0.570642,-0.252498,0.178627,0.800814,-0.16836,0.10864,0.895847,-0.27189,-0.00998777,0.97634,-0.385993,0.0731097,1.25712,-0.510285,-0.18841,0.728567,-0.451127,0.15179,1.43786,-0.672553,-0.27221,0.498464,-0.533852,-0.158295,1.04081,-0.532358,-0.596918,-0.223154,0.359101,-0.596918,-0.223154,0.359101,0.4026,-1.44944,0.184835,-0.744478,0.715494,3.27601,1.29321,-1.05088,2.74049,0,0,1.89639,0,0,-1.03125,0.170237,1.66366,0.792355,2.42795,-1.9987,1.37938,0,0,0.590255,0,0,-0.606148,-5.43734,-3.99437,-8.2163,1.21646,1.57484,1.88429,0.113477,0.760574,-0.270737,1,0.760374,-0.405386,0.505307,-0.0464574,-1.33322,0.819461,-0.780556,0.520929,-0.173996,-1.27663,-4.1876,3.90015,-0.189381
0.99122,-0.125371,-0.0281241,0.0312127,0.99122,-0.125371,-0.0281241,0.0312127,0.987716,-0.0209298,0.100437,-0.117861,0.682722,-0.456385,-0.563552,-0.0895138,0.769839,0.352831,0.510515,-0.149103,0.974854,0,0,0.222845,0.997836,0,0,0.0657509,0.754431,0.294652,-0.0615576,-0.583288,0.986629,0.0611277,0.134959,-0.0679162,0.9312,0,0,-0.364508,0.856418,0,0,-0.516283,0.83305,-0.314052,0.0477945,0.452895,0.513754,-0.203537,0.05897,0.831356,0.298357,0.223873,0.324466,0.365739,0.0760184,-0.248583,0.344077,0.356219,0.159228,0.312114,0.248854,-0.30515,0.332945,0.624722,-0.077807,0.20782,0.560061,-0.275357,0.190858,0.791794,-0.21281,0.108379,0.870705,-0.320419,-0.0250492,0.932616,-0.429433,0.0259,1.18805,-0.609986,-0.204489,0.678812,-0.452657,0.0572372,1.3242,-0.820827,-0.293688,0.444547,-0.517178,-0.191804,0.974925,-0.563746,-0.333494,-0.162952,0.184937,-0.333494,-0.162952,0.184937,0.353925,-1.41023,0.275653,-0.521584,0.80785,3.19284,1.672,-1.56551,3.27831,0,0,2.78884,0,0,-1.11773,-0.611682,2.17812,0.608301,1.84479,-1.28078,1.65855,0,0,3.10857,0,0,-0.0879453,-4.89536,-3.87335,-8.10288,1.91621,1.91628,1.67454,0.112665,0.734812,-0.307338,1,0.69908,-0.462452,0.541891,-0.0614707,-1.59185,0.776513,-0.966788,0.366925,-0.270618,-1.33348,-4.45394,3.32604,-0.0154935
0.990389,-0.131747,-0.0291036,0.0304286,0.990389,-0.131747,-0.0291036,0.0304286,0.991833,-0.00905303,0.0657123,-0.108937,0.692716,-0.474328,-0.541575,-0.0430644,0.779586,0.383774,0.486604,-0.0904437,0.964119,0,0,0.265469,0.998654,0,0,0.0518594,0.763121,0.285145,-0.0422599,-0.578405,0.987207,0.0890654,0.12436,-0.0449874,0.939493,0,0,-0.342569,0.862949,0,0,-0.505291,0.821726,-0.313354,0.111655,0.462718,0.498154,-0.176934,0.0811574,0.844956,0.371903,0.293631,0.330171,0.368615,0.078022,-0.251434,0.394663,0.408849,0.148897,0.313647,0.246545,-0.31381,0.350822,0.64832,-0.118369,0.212341,0.562474,-0.299567,0.196114,0.795204,-0.260435,0.10246,0.855865,-0.37052,-0.042693,0.896584,-0.474152,-0.0284477,1.11179,-0.70291,-0.216621,0.640197,-0.459506,-0.0438512,1.18475,-0.941697,-0.308672,0.403369,-0.50998,-0.222642,0.915388,-0.596684,-0.385896,-0.0594275,-0.0466749,-0.385896,-0.0594275,-0.0466749,0.716293,-2.09749,0.54672,-1.0829,1.62051,3.13633,1.92301,-1.67084,3.83854,0,0,2.63756,0,0,-0.83494,-0.683068,1.27207,0.443032,1.68273,-0.640197,1.38241,0,0,1.40731,0,0,0.767092,-0.0375634,4.08942,0.745625,1.83183,1.63995,1.3952,0.108215,0.720088,-0.34506,1,0.64017,-0.518993,0.561439,-0.0749313,-1.79299,0.695872,-1.08501,0.157702,0.102304,-1.42877,-4.37702,2.57344,0.514689
0.989659,-0.136955,-0.0292695,0.0309965,0.989659,-0.136955,-0.0292695,0.0309965,0.993941,0.00248997,0.0415976,-0.101707,0.702927,-0.499826,-0.505982,0.00699669,0.787065,0.400835,0.467576,-0.035117,0.954354,0,0,0.298676,0.998438,0,0,0.0558755,0.76171,0.288794,-0.0594026,-0.576947,0.983985,0.121072,0.127473,-0.0294384,0.938638,0,0,-0.344903,0.875161,0,0,-0.483832,0.786564,-0.24305,0.128293,0.552977,0.488652,-0.161983,0.0975475,0.851743,0.43919,0.387735,0.320662,0.370542,0.0791826,-0.255277,0.441757,0.48239,0.131236,0.314871,0.244556,-0.322366,0.36575,0.680999,-0.160721,0.213212,0.565604,-0.325875,0.19173,0.798575,-0.310199,0.0884674,0.839446,-0.420653,-0.0655288,0.857608,-0.517474,-0.0898027,1.02359,-0.777939,-0.226103,0.59887,-0.470714,-0.144257,1.0254,-1.01952,-0.316133,0.359382,-0.51096,-0.25431,0.851744,-0.62771,-0.315483,-0.0104143,0.0346431,-0.315483,-0.0104143,0.0346431,0.694366,-1.4526,0.439264,-1.57619,2.5195,3.35305,1.03418,-1.31771,3.59356,0,0,2.07688,0,0,0.241319,0.247997,-1.12039,0.0751998,1.93651,0.195894,0.935022,0,0,-0.149156,0,0,1.48147,4.28671,1.16855,6.2207,1.03658,1.21962,0.750564,0.0994732,0.705806,-0.382328,1,-0.589759,0.575252,-0.561129,0.0800159,-1.93349,0.606267,-1.12077,-0.13153,0.101125,-1.49291,-3.9071,1.78257,1.48428
0.989032,-0.142206,-0.0261006,0.0302122,0.989032,-0.142206,-0.0261006,0.0302122,0.995104,0.00976843,0.0238994,-0.0953985,0.709914,-0.521708,-0.468862,0.0633327,0.789905,0.4164,0.449817,0.0180665,0.948449,0,0,0.316931,0.99769,0,0,0.0679247,0.751324,0.290779,-0.106742,-0.582723,0.976847,0.150781,0.150244,-0.0214728,0.942165,0,0,-0.33515,0.892154,0,0,-0.451732,0.79889,-0.22187,0.124848,0.544942,0.489178,-0.151401,0.106781,0.85228,0.507889,0.528953,0.304103,0.369926,0.102858,-0.259938,0.488503,0.601592,0.105619,0.313395,0.266302,-0.330527,0.373109,0.750147,-0.204316,0.20779,0.59215,-0.353656,0.176665,0.824968,-0.361135,0.0671863,0.84446,-0.471284,-0.0910392,0.837211,-0.562299,-0.148558,0.948469,-0.839113,-0.231477,0.575483,-0.490747,-0.22679,0.882064,-1.06283,-0.31336,0.332457,-0.525586,-0.282654,0.802655,-0.662143,-0.317955,0.190461,-0.0468395,-0.317955,0.190461,-0.0468395,0.437363,-1.0646,0.381524,-1.36668,2.56225,3.74909,0.978106,-1.17878,3.43752,0,0,1.15118,0,0,0.724345,0.203893,-3.11721,-0.525929,1.81401,1.39539,0.477387,0,0,0.622259,0,0,2.17937,1.4349,-0.259437,-0.679598,0.774071,0.671446,0.0248284,0.0875937,0.715203,-0.420407,1,0.553365,-0.630127,0.539441,-0.0756972,-2.02058,0.525468,-1.08157,-0.451943,0.791804,-1.52809,-3.15921,0.871104,2.57624
0.988246,-0.148849,-0.0186903,0.0294105,0.988246,-0.148849,-0.0186903,0.0294105,0.996037,0.012448,0.0105433,-0.0874264,0.707164,-0.544107,-0.427128,0.146382,0.776136,0.466464,0.414703,0.0896968,0.956033,0,0,0.293259,0.998752,0,0,0.0499504,0.722121,0.294091,-0.203027,-0.59231,0.959547,0.176667,0.218365,-0.01937,0.954681,0,0,-0.297631,0.919262,0,0,-0.393645,0.828037,-0.258039,0.120867,0.482869,0.511398,-0.131758,0.119499,0.840733,0.588292,0.85099,0.249169,0.36666,0.225173,-0.270655,0.534016,0.891014,0.0448575,0.307332,0.387953,-0.343923,0.363585,0.954663,-0.274298,0.192855,0.718761,-0.394853,0.145524,0.950532,-0.433723,0.0327136,0.939228,-0.541413,-0.123771,0.894034,-0.623747,-0.216557,0.932907,-0.900779,-0.226286,0.627233,-0.535932,-0.304382,0.794825,-1.08723,-0.284074,0.377697,-0.574843,-0.309682,0.815814,-0.708974,-0.402399,0.445952,-0.0478117,-0.402399,0.445952,-0.0478117,0.160807,-0.802875,0.480745,-1.52963,2.74806,5.53902,3.388,-2.13083,4.65628,0,0,-1.49149,0,0,-1.08035,0.432237,-6.45786,-1.06168,1.62798,4.19657,0.12028,0,0,2.37326,0,0,3.84671,-2.15255,-0.338701,-4.32524,1.52452,0.843155,-1.43252,0.0688096,0.821028,-0.476362,1,0.520732,-0.701687,0.483935,-0.047747,-2.09875,0.452254,-0.944726,-0.934242,3.76691,-2.17764,-2.96211,0.596034,5.20321
0.988593,-0.146324,-0.0140674,0.0328011,0.988593,-0.146324,-0.0140674,0.0328011,0.996077,0.00702584,0.00366849,-0.088139,0.697714,-0.548052,-0.40448,0.221879,0.76136,0.483564,0.389693,0.186109,0.972193,0,0,0.234182,0.999727,0,0,0.0233706,0.714394,0.259642,-0.230662,-0.607472,0.931931,0.205509,0.298505,-0.0128356,0.965097,0,0,-0.261893,0.94746,0,0,-0.319875,0.81936,-0.23386,0.131401,0.506648,0.582626,-0.107363,0.13737,0.79382,0.627836,1.19369,0.135561,0.367692,0.334564,-0.289211,0.541277,1.18187,-0.0598162,0.304773,0.501874,-0.362534,0.334111,1.14199,-0.365447,0.181217,0.836494,-0.437951,0.114617,1.06019,-0.507774,0.00113596,1.01637,-0.606088,-0.148153,0.935491,-0.673156,-0.268351,0.913317,-0.933391,-0.215618,0.669638,-0.573495,-0.35643,0.730227,-1.08287,-0.261261,0.417891,-0.615829,-0.320638,0.816837,-0.737299,0.153132,0.278561,0.204009,0.153132,0.278561,0.204009,-0.325768,-0.413038,-0.0427448,-0.396879,1.41044,5.08552,1.28402,-1.48353,6.3261,0,0,-3.67537,0,0,-1.59591,-2.23142,-1.87651,-1.12426,1.87284,5.04663,0.390025,0,0,2.23362,0,0,4.73976,1.49302,0.697436,1.61651,1.99158,0.995347,-5.09044,0.0500256,0.915952,-0.532318,1,0.472945,-0.772983,0.42287,0.00104789,-2.21861,0.413272,-0.793422,-0.927197,3.28987,-2.22152,-3.00436,1.74215,6.04228
0.987362,-0.153667,-0.0150465,0.0357178,0.987362,-0.153667,-0.0150465,0.0357178,0.993873,0.00302649,-0.0103434,-0.110003,0.702083,-0.527179,-0.401771,0.260273,0.738878,0.500695,0.375158,0.250239,0.986338,0,0,0.164735,0.998243,0,0,0.0592513,0.721544,0.176303,-0.210116,-0.635723,0.919482,0.205384,0.335131,0.00756,0.971628,0,0,-0.236515,0.970347,0,0,-0.241718,0.833121,-0.136987,0.129937,0.519866,0.703371,-0.049362,0.126121,0.697801,0.614323,1.5208,-0.0387452,0.379721,0.434252,-0.325444,0.515075,1.4421,-0.21049,0.306649,0.608833,-0.396718,0.298185,1.29306,-0.476074,0.16969,0.943662,-0.489206,0.0869602,1.15101,-0.586119,-0.0253788,1.08019,-0.66839,-0.166729,0.972426,-0.70906,-0.308928,0.893482,-0.944521,-0.204407,0.720895,-0.57865,-0.397868,0.683596,-1.06077,-0.25112,0.468133,-0.609999,-0.322817,0.822543,-0.739292,-0.446087,-0.0593429,0.176554,-0.446087,-0.0593429,0.176554,-0.240142,-0.842272,-1.31843,1.45584,0.226704,2.53854,1.39695,-0.7401,4.3257,0,0,-4.25326,0,0,2.1548,-5.57051,1.40371,-1.76155,0.0466466,2.33744,1.25428,0,0,1.57235,0,0,4.88772,6.23341,-0.134923,0.6791,4.22608,-1.20521,-9.03408,0.0312415,0.999977,-0.588273,1,0.404933,-0.827887,0.387222,0.0262996,-2.37176,0.365208,-0.725645,-0.829714,2.72443,-2.35036,-4.07584,1.88471,3.77322
0.98755,-0.152998,-0.0156301,0.0330347,0.98755,-0.152998,-0.0156301,0.0330347,0.990565,0.0109925,-0.0552346,-0.124941,0.719428,-0.501275,-0.399589,0.267349,0.686265,0.572883,0.370365,0.252339,0.992659,0,0,0.120946,0.996812,0,0,0.0797809,0.738456,0.0385363,-0.146329,-0.657104,0.932582,0.148677,0.321799,0.0680484,0.961681,0,0,-0.274172,0.96581,0,0,-0.259251,0.842857,-0.116935,0.00693461,0.525233,0.76103,-0.0204834,0.0280199,0.647788,0.539633,1.79781,-0.260116,0.419368,0.55915,-0.350115,0.459314,1.6472,-0.388982,0.317186,0.719501,-0.431573,0.262717,1.40307,-0.58568,0.151658,1.0334,-0.541973,0.058988,1.22186,-0.65294,-0.0494309,1.13179,-0.720374,-0.182662,1.00897,-0.740922,-0.322119,0.886781,-0.960582,-0.20386,0.777537,-0.585339,-0.400437,0.660854,-1.05616,-0.240392,0.522248,-0.604205,-0.325407,0.844215,-0.748142,0.040859,-0.0351057,-0.161792,0.040859,-0.0351057,-0.161792,0.479673,-2.70266,-0.906401,1.95287,0.323578,0.353414,5.52506,0.183768,0.478458,0,0,-2.65483,0,0,1.23478,-9.14679,4.2898,-1.13682,-3.53815,-0.911628,3.71102,0,0,-2.33706,0,0,-1.08668,1.30091,-7.82173,0.224187,1.95706,-6.58785,-4.27782,0.0124574,1.0731,-0.644228,1,0.334879,-0.868627,0.364529,0.0214867,-2.51059,0.285331,-0.700979,-0.839166,2.12556,-2.0046,-4.551,0.773808,2.06977
0.989798,-0.135923,-0.0177396,0.0388716,0.989798,-0.135923,-0.0177396,0.0388716,0.989562,0.00700157,-0.0601164,-0.130785,0.751453,-0.482159,-0.370392,0.256224,0.690957,0.574875,0.352158,0.260925,0.995464,0,0,0.0951425,0.995286,0,0,0.0969803,0.75388,-0.092335,-0.0333647,-0.649636,0.933765,0.127585,0.315119,0.111827,0.929954,0,0,-0.367676,0.928411,0,0,-0.371555,0.835327,-0.192075,-0.10918,0.503403,0.761963,-0.0715899,0.0117634,0.643544,0.439235,1.97207,-0.516993,0.477883,0.742779,-0.349072,0.395624,1.77382,-0.583448,0.340351,0.853345,-0.457573,0.229816,1.47687,-0.694742,0.137166,1.11171,-0.597564,0.0310581,1.28009,-0.717804,-0.073672,1.1745,-0.766891,-0.201055,1.04344,-0.769615,-0.332827,0.895749,-0.976313,-0.206374,0.825606,-0.599031,-0.389608,0.658736,-1.06166,-0.232963,0.568929,-0.607418,-0.335557,0.87239,-0.757193,1.03493,-0.126289,0.349913,1.03493,-0.126289,0.349913,-0.240072,-0.295052,-0.354389,1.65526,2.23415,-0.943732,0.0631342,-1.2665,0.544757,0,0,-1.55736,0,0,1.03603,-8.58218,7.45119,0.740675,-1.29793,-0.417959,2.68459,0,0,-5.92679,0,0,-7.10617,-4.79359,-7.37522,-1.29634,-3.33503,-1.06163,-0.291775,-0.00632662,1.13533,-0.700184,1,0.260127,-0.903254,0.33921,0.0374435,-2.66541,0.24661,-0.658355,-0.837898,1.74692,-1.94592,-4.21543,1.91568,2.49711
0.991879,-0.11681,-0.0226469,0.0449237,0.991879,-0.11681,-0.0226469,0.0449237,0.988534,0.0101493,-0.0715705,-0.13257,0.780466,-0.453897,-0.357397,0.238993,0.683128,0.588553,0.352366,0.25056,0.995436,0,0,0.0954333,0.99174,0,0,0.128266,0.773296,-0.136596,0.00598669,-0.619128,0.936412,0.148559,0.310063,0.0701735,0.901474,0,0,-0.432834,0.912362,0,0,-0.409385,0.906244,-0.276832,-0.0448063,0.316351,0.757569,-0.0116102,0.0178526,0.652407,0.354181,2.05327,-0.750667,0.529303,0.947347,-0.345839,0.345231,1.83434,-0.769907,0.374584,1.00358,-0.470607,0.196199,1.52336,-0.807639,0.135509,1.19087,-0.646761,0.000440214,1.325,-0.786892,-0.0999541,1.2079,-0.815953,-0.22256,1.07262,-0.801077,-0.350035,0.906042,-0.997267,-0.215512,0.869941,-0.613254,-0.393411,0.663071,-1.07318,-0.234471,0.613433,-0.607455,-0.352096,0.899997,-0.771068,1.15558,-0.294495,0.362482,1.15558,-0.294495,0.362482,0.189735,-0.69113,-0.110247,2.17319,1.10445,-1.29823,1.03816,0.0862923,-0.643608,0,0,0.0175319,0,0,1.88926,-2.83265,2.57328,2.29109,1.27867,-0.327525,-2.55981,0,0,-4.26756,0,0,-2.46581,-4.94736,4.16021,-12.3822,3.91337,0.399341,0.648795,-0.0251107,1.18665,-0.756139,1,0.180187,-0.929748,0.317749,0.0462309,-2.82428,0.201842,-0.626225,-0.918536,1.34727,-2.07265,-4.52456,1.71092,2.02166
0.993391,-0.0949165,-0.0333363,0.0552558,0.993391,-0.0949165,-0.0333363,0.0552558,0.984264,0.0195569,-0.090114,-0.150736,0.79264,-0.466154,-0.35531,0.16786,0.678838,0.599804,0.354453,0.231899,0.985448,0,0,0.169977,0.989597,0,0,0.14387,0.810816,-0.111198,-0.0417548,-0.573123,0.937503,0.150717,0.313644,0.00046947,0.893611,0,0,-0.448843,0.921782,0,0,-0.387709,0.895226,-0.279534,-0.0430555,0.34435,0.756233,0.0234168,0.0141344,0.65373,0.322819,2.07161,-0.949551,0.564722,1.1562,-0.362878,0.312029,1.85253,-0.944783,0.402455,1.16525,-0.490213,0.158765,1.54531,-0.92538,0.132028,1.27276,-0.693019,-0.0333755,1.35584,-0.853837,-0.127644,1.2303,-0.862791,-0.246103,1.09357,-0.83205,-0.366099,0.916944,-1.02701,-0.227265,0.904439,-0.630248,-0.386193,0.671268,-1.09482,-0.236659,0.648816,-0.608471,-0.370967,0.920803,-0.789793,1.32009,-0.642092,0.61993,1.32009,-0.642092,0.61993,0.568309,-1.12466,-1.10716,-0.658575,0.23888,-4.65951,0.824799,0.180527,-1.22904,0,0,4.51366,0,0,0.945015,1.75003,-3.06536,3.50242,0.128817,0.212326,-4.27322,0,0,-1.07015,0,0,1.41811,-0.234189,0.0981641,1.8168,2.2906,-0.24261,0.107976,-0.0438947,1.22708,-0.812094,1,0.0994966,-0.95014,0.291327,0.0496238,-2.97883,0.152866,-0.582536,-1.01447,0.92514,-2.00836,-4.58964,1.38717,2.12593
0.99561,-0.0575277,-0.0408108,0.0615291,0.99561,-0.0575277,-0.0408108,0.0615291,0.982815,0.0161127,-0.0985277,-0.155267,0.797638,-0.49215,-0.319778,0.138939,0.67616,0.602329,0.369292,0.208883,0.983829,0,0,0.17911,0.99099,0,0,0.133934,0.842011,-0.063093,-0.0866429,-0.528707,0.91801,0.143101,0.35984,-0.0854162,0.90881,0,0,-0.417211,0.929475,0,0,-0.368886,0.891526,-0.265197,0.00622116,0.367168,0.74725,-0.0187764,0.0236287,0.663857,0.347541,2.04379,-1.1321,0.581807,1.36437,-0.414602,0.304534,1.8298,-1.11131,0.419532,1.32565,-0.535001,0.122519,1.54022,-1.03842,0.131051,1.34452,-0.745597,-0.0617002,1.37235,-0.915328,-0.153899,1.24509,-0.902964,-0.272463,1.11093,-0.86071,-0.394394,0.937494,-1.05013,-0.245819,0.922479,-0.654614,-0.399691,0.691039,-1.11629,-0.25369,0.667797,-0.620479,-0.399729,0.941836,-0.811983,2.25085,-0.447641,0.374485,2.25085,-0.447641,0.374485,-0.207268,-0.510383,-0.277864,-1.61887,2.33071,-1.88265,0.212796,1.02606,-1.53603,0,0,0.556536,0,0,-0.602008,3.12883,-2.81462,3.22824,-0.407554,2.97977,-5.29857,0,0,2.10576,0,0,1.22008,0.870159,3.06489,1.4487,-2.76387,0.626233,0.809751,-0.0626788,1.2566,-0.86805,1,0.0222701,-0.954071,0.284973,0.0896873,-3.15036,0.18488,-0.581325,-0.849739,0.495412,-1.84473,-3.71153,3.58877,0.901192
0.996364,-0.0334055,-0.0414447,0.0665294,0.996364,-0.0334055,-0.0414447,0.0665294,0.981684,0.0184943,-0.107196,-0.156409,0.809941,-0.484808,-0.291136,0.155551,0.668943,0.606711,0.372621,0.213475,0.987393,0,0,0.158291,0.995223,0,0,0.0976302,0.87945,-0.00251107,-0.165623,-0.44624,0.895887,0.150011,0.376041,-0.182967,0.929622,0,0,-0.368513,0.933494,0,0,-0.358594,0.876441,-0.252907,0.0332563,0.40839,0.742819,-0.059071,0.0491988,0.665064,0.399445,1.95227,-1.32461,0.571406,1.56109,-0.502701,0.306178,1.76138,-1.27483,0.418351,1.47708,-0.611183,0.0841064,1.51646,-1.1382,0.12488,1.40919,-0.806892,-0.0889519,1.38324,-0.967817,-0.177366,1.25551,-0.940327,-0.294695,1.12331,-0.888845,-0.419208,0.946003,-1.06597,-0.266988,0.938059,-0.680443,-0.422262,0.696026,-1.1218,-0.277617,0.684276,-0.634258,-0.423184,0.957095,-0.834002,1.44996,-0.0374671,0.299451,1.44996,-0.0374671,0.299451,0.144144,-0.525536,-0.0724703,0.613525,1.92919,1.02477,0.412058,0.296094,0.350721,0,0,-1.26736,0,0,-2.19309,3.84143,-4.86611,5.60126,0.497973,1.17907,-6.10579,0,0,3.17788,0,0,0.662936,0.681306,1.69447,2.70237,-2.65098,1.68355,0.152501,-0.0814629,1.27523,-0.924005,1,-0.0312118,-0.953277,0.275345,0.120311,-3.27064,0.213816,-0.576242,-0.817551,0.326593,-1.57465,-2.48667,2.66059,0.866859
0.996504,-0.0215025,-0.0373669,0.0715587,0.996504,-0.0215025,-0.0373669,0.0715587,0.981302,0.0165904,-0.10909,-0.157705,0.805559,-0.483038,-0.290447,0.182727,0.655597,0.607264,0.383436,0.233238,0.989612,0,0,0.143763,0.998072,0,0,0.062064,0.916713,0.0528667,-0.242422,-0.313168,0.878047,0.1637,0.348474,-0.284256,0.949879,0,0,-0.312619,0.934966,0,0,-0.354738,0.860557,-0.214644,0.0513535,0.459056,0.750654,-0.0388185,0.0458155,0.657961,0.435268,1.77805,-1.52196,0.53965,1.73006,-0.617363,0.296914,1.64097,-1.42734,0.400564,1.60867,-0.708931,0.0430962,1.47983,-1.21946,0.114144,1.46635,-0.873714,-0.113141,1.39298,-1.01272,-0.196321,1.26375,-0.977107,-0.310431,1.13112,-0.91984,-0.43941,0.947353,-1.08517,-0.285258,0.950497,-0.707742,-0.448,0.694278,-1.12744,-0.30244,0.699163,-0.648017,-0.436324,0.964804,-0.859686,0.715105,0.245073,0.301921,0.715105,0.245073,0.301921,-0.114807,-0.115226,-0.0795138,0.0637256,0.0142906,1.76126,0.255184,0.869048,1.42049,0,0,-0.881787,0,0,-2.14092,3.42013,-4.60608,8.57524,0.915177,-1.57745,-6.40879,0,0,3.56764,0,0,0.247637,2.31929,1.15108,3.33429,1.33892,-0.231325,-0.594913,-0.100247,1.28295,-0.97996,1,-0.0589445,-0.953447,0.259239,0.142332,-3.33463,0.243242,-0.554625,-0.725677,0.292179,-1.34701,-1.10611,1.74708,1.0832
0.99656,-0.0168086,-0.0306318,0.0751421,0.99656,-0.0168086,-0.0306318,0.0751421,0.982057,0.00646934,-0.0957928,-0.162313,0.79889,-0.482731,-0.291742,0.208885,0.641186,0.598551,0.411258,0.24796,0.991809,0,0,0.127729,0.99813,0,0,0.0611341,0.943211,0.0877852,-0.268388,-0.174972,0.851748,0.152851,0.327922,-0.378984,0.970251,0,0,-0.2421,0.938367,0,0,-0.34564,0.840005,-0.129013,0.0809997,0.520755,0.761038,-0.0197,0.0346868,0.647479,0.41547,1.52773,-1.69406,0.495781,1.86432,-0.750912,0.260806,1.47473,-1.55621,0.372521,1.71423,-0.822092,0.00333897,1.43045,-1.28948,0.103089,1.51048,-0.949688,-0.12949,1.396,-1.06277,-0.209456,1.26727,-1.01902,-0.320785,1.13639,-0.953037,-0.46003,0.946867,-1.10124,-0.295208,0.9646,-0.730851,-0.477924,0.691533,-1.12737,-0.32418,0.719724,-0.65189,-0.442671,0.971701,-0.881679,0.281983,0.404611,0.215175,0.281983,0.404611,0.215175,-0.611177,0.804331,-0.27572,-0.0562955,-0.12916,1.7127,-0.357628,2.05334,1.09841,0,0,-0.971044,0,0,-0.0558974,2.10603,-1.45212,8.62806,-0.588862,-1.09292,-6.14952,0,0,4.40512,0,0,0.582834,5.33078,1.90406,4.12662,1.25815,-0.738293,-0.852616,-0.119031,1.27977,-1.03592,1,-0.0793333,-0.948059,0.254467,0.173599,-3.39366,0.292962,-0.561838,-0.490479,0.0906749,-1.50151,-0.658495,2.16925,0.252791
0.997047,-0.0189923,-0.0275826,0.0691112,0.997047,-0.0189923,-0.0275826,0.0691112,0.9835,-0.00624189,-0.0723986,-0.165669,0.800998,-0.473363,-0.288097,0.226558,0.631185,0.570573,0.453051,0.266077,0.994103,0,0,0.108441,0.9945,0,0,0.104733,0.957665,0.0819889,-0.269955,-0.0572772,0.819485,0.122684,0.320845,-0.45875,0.982277,0,0,-0.187435,0.941582,0,0,-0.336783,0.777012,-0.0423708,0.0915194,0.621354,0.767756,-0.0499341,0.0312911,0.638026,0.326777,1.25059,-1.80069,0.440935,1.96142,-0.899545,0.192986,1.28532,-1.64503,0.335452,1.78935,-0.947759,-0.0334077,1.36647,-1.35343,0.0905807,1.53701,-1.03517,-0.139616,1.3891,-1.12295,-0.218847,1.264,-1.06844,-0.326345,1.13676,-0.989952,-0.473042,0.938605,-1.11671,-0.295948,0.983205,-0.749857,-0.494257,0.681763,-1.12591,-0.339478,0.751557,-0.644976,-0.440779,0.975123,-0.901651,-0.130987,0.183432,-0.362946,-0.130987,0.183432,-0.362946,-0.767086,1.41423,-0.197725,0.626653,0.249041,1.12647,-1.75635,2.98331,1.31246,0,0,-1.16545,0,0,2.62518,-0.379191,-0.0146041,7.21573,-1.81431,-0.209501,-5.37701,0,0,3.35878,0,0,0.565341,5.43212,0.802599,7.29953,-1.96574,-0.226831,-0.721885,-0.137815,1.2657,-1.09187,1,-0.108192,-0.937826,0.266798,0.193897,-3.46925,0.310939,-0.606134,-0.303756,-0.207097,-1.80536,-1.50918,1.64354,-0.653852
0.998056,-0.0235698,-0.0259623,0.0515301,0.998056,-0.0235698,-0.0259623,0.0515301,0.98279,-0.0140793,-0.062662,-0.173202,0.804076,-0.467867,-0.286294,0.229342,0.611874,0.552837,0.497454,0.269298,0.996354,0,0,0.0853137,0.984496,0,0,0.175404,0.959058,0.0478815,-0.276213,0.0402702,0.773531,0.111212,0.313501,-0.539444,0.980249,0,0,-0.197765,0.941232,0,0,-0.33776,0.714543,-0.0237136,0.0894253,0.693447,0.75757,-0.0929809,0.0538355,0.643851,0.204455,1.00544,-1.83833,0.376301,2.01702,-1.05993,0.101208,1.09804,-1.69003,0.293147,1.82938,-1.0869,-0.0724147,1.28427,-1.41172,0.0800176,1.54029,-1.13367,-0.145062,1.36694,-1.193,-0.226359,1.25075,-1.12344,-0.329698,1.13097,-1.02887,-0.480256,0.921745,-1.13073,-0.289578,1.00577,-0.769253,-0.499687,0.664131,-1.12303,-0.342662,0.792636,-0.638916,-0.434629,0.975258,-0.921005,-0.274443,0.0978363,-1.05695,-0.274443,0.0978363,-1.05695,-0.473049,0.586531,-0.456966,0.387567,0.1368,0.162416,-0.919548,3.31762,0.366525,0,0,-1.39423,0,0,4.28348,-2.0772,-0.372907,5.9357,-0.611666,-0.127151,-5.74428,0,0,-0.631635,0,0,-0.0622753,1.17403,0.00293902,5.7555,-2.82657,1.48161,0.539849,-0.156599,1.24072,-1.14783,1,-0.154593,-0.91949,0.300031,0.201544,-3.57707,0.281575,-0.69351,-0.163401,-0.664857,-2.10159,-2.99607,1.17134,-1.67437
0.998939,-0.0239735,-0.0239706,0.0311838,0.998939,-0.0239735,-0.0239706,0.0311838,0.980588,-0.0141931,-0.0691707,-0.182922,0.80633,-0.463243,-0.296642,0.217351,0.619164,0.532519,0.52081,0.248628,0.997536,0,0,0.07016,0.967687,0,0,0.252153,0.944779,0.00926415,-0.300341,0.130777,0.741526,0.126378,0.276211,-0.598227,0.965217,0,0,-0.261449,0.928985,0,0,-0.370116,0.683497,-0.0215603,0.056024,0.727481,0.744696,-0.110246,0.0745196,0.654004,0.0812716,0.81119,-1.82985,0.307035,2.02394,-1.24036,0.00177267,0.93576,-1.69426,0.250276,1.82577,-1.24367,-0.116451,1.19485,-1.45584,0.0697365,1.51723,-1.24278,-0.151556,1.33003,-1.26575,-0.23413,1.22585,-1.18022,-0.333354,1.1158,-1.07036,-0.48145,0.892794,-1.15033,-0.277935,1.02601,-0.793838,-0.496654,0.635525,-1.12707,-0.321594,0.830819,-0.642062,-0.429382,0.967985,-0.945232,-0.0238104,0.120007,-1.22212,-0.0238104,0.120007,-1.22212,-0.00750128,-0.395874,-0.594764,0.321727,-0.64913,-0.782006,-1.51533,1.50979,-1.48152,0,0,-0.911988,0,0,4.7153,-2.34644,-1.55691,5.5446,1.08504,-2.20591,-4.29073,0,0,-3.92672,0,0,-2.0759,0.125721,-2.17446,2.84769,-1.16375,1.37591,0.871924,-0.175383,1.20485,-1.20378,1,-0.216839,-0.898719,0.331005,0.189,-3.6944,0.197447,-0.761958,-0.194803,-1.1071,-2.18267,-4.23092,0.392775,-1.21477
0.999539,-0.0128101,-0.019916,0.0189803,0.999539,-0.0128101,-0.019916,0.0189803,0.978302,-0.0133174,-0.0772589,-0.19178,0.810704,-0.463357,-0.299603,0.195698,0.611814,0.523245,0.567257,0.173545,0.998259,0,0,0.0589771,0.943185,0,0,0.332267,0.93406,-0.0354651,-0.303947,0.184093,0.739027,0.124495,0.238541,-0.617606,0.952253,0,0,-0.30531,0.89693,0,0,-0.442174,0.636763,0.03611,0.0439804,0.768957,0.743661,-0.0888792,0.074218,0.658453,-0.0200134,0.656606,-1.7905,0.243959,1.96565,-1.45052,-0.0783823,0.803865,-1.67377,0.216168,1.76385,-1.42087,-0.15481,1.11019,-1.48778,0.0628827,1.46091,-1.35871,-0.162088,1.27932,-1.33552,-0.244407,1.18898,-1.23514,-0.342375,1.09101,-1.11323,-0.488758,0.860291,-1.17717,-0.271914,1.04149,-0.821185,-0.50077,0.603778,-1.14381,-0.295639,0.871193,-0.646976,-0.43569,0.953722,-0.975319,0.670195,0.243598,-0.732697,0.670195,0.243598,-0.732697,0.0522622,-0.492047,-0.543865,0.0402502,-0.159349,-1.41027,-0.531853,3.32228,-5.14526,0,0,-0.672384,0,0,5.02809,-2.74226,-0.28891,3.30061,-0.116075,-2.46272,-1.31313,0,0,-2.74447,0,0,-4.73318,3.92423,-0.754689,3.7572,1.40132,-0.0178999,0.309249,-0.194167,1.15807,-1.25974,1,-0.28119,-0.871948,0.355129,0.185802,-3.81954,0.124624,-0.817527,-0.315978,-1.52148,-2.09308,-4.15918,1.0963,-1.06212
0.999484,0.0273447,-0.0161922,0.00470433,0.999484,0.0273447,-0.0161922,0.00470433,0.978535,-0.0284372,-0.0561635,-0.196232,0.813577,-0.472746,-0.288742,0.176724,0.60207,0.485151,0.63152,0.0576384,0.997746,0,0,0.0671027,0.913793,0,0,0.406181,0.939824,-0.0725231,-0.283862,0.175763,0.753208,0.0971398,0.237016,-0.605859,0.956509,0,0,-0.291702,0.864675,0,0,-0.502331,0.628588,0.0905372,0.0633426,0.769849,0.740838,-0.0748201,0.0791057,0.6628,-0.0938894,0.522065,-1.74202,0.199485,1.84221,-1.67644,-0.133601,0.691094,-1.65033,0.190555,1.64929,-1.6062,-0.184781,1.03016,-1.51657,0.0525379,1.37725,-1.47328,-0.178299,1.22038,-1.39725,-0.257069,1.1458,-1.28219,-0.356642,1.05612,-1.15532,-0.501167,0.826331,-1.22086,-0.274828,1.04001,-0.851461,-0.508657,0.569806,-1.1873,-0.273244,0.902321,-0.658311,-0.452167,0.923979,-1.01434,2.40969,0.223448,-0.856683,2.40969,0.223448,-0.856683,-0.913672,1.27522,-0.26811,-0.570019,0.715626,-1.2281,-2.50253,4.62225,-8.00618,0,0,0.488509,0,0,4.77388,-2.26487,1.26674,-0.532428,-1.83513,-0.183913,0.986777,0,0,0.855468,0,0,-4.09634,3.74961,1.34094,0.235128,0.918662,0.326776,0.332269,-0.212951,1.1004,-1.31569,1,-0.354966,-0.83007,0.376817,0.207345,-3.98627,0.076782,-0.8868,-0.486334,-1.76795,-1.85182,-4.35493,2.80379,-1.5701
0.99734,0.0700451,-0.014698,-0.0138404,0.99734,0.0700451,-0.014698,-0.0138404,0.97923,-0.04179,-0.0228403,-0.197079,0.819932,-0.478442,-0.281613,0.139639,0.613003,0.41085,0.67313,-0.0482297,0.996189,0,0,0.0872221,0.878624,0,0,0.477515,0.949375,-0.0820436,-0.263063,0.150841,0.760156,0.0494208,0.245878,-0.599387,0.946486,0,0,-0.322745,0.864529,0,0,-0.502582,0.635073,0.0794171,0.0954159,0.762411,0.735167,-0.058863,0.064662,0.672223,-0.132536,0.417417,-1.71963,0.174943,1.65909,-1.90592,-0.169831,0.593247,-1.63974,0.166788,1.49187,-1.78773,-0.212037,0.941774,-1.54279,0.0337802,1.26907,-1.57952,-0.195625,1.14799,-1.45354,-0.27117,1.09325,-1.32628,-0.373971,1.01358,-1.19593,-0.517224,0.785737,-1.27021,-0.280745,1.03293,-0.889272,-0.520941,0.528683,-1.24395,-0.256207,0.934057,-0.685122,-0.474575,0.887878,-1.05282,2.56547,0.0890359,-1.11347,2.56547,0.0890359,-1.11347,-0.806355,2.01415,-0.0484229,-0.293788,0.498196,-2.39526,-5.29028,2.68284,-7.34163,0,0,1.2108,0,0,4.7732,-0.566581,1.32614,-1.55615,-3.13314,0.538252,0.526272,0,0,-1.95731,0,0,-0.0174147,-0.778671,2.18768,-0.648068,1.04143,-0.941049,0.715366,-0.231735,1.03182,-1.37165,1,-0.428681,-0.775795,0.405785,0.222967,-4.1502,-0.00195075,-0.962768,-0.51977,-2.17178,-1.68877,-4.84206,2.50691,-2.08877
0.996229,0.0843333,-0.0112419,-0.0169986,0.996229,0.0843333,-0.0112419,-0.0169986,0.981758,-0.0379248,-0.021569,-0.18506,0.832333,-0.462643,-0.292356,0.0878115,0.642653,0.359151,0.667876,-0.109313,0.995439,0,0,0.0953977,0.859302,0,0,0.511468,0.95882,-0.0666153,-0.251249,0.114461,0.77786,-0.0162145,0.217846,-0.589249,0.926555,0,0,-0.376159,0.887975,0,0,-0.459893,0.518648,0.0846857,0.0800553,0.847009,0.729927,-0.0417554,0.0408315,0.681026,-0.15423,0.339267,-1.75178,0.154534,1.40079,-2.11932,-0.191278,0.503635,-1.66917,0.135625,1.27951,-1.95587,-0.236587,0.845785,-1.5797,0.00350646,1.13428,-1.6762,-0.215286,1.06275,-1.50808,-0.287057,1.02836,-1.37204,-0.389856,0.967496,-1.23218,-0.540361,0.737174,-1.29751,-0.274205,1.02749,-0.938153,-0.550204,0.480414,-1.27187,-0.224079,0.96379,-0.730205,-0.495217,0.861926,-1.07602,0.859933,0.207297,-0.190039,0.859933,0.207297,-0.190039,0.235475,0.0779183,0.735716,1.14198,-0.602441,-3.33606,-3.87229,-0.913509,-4.13562,0,0,0.492596,0,0,2.34411,0.954701,0.770314,-2.24288,-4.27966,-1.92458,0.915945,0,0,-3.42115,0,0,2.92253,0.649583,-0.780586,8.68424,1.1224,-1.56576,0.670099,-0.250519,0.952348,-1.4276,1,-0.485227,-0.727443,0.428373,0.227766,-4.27135,-0.084443,-1.01086,-0.589827,-2.55719,-1.63612,-4.06519,1.66764,-1.59724
0.996515,0.0825298,-0.00133792,-0.0120646,0.996515,0.0825298,-0.00133792,-0.0120646,0.985849,-0.0358578,-0.0266599,-0.161571,0.838381,-0.445106,-0.307279,0.0676506,0.674094,0.302029,0.656885,-0.151254,0.995353,0,0,0.096296,0.846933,0,0,0.531699,0.973984,-0.0774674,-0.194543,0.0866473,0.813058,-0.105094,0.170599,-0.546614,0.932766,0,0,-0.360483,0.922058,0,0,-0.387051,0.475113,0.12358,0.110009,0.86423,0.723948,-0.0323304,0.0168056,0.688891,-0.174954,0.245026,-1.77509,0.112353,1.07381,-2.28716,-0.208022,0.411389,-1.7021,0.0811208,1.02027,-2.09293,-0.258252,0.758762,-1.62697,-0.0427698,0.984859,-1.76233,-0.239469,0.976694,-1.56621,-0.302692,0.955199,-1.42341,-0.398602,0.911645,-1.27258,-0.569042,0.686241,-1.31565,-0.24383,0.995476,-1.00531,-0.597677,0.431988,-1.28094,-0.161174,0.957351,-0.805015,-0.5018,0.829052,-1.10067,-0.108823,0.594996,0.29648,-0.108823,0.594996,0.29648,0.127755,-0.305116,1.43137,1.17702,-0.906409,-1.29153,-4.16064,-1.30833,-2.73861,0,0,0.0541467,0,0,1.42277,-0.636076,3.5105,-1.71909,-5.6785,-3.20803,3.22331,0,0,1.01171,0,0,4.82659,2.96994,2.30768,2.43365,0.617749,-1.58466,0.623761,-0.269303,0.861972,-1.48356,1,-0.509199,-0.688074,0.443687,0.265353,-4.36345,-0.0867938,-1.08465,-0.7255,-2.58174,-1.74403,-1.43656,2.3503,-2.4485
0.993834,0.108212,-0.000922544,-0.0241628,0.993834,0.108212,-0.000922544,-0.0241628,0.988555,-0.0485093,-0.0200071,-0.141438,0.826479,-0.462003,-0.308885,0.089862,0.693142,0.240643,0.646628,-0.208609,0.995425,0,0,0.0955413,0.836882,0,0,0.547383,0.982973,-0.0820542,-0.143994,0.0793484,0.832983,-0.171178,0.12342,-0.511474,0.925812,0,0,-0.377984,0.962199,0,0,-0.272348,0.491557,0.167584,0.136152,0.843653,0.728381,0.0466586,-0.0264552,0.68307,-0.193466,0.150772,-1.79141,0.0456473,0.719527,-2.37886,-0.224126,0.32133,-1.7229,0.00998379,0.750938,-2.18016,-0.276158,0.669311,-1.66701,-0.0922797,0.836913,-1.83485,-0.256111,0.887318,-1.62605,-0.311382,0.877515,-1.47918,-0.405806,0.840342,-1.32631,-0.588963,0.6248,-1.36298,-0.230466,0.922567,-1.07639,-0.632026,0.3743,-1.31744,-0.122296,0.892878,-0.890136,-0.511988,0.764858,-1.15228,1.54854,0.024902,-0.728035,1.54854,0.024902,-0.728035,-0.760039,0.402158,1.22144,-1.19869,-0.186469,1.43407,-4.26463,-1.01669,-3.76721,0,0,-0.0454899,0,0,1.1177,-0.262607,3.08586,-0.456288,-4.15313,-3.07855,2.48682,0,0,-1.12992,0,0,7.29595,3.13895,1.84554,-1.95604,5.22485,-2.86146,-0.4621,-0.288088,0.760697,-1.53951,1,-0.539832,-0.640113,0.459362,0.29635,-4.46675,-0.116827,-1.15372,-0.499262,-2.68127,-1.79496,-2.15597,2.38168,-2.38501
0.992375,0.119535,-0.0055234,-0.0295528,0.992375,0.119535,-0.0055234,-0.0295528,0.989074,-0.0410901,-0.0179369,-0.140438,0.816863,-0.461161,-0.343098,0.04847,0.721968,0.238172,0.602072,-0.24402,0.992174,0,0,0.124866,0.83326,0,0,0.552881,0.986129,-0.063939,-0.14146,0.0587377,0.828257,-0.212774,0.0995169,-0.508737,0.922755,0,0,-0.385387,0.982618,0,0,-0.185637,0.491969,0.186951,0.138347,0.838973,0.718483,0.101382,-0.0402381,0.686939,-0.214445,0.0883744,-1.82114,-0.0217701,0.500727,-2.41261,-0.243579,0.261444,-1.7575,-0.0549095,0.58706,-2.23086,-0.295772,0.610114,-1.71519,-0.134277,0.75023,-1.89913,-0.273311,0.832995,-1.68835,-0.322427,0.836989,-1.53929,-0.413415,0.811402,-1.38233,-0.608705,0.598152,-1.41592,-0.221344,0.895579,-1.15053,-0.666394,0.351228,-1.3718,-0.0926183,0.859672,-0.980211,-0.5186,0.746994,-1.20319,0.684281,-0.276782,-0.324935,0.684281,-0.276782,-0.324935,0.447289,0.124875,0.0616889,-0.0493307,-2.25704,-2.62712,-0.342347,-3.43226,-2.19164,0,0,1.77032,0,0,0.395028,1.09721,0.161918,-1.24746,-2.6679,-1.50894,0.118657,0,0,-0.480561,0,0,5.34674,1.4078,0.158013,-0.351818,3.64274,-0.921162,0.428222,-0.306872,0.705107,-1.59547,1,0.579541,0.60203,-0.464422,-0.293264,-4.55271,-0.186271,-1.15535,-0.515989,-1.62969,-1.86924,-2.93515,1.48997,-0.438173
0.992135,0.120228,-0.00902492,-0.0336343,0.992135,0.120228,-0.00902492,-0.0336343,0.990335,-0.0333125,-0.0190361,-0.133287,0.771114,-0.501707,-0.390436,-0.0351004,0.75079,0.276312,0.535254,-0.271051,0.991619,0,0,0.129195,0.846617,0,0,0.532203,0.9887,-0.054462,-0.13508,0.0354812,0.820865,-0.240377,0.0826629,-0.511435,0.918473,0,0,-0.395484,0.991575,0,0,-0.129534,0.494721,0.213264,0.13555,0.831502,0.71097,0.100756,-0.015126,0.695803,-0.210328,0.0916444,-1.82306,-0.0610054,0.389904,-2.39666,-0.237452,0.267391,-1.76389,-0.0916158,0.511212,-2.23645,-0.290676,0.615643,-1.7355,-0.149158,0.731272,-1.9301,-0.26807,0.842349,-1.72404,-0.310994,0.861906,-1.57433,-0.395556,0.852216,-1.41212,-0.608612,0.644065,-1.43642,-0.184469,0.933907,-1.2022,-0.688063,0.401941,-1.40125,-0.0336279,0.88076,-1.05124,-0.495712,0.805864,-1.22439,0.0423034,-0.21067,-0.245677,0.0423034,-0.21067,-0.245677,0.469205,-0.0657078,0.434037,-3.13927,-3.4525,-5.38287,2.3277,-4.81424,-1.59534,0,0,0.261894,0,0,-1.47707,0.574089,0.391624,-1.40372,-1.79914,-1.05927,-0.259433,0,0,-0.658093,0,0,3.40923,1.89708,-0.215549,-0.616836,-0.0222235,1.66333,0.721799,-0.300794,0.71887,-1.62265,1,0.616679,0.561928,-0.471929,-0.285005,-4.63257,-0.264837,-1.15242,0.157237,0.280602,-1.0706,-3.09975,1.18173,-0.448169
0.991383,0.124351,-0.0127908,-0.0391602,0.991383,0.124351,-0.0127908,-0.0391602,0.991204,-0.0362095,-0.0134664,-0.126575,0.742792,-0.521453,-0.400343,-0.126773,0.764905,0.320954,0.465288,-0.308896,0.991404,0,0,0.130838,0.873383,0,0,0.487035,0.991971,-0.0310376,-0.120908,0.020284,0.824599,-0.237542,0.0713844,-0.508444,0.914838,0,0,-0.403822,0.995453,0,0,-0.0952513,0.503114,0.237363,0.124301,0.821636,0.704574,0.0852673,-0.0136201,0.704357,-0.206728,0.0933774,-1.82082,-0.097631,0.309751,-2.37279,-0.23306,0.271838,-1.76567,-0.124151,0.453361,-2.23234,-0.289548,0.618942,-1.74955,-0.163962,0.712052,-1.95266,-0.265771,0.846643,-1.75287,-0.299775,0.87941,-1.6033,-0.376155,0.883002,-1.43698,-0.601991,0.683294,-1.45918,-0.147383,0.954062,-1.25089,-0.695163,0.444007,-1.44484,0.0279831,0.880122,-1.12751,-0.468364,0.85228,-1.24191,0.249891,-0.22674,-0.333019,0.249891,-0.22674,-0.333019,-0.173744,0.335496,0.406199,-1.6476,-0.923274,-6.05095,2.81449,-4.74703,-2.37324,0,0,0.099419,0,0,-3.15053,1.41283,0.861523,-0.916621,0.201624,-0.726432,0.235082,0,0,-0.545753,0,0,2.07019,1.68937,-0.851072,-0.935881,-1.01663,0.0979662,0.685203,-0.293984,0.727816,-1.64494,1,0.648944,0.518994,-0.475154,-0.289388,-4.72266,-0.321843,-1.15755,0.0689638,0.128843,-0.86489,-2.60874,1.67703,-0.935324
0.991099,0.124472,-0.0174063,-0.0438828,0.991099,0.124472,-0.0174063,-0.0438828,0.992359,-0.0358524,-0.00724554,-0.117838,0.773589,-0.457428,-0.39378,-0.193021,0.765182,0.350994,0.408287,-0.352989,0.991319,0,0,0.131475,0.896652,0,0,0.442735,0.99512,0.00122205,-0.0986027,0.00341862,0.835582,-0.219059,0.0769851,-0.497884,0.915264,0,0,-0.402855,0.996411,0,0,-0.0846449,0.510505,0.250052,0.115328,0.81459,0.700108,0.077343,-0.0238117,0.709436,-0.204664,0.0945268,-1.81751,-0.130521,0.252083,-2.34949,-0.231041,0.275358,-1.76718,-0.15115,0.409548,-2.22433,-0.291914,0.622197,-1.76052,-0.177635,0.694117,-1.96874,-0.266448,0.849298,-1.77605,-0.288217,0.894593,-1.6275,-0.352093,0.912952,-1.45698,-0.589214,0.728,-1.47693,-0.104,0.97118,-1.30291,-0.696211,0.494357,-1.48673,0.0913251,0.879649,-1.21537,-0.432088,0.900503,-1.25438,0.00799641,-0.277827,-0.284423,0.00799641,-0.277827,-0.284423,0.0223178,0.37452,0.528528,4.55509,0.729431,-4.20902,1.95602,-3.71888,-2.8722,0,0,0.0385575,0,0,-3.00266,1.9407,1.34813,-1.01485,1.23416,0.33769,0.799492,0,0,0.0634195,0,0,0.638976,0.861338,-0.676852,-0.699536,-0.519681,-0.682619,0.420784,-0.285335,0.737853,-1.66367,1,0.677058,0.470968,-0.476821,-0.304012,-4.82154,-0.36753,-1.17426,-0.0202991,0.0796501,-0.695274,-2.35877,2.02703,-1.5032
0.990984,0.124787,-0.0185725,-0.0451082,0.990984,0.124787,-0.0185725,-0.0451082,0.993007,-0.0344259,0.000402906,-0.112926,0.779644,-0.411623,-0.393081,-0.26117,0.770204,0.355687,0.358653,-0.38941,0.99184,0,0,0.127489,0.916902,0,0,0.399112,0.997043,0.0340799,-0.0666384,-0.0174096,0.844709,-0.205863,0.102211,-0.483364,0.920548,0,0,-0.390631,0.996561,0,0,-0.0828621,0.521181,0.251218,0.101992,0.809233,0.70061,0.0634965,-0.0262666,0.710228,-0.20366,0.0942043,-1.81347,-0.154897,0.20752,-2.32721,-0.231015,0.277539,-1.76972,-0.171971,0.374142,-2.21404,-0.297276,0.62552,-1.7711,-0.190634,0.677387,-1.98005,-0.270536,0.850802,-1.79546,-0.280366,0.907744,-1.64969,-0.332571,0.941892,-1.47765,-0.582531,0.77703,-1.49433,-0.0720838,0.985728,-1.35489,-0.709008,0.554944,-1.52406,0.132894,0.877674,-1.30053,-0.401408,0.949273,-1.27062,0.0192803,-0.0702281,-0.0738502,0.0192803,-0.0702281,-0.0738502,0.0862592,0.460074,0.296964,3.03677,0.10295,-4.3903,0.262474,-3.27938,-2.32656,0,0,-0.241217,0,0,-2.8859,1.97337,1.92356,-1.25106,0.881186,1.58105,1.02313,0,0,0.799041,0,0,0.107344,0.000752851,-0.997051,-0.655685,-0.926104,-0.163702,0.0436266,-0.280251,0.748384,-1.68126,1,0.696962,0.420873,-0.483063,-0.322118,-4.9092,-0.413931,-1.20699,-0.12265,0.0451091,-0.582385,-2.19452,1.74221,-1.98307
0.991118,0.123444,-0.0206479,-0.0449571,0.991118,0.123444,-0.0206479,-0.0449571,0.993542,-0.0358672,0.0136788,-0.106778,0.766652,-0.381129,-0.395917,-0.332017,0.78653,0.334473,0.312462,-0.414566,0.991449,0,0,0.130498,0.939099,0,0,0.343648,0.996991,0.0575807,-0.0420897,-0.0303545,0.855353,-0.181042,0.112581,-0.472145,0.924896,0,0,-0.380221,0.997367,0,0,-0.0725188,0.536192,0.264661,0.0914768,0.796294,0.712167,0.0512003,-0.0176901,0.699917,-0.20344,0.0948944,-1.80979,-0.172978,0.171153,-2.30597,-0.231806,0.281045,-1.77232,-0.190171,0.346227,-2.20465,-0.303756,0.629471,-1.78202,-0.205747,0.665113,-1.99167,-0.277679,0.852392,-1.81492,-0.276708,0.918291,-1.67262,-0.317184,0.965438,-1.50045,-0.578024,0.821252,-1.51382,-0.0508463,0.993468,-1.4092,-0.723001,0.614081,-1.56086,0.158072,0.86954,-1.38935,-0.373304,0.990305,-1.29082,-0.0811984,-0.124839,0.00921996,-0.0811984,-0.124839,0.00921996,-0.086291,0.798269,0.370892,1.85708,-0.308596,-4.698,-1.51205,-3.12847,-1.47348,0,0,0.182035,0,0,-3.58498,1.4115,1.47433,-0.777495,1.61509,0.629449,0.82416,0,0,0.676868,0,0,0.622487,0.84449,-0.798066,-1.29705,-0.836771,0.578272,-0.897321,-0.27815,0.75758,-1.70001,1,0.714558,0.379792,-0.482884,-0.334647,-4.98828,-0.451043,-1.21954,-0.214288,0.0476925,-0.583903,-1.79631,1.62841,-1.37051
0.99192,0.115565,-0.0262049,-0.045299,0.99192,0.115565,-0.0262049,-0.045299,0.993252,-0.0321674,0.0148106,-0.110435,0.751299,-0.333282,-0.416263,-0.38884,0.811565,0.295902,0.268668,-0.426171,0.989939,0,0,0.141492,0.963332,0,0,0.268312,0.994582,0.085968,-0.0481326,-0.0331503,0.866608,-0.148576,0.0983351,-0.466097,0.923533,0,0,-0.383518,0.997091,0,0,-0.0762231,0.547819,0.253455,0.10596,0.790207,0.723835,0.0469839,-0.0579151,0.685931,-0.207155,0.0956337,-1.80809,-0.200709,0.141703,-2.29099,-0.237906,0.282618,-1.77436,-0.211468,0.32372,-2.19964,-0.312035,0.629713,-1.79249,-0.220511,0.654285,-2.00507,-0.284757,0.851642,-1.83666,-0.274231,0.924752,-1.69815,-0.300703,0.982391,-1.52628,-0.570674,0.858737,-1.53026,-0.0339988,0.99399,-1.46952,-0.735837,0.670355,-1.58669,0.172424,0.854455,-1.48949,-0.339775,1.01975,-1.3147,-0.476005,-0.333987,-0.0198437,-0.476005,-0.333987,-0.0198437,0.222279,0.068142,-0.220557,2.99165,-1.48248,-3.84871,-2.66993,-2.99158,-0.497759,0,0,0.665848,0,0,-4.7495,1.7091,-0.365265,-0.169518,2.08521,-0.923376,0.499184,0,0,-0.214058,0,0,-0.222879,-0.889635,0.997193,-0.712933,-0.294423,-2.65827,-1.13424,-0.276903,0.763238,-1.72086,1,0.736064,0.351199,-0.471437,-0.335583,-5.06724,-0.476085,-1.19008,-0.212348,-0.0225038,-0.652197,-1.45933,1.7097,-0.175936
0.992555,0.105433,-0.03099,-0.0525141,0.992555,0.105433,-0.03099,-0.0525141,0.99307,-0.0289255,0.0188512,-0.112338,0.738942,-0.273197,-0.449208,-0.421356,0.834415,0.238903,0.237893,-0.435986,0.987731,0,0,0.156167,0.98023,0,0,0.19786,0.989006,0.126465,-0.0588354,-0.0491102,0.863686,-0.151105,0.113441,-0.467275,0.92189,0,0,-0.387451,0.994971,0,0,-0.100168,0.553033,0.237014,0.10621,0.791643,0.686658,0.00713316,-0.0891914,0.721453,-0.212401,0.094949,-1.80667,-0.230469,0.124281,-2.2838,-0.24556,0.28197,-1.77551,-0.233318,0.305848,-2.19826,-0.320895,0.627744,-1.8003,-0.231592,0.642493,-2.0159,-0.29045,0.849897,-1.85569,-0.271382,0.931868,-1.72304,-0.283265,1.00012,-1.55329,-0.560768,0.899436,-1.5436,-0.0217807,0.994311,-1.52939,-0.747129,0.732648,-1.59938,0.17083,0.839059,-1.5883,-0.303802,1.04958,-1.34161,-0.610888,-0.287491,-0.433403,-0.610888,-0.287491,-0.433403,0.194845,0.243048,-0.114872,3.85331,-2.29683,-2.26015,-3.77894,-2.09804,-0.397911,0,0,0.890419,0,0,-4.34795,2.44844,-0.649929,-0.964838,-0.168714,0.956321,-0.104566,0,0,-0.255729,0,0,-1.44236,-1.2057,0.00117736,-0.0218455,-2.63191,-2.15653,3.04409,-0.275464,0.769377,-1.74101,1,0.757563,0.316218,-0.466634,-0.329175,-5.14647,-0.522245,-1.15788,-0.17079,-0.0523527,-0.570884,-2.08308,1.38999,-0.172453
0.993344,0.0953209,-0.0357545,-0.0538736,0.993344,0.0953209,-0.0357545,-0.0538736,0.992973,-0.0220917,0.0239707,-0.113763,0.721059,-0.248929,-0.466801,-0.447442,0.844639,0.151711,0.22504,-0.461439,0.986029,0,0,0.166571,0.988013,0,0,0.154371,0.978938,0.177609,-0.0730938,-0.0692285,0.853421,-0.179347,0.152358,-0.465075,0.924317,0,0,-0.381625,0.994116,0,0,-0.108319,0.559961,0.214715,0.0919944,0.794908,0.662012,0.00782751,-0.0774757,0.745437,-0.218773,0.0924213,-1.80557,-0.244564,0.109537,-2.27811,-0.254834,0.279645,-1.77827,-0.245937,0.291443,-2.19804,-0.330726,0.625803,-1.80873,-0.239119,0.6336,-2.02711,-0.294662,0.848804,-1.8724,-0.267948,0.938974,-1.74637,-0.266928,1.01929,-1.58137,-0.549541,0.941299,-1.55547,-0.016763,0.99874,-1.58814,-0.752445,0.79241,-1.60127,0.151145,0.829366,-1.68203,-0.27196,1.08373,-1.3728,-0.609766,-0.286012,-0.0809222,-0.609766,-0.286012,-0.0809222,0.410934,0.307933,-0.0859176,1.4855,-1.36873,-1.91914,-5.57633,-0.869376,-1.50962,0,0,0.632563,0,0,-2.651,3.11612,-0.873562,-1.22567,-1.81738,2.48249,0.0309769,0,0,0.378679,0,0,-0.491728,-1.62581,-1.02719,0.0672778,0.0517669,0.736291,2.09907,-0.273794,0.776834,-1.76089,1,0.774299,0.282734,-0.463669,-0.324859,-5.21901,-0.563726,-1.13221,-0.126367,-0.032779,-0.501225,-1.90225,1.18304,-0.354608
0.994372,0.0847949,-0.0377967,-0.0510453,0.994372,0.0847949,-0.0377967,-0.0510453,0.99347,-0.0152021,0.0266981,-0.109881,0.699853,-0.243813,-0.480153,-0.469269,0.836755,0.108986,0.198803,-0.498437,0.984242,0,0,0.176828,0.990439,0,0,0.137949,0.971136,0.207365,-0.0783376,-0.0880779,0.848327,-0.189397,0.180855,-0.460176,0.93029,0,0,-0.366826,0.99326,0,0,-0.11591,0.57349,0.207547,0.0821915,0.788211,0.649399,0.0205661,-0.0609445,0.757723,-0.222679,0.0911244,-1.80476,-0.24828,0.101876,-2.27793,-0.260282,0.279788,-1.78338,-0.249849,0.284209,-2.20131,-0.33705,0.627518,-1.82002,-0.243318,0.630073,-2.03877,-0.298481,0.851026,-1.88875,-0.26592,0.947668,-1.76882,-0.2542,1.03894,-1.60982,-0.539693,0.980763,-1.56775,-0.0179058,1.00792,-1.64101,-0.755068,0.847253,-1.59918,0.11892,0.82467,-1.75812,-0.246312,1.11875,-1.40659,-0.634714,-0.122025,0.171133,-0.634714,-0.122025,0.171133,0.414502,0.163757,0.2346,0.206342,-1.14646,-1.70228,-2.68547,-1.62539,-2.43225,0,0,0.624665,0,0,-0.99603,1.83103,-0.329329,-1.15299,-0.65616,1.81944,0.256146,0,0,0.95755,0,0,-0.458333,-0.589729,-0.726028,-0.788339,0.871067,1.10052,1.09176,-0.272253,0.786771,-1.78083,1,0.785851,0.256643,-0.461912,-0.321263,-5.27503,-0.595699,-1.11164,-0.11457,0.066655,-0.490441,-1.47408,0.850715,-0.303862
0.995316,0.0723365,-0.0401184,-0.0500396,0.995316,0.0723365,-0.0401184,-0.0500396,0.993624,-0.0138924,0.0316469,-0.107312,0.685995,-0.234985,-0.492576,-0.481209,0.820548,0.107223,0.160034,-0.538138,0.980263,0,0,0.197698,0.990852,0,0,0.13495,0.966711,0.215092,-0.0792727,-0.113668,0.847467,-0.171292,0.188483,-0.465761,0.939207,0,0,-0.343352,0.99283,0,0,-0.119535,0.589042,0.214164,0.0860098,0.774445,0.646065,0.0317647,-0.0599109,0.760265,-0.223708,0.0922728,-1.80372,-0.24831,0.101258,-2.27945,-0.261419,0.282943,-1.78969,-0.250512,0.28458,-2.20584,-0.338962,0.633425,-1.83175,-0.246574,0.633001,-2.04917,-0.301643,0.858667,-1.90341,-0.26436,0.961508,-1.78997,-0.242019,1.06246,-1.63789,-0.527233,1.0212,-1.57837,-0.0199004,1.0234,-1.69064,-0.750145,0.899355,-1.59028,0.0840979,0.828595,-1.8222,-0.219386,1.15575,-1.44156,-0.750281,-0.138801,0.0614012,-0.750281,-0.138801,0.0614012,0.0787932,0.297478,0.154792,0.504992,-1.00834,-0.971991,-0.0718254,-2.40172,-2.72203,0,0,1.27477,0,0,-0.181641,0.487669,-0.0638489,-1.56069,1.14147,0.48596,-0.362205,0,0,1.50666,0,0,-0.219024,0.368371,0.22957,-1.3183,0.766296,0.0650156,0.242307,-0.26942,0.801242,-1.79978,1,0.798832,0.234005,-0.457788,-0.312313,-5.33269,-0.625159,-1.07497,-0.0948456,0.229239,-0.43973,-1.43606,0.852819,0.108327
0.996063,0.0582451,-0.0444727,-0.0498895,0.996063,0.0582451,-0.0444727,-0.0498895,0.993765,-0.0136202,0.0364279,-0.10449,0.6768,-0.226034,-0.502268,-0.488444,0.802763,0.109563,0.122691,-0.573162,0.97411,0,0,0.226073,0.990001,0,0,0.141061,0.961289,0.219104,-0.0936256,-0.138386,0.847536,-0.153402,0.179712,-0.475241,0.948521,0,0,-0.316714,0.993049,0,0,-0.117703,0.603648,0.217067,0.0912952,0.761679,0.653535,0.0341762,-0.0577816,0.753913,-0.224048,0.0929271,-1.80318,-0.247706,0.102318,-2.27834,-0.26161,0.285213,-1.79662,-0.251112,0.287678,-2.20831,-0.33877,0.638916,-1.84314,-0.249122,0.639331,-2.05879,-0.303136,0.867903,-1.91667,-0.262403,0.975911,-1.80917,-0.22979,1.08445,-1.66413,-0.511643,1.05575,-1.58564,-0.0228056,1.04043,-1.73745,-0.736909,0.941688,-1.57475,0.0490787,0.838057,-1.8783,-0.191829,1.18839,-1.4756,-0.847682,-0.261,0.00977043,-0.847682,-0.261,0.00977043,0.0164042,0.287372,0.169996,0.546617,-0.773109,-0.604613,0.19508,-2.33394,-2.47571,0,0,1.74213,0,0,0.370153,0.267851,-0.881309,-1.5152,1.13174,-0.555016,-0.598902,0,0,1.69321,0,0,0.110656,0.111981,0.331039,-1.21064,0.157672,0.15709,-0.586706,-0.265617,0.815556,-1.817,1,0.815203,0.220261,-0.444787,-0.298486,-5.39449,-0.63564,-1.0127,-0.0447785,0.277089,-0.397825,-1.02489,1.13643,0.774633
0.996906,0.0439828,-0.0454108,-0.0467196,0.996906,0.0439828,-0.0454108,-0.0467196,0.994168,-0.00621226,0.0330429,-0.102464,0.664527,-0.220411,-0.509193,-0.500545,0.787195,0.105304,0.0880651,-0.601232,0.966899,0,0,0.255161,0.988375,0,0,0.152034,0.952067,0.228427,-0.113315,-0.168964,0.843177,-0.143507,0.172393,-0.488609,0.958407,0,0,-0.285405,0.993712,0,0,-0.111966,0.61791,0.217128,0.0913205,0.750136,0.664248,0.0319936,-0.0479478,0.745286,-0.223947,0.0928945,-1.80247,-0.247104,0.103481,-2.27532,-0.261363,0.286448,-1.80387,-0.252156,0.291074,-2.209,-0.337545,0.643779,-1.85412,-0.250824,0.646208,-2.06725,-0.302998,0.877636,-1.92863,-0.260055,0.9916,-1.82817,-0.218815,1.10945,-1.6927,-0.494789,1.09007,-1.59472,-0.0283521,1.06241,-1.78374,-0.71794,0.980867,-1.55982,0.0140045,0.851594,-1.9234,-0.168394,1.22641,-1.51496,-0.857603,-0.0555935,0.191231,-0.857603,-0.0555935,0.191231,0.445455,-0.203793,0.122603,0.30709,-0.633508,-0.979813,-0.234846,-2.19332,-2.027,0,0,1.7982,0,0,0.665598,0.610334,-1.21849,-1.89099,0.611601,-0.445866,-0.893908,0,0,1.97008,0,0,0.346529,-0.0832322,-0.0350328,-1.1038,-0.157784,0.683114,-0.802317,-0.261777,0.831172,-1.83431,1,0.832389,0.206367,-0.430809,-0.280972,-5.4606,-0.645045,-0.940568,0.00413363,0.291987,-0.358839,-1.12398,1.15989,0.978541
0.997673,0.0338537,-0.0433518,-0.040285,0.997673,0.0338537,-0.0433518,-0.040285,0.994251,0.00375878,0.0295217,-0.102853,0.649137,-0.226643,-0.506809,-0.519998,0.769388,0.0972131,0.058852,-0.628592,0.95907,0,0,0.28317,0.985808,0,0,0.167877,0.938637,0.244007,-0.131304,-0.205381,0.837271,-0.138302,0.173997,-0.499575,0.968127,0,0,-0.25046,0.993431,0,0,-0.114431,0.63269,0.212233,0.0899328,0.739306,0.669884,0.0297297,-0.0441801,0.740553,-0.224586,0.0922063,-1.80089,-0.248656,0.103821,-2.26944,-0.261795,0.286657,-1.81052,-0.25321,0.293033,-2.20642,-0.336395,0.647753,-1.86371,-0.251153,0.651141,-2.07268,-0.302189,0.886357,-1.93872,-0.257859,1.00692,-1.84675,-0.211199,1.1356,-1.72327,-0.480486,1.12281,-1.6084,-0.036727,1.08739,-1.82811,-0.697113,1.0146,-1.551,-0.0176822,0.86845,-1.95891,-0.153145,1.26763,-1.55891,-0.608897,0.124335,0.387096,-0.608897,0.124335,0.387096,0.599422,-0.211734,-0.0231941,-0.516485,-0.049158,-1.53431,-0.481331,-1.86348,-2.03904,0,0,1.74504,0,0,0.962972,1.01855,-1.1338,-2.27825,0.311092,0.125115,-0.762099,0,0,2.17639,0,0,-0.148817,-0.425296,-0.132821,-1.05199,-0.1579,0.261997,-0.432387,-0.259076,0.846582,-1.85128,1,0.848817,0.187476,-0.418424,-0.263218,-5.53445,-0.658127,-0.868133,0.024249,0.26163,-0.302687,-1.39724,1.14202,0.828859
0.998246,0.0278382,-0.0413185,-0.0319869,0.998246,0.0278382,-0.0413185,-0.0319869,0.99391,0.00955859,0.0322401,-0.104943,0.634587,-0.231712,-0.500049,-0.541812,0.752217,0.0975535,0.0287589,-0.65102,0.951101,0,0,0.30888,0.983384,0,0,0.181538,0.921684,0.264986,-0.157013,-0.235858,0.835894,-0.146838,0.179941,-0.497333,0.975322,0,0,-0.220788,0.989742,0,0,-0.142869,0.645592,0.207891,0.0868257,0.729694,0.66796,-0.00261037,-0.0552683,0.742138,-0.225418,0.0912627,-1.79918,-0.258146,0.10383,-2.25761,-0.261984,0.286345,-1.81567,-0.255747,0.293758,-2.19745,-0.334474,0.65037,-1.87122,-0.248885,0.654414,-2.07526,-0.300838,0.893305,-1.94822,-0.255621,1.01985,-1.86502,-0.206045,1.15862,-1.7541,-0.467062,1.14739,-1.62359,-0.0462707,1.1112,-1.87084,-0.673298,1.03588,-1.54647,-0.0437388,0.885312,-1.98939,-0.142932,1.30482,-1.60433,-0.361531,0.122562,0.498639,-0.361531,0.122562,0.498639,0.348723,0.163642,-0.126346,-0.437998,0.261537,-1.70322,0.0632181,-1.94649,-1.73369,0,0,1.61502,0,0,0.832512,1.38024,-1.63121,-1.95162,-0.54649,0.383004,0.126612,0,0,1.83199,0,0,-1.72068,-0.371682,-0.244012,-0.91831,-2.18693,-0.752609,0.145276,-0.256848,0.859483,-1.86719,1,0.86734,0.169553,-0.398121,-0.245914,-5.61874,-0.652559,-0.784983,0.0405375,0.20843,-0.285106,-1.23526,1.58781,0.952432
0.998679,0.0226047,-0.0387504,-0.0250586,0.998679,0.0226047,-0.0387504,-0.0250586,0.993418,0.0165932,0.0369938,-0.107126,0.626608,-0.22692,-0.488076,-0.563605,0.734497,0.119218,-0.00701606,-0.668021,0.944583,0,0,0.328273,0.981304,0,0,0.192462,0.904559,0.277349,-0.181342,-0.268264,0.830327,-0.174385,0.203006,-0.488811,0.980547,0,0,-0.196285,0.982166,0,0,-0.188015,0.654316,0.209969,0.0933941,0.720459,0.655344,-0.0563963,-0.0642191,0.75048,-0.224415,0.0915758,-1.79676,-0.270983,0.106505,-2.24159,-0.260051,0.286977,-1.81888,-0.257254,0.296067,-2.18503,-0.329943,0.653309,-1.87618,-0.243107,0.657948,-2.07696,-0.29853,0.900037,-1.9566,-0.253478,1.03272,-1.88335,-0.202605,1.18115,-1.7863,-0.452681,1.16814,-1.64087,-0.0557112,1.134,-1.91444,-0.645535,1.04958,-1.54685,-0.0638375,0.901629,-2.01812,-0.136404,1.34084,-1.65261,-0.314387,0.154517,0.416159,-0.314387,0.154517,0.416159,0.4231,0.286166,-0.132306,0.27847,0.713192,-1.61909,1.47176,-2.34655,-1.4085,0,0,1.2276,0,0,0.667171,0.863741,-1.5658,-2.09544,-1.77199,1.49093,0.47876,0,0,1.5033,0,0,-2.74685,0.0920319,0.426299,-0.801382,-3.65883,-0.627484,0.819039,-0.254017,0.872058,-1.88288,1,0.887058,0.149173,-0.374513,-0.224979,-5.71263,-0.640141,-0.690587,0.0692437,0.20195,-0.251264,-1.41333,1.78783,1.13409
0.998992,0.0182551,-0.0359036,-0.01984,0.998992,0.0182551,-0.0359036,-0.01984,0.992644,0.0217707,0.0460191,-0.109847,0.62636,-0.223565,-0.465659,-0.583826,0.713976,0.141341,-0.0335893,-0.684932,0.942569,0,0,0.33401,0.975524,0,0,0.219894,0.888305,0.279214,-0.200697,-0.304425,0.816368,-0.210115,0.239057,-0.48192,0.984291,0,0,-0.176555,0.974718,0,0,-0.223439,0.659714,0.217158,0.113157,0.710504,0.660912,-0.0798937,-0.0681607,0.743079,-0.221904,0.0928228,-1.79369,-0.280881,0.106735,-2.22017,-0.256572,0.288284,-1.82028,-0.256701,0.298085,-2.17173,-0.322818,0.656562,-1.87893,-0.236735,0.661247,-2.0801,-0.294707,0.906216,-1.96403,-0.250756,1.04487,-1.90198,-0.200035,1.20218,-1.81991,-0.436155,1.18563,-1.6587,-0.0656637,1.15462,-1.96011,-0.612524,1.05666,-1.54872,-0.0784862,0.91703,-2.04639,-0.132053,1.37426,-1.70377,-0.261205,0.171108,0.313376,-0.261205,0.171108,0.313376,0.311673,0.543423,-0.165341,0.22928,1.53902,-1.39517,1.53246,-1.76989,-1.47149,0,0,0.364811,0,0,1.68217,0.214458,-1.27071,-2.34915,-2.34189,2.37176,0.282525,0,0,1.20495,0,0,-2.17206,0.457489,1.32815,-0.780892,-1.58604,-0.257826,-0.614939,-0.25026,0.883598,-1.89871,1,0.90653,0.125145,-0.349168,-0.201555,-5.81378,-0.621943,-0.590951,0.114696,0.185367,-0.223124,-1.63797,1.90188,1.19692
0.999227,0.0161829,-0.0324857,-0.0151064,0.999227,0.0161829,-0.0324857,-0.0151064,0.991223,0.0252792,0.0583534,-0.115902,0.628308,-0.225482,-0.433591,-0.605298,0.696172,0.163898,-0.0537839,-0.696843,0.943933,0,0,0.330137,0.967759,0,0,0.251878,0.873613,0.275241,-0.21235,-0.340516,0.797994,-0.2431,0.278515,-0.475959,0.987017,0,0,-0.160613,0.970141,0,0,-0.242541,0.66244,0.230524,0.140524,0.698774,0.668548,-0.0705206,-0.100424,0.733475,-0.218365,0.0947757,-1.79044,-0.284451,0.104033,-2.19375,-0.252177,0.290142,-1.82064,-0.254673,0.298029,-2.159,-0.314124,0.660007,-1.88076,-0.231829,0.663116,-2.08448,-0.289445,0.911231,-1.97122,-0.246831,1.0549,-1.92065,-0.197497,1.21954,-1.85342,-0.417704,1.19925,-1.67725,-0.0744599,1.17007,-2.00426,-0.575559,1.05822,-1.55397,-0.0865698,0.928532,-2.07179,-0.128948,1.40169,-1.75456,-0.124453,0.205296,0.284184,-0.124453,0.205296,0.284184,0.211747,0.74355,-0.367492,-0.119714,2.22988,-1.44459,1.57455,-1.36698,-1.11175,0,0,-0.24641,0,0,1.97482,-0.158462,-0.795276,-2.36025,-2.21496,2.64426,0.175682,0,0,0.9704,0,0,-1.17855,0.890536,1.84762,-0.847603,0.650479,-2.16879,-0.80186,-0.245534,0.892757,-1.91436,1,0.923638,0.0985809,-0.323465,-0.1804,-5.91358,-0.596756,-0.500635,0.157866,0.150468,-0.215662,-1.70628,1.91952,0.994359
0.999413,0.0156811,-0.028515,-0.0106911,0.999413,0.0156811,-0.028515,-0.0106911,0.989633,0.0238913,0.0711867,-0.122424,0.628983,-0.23042,-0.39721,-0.627305,0.681745,0.189721,-0.0744901,-0.702625,0.946684,0,0,0.322163,0.958378,0,0,0.285501,0.859054,0.277677,-0.233247,-0.361271,0.785998,-0.260764,0.292724,-0.47804,0.988653,0,0,-0.15022,0.970749,0,0,-0.240096,0.666447,0.23605,0.15691,0.689571,0.662359,-0.0892885,-0.0777428,0.739773,-0.21603,0.0967337,-1.78896,-0.279236,0.101424,-2.18034,-0.248378,0.292079,-1.82264,-0.250944,0.296521,-2.1531,-0.305294,0.662819,-1.88623,-0.228745,0.664491,-2.09274,-0.282843,0.915083,-1.98239,-0.241954,1.06188,-1.93999,-0.19509,1.23116,-1.88332,-0.39811,1.20387,-1.69412,-0.0825873,1.1819,-2.04403,-0.536448,1.04842,-1.56353,-0.0904102,0.938963,-2.0966,-0.126798,1.41979,-1.79768,-0.0301705,0.238408,0.265026,-0.0301705,0.238408,0.265026,-0.0827539,0.774538,-0.396386,-0.335119,2.50863,-1.50122,1.79995,-1.41394,-0.6525,0,0,-0.506074,0,0,2.09455,0.242974,-1.38535,-1.41809,-1.21208,0.998718,-0.270704,0,0,0.631252,0,0,0.151164,0.349397,1.09444,-0.698189,-1.28453,1.52158,0.548773,-0.240294,0.898645,-1.93081,1,0.937476,0.0813564,-0.295838,-0.164319,-5.98468,-0.556179,-0.432835,0.198038,0.115565,-0.335083,-1.04972,1.89142,0.870283
0.999537,0.0162366,-0.0249948,-0.00609016,0.999537,0.0162366,-0.0249948,-0.00609016,0.988199,0.0231747,0.0824179,-0.127014,0.626675,-0.235596,-0.355732,-0.652095,0.669876,0.213313,-0.0918828,-0.70521,0.950689,0,0,0.310146,0.948985,0,0,0.315321,0.836223,0.293691,-0.262413,-0.381598,0.791569,-0.226914,0.274052,-0.496814,0.990878,0,0,-0.134764,0.970433,0,0,-0.241372,0.673417,0.237545,0.163972,0.680584,0.653025,-0.0828056,-0.0780634,0.748737,-0.214268,0.096691,-1.78704,-0.278761,0.100189,-2.17962,-0.244788,0.291992,-1.82544,-0.249802,0.294821,-2.15578,-0.296114,0.663728,-1.89298,-0.226002,0.663501,-2.10141,-0.275762,0.916915,-1.99498,-0.236729,1.06651,-1.96156,-0.192905,1.23993,-1.91602,-0.37523,1.20654,-1.71388,-0.0929923,1.18974,-2.08647,-0.492501,1.03688,-1.5785,-0.0942821,0.946377,-2.12417,-0.125917,1.43473,-1.84466,0.0332967,0.211315,0.276127,0.0332967,0.211315,0.276127,-0.042471,0.678594,-0.28004,-0.370839,2.82808,-1.74563,1.65498,-1.19953,-0.396017,0,0,-0.759997,0,0,1.87597,1.16088,-1.97307,-1.47809,2.21975,-1.24426,-1.14822,0,0,0.936907,0,0,-0.078847,0.0570767,0.447712,-0.735022,0.418816,-0.0414023,0.796496,-0.235175,0.902298,-1.94992,1,0.951967,0.0615476,-0.260634,-0.148461,-6.05982,-0.498325,-0.366469,0.212446,0.0549531,-0.377697,-1.11974,2.35609,0.855374
0.999675,0.0159026,-0.01979,-0.00228772,0.999675,0.0159026,-0.01979,-0.00228772,0.986929,0.0238829,0.0921666,-0.130022,0.627822,-0.232873,-0.313321,-0.67338,0.663253,0.233553,-0.105647,-0.703126,0.955904,0,0,0.293681,0.94029,0,0,0.340375,0.816713,0.298384,-0.291754,-0.398531,0.799864,-0.182272,0.234983,-0.521323,0.992294,0,0,-0.123905,0.970534,0,0,-0.240964,0.675076,0.240594,0.180168,0.673741,0.643513,-0.0837845,-0.0920918,0.755242,-0.211973,0.0975638,-1.78702,-0.277249,0.098918,-2.1802,-0.24057,0.292295,-1.82981,-0.247733,0.293014,-2.15956,-0.285531,0.664425,-1.90259,-0.222224,0.66247,-2.11131,-0.268045,0.918307,-2.01067,-0.232072,1.07011,-1.98451,-0.192401,1.24665,-1.9481,-0.350594,1.20513,-1.73522,-0.106009,1.19597,-2.12714,-0.445195,1.02004,-1.59986,-0.0974735,0.953411,-2.1525,-0.128272,1.44638,-1.88907,-0.0200918,0.312393,0.228188,-0.0200918,0.312393,0.228188,0.0432686,0.589601,-0.184543,0.194718,2.92764,-1.44285,1.41002,-0.94945,0.0163131,0,0,-1.03632,0,0,1.59124,0.432638,-1.99498,-1.25517,2.91757,-2.56821,-1.47931,0,0,0.657052,0,0,0.0251986,0.195243,1.08569,-0.491758,-0.0883401,-0.978797,0.638396,-0.230149,0.90479,-1.97012,1,0.964378,0.0472559,-0.224481,-0.131721,-6.11678,-0.434018,-0.308263,0.231518,0.0417676,-0.470586,-0.802157,2.32533,0.977091
0.999802,0.0140805,-0.0140701,-0.000295956,0.999802,0.0140805,-0.0140701,-0.000295956,0.985749,0.0210469,0.104499,-0.13014,0.629963,-0.231944,-0.267612,-0.691182,0.659284,0.244796,-0.112583,-0.701958,0.959398,0,0,0.282055,0.954603,0,0,0.297881,0.804025,0.289789,-0.317155,-0.411071,0.80109,-0.151257,0.196399,-0.544797,0.992286,0,0,-0.12397,0.97205,0,0,-0.234775,0.65997,0.241341,0.198528,0.683214,0.633486,-0.0904722,-0.100798,0.761807,-0.207876,0.0977322,-1.7896,-0.275044,0.0932808,-2.17971,-0.234123,0.290722,-1.83546,-0.246024,0.287062,-2.1634,-0.273018,0.662243,-1.91455,-0.218521,0.658018,-2.12407,-0.25951,0.915962,-2.0298,-0.227053,1.06941,-2.00926,-0.191367,1.24816,-1.98017,-0.324534,1.1997,-1.7594,-0.11971,1.19668,-2.16633,-0.395792,1.00082,-1.62771,-0.109581,0.951003,-2.19631,-0.130001,1.45177,-1.93252,-0.109368,0.343266,0.11952,-0.109368,0.343266,0.11952,-0.1704,0.74568,-0.0102183,0.0776874,3.15903,-1.18308,0.788361,-0.482248,0.00427764,0,0,-0.728354,0,0,-2.69061,-0.463501,-1.71899,-0.924301,2.00032,-2.4887,-1.49482,0,0,-0.00388942,0,0,0.382283,0.147873,1.31907,0.915124,-0.481916,-0.622708,0.658586,-0.224648,0.90308,-1.99218,1,0.974213,0.0374412,-0.190281,-0.115328,-6.15751,-0.370533,-0.25925,0.25604,-0.0703602,-0.574102,-0.546436,2.14302,0.991266
0.999896,0.0111396,-0.00907821,0.000953896,0.999896,0.0111396,-0.00907821,0.000953896,0.984106,0.0185686,0.117806,-0.131578,0.633306,-0.229623,-0.22489,-0.704004,0.67389,0.177771,-0.0389942,-0.716065,0.96088,0,0,0.276966,0.968761,0,0,0.247995,0.801694,0.261093,-0.330191,-0.424371,0.798996,-0.143114,0.174393,-0.557415,0.991633,0,0,-0.129088,0.972114,0,0,-0.234509,0.642369,0.240985,0.203184,0.698573,0.627962,-0.0933307,-0.0800675,0.768467,-0.2009,0.096304,-1.79411,-0.272634,0.0856557,-2.18075,-0.224681,0.287491,-1.84263,-0.243362,0.279409,-2.16955,-0.258914,0.657541,-1.9292,-0.214879,0.651347,-2.1416,-0.251797,0.910382,-2.05172,-0.222333,1.06496,-2.03556,-0.189753,1.2452,-2.01265,-0.297053,1.19173,-1.78618,-0.136739,1.19299,-2.20568,-0.345381,0.98205,-1.66024,-0.124024,0.946469,-2.25305,-0.130196,1.45147,-1.97541,-0.176487,0.299548,0.0749943,-0.176487,0.299548,0.0749943,-0.148791,0.806137,-0.0910801,0.18065,2.95598,-0.815812,-4.62068,5.01214,-0.678093,0,0,-0.31804,0,0,-3.11175,-1.82947,-0.855762,-0.877995,0.516672,-1.40688,-0.839264,0,0,-0.309556,0,0,0.0164217,0.0910623,0.41319,1.37657,-0.210394,1.41002,0.57454,-0.21875,0.898191,-2.01645,1,0.982406,0.0308784,-0.153452,-0.101871,-6.18681,-0.299679,-0.221212,0.231374,-0.167412,-0.65756,-0.300899,2.26208,0.851373
0.999953,0.00683653,-0.006783,0.000760831,0.999953,0.00683653,-0.006783,0.000760831,0.982633,0.0149247,0.130955,-0.130613,0.644651,-0.242585,-0.172498,-0.704147,0.681912,0.112874,0.0286115,-0.722106,0.961436,0,0,0.27503,0.979356,0,0,0.202145,0.803617,0.212253,-0.329918,-0.447552,0.795433,-0.134606,0.15312,-0.57072,0.99076,0,0,-0.135625,0.972388,0,0,-0.233369,0.625523,0.218139,0.200625,0.721724,0.623844,-0.09056,-0.054901,0.774341,-0.190103,0.0908962,-1.79944,-0.269682,0.072639,-2.18284,-0.211852,0.279887,-1.85048,-0.240733,0.266402,-2.17706,-0.242102,0.647781,-1.94581,-0.212288,0.639145,-2.16085,-0.244594,0.899249,-2.07528,-0.218456,1.05486,-2.06391,-0.188887,1.23638,-2.04807,-0.265031,1.18061,-1.81576,-0.156289,1.18089,-2.24471,-0.283128,0.962956,-1.6952,-0.150188,0.933525,-2.30244,-0.131556,1.44514,-2.02297,-0.258204,0.137725,-0.0115852,-0.258204,0.137725,-0.0115852,-0.219356,0.797067,0.0542986,-0.813693,3.64847,0.209721,-4.40527,4.55813,-0.254451,0,0,-0.120852,0,0,-2.82372,-3.15053,0.0325053,-1.4704,0.536311,-1.35647,-0.904774,0,0,-0.395708,0,0,0.0703653,-1.46038,-0.0815681,1.91835,0.180132,1.72415,0.492601,-0.212717,0.887858,-2.04254,1,0.989851,0.0233853,-0.109739,-0.0872075,-6.21616,-0.21482,-0.182979,0.21611,-0.333968,-0.706803,-0.323409,2.66485,0.922169
0.999979,0.00340832,-0.00550116,0.000505585,0.999979,0.00340832,-0.00550116,0.000505585,0.981252,0.0128311,0.139452,-0.132415,0.66844,-0.22353,-0.164824,-0.689967,0.683811,0.0275216,0.109652,-0.720848,0.959325,0,0,0.282305,0.988233,0,0,0.152954,0.803957,0.150635,-0.318687,-0.478959,0.790693,-0.120514,0.1237,-0.587349,0.990257,0,0,-0.13925,0.973802,0,0,-0.227397,0.615015,0.18041,0.177626,0.746765,0.619348,-0.0871148,-0.0341877,0.779519,-0.176216,0.0795015,-1.80538,-0.266832,0.0533317,-2.18506,-0.195843,0.266379,-1.86012,-0.239078,0.24702,-2.18471,-0.222601,0.631569,-1.96558,-0.21062,0.620635,-2.18045,-0.236463,0.881833,-2.10006,-0.213856,1.03824,-2.0929,-0.187852,1.22075,-2.08323,-0.230421,1.16392,-1.84723,-0.178111,1.16201,-2.27983,-0.215919,0.945414,-1.72886,-0.186458,0.913643,-2.34284,-0.133553,1.43129,-2.069,-0.205697,0.0769147,-0.0153153,-0.205697,0.0769147,-0.0153153,-0.125986,0.516721,-0.112442,1.44513,0.630071,1.41188,-5.7456,5.4485,0.120672,0,0,0.454473,0,0,-2.99945,-3.9611,0.724355,-2.01454,0.894754,-1.88242,-1.13814,0,0,-0.219589,0,0,0.368213,-2.5437,-1.53079,1.94313,0.226341,1.42232,0.454634,-0.206241,0.871233,-2.06884,1,0.995407,0.0167119,-0.0593427,-0.0732411,-6.24093,-0.115952,-0.149347,0.243931,-0.522487,-0.74338,-0.23251,3.04641,0.885737
0.999993,-0.000114413,-0.00364048,0.000951193,0.999993,-0.000114413,-0.00364048,0.000951193,0.980687,0.0132349,0.142967,-0.132806,0.694794,-0.202081,-0.205601,-0.658903,0.676536,-0.0443743,0.176134,-0.713657,0.955874,0,0,0.293776,0.994816,0,0,0.101688,0.805851,0.068987,-0.280622,-0.516814,0.786749,-0.104499,0.0904893,-0.601596,0.989884,0,0,-0.141882,0.975819,0,0,-0.218581,0.630336,0.154324,0.105786,0.753438,0.619159,-0.0900469,-0.014348,0.779954,-0.159286,0.0680885,-1.81295,-0.264453,0.0356492,-2.18696,-0.176724,0.254646,-1.87378,-0.238604,0.229601,-2.19162,-0.203175,0.616679,-1.9892,-0.211056,0.604008,-2.19931,-0.229865,0.866136,-2.12505,-0.209944,1.02304,-2.12145,-0.187072,1.20617,-2.11731,-0.194292,1.15438,-1.87356,-0.200376,1.14387,-2.31075,-0.145464,0.948304,-1.74443,-0.227685,0.893887,-2.36873,-0.136191,1.41798,-2.11285,-0.211366,0.111642,0.0267364,-0.211366,0.111642,0.0267364,0.024529,0.213834,-0.025135,1.59165,-2.61593,2.55981,-4.84351,4.50476,0.34647,0,0,0.718745,0,0,-3.1016,-5.24949,2.45845,-2.40936,1.02431,-2.13593,-0.976693,0,0,-0.159523,0,0,0.54267,-1.86914,-5.01093,0.138968,-0.202787,1.36886,0.0340959,-0.200186,0.856669,-2.09404,1,0.997876,0.0109088,-0.00854515,-0.0636578,-6.26032,-0.0156658,-0.127593,0.197947,-0.470906,-0.749477,-0.160029,3.05992,0.613756
