1,0,0,0,1,0,0,0,1,0,0,0,0.707107,0,0,-0.707107,0.707107,0,0,-0.707107,1,0,0,0,1,0,0,0,0.726273,-0.11386,-0.111709,-0.668644,0.699377,0.10427,0.10427,-0.699376,0.984377,0.0242305,0.130196,-0.116033,0.993374,-0.0640439,-0.095401,-0.00215691,0.673831,0.214362,-0.214362,0.673832,0.659765,-0.254382,0.254382,0.659765,-0.000300674,0.041106,0.228199,0.0230901,0.0396102,-0.244144,0.00464639,0.241315,0.198523,0.00150125,0.235988,-0.199892,0.0158268,0.613326,0.127453,2.68221e-07,0.61123,-0.122985,0,0.868719,0,0,1.02692,0,0,1.21152,0,0,1.14112,0.1671,0,1.14112,-0.1671,7.45058e-09,0.881719,0.1671,7.45058e-09,0.881719,-0.1671,0,1.43132,0,0,0,0,0,0,0,0,0,0,0,0,0,0,0,0,0,0,0,0,0,0,0,0,0,0,0,0,0,0,0,0,0,0,0,0,0,0,0,0,0.00243067,0.85615,1.63886e-05,1,1,0,0,0,0,0,0,0,0,0,0,0,0
0.999988,-0.00483521,-0.000106814,-0.000688875,0.999991,-0.00417426,-0.000349716,0.000418956,1,0,0,0,0.721651,-0.0308082,-0.0213889,-0.69124,0.720173,0.0299702,0.0176846,-0.692921,1,0,0,0,1,0,0,0,0.732805,-0.112581,-0.114688,-0.661188,0.709914,0.116885,0.110431,-0.685686,0.984496,0.0129484,0.127671,-0.119584,0.99403,-0.0562315,-0.093009,-0.00953087,0.678254,0.21877,-0.213915,0.668096,0.659764,-0.254381,0.254382,0.659766,0.00302781,0.0596024,0.26325,0.0359143,0.0366503,-0.233866,0.00818949,0.258105,0.221512,0.0125645,0.233878,-0.194564,0.0180881,0.625263,0.128569,0.00525516,0.610899,-0.126898,0.00146061,0.873186,-0.0127451,0.00340401,1.0311,-0.0219348,0.00570891,1.21527,-0.034428,0.0110504,1.15813,0.147539,0.0102866,1.13283,-0.205519,0.0191974,0.901573,0.184966,0.0172843,0.873525,-0.204426,0.00837384,1.43449,-0.0500879,-0.290113,-0.00640885,-0.0413327,-0.250456,-0.020983,0.0251374,0,0,0,-2.0417,-1.41747,1.31457,1.98729,1.17265,1.17713,0,0,0,0,0,0,0.103162,-0.178155,0.602174,0.811448,0.38177,1.10157,-0.680504,-0.152631,-0.213896,0.470523,0.145067,-0.443291,0.271941,0.055241,-0.465642,3.21865e-05,3.57628e-05,9.29832e-05,0.008444,0.861156,-0.0148088,0,0.999628,-0.0266386,0.000400201,-0.00581321,-0.0532872,0.000490392,-0.0116437,0.0438183,0.134,-0.382352,-1.59851,0.024015,-0.348836
0.999937,-0.0110857,-0.000246296,-0.00150451,0.999953,-0.00958669,-0.000803466,0.00107571,1,0,0,0,0.737099,-0.0692796,-0.0479507,-0.670512,0.734059,0.0673519,0.0393649,-0.67459,1,0,0,0,1,0,0,0,0.740349,-0.110851,-0.118229,-0.652394,0.722486,0.133628,0.117908,-0.668024,0.98443,-0.00160146,0.124404,-0.124171,0.99469,-0.0462541,-0.0900031,-0.0187677,0.683894,0.2245,-0.213323,0.660592,0.659763,-0.254381,0.254383,0.659767,0.00637342,0.0848196,0.304369,0.0520709,0.034292,-0.223059,0.0120904,0.280341,0.248276,0.0264355,0.232219,-0.189058,0.0208042,0.639972,0.129585,0.0117042,0.61074,-0.131397,0.00319107,0.878012,-0.0276239,0.00749888,1.03485,-0.0478127,0.0125602,1.2173,-0.0754011,0.024901,1.17992,0.123046,0.02236,1.11993,-0.250294,0.0432474,0.934527,0.20511,0.0379722,0.861008,-0.248087,0.0183775,1.43427,-0.110036,-0.375044,-0.00836923,-0.0489397,-0.324754,-0.0272257,0.0394063,0,0,0,-2.52255,-1.7416,1.63494,2.45509,1.42378,1.45232,0,0,0,0,0,0,0.135129,-0.211354,0.703651,1.07169,0.459921,1.39026,-0.877534,-0.196843,-0.276834,0.600452,0.181904,-0.555064,0.352744,0.0716552,-0.604008,4.11272e-05,4.11272e-05,0.000100136,0.0157254,0.866629,-0.0325677,0,0.998208,-0.0583976,0.00130978,-0.012986,-0.116886,0.00109817,-0.0260814,0.0519139,0.144795,-0.446363,-1.9073,0.0542114,-0.431471
0.999824,-0.0185731,-0.000414243,-0.00243544,0.999868,-0.0160803,-0.00134804,0.00193334,1,0,0,0,0.751465,-0.114679,-0.0792006,-0.644885,0.747119,0.11143,0.0646842,-0.652083,1,0,0,0,1,0,0,0,0.748761,-0.10872,-0.122289,-0.642326,0.736314,0.154029,0.126579,-0.646603,0.984028,-0.0190067,0.120483,-0.129656,0.995221,-0.0343727,-0.0864506,-0.0296515,0.690516,0.231392,-0.212594,0.651497,0.659761,-0.25438,0.254383,0.659769,0.0104201,0.117152,0.349975,0.0710056,0.032091,-0.211882,0.0168467,0.307956,0.277584,0.0426439,0.230515,-0.183389,0.024171,0.656683,0.130037,0.0191052,0.610078,-0.136348,0.00516702,0.882144,-0.0444649,0.012146,1.03674,-0.0771895,0.0202617,1.2156,-0.122023,0.0413997,1.20573,0.0921139,0.0354835,1.10069,-0.299824,0.0720005,0.98348,0.222332,0.0609859,0.842566,-0.296626,0.0295307,1.42786,-0.178347,-0.449295,-0.010078,-0.0558626,-0.38965,-0.0326773,0.0514618,0,0,0,-2.95001,-2.03048,1.91893,2.87098,1.64891,1.69713,0,0,0,0,0,0,0.162967,-0.241528,0.796909,1.29784,0.530279,1.6447,-1.04992,-0.235526,-0.331838,0.714516,0.214452,-0.653872,0.423315,0.0859916,-0.724847,4.29153e-05,4.82798e-05,0.00012517,0.024098,0.871442,-0.0531495,0,0.995271,-0.0947265,0.00293811,-0.0213154,-0.18982,0.00181016,-0.0429991,0.0592784,0.123945,-0.50523,-2.18601,0.0968988,-0.504124
0.999626,-0.0271186,-0.000606443,-0.00347017,0.999718,-0.0234978,-0.00197021,0.00295488,1,0,0,0,0.762741,-0.166113,-0.114544,-0.61442,0.757688,0.161362,0.093213,-0.625446,1,0,0,0,1,0,0,0,0.757897,-0.106239,-0.126821,-0.631049,0.750609,0.177596,0.136311,-0.621663,0.983142,-0.0388497,0.115994,-0.135897,0.995495,-0.0208509,-0.0824195,-0.0419643,0.697887,0.239289,-0.211736,0.640986,0.65976,-0.254379,0.254384,0.65977,0.0160124,0.159266,0.398164,0.0921366,0.0319968,-0.20069,0.0230691,0.343169,0.307975,0.0607005,0.230677,-0.177743,0.0284213,0.676968,0.129382,0.0272212,0.610657,-0.141704,0.00736408,0.886936,-0.0630967,0.0171715,1.03778,-0.109565,0.0284286,1.21063,-0.173233,0.0603441,1.23654,0.0525918,0.0487793,1.07598,-0.352382,0.105428,1.0519,0.229129,0.0850115,0.819149,-0.348554,0.0411847,1.41497,-0.253203,-0.512865,-0.0115351,-0.0621013,-0.445143,-0.0373378,0.061304,0,0,0,-3.3241,-2.2841,2.16655,3.23495,1.84806,1.91153,0,0,0,0,0,0,0.186679,-0.268676,0.881935,1.48988,0.592851,1.86488,-1.19766,-0.268677,-0.378908,0.812715,0.242706,-0.739716,0.483652,0.0982466,-0.828155,5.00679e-05,5.1856e-05,0.000132322,0.0333537,0.876823,-0.0765164,0,0.990354,-0.135037,0.00548831,-0.0305751,-0.271114,0.00261319,-0.0620827,0.0659118,0.143784,-0.558954,-2.43422,0.152125,-0.566797
0.999321,-0.0365429,-0.000818677,-0.00459716,0.999486,-0.0316819,-0.00265673,0.00410334,1,0,0,0,0.769011,-0.222497,-0.153258,-0.579336,0.764177,0.216147,0.124435,-0.594837,1,0,0,0,1,0,0,0,0.767611,-0.10346,-0.13178,-0.618631,0.764613,0.203807,0.146964,-0.593491,0.981636,-0.0607078,0.111027,-0.142753,0.995392,-0.00595564,-0.077979,-0.0554853,0.705775,0.248026,-0.210758,0.629242,0.659758,-0.254378,0.254385,0.659772,0.0241317,0.210213,0.446712,0.114841,0.0325605,-0.190035,0.0314589,0.384637,0.337761,0.0800913,0.231239,-0.172489,0.0338123,0.698974,0.12701,0.0358259,0.610886,-0.14752,0.00975788,0.890433,-0.0833478,0.0223675,1.03572,-0.14438,0.0365871,1.19968,-0.227799,0.0813855,1.26892,0.00195699,0.0612637,1.04362,-0.406156,0.143398,1.13673,0.216357,0.108536,0.788595,-0.402365,0.0525299,1.3923,-0.332462,-0.565754,-0.0127406,-0.0676558,-0.491234,-0.0412072,0.0689328,0,0,0,-3.6448,-2.50247,2.37779,3.54701,2.02121,2.09553,0,0,0,0,0,0,0.206265,-0.2928,0.958747,1.64781,0.647634,2.05081,-1.32076,-0.296296,-0.418044,0.895049,0.266672,-0.812596,0.533756,0.108426,-0.913947,5.1856e-05,5.54323e-05,0.000146627,0.0432435,0.880587,-0.102675,0,0.983026,-0.178701,0.00914231,-0.040515,-0.359792,0.00349408,-0.083018,0.0718141,0.104912,-0.607534,-2.65144,0.219181,-0.619524
0.998893,-0.0466667,-0.00104672,-0.00580483,0.999161,-0.0404747,-0.00339432,0.00534168,1,0,0,0,0.768574,-0.282551,-0.194483,-0.540033,0.765163,0.27463,0.157745,-0.560554,1,0,0,0,1,0,0,0,0.777761,-0.100435,-0.137117,-0.605144,0.777628,0.232104,0.158385,-0.562438,0.979401,-0.084153,0.105674,-0.150081,0.994808,0.0100431,-0.0731996,-0.0699911,0.713964,0.257441,-0.209672,0.616455,0.659757,-0.254377,0.254385,0.659774,0.0358393,0.269881,0.493114,0.138445,0.0334763,-0.180637,0.0427613,0.431961,0.36508,0.100274,0.231909,-0.168157,0.0406043,0.722,0.122269,0.0447078,0.610411,-0.15395,0.0123241,0.891972,-0.105047,0.0274982,1.0297,-0.181026,0.0441956,1.18158,-0.284344,0.103896,1.2994,-0.0621372,0.0719127,1.00311,-0.459311,0.185291,1.23195,0.174747,0.129935,0.750298,-0.456545,0.0626376,1.35832,-0.413706,-0.607964,-0.0136944,-0.0725262,-0.527921,-0.0442854,0.0743482,0,0,0,-3.91212,-2.68559,2.55264,3.80714,2.16838,2.24914,0,0,0,0,0,0,0.221723,-0.313897,1.02732,1.77165,0.694626,2.20247,-1.41921,-0.318383,-0.449247,0.961517,0.286344,-0.872511,0.573623,0.116523,-0.982218,6.07967e-05,6.07967e-05,0.00015378,0.0534687,0.881721,-0.131618,0,0.972916,-0.225054,0.0140473,-0.0508634,-0.454877,0.00443966,-0.105491,0.0769852,0.0461554,-0.650969,-2.83725,0.296691,-0.662366
0.99833,-0.0573102,-0.00128633,-0.00708157,0.998733,-0.0497184,-0.00416972,0.00663288,1,0,0,0,0.760061,-0.344825,-0.237247,-0.497109,0.759484,0.335512,0.192457,-0.523046,1,0,0,0,1,0,0,0,0.78821,-0.0972189,-0.142787,-0.590666,0.789056,0.261899,0.170416,-0.528921,0.976363,-0.108754,0.100028,-0.157741,0.993662,0.0268723,-0.0681534,-0.0852563,0.722249,0.267367,-0.20849,0.60283,0.659755,-0.254376,0.254386,0.659776,0.0521928,0.337969,0.534676,0.162219,0.0346277,-0.173301,0.0577011,0.484695,0.38796,0.12068,0.232618,-0.165382,0.0490341,0.745565,0.114503,0.0536738,0.609182,-0.161225,0.0150382,0.891285,-0.128022,0.032314,1.01933,-0.218854,0.0506841,1.15586,-0.341391,0.126833,1.32355,-0.141124,0.0797521,0.954719,-0.510055,0.229555,1.32758,0.0970363,0.147601,0.70435,-0.509572,0.070535,1.31246,-0.494341,-0.639493,-0.0143967,-0.0767124,-0.555208,-0.0465727,0.0775504,0,0,0,-4.12605,-2.83346,2.69112,4.01536,2.28955,2.37234,0,0,0,0,0,0,0.233055,-0.331969,1.08767,1.86138,0.733828,2.3199,-1.49302,-0.334939,-0.472513,1.01212,0.301727,-0.919463,0.603261,0.122545,-1.03297,6.07967e-05,6.79493e-05,0.000168085,0.0636768,0.879498,-0.163241,0,0.959729,-0.2734,0.0203042,-0.0613321,-0.555393,0.00543675,-0.129188,0.0814254,-0.0206244,-0.689263,-2.99128,0.38271,-0.695408
0.997629,-0.0682938,-0.00153329,-0.00841576,0.998199,-0.0592554,-0.00496964,0.0079399,1,0,0,0,0.742529,-0.407751,-0.280493,-0.451346,0.746309,0.397392,0.227827,-0.482906,1,0,0,0,1,0,0,0,0.798824,-0.0938684,-0.148737,-0.575279,0.79842,0.292579,0.182891,-0.49343,0.972487,-0.134079,0.094184,-0.165591,0.991903,0.044257,-0.0629137,-0.101054,0.730445,0.277633,-0.20723,0.58858,0.659753,-0.254375,0.254387,0.659778,0.0741332,0.413693,0.568652,0.185378,0.0358509,-0.168813,0.076899,0.542091,0.404433,0.140713,0.233277,-0.164812,0.0592829,0.769201,0.103087,0.0625487,0.60723,-0.169617,0.017876,0.888294,-0.152103,0.0365691,1.00454,-0.257201,0.0555057,1.12257,-0.397442,0.148665,1.33631,-0.234776,0.0839611,0.899324,-0.556725,0.273392,1.41053,-0.0197823,0.160099,0.651371,-0.559923,0.0753043,1.25501,-0.571744,-0.660342,-0.0148473,-0.0802144,-0.573091,-0.0480688,0.078539,0,0,0,-4.28661,-2.94608,2.79322,4.17166,2.38472,2.46515,0,0,0,0,0,0,0.24026,-0.347013,1.1398,1.91701,0.765242,2.40306,-1.54218,-0.345962,-0.487847,1.04686,0.312819,-0.95345,0.622659,0.126485,-1.06618,6.4373e-05,6.79493e-05,0.000171661,0.0734672,0.873316,-0.197256,0,0.943264,-0.32302,0.0279587,-0.071625,-0.660364,0.00647218,-0.153794,0.0851344,-0.0897163,-0.722411,-3.11331,0.474816,-0.718755
0.99679,-0.0794379,-0.00178336,-0.0097958,0.997562,-0.0689277,-0.00578082,0.00922574,1,0,0,0,0.715539,-0.469715,-0.323132,-0.40368,0.725202,0.458824,0.263083,-0.440851,1,0,0,0,1,0,0,0,0.809479,-0.0904416,-0.154919,-0.559074,0.805391,0.323514,0.195643,-0.456517,0.967787,-0.159697,0.0882399,-0.173493,0.989509,0.0619216,-0.057555,-0.117158,0.738389,0.288069,-0.205908,0.573933,0.659751,-0.254374,0.254388,0.65978,0.102363,0.495769,0.592416,0.207098,0.0369521,-0.167811,0.100785,0.603107,0.412663,0.159763,0.233794,-0.167008,0.071446,0.792474,0.0874829,0.0711744,0.604668,-0.17939,0.0208131,0.883128,-0.177116,0.0400423,0.985609,-0.295415,0.0581954,1.08237,-0.451057,0.167442,1.33277,-0.340702,0.0839733,0.838376,-0.59788,0.312788,1.46686,-0.172824,0.166339,0.592538,-0.606118,0.0761924,1.18715,-0.643434,-0.67051,-0.0150462,-0.0830324,-0.581572,-0.0487738,0.0773144,0,0,0,-4.39378,-3.02343,2.85894,4.27605,2.45391,2.52756,0,0,0,0,0,0,0.243338,-0.359035,1.1837,1.93853,0.788865,2.45197,-1.5667,-0.351455,-0.495247,1.06573,0.319619,-0.974472,0.63183,0.128346,-1.08188,6.4373e-05,6.79493e-05,0.00018239,0.0824138,0.862816,-0.233139,0,0.92343,-0.373194,0.036995,-0.0814481,-0.768815,0.00753278,-0.178995,0.0881122,-0.154991,-0.750415,-3.20332,0.570221,-0.732521
0.995826,-0.0905634,-0.00203233,-0.0112101,0.996831,-0.0785782,-0.00659002,0.0104535,1,0,0,0,0.679194,-0.529144,-0.364103,-0.355149,0.696152,0.518388,0.297463,-0.397696,1,0,0,0,1,0,0,0,0.820058,-0.0869986,-0.161279,-0.542148,0.809799,0.354074,0.208509,-0.418785,0.962321,-0.185182,0.0822934,-0.181314,0.986492,0.0795911,-0.0521522,-0.133341,0.745943,0.298502,-0.204548,0.55913,0.659749,-0.254372,0.254389,0.659782,0.137234,0.58244,0.603651,0.226553,0.0377282,-0.170653,0.129518,0.66643,0.41108,0.177227,0.234075,-0.172334,0.0855064,0.814986,0.067283,0.0794083,0.601674,-0.190758,0.0238251,0.876094,-0.202892,0.0425584,0.963097,-0.332886,0.058426,1.03637,-0.500952,0.181027,1.30925,-0.454305,0.0795573,0.773796,-0.632394,0.343015,1.48467,-0.352932,0.165712,0.529546,-0.646797,0.0727127,1.11084,-0.707258,-0.669998,-0.0149936,-0.0851661,-0.580649,-0.0486877,0.0738764,0,0,0,-4.44757,-3.06554,2.88828,4.32852,2.4971,2.55957,0,0,0,0,0,0,0.242288,-0.368029,1.21938,1.92595,0.8047,2.46662,-1.56657,-0.351416,-0.494712,1.06874,0.322128,-0.982531,0.630763,0.128131,-1.08006,6.79493e-05,7.15256e-05,0.00018239,0.0901082,0.847969,-0.270123,0,0.900255,-0.42321,0.0473334,-0.0905214,-0.879768,0.00860536,-0.204478,0.0903589,-0.211017,-0.773277,-3.26146,0.665864,-0.73684
0.994753,-0.101492,-0.002276,-0.0126472,0.996021,-0.0880498,-0.00738402,0.0115862,1,0,0,0,0.634139,-0.584604,-0.402437,-0.306839,0.659586,0.574759,0.330255,-0.354303,1,0,0,0,1,0,0,0,0.830454,-0.0836016,-0.167766,-0.524606,0.811642,0.383641,0.221334,-0.380878,0.956199,-0.210117,0.0764427,-0.188922,0.982898,0.0969928,-0.0467807,-0.149381,0.75299,0.308757,-0.203171,0.544423,0.659747,-0.254371,0.25439,0.659784,0.178651,0.67153,0.600547,0.242964,0.0379871,-0.177322,0.162929,0.730515,0.398516,0.192542,0.23403,-0.180872,0.101319,0.836362,0.042253,0.0871247,0.598453,-0.203836,0.0268876,0.867624,-0.229259,0.0440059,0.937801,-0.369071,0.0560516,0.98613,-0.546083,0.187493,1.2642,-0.569301,0.0708608,0.707797,-0.659541,0.359571,1.45689,-0.545878,0.158194,0.46447,-0.680834,0.0647206,1.02866,-0.761555,-0.658805,-0.0146893,-0.0866157,-0.570325,-0.0478105,0.0682252,0,0,0,-4.44797,-3.0724,2.88124,4.32907,2.5143,2.56117,0,0,0,0,0,0,0.237113,-0.374,1.24683,1.87928,0.812744,2.44702,-1.5418,-0.345845,-0.486242,1.05589,0.320346,-0.977625,0.619463,0.125836,-1.06071,6.97374e-05,7.51018e-05,0.000189543,0.0962155,0.829123,-0.307264,0,0.873883,-0.472385,0.0588311,-0.0985916,-0.992249,0.00967676,-0.229928,0.0918747,-0.254104,-0.790995,-3.28816,0.758527,-0.731851
0.9936,-0.112046,-0.00251018,-0.0140955,0.995153,-0.097186,-0.00814967,0.0125872,1,0,0,0,0.581528,-0.634884,-0.437313,-0.259818,0.616344,0.626783,0.360836,-0.311546,1,0,0,0,1,0,0,0,0.84057,-0.0803147,-0.174325,-0.506559,0.811084,0.411625,0.233974,-0.343459,0.949576,-0.234097,0.0707854,-0.196195,0.97881,0.113858,-0.0415156,-0.165058,0.759442,0.31866,-0.201806,0.530074,0.659745,-0.25437,0.25439,0.659787,0.226034,0.760547,0.581968,0.255677,0.037563,-0.187363,0.200496,0.793648,0.374317,0.205232,0.233568,-0.19237,0.118605,0.856226,0.0123654,0.0942169,0.595189,-0.218617,0.0299762,0.858189,-0.256044,0.0443489,0.910634,-0.403527,0.0511309,0.933383,-0.585716,0.185554,1.19867,-0.678718,0.0584061,0.642649,-0.679056,0.359281,1.38293,-0.734915,0.144366,0.399561,-0.707469,0.052449,0.943494,-0.80528,-0.636932,-0.0141334,-0.087381,-0.550598,-0.0461421,0.0603604,0,0,0,-4.39499,-3.044,2.83782,4.2777,2.50551,2.53238,0,0,0,0,0,0,0.22781,-0.376942,1.26605,1.79849,0.813,2.39316,-1.49238,-0.334743,-0.46984,1.02716,0.314273,-0.959754,0.597929,0.121461,-1.02383,6.79493e-05,7.15256e-05,0.000185966,0.100532,0.806974,-0.343555,0,0.844577,-0.520086,0.0712862,-0.105444,-1.10528,0.0107338,-0.255031,0.092659,-0.283046,-0.803567,-3.28405,0.84493,-0.717689
0.992399,-0.122048,-0.0027307,-0.0155439,0.994254,-0.105831,-0.00887387,0.0134199,1,0,0,0,0.522948,-0.67907,-0.468115,-0.215075,0.567634,0.673539,0.388711,-0.270262,1,0,0,0,1,0,0,0,0.850322,-0.0772038,-0.180901,-0.488126,0.808445,0.437472,0.246304,-0.307196,0.942654,-0.256729,0.065418,-0.203014,0.974339,0.129922,-0.0364313,-0.180159,0.76523,0.328038,-0.20048,0.516354,0.659743,-0.254369,0.254391,0.659789,0.278322,0.846821,0.547573,0.264241,0.0363284,-0.19989,0.241357,0.854017,0.338418,0.214957,0.23259,-0.206237,0.136969,0.874174,-0.0221838,0.100604,0.59199,-0.234957,0.0330666,0.84821,-0.283078,0.0436315,0.882503,-0.43592,0.0439268,0.879893,-0.619469,0.174908,1.11622,-0.776112,0.0430335,0.580428,-0.691158,0.341195,1.2688,-0.904013,0.125346,0.336973,-0.726411,0.0364946,0.858259,-0.838076,-0.604379,-0.0133258,-0.0874624,-0.521469,-0.0436827,0.0502823,0,0,0,-4.28864,-2.98036,2.75803,4.17442,2.47073,2.4732,0,0,0,0,0,0,0.214381,-0.376861,1.27705,1.6836,0.805467,2.30505,-1.41832,-0.318109,-0.445502,0.982577,0.303909,-0.92892,0.566162,0.115008,-0.96944,6.97374e-05,7.51018e-05,0.000189543,0.103027,0.782462,-0.378076,0,0.812712,-0.565744,0.0844457,-0.110913,-1.21789,0.0117633,-0.279473,0.0927127,-0.299368,-0.810999,-3.24999,0.921843,-0.694492
0.99119,-0.131324,-0.00293344,-0.016981,0.993355,-0.113831,-0.00954359,0.0140476,1,0,0,0,0.460318,-0.716603,-0.494465,-0.17347,0.514962,0.714383,0.413537,-0.231209,1,0,0,0,1,0,0,0,0.859636,-0.0743359,-0.18744,-0.469432,0.804185,0.460674,0.258217,-0.272746,0.935668,-0.277634,0.0604352,-0.209267,0.969627,0.144929,-0.0316014,-0.194475,0.770309,0.336718,-0.199225,0.503541,0.65974,-0.254368,0.254392,0.659791,0.334047,0.927675,0.497873,0.268481,0.0341986,-0.213642,0.284374,0.909821,0.291367,0.221566,0.230982,-0.221576,0.155918,0.88975,-0.0609737,0.106235,0.58884,-0.252578,0.0361345,0.837976,-0.310187,0.0419733,0.854188,-0.466044,0.0348802,0.827244,-0.647322,0.156368,1.02225,-0.856674,0.0258023,0.522783,-0.696523,0.306953,1.12567,-1.04084,0.102653,0.278506,-0.737884,0.0177578,0.775588,-0.860279,-0.561147,-0.0122667,-0.0868596,-0.482938,-0.0404323,0.0379911,0,0,0,-4.12889,-2.88145,2.64185,4.01922,2.40996,2.38361,0,0,0,0,0,0,0.196825,-0.373751,1.27983,1.53461,0.790143,2.18269,-1.31961,-0.295944,-0.413233,0.922127,0.289255,-0.885122,0.524161,0.106477,-0.897524,6.79493e-05,7.51018e-05,0.000189543,0.103851,0.756612,-0.410115,0,0.778761,-0.608871,0.0980151,-0.114892,-1.32909,0.0127521,-0.302941,0.0920351,-0.307023,-0.813284,-3.18702,0.986175,-0.662397
0.990018,-0.139698,-0.00311428,-0.0183958,0.992492,-0.12103,-0.0101458,0.014434,1,0,0,0,0.395778,-0.747292,-0.516237,-0.135697,0.460052,0.748976,0.435139,-0.195042,1,0,0,0,1,0,0,0,0.868452,-0.0717797,-0.193885,-0.450607,0.798876,0.48077,0.269629,-0.240742,0.928886,-0.29645,0.05593,-0.214848,0.964843,0.158625,-0.027098,-0.207804,0.774651,0.34453,-0.198072,0.491917,0.659738,-0.254366,0.254393,0.659793,0.39146,1.00613,0.434218,0.268555,0.0366588,-0.227093,0.328221,0.964893,0.234308,0.225126,0.234138,-0.237266,0.174905,0.907979,-0.103376,0.111101,0.591104,-0.271086,0.0391553,0.833113,-0.337201,0.0395572,0.83178,-0.493817,0.024564,0.782209,-0.669598,0.131733,0.928474,-0.917937,0.0078635,0.476296,-0.696208,0.260476,0.972808,-1.13873,0.0780127,0.230911,-0.742613,-0.00265482,0.703113,-0.872859,-0.507232,-0.0109559,-0.0855724,-0.435002,-0.0363907,0.0234863,0,0,0,-3.91577,-2.7473,2.4893,3.81211,2.32319,2.26363,0,0,0,0,0,0,0.175142,-0.367621,1.27437,1.35152,0.767029,2.02607,-1.19626,-0.268246,-0.373026,0.845809,0.270309,-0.82836,0.471924,0.0958639,-0.808078,6.79493e-05,7.33137e-05,0.00018239,0.103313,0.735874,-0.439256,0,0.743282,-0.649071,0.11167,-0.117336,-1.43792,0.013687,-0.325119,0.0906264,-0.145875,-0.810429,-3.09631,1.03507,-0.621528
0.988934,-0.146997,-0.00326913,-0.0197773,0.991704,-0.127275,-0.0106677,0.0145427,1,0,0,0,0.331568,-0.771311,-0.533557,-0.102268,0.404755,0.777279,0.453513,-0.162287,1,0,0,0,1,0,0,0,0.876722,-0.0696047,-0.200181,-0.431789,0.793176,0.497344,0.280474,-0.21179,0.922599,-0.312825,0.0519934,-0.219656,0.960173,0.170768,-0.0229921,-0.219951,0.778239,0.351302,-0.197055,0.481767,0.659736,-0.254365,0.254394,0.659795,0.448687,1.07701,0.358705,0.264977,0.0406808,-0.238577,0.371511,1.01474,0.168898,0.225948,0.23888,-0.252048,0.193371,0.925297,-0.148586,0.115233,0.595437,-0.29,0.0421049,0.83048,-0.363949,0.0366108,0.812541,-0.51927,0.0136235,0.742568,-0.686915,0.103435,0.837717,-0.959931,-0.00967017,0.438314,-0.691551,0.207095,0.820708,-1.19711,0.0531421,0.191686,-0.741728,-0.0235477,0.639222,-0.877309,-0.44264,-0.00939343,-0.0836011,-0.377668,-0.031558,0.00676788,0,0,0,-3.64925,-2.5779,2.30037,3.55308,2.21043,2.11325,0,0,0,0,0,0,0.149332,-0.35846,1.2607,1.13433,0.736129,1.83519,-1.04828,-0.235017,-0.324885,0.75363,0.247072,-0.758632,0.409459,0.0831762,-0.701119,6.61612e-05,6.97374e-05,0.000185966,0.101827,0.717892,-0.46539,0,0.706902,-0.686047,0.125071,-0.118266,-1.5434,0.0145549,-0.345694,0.0884864,-0.0789839,-0.802427,-2.97912,1.066,-0.571993
0.987987,-0.153049,-0.00339391,-0.0211147,0.991029,-0.132413,-0.0110962,0.0143373,1,0,0,0,0.269915,-0.789164,-0.546774,-0.0735095,0.350967,0.799534,0.468816,-0.133339,1,0,0,0,1,0,0,0,0.884408,-0.0678812,-0.206272,-0.413118,0.787786,0.510015,0.290705,-0.18646,0.917106,-0.326419,0.0487145,-0.223594,0.955818,0.181116,-0.019353,-0.230725,0.781066,0.356868,-0.196206,0.473375,0.659734,-0.254364,0.254395,0.659797,0.503909,1.13788,0.274026,0.258598,0.0455643,-0.246435,0.412909,1.05744,0.0972001,0.22457,0.244306,-0.264634,0.210791,0.94042,-0.19567,0.118707,0.600648,-0.30878,0.0449587,0.829012,-0.390258,0.033385,0.795729,-0.542535,0.00271461,0.707907,-0.700116,0.0740901,0.753904,-0.984848,-0.0258361,0.407798,-0.684035,0.152437,0.679627,-1.22071,0.0295717,0.159903,-0.736633,-0.0437542,0.583836,-0.875498,-0.367363,-0.00757939,-0.0809459,-0.310925,-0.0259342,-0.0121631,0,0,0,-3.32937,-2.37322,2.07505,3.24213,2.07169,1.93246,0,0,0,0,0,0,0.119395,-0.346277,1.23879,0.883022,0.697435,1.61006,-0.875629,-0.196257,-0.268813,0.645578,0.219543,-0.675938,0.336755,0.0684071,-0.576625,6.4373e-05,6.97374e-05,0.000171661,0.099848,0.702245,-0.488673,0,0.670296,-0.719601,0.137872,-0.117765,-1.64454,0.0153425,-0.364351,0.0856155,-0.0440508,-0.789283,-2.83665,1.07681,-0.51389
0.98723,-0.15768,-0.00348455,-0.0223973,0.990507,-0.13629,-0.0114186,0.0137814,1,0,0,0,0.212953,-0.801614,-0.556423,-0.0495893,0.300551,0.816217,0.481345,-0.108469,1,0,0,0,1,0,0,0,0.891487,-0.06668,-0.212103,-0.394737,0.783418,0.518421,0.300289,-0.165297,0.912708,-0.336895,0.0461816,-0.226567,0.951987,0.189434,-0.0162493,-0.23994,0.783122,0.36106,-0.19556,0.467025,0.659733,-0.254363,0.254396,0.659799,0.555524,1.18754,0.183276,0.250559,0.0512994,-0.249129,0.451262,1.09211,0.0215392,0.221727,0.250166,-0.273791,0.226715,0.952726,-0.243615,0.121638,0.606082,-0.326856,0.0476925,0.8281,-0.415958,0.0301321,0.780967,-0.563818,-0.00755338,0.677986,-0.710193,0.0460818,0.679915,-0.996361,-0.0398993,0.383752,-0.675167,0.101411,0.556659,-1.2178,0.00851108,0.134629,-0.728854,-0.0622369,0.536781,-0.869513,-0.281408,-0.00551369,-0.0776061,-0.234786,-0.0195194,-0.0333082,0,0,0,-2.95609,-2.13332,1.81336,2.87925,1.90694,1.72128,0,0,0,0,0,0,0.0853313,-0.331067,1.20867,0.597628,0.650958,1.35067,-0.678347,-0.151965,-0.204806,0.521673,0.187724,-0.580286,0.253823,0.0515592,-0.434618,5.90086e-05,6.61612e-05,0.000171661,0.0978095,0.688774,-0.509443,0,0.634172,-0.749636,0.149736,-0.115977,-1.74038,0.0160368,-0.380777,0.0820135,-0.0273603,-0.770992,-2.67007,1.06585,-0.447297
0.986711,-0.160719,-0.00353698,-0.0236144,0.990175,-0.138754,-0.0116218,0.0128386,1,0,0,0,0.162652,-0.809603,-0.563164,-0.03055,0.255278,0.827973,0.491504,-0.087846,1,0,0,0,1,0,0,0,0.897943,-0.0660724,-0.217619,-0.376795,0.780742,0.522197,0.309198,-0.148824,0.909692,-0.343919,0.0444824,-0.228476,0.948884,0.19549,-0.0137484,-0.247413,0.78439,0.363712,-0.195147,0.462994,0.659731,-0.254362,0.254396,0.659801,0.602276,1.22563,0.0897354,0.242198,0.0582336,-0.245343,0.485675,1.11851,-0.0556497,0.218296,0.256531,-0.278419,0.240798,0.961932,-0.291385,0.124172,0.611308,-0.343658,0.0502819,0.827278,-0.440877,0.0270863,0.767928,-0.583377,-0.0166594,0.652446,-0.718208,0.0212819,0.617174,-0.99885,-0.0513837,0.365005,-0.666376,0.0575615,0.455186,-1.19818,-0.00920871,0.114716,-0.719902,-0.0781555,0.497536,-0.861502,-0.184775,-0.00319638,-0.0735828,-0.149238,-0.0123133,-0.0566664,0,0,0,-2.52944,-1.85814,1.51529,2.46447,1.71621,1.4797,0,0,0,0,0,0,0.0471407,-0.31283,1.17031,0.278109,0.596684,1.05704,-0.456419,-0.102141,-0.132862,0.381891,0.151613,-0.471666,0.160646,0.0326344,-0.27508,5.72205e-05,6.07967e-05,0.00015378,0.0960863,0.677264,-0.528128,0,0.599251,-0.776143,0.160344,-0.113091,-1.82994,0.0166244,-0.394658,0.0776803,-0.0246567,-0.747564,-2.48036,1.03198,-0.372267
0.986475,-0.161991,-0.00354711,-0.0247552,0.990065,-0.139651,-0.0116931,0.011472,1,0,0,0,0.120789,-0.814148,-0.56772,-0.0163628,0.216795,0.835532,0.499764,-0.0715667,1,0,0,0,1,0,0,0,0.903773,-0.0661293,-0.222765,-0.359439,0.780347,0.520956,0.3174,-0.137553,0.908316,-0.347144,0.0437053,-0.229223,0.946705,0.199048,-0.0119177,-0.252959,0.784835,0.364657,-0.195,0.461556,0.659729,-0.254361,0.254397,0.659803,0.643332,1.25415,-0.00332612,0.234945,0.0686393,-0.234056,0.51557,1.13855,-0.131959,0.215224,0.265367,-0.277605,0.252816,0.969633,-0.337963,0.126476,0.617696,-0.358638,0.0527024,0.827797,-0.464843,0.0244503,0.757916,-0.601495,-0.0241939,0.632426,-0.725219,0.000947114,0.567466,-0.996733,-0.0600629,0.351888,-0.65894,0.022896,0.377076,-1.17154,-0.0231286,0.1005,-0.711169,-0.0908946,0.466913,-0.853549,-0.0774577,-0.000627399,-0.0688747,-0.0542951,-0.00431629,-0.082238,0,0,0,-2.04939,-1.54774,1.18083,1.99777,1.49948,1.20772,1.37372e-13,0,0,3.61866e-13,-7.75367e-13,-6.29745e-13,0.00482529,-0.29157,1.12373,-0.0754917,0.534621,0.729138,-0.209842,-0.0467849,-0.0529852,0.226249,0.111212,-0.350078,0.0572455,0.0116274,-0.0980115,5.00679e-05,6.07967e-05,0.000150204,0.0949737,0.669068,-0.545167,1,0.566257,-0.799189,0.169399,-0.109333,-1.91224,0.0170923,-0.405679,0.072616,0.0155658,-0.718984,-2.26819,0.974656,-0.288824
0.986562,-0.161297,-0.00350441,-0.0258194,0.99022,-0.138697,-0.01167,0.00953817,1,0,0,0,0.0831201,-0.816499,-0.571308,-0.00529811,0.180441,0.840505,0.507671,-0.0571162,1,0.000169069,0,0,0.999999,0.000445363,-0.000954275,-0.000775052,0.909764,-0.0668676,-0.228322,-0.340188,0.783078,0.512736,0.326858,-0.130591,0.908879,-0.346171,0.043899,-0.228424,0.945376,0.200103,-0.0105915,-0.257119,0.784394,0.36372,-0.195081,0.463009,0.65972,-0.254379,0.254417,0.659798,0.683202,1.27674,-0.106592,0.229264,0.0854453,-0.212214,0.544198,1.15489,-0.216309,0.213078,0.278781,-0.270062,0.264053,0.976738,-0.389062,0.129118,0.625991,-0.373329,0.0553706,0.829358,-0.491014,0.0222304,0.74931,-0.620836,-0.030511,0.614929,-0.73305,-0.0164531,0.52435,-0.992992,-0.0663103,0.341711,-0.653452,-0.00558853,0.311912,-1.14145,-0.0340992,0.0892548,-0.703615,-0.101175,0.440353,-0.846372,0.0421339,0.00257991,-0.0640971,0.0578392,0.00142883,-0.116445,0,0,0,-1.7904,-1.42301,0.959258,1.79194,1.48987,1.10733,0.0101441,0,0,0.0267218,-0.0572565,-0.0465031,-0.037128,-0.314985,1.23758,-0.566465,0.591568,0.459856,0.0644338,0.0114595,0.0522476,0.0700262,0.0807249,-0.261285,-0.0567877,-0.00727862,0.098936,-0.00129998,0.00142157,-0.000193119,0.0947373,0.66292,-0.56328,0,0.531348,-0.821826,0.177356,-0.104003,-1.99739,0.0175313,-0.413805,0.0800472,0.0468153,-0.785139,-2.33732,1.02951,-0.199426
0.986976,-0.158615,-0.00340789,-0.0266047,0.990636,-0.135839,-0.0115957,0.0072789,1,0,0,0,0.0523667,-0.817068,-0.574154,0.00213972,0.148248,0.843119,0.514932,-0.0449195,1,0.000636491,0,0,0.999988,0.00167665,-0.00359254,-0.00291782,0.915432,-0.0681439,-0.233976,-0.320306,0.78886,0.497239,0.337627,-0.1283,0.91146,-0.340866,0.0450546,-0.225881,0.94503,0.198499,-0.0098508,-0.259651,0.783071,0.360951,-0.195329,0.467291,0.659697,-0.254431,0.254471,0.65978,0.717984,1.29201,-0.211532,0.226845,0.110114,-0.181532,0.568752,1.16665,-0.301803,0.212913,0.297731,-0.256317,0.273405,0.98303,-0.440621,0.132163,0.636273,-0.386493,0.0581783,0.832048,-0.517426,0.0208703,0.742916,-0.640078,-0.0347261,0.601236,-0.741545,-0.0291379,0.490597,-0.989773,-0.0692277,0.334882,-0.651101,-0.0254599,0.26296,-1.11409,-0.0408252,0.0815564,-0.699127,-0.107702,0.419513,-0.84136,0.162971,0.00584589,-0.0471027,0.173187,0.0045668,-0.136061,0,0,0,-1.41122,-1.21075,0.66973,1.50343,1.39827,0.965407,0.0280454,0,0,0.0738775,-0.158297,-0.128567,-0.0706704,-0.321361,1.26918,-1.07242,0.650559,0.166105,0.34728,0.0690202,0.169922,-0.0966105,0.0451952,-0.156627,-0.167776,-0.0223115,0.29198,-0.00369251,0.00382125,-0.000829697,0.0956337,0.659518,-0.581421,0,0.497271,-0.842436,0.183112,-0.0974356,-2.07891,0.0179471,-0.417514,0.084231,0.0807041,-0.792363,-2.23222,0.998878,-0.0678188
0.987669,-0.15415,-0.0032636,-0.0271636,0.991267,-0.131286,-0.0114661,0.00470512,1,0,0,0,0.0281306,-0.816498,-0.576625,0.00649738,0.120204,0.843875,0.521744,-0.0347745,0.999999,0.0013426,0,0,0.999946,0.00353663,-0.00757789,-0.00615469,0.92072,-0.0699267,-0.239685,-0.299892,0.796963,0.475184,0.3494,-0.130267,0.915746,-0.331657,0.0470814,-0.221801,0.945574,0.194508,-0.00964318,-0.260698,0.7809,0.356528,-0.195737,0.474099,0.659663,-0.254511,0.254552,0.659751,0.747483,1.30041,-0.316912,0.22864,0.14465,-0.143852,0.589159,1.17409,-0.387533,0.215401,0.323664,-0.237478,0.280877,0.98847,-0.492256,0.135768,0.648968,-0.398202,0.06109,0.835713,-0.544036,0.020365,0.73843,-0.659325,-0.0369518,0.5907,-0.750931,-0.0374835,0.464401,-0.988356,-0.0692874,0.330548,-0.651691,-0.0378466,0.22656,-1.09189,-0.0438933,0.0765021,-0.697495,-0.110786,0.403262,-0.838838,0.271195,0.0087409,-0.0333022,0.275754,0.00794481,-0.154971,0,0,0,-1.06405,-1.01362,0.406428,1.23003,1.30786,0.827243,0.0423664,0,0,0.111602,-0.239129,-0.194218,-0.10218,-0.325445,1.29448,-1.51676,0.69333,-0.10193,0.599955,0.120998,0.272681,-0.246153,0.0127998,-0.0610203,-0.267779,-0.0366157,0.46561,-0.0056076,0.0057435,-0.0013268,0.0976041,0.658566,-0.599758,0,0.463994,-0.861221,0.186831,-0.0900145,-2.15713,0.0183332,-0.417423,0.0873508,0.10996,-0.798281,-2.13977,0.961734,0.0453042
0.988583,-0.148107,-0.00307756,-0.0275487,0.99206,-0.125244,-0.011277,0.00182776,1,0,0,0,0.00991777,-0.815245,-0.578973,0.00823198,0.0962319,0.843189,0.528271,-0.0265002,0.999997,0.00222771,0,0,0.999852,0.00586799,-0.0125733,-0.0102119,0.925579,-0.0721838,-0.245406,-0.279051,0.806535,0.447269,0.361845,-0.136088,0.921387,-0.318959,0.0498899,-0.216385,0.94689,0.188398,-0.00991701,-0.260397,0.777894,0.35063,-0.196292,0.483124,0.659622,-0.25461,0.254654,0.659715,0.771756,1.30227,-0.421654,0.235206,0.190817,-0.101722,0.605534,1.17735,-0.472695,0.220964,0.357894,-0.215166,0.286546,0.99299,-0.543624,0.14005,0.664505,-0.408716,0.0640702,0.840199,-0.570799,0.0206655,0.735575,-0.678638,-0.0373745,0.582768,-0.76131,-0.0420267,0.444222,-0.989414,-0.066965,0.328067,-0.654925,-0.0440376,0.199698,-1.07597,-0.0438949,0.0734114,-0.69839,-0.110829,0.39068,-0.838892,0.366804,0.0112649,-0.0226955,0.365539,0.011563,-0.173175,0,0,0,-0.74888,-0.831603,0.169352,0.971746,1.21861,0.692842,0.0531071,0,0,0.139896,-0.299753,-0.243456,-0.131654,-0.327238,1.31346,-1.89952,0.719876,-0.344245,0.822465,0.16739,0.360527,-0.3786,-0.0164614,0.0255364,-0.3568,-0.0501922,0.619844,-0.00704348,0.00717938,-0.00170946,0.100549,0.659822,-0.618427,0,0.431464,-0.878344,0.188719,-0.0820685,-2.23231,0.018683,-0.414147,0.0894062,0.134583,-0.8029,-2.05887,0.920514,0.139955
0.989659,-0.14069,-0.00285581,-0.0278125,0.992961,-0.117924,-0.011024,-0.00134209,1,0,0,0,-0.0028259,-0.813612,-0.58135,0.00772618,0.0762071,0.841398,0.534644,-0.0199379,0.999995,0.00323217,0,0,0.999688,0.00851336,-0.0182415,-0.0148155,0.929966,-0.0748825,-0.251096,-0.25789,0.816682,0.414211,0.374607,-0.145363,0.928009,-0.303184,0.0533905,-0.20983,0.948847,0.180432,-0.0106213,-0.258883,0.774057,0.343437,-0.196982,0.494049,0.659575,-0.254723,0.254769,0.659674,0.791025,1.29782,-0.524793,0.246639,0.249888,-0.05828,0.618116,1.17648,-0.556578,0.22972,0.401421,-0.191465,0.290544,0.996493,-0.594418,0.145064,0.683255,-0.418482,0.0670835,0.845352,-0.597673,0.0216898,0.734096,-0.698043,-0.0362251,0.576974,-0.772686,-0.0433595,0.428803,-0.993191,-0.0627176,0.326961,-0.660437,-0.0452807,0.180008,-1.06658,-0.0413983,0.0717752,-0.701392,-0.108274,0.381027,-0.841429,0.449801,0.013418,-0.0152824,0.442541,0.0154212,-0.190672,0,0,0,-0.465703,-0.664741,-0.0414977,0.728545,1.13054,0.562205,0.0602676,0,0,0.158758,-0.340169,-0.276281,-0.159095,-0.326736,1.32613,-2.22068,0.730196,-0.560846,1.0148,0.208199,0.433461,-0.49395,-0.0425884,0.103043,-0.434834,-0.0630382,0.754656,-0.00800192,0.00813961,-0.0019598,0.104337,0.66307,-0.63755,0,0.39961,-0.893939,0.189018,-0.0738742,-2.30478,0.0189901,-0.408306,0.0903971,0.154574,-0.806213,-1.98863,0.877268,0.216129
0.990837,-0.132102,-0.00260437,-0.0280073,0.993914,-0.109532,-0.0107028,-0.00479323,1,0,0,0,-0.0106881,-0.811784,-0.583835,0.00530449,0.0599713,0.838771,0.540965,-0.0149512,0.999991,0.00429629,0,0,0.999448,0.0113153,-0.0242452,-0.0196917,0.93385,-0.0779896,-0.256711,-0.236519,0.826535,0.376779,0.387317,-0.15768,0.935239,-0.284749,0.0574927,-0.202339,0.951305,0.170874,-0.0117054,-0.256289,0.769393,0.335128,-0.197794,0.506558,0.659525,-0.254843,0.254891,0.65963,0.805623,1.28721,-0.625442,0.262558,0.322408,-0.017058,0.627226,1.17151,-0.63854,0.241465,0.45476,-0.168797,0.293041,0.998865,-0.644369,0.150793,0.70547,-0.428124,0.0700943,0.851016,-0.624614,0.0233329,0.733759,-0.717539,-0.0337594,0.572928,-0.784989,-0.0420712,0.417134,-0.999647,-0.056974,0.326878,-0.667819,-0.0426919,0.165697,-1.06342,-0.0369318,0.071218,-0.706022,-0.103581,0.373714,-0.846233,0.520184,0.0152002,-0.0110629,0.506762,0.0195197,-0.207464,0,0,0,-0.214512,-0.513003,-0.226121,0.500464,1.04364,0.435331,0.0638478,0,0,0.168189,-0.360376,-0.292694,-0.184502,-0.32395,1.33248,-2.48025,0.724298,-0.751727,1.17697,0.243425,0.491481,-0.592208,-0.0655811,0.171502,-0.501886,-0.0751555,0.870066,-0.00847936,0.00861704,-0.00208497,0.108807,0.668095,-0.657251,0,0.36835,-0.90811,0.187999,-0.0656595,-2.37481,0.0192481,-0.400514,0.0903241,0.16993,-0.808221,-1.92817,0.833674,0.273827
0.992059,-0.122549,-0.00232932,-0.0281856,0.994869,-0.10028,-0.0103093,-0.00851421,1,0,0,0,-0.0142749,-0.809862,-0.586445,0.00124954,0.047341,0.835514,0.547307,-0.0114252,0.999986,0.00536041,0,0,0.999141,0.0141165,-0.0302473,-0.0245665,0.937209,-0.0814714,-0.262211,-0.21505,0.835312,0.33582,0.399603,-0.172615,0.94272,-0.264083,0.0621043,-0.19412,0.954123,0.159988,-0.0131188,-0.252746,0.763913,0.325886,-0.198716,0.520333,0.659476,-0.254963,0.255013,0.659587,0.81594,1.27054,-0.722776,0.282176,0.408022,0.0182937,0.633229,1.16242,-0.717995,0.255711,0.517799,-0.14974,0.294227,0.999981,-0.693237,0.157136,0.73122,-0.438399,0.0730672,0.857038,-0.651578,0.0254726,0.734352,-0.737102,-0.0302455,0.570296,-0.798096,-0.0387236,0.408407,-1.00854,-0.0501338,0.327565,-0.676637,-0.0372346,0.155423,-1.06586,-0.0309828,0.0714662,-0.711759,-0.0972043,0.368269,-0.852993,0.577954,0.0166114,-0.0100368,0.558202,0.0238581,-0.223549,0,0,0,0.00464916,-0.376385,-0.384518,0.287504,0.95791,0.312222,0.0638478,0,0,0.168189,-0.360376,-0.292694,-0.207875,-0.318866,1.33252,-2.67822,0.702175,-0.916896,1.30897,0.273066,0.534586,-0.673369,-0.0854395,0.23091,-0.55795,-0.0865441,0.966064,-0.00848293,0.00861704,-0.00209212,0.113775,0.674652,-0.677645,0,0.337597,-0.92094,0.185954,-0.0576072,-2.44271,0.0194504,-0.391389,0.0891866,0.180657,-0.808927,-1.8768,0.79113,0.313054
0.993273,-0.112237,-0.00203673,-0.0284,0.995781,-0.0903766,-0.00983913,-0.0124933,1,0,0,0,-0.0141985,-0.807885,-0.589154,-0.00418297,0.0381153,0.831782,0.553714,-0.00926504,0.99998,0.00636485,0,0,0.998789,0.0167597,-0.0359109,-0.0291665,0.940032,-0.0852939,-0.267552,-0.193598,0.842371,0.292257,0.411097,-0.189726,0.950126,-0.241631,0.0671312,-0.185389,0.957167,0.148039,-0.0148108,-0.248387,0.757645,0.315896,-0.199736,0.53506,0.659429,-0.255076,0.255128,0.659545,0.822399,1.24793,-0.816025,0.304422,0.505406,0.0443192,0.636503,1.14918,-0.794412,0.27176,0.589725,-0.136816,0.294298,0.999716,-0.740818,0.163932,0.760347,-0.450133,0.0759667,0.863263,-0.678522,0.0279755,0.735675,-0.756689,-0.0259568,0.568795,-0.811839,-0.0338438,0.401962,-1.01952,-0.0425704,0.328841,-0.686439,-0.0297357,0.148183,-1.07307,-0.0239988,0.0723237,-0.71805,-0.0895884,0.364311,-0.861333,0.623111,0.0176515,-0.0122048,0.596859,0.0284368,-0.238928,0,0,0,0.191853,-0.254917,-0.516688,0.089643,0.873359,0.192874,0.0602675,0,0,0.158757,-0.340168,-0.276281,-0.229212,-0.311494,1.32624,-2.8146,0.663825,-1.05634,1.4108,0.297123,0.562778,-0.737433,-0.102164,0.281267,-0.603027,-0.097205,1.04265,-0.00800371,0.00813782,-0.00196338,0.119038,0.68245,-0.698828,0,0.307257,-0.932496,0.18319,-0.0498575,-2.50878,0.0195905,-0.381548,0.0869851,0.18675,-0.808327,-1.83395,0.750831,0.333811
0.994433,-0.101373,-0.00173274,-0.0287032,0.996609,-0.0800344,-0.00928822,-0.0167187,1,0,0,0,-0.0110713,-0.805858,-0.591908,-0.0107511,0.0320811,0.827686,0.560211,-0.00839389,0.999974,0.00724994,0,0,0.998428,0.0190881,-0.0408998,-0.0332184,0.942317,-0.0894228,-0.272695,-0.172278,0.847248,0.247091,0.42145,-0.208556,0.957172,-0.217858,0.0724772,-0.176372,0.960311,0.135297,-0.0167302,-0.243348,0.750637,0.305342,-0.200844,0.550429,0.659387,-0.255176,0.255229,0.659509,0.825418,1.21954,-0.904471,0.328111,0.612297,0.0580669,0.637413,1.13179,-0.867306,0.288824,0.669028,-0.132261,0.293442,0.997946,-0.786934,0.170977,0.792439,-0.464143,0.0787573,0.869536,-0.705403,0.0307,0.737543,-0.776239,-0.0211677,0.568176,-0.826022,-0.0279274,0.397252,-1.03212,-0.0346361,0.330583,-0.696764,-0.020915,0.143203,-1.08407,-0.0163946,0.0736574,-0.724321,-0.0811659,0.361525,-0.870832,0.655653,0.0183208,-0.0175661,0.622735,0.0332554,-0.253602,0,0,0,0.347028,-0.148559,-0.622634,-0.093112,0.789975,0.0772901,0.0531069,0,0,0.139895,-0.299752,-0.243455,-0.248518,-0.301829,1.31366,-2.88938,0.609258,-1.17008,1.48246,0.315598,0.57606,-0.784402,-0.115754,0.322573,-0.637123,-0.107135,1.09984,-0.00704884,0.00717759,-0.00172019,0.124388,0.691142,-0.720857,0,0.277237,-0.942827,0.180029,-0.0425108,-2.57331,0.0196619,-0.371608,0.0837187,0.188211,-0.806431,-1.79913,0.713771,0.336095
0.995499,-0.0901666,-0.00142351,-0.0291481,0.997322,-0.0694658,-0.00865243,-0.0211782,1,0,0,0,-0.00550045,-0.803772,-0.594633,-0.0182157,0.0290164,0.8233,0.566797,-0.0087511,0.999968,0.00795603,0,0,0.998108,0.0209449,-0.0448784,-0.0364498,0.944072,-0.0938234,-0.2776,-0.151206,0.849691,0.201381,0.43034,-0.228646,0.963626,-0.193245,0.0780445,-0.167301,0.963442,0.122036,-0.0188258,-0.237765,0.742961,0.294413,-0.202031,0.566139,0.659353,-0.255255,0.25531,0.659481,0.825394,1.18557,-0.987467,0.352135,0.72565,0.05735,0.63629,1.11027,-0.936242,0.30615,0.753583,-0.13782,0.291833,0.994552,-0.831433,0.178067,0.826831,-0.481156,0.0814036,0.875704,-0.732177,0.0334994,0.739783,-0.795683,-0.0161509,0.568218,-0.840421,-0.0214437,0.393793,-1.04583,-0.0266657,0.332712,-0.707139,-0.0114157,0.139854,-1.09781,-0.00855711,0.0753882,-0.72998,-0.072357,0.359643,-0.881033,0.675582,0.0186191,-0.0261215,0.63583,0.0383143,-0.267568,0,0,0,0.470223,-0.0573528,-0.70235,-0.260754,0.707771,-0.0345306,0.0423662,0,0,0.111601,-0.239127,-0.194217,-0.265788,-0.289873,1.29475,-2.90257,0.538464,-1.25809,1.52396,0.328486,0.574423,-0.814276,-0.126209,0.354833,-0.660231,-0.116339,1.13761,-0.00561476,0.00573456,-0.00134468,0.129619,0.700328,-0.743728,0,0.247438,-0.95197,0.1768,-0.0356299,-2.6366,0.0196582,-0.362185,0.0793882,0.185038,-0.803221,-1.77203,0.680866,0.319911
0.996443,-0.0788269,-0.00111521,-0.0297878,0.997898,-0.0588842,-0.00792772,-0.0258595,1,0,0,0,0.00191577,-0.801618,-0.597253,-0.0263315,0.0286934,0.81867,0.573454,-0.0102898,0.999965,0.00842343,0,0,0.997879,0.0221737,-0.0475113,-0.0385882,0.945316,-0.0984614,-0.282228,-0.130499,0.84967,0.156219,0.43748,-0.249536,0.969314,-0.168292,0.0837341,-0.158421,0.966466,0.108531,-0.0210457,-0.231779,0.734716,0.283297,-0.203292,0.581899,0.659331,-0.255307,0.255364,0.659462,0.822679,1.1463,-1.06445,0.375627,0.841878,0.0409262,0.633414,1.0847,-1.00085,0.32314,0.840812,-0.1546,0.289614,0.989428,-0.874187,0.185034,0.86264,-0.501736,0.08387,0.881612,-0.758801,0.0362246,0.742228,-0.814939,-0.0111767,0.568725,-0.854799,-0.0148436,0.391146,-1.0601,-0.0189802,0.33519,-0.717089,-0.00183292,0.137577,-1.11322,-0.00085194,0.0774907,-0.734428,-0.0635712,0.358432,-0.891458,0.682897,0.0185464,-0.03787,0.636141,0.0436132,-0.280829,0,0,0,0.561404,0.0187325,-0.755842,-0.413282,0.626739,-0.142586,0.028045,0,0,0.0738767,-0.158295,-0.128566,-0.281024,-0.275624,1.26954,-2.85415,0.451448,-1.32038,1.53528,0.335791,0.557876,-0.827053,-0.133531,0.378039,-0.672356,-0.124811,1.15597,-0.00370324,0.0038141,-0.000844002,0.13454,0.709567,-0.767361,0,0.217762,-0.95995,0.173839,-0.0292409,-2.69895,0.0195729,-0.353897,0.0739939,0.177235,-0.798714,-1.75234,0.652936,0.285247
0.997243,-0.067565,-0.000814077,-0.0306751,0.998324,-0.0485038,-0.0071101,-0.0307501,1,0,0,0,0.0105915,-0.799403,-0.599691,-0.0348415,0.0308803,0.813822,0.580148,-0.0129744,0.999963,0.00859249,0,0,0.997793,0.0226181,-0.0484635,-0.0393616,0.946078,-0.103302,-0.286541,-0.110271,0.847382,0.112706,0.442626,-0.270785,0.97412,-0.14351,0.0894468,-0.149981,0.969306,0.0950637,-0.0233377,-0.225532,0.726033,0.27218,-0.204623,0.597431,0.659322,-0.255326,0.255384,0.659456,0.81756,1.10211,-1.13498,0.398074,0.957157,0.00856977,0.628995,1.05521,-1.06081,0.339443,0.927886,-0.182981,0.286893,0.982475,-0.91509,0.19178,0.898819,-0.526219,0.0861212,0.887105,-0.785231,0.0387257,0.744724,-0.833919,-0.00651038,0.569518,-0.868903,-0.00856394,0.388895,-1.07433,-0.0118869,0.33802,-0.726136,0.00726864,0.135846,-1.12914,0.00637645,0.0799985,-0.737066,-0.0552074,0.357691,-0.901613,0.677601,0.0181028,-0.0528125,0.623673,0.0491525,-0.293384,0,0,0,0.620599,0.0796866,-0.78311,-0.550718,0.546881,-0.246879,0.010144,0,0,0.0267215,-0.0572553,-0.0465019,-0.294226,-0.259085,1.23801,-2.74416,0.348206,-1.35697,1.51644,0.337514,0.526415,-0.822738,-0.137718,0.392199,-0.673495,-0.132555,1.15493,-0.00131249,0.00141263,-0.000225306,0.138984,0.718402,-0.791594,0,0.188112,-0.96678,0.171484,-0.0233342,-2.76065,0.0193995,-0.34736,0.0675344,0.164797,-0.792904,-1.73979,0.630774,0.232107
0.997889,-0.0565925,-0.000526319,-0.0318634,0.998595,-0.0385392,-0.00619564,-0.0358377,1,0,0,0,0.0199555,-0.797155,-0.601877,-0.0434724,0.0353416,0.808767,0.586827,-0.0167789,0.999965,0.00840353,0,0,0.997889,0.0221214,-0.0473993,-0.0384972,0.946393,-0.108312,-0.290505,-0.0906392,0.843231,0.0719268,0.445577,-0.291974,0.977991,-0.11942,0.0950836,-0.142235,0.971903,0.0819171,-0.0256494,-0.21917,0.717067,0.261249,-0.206024,0.612469,0.659329,-0.255303,0.255363,0.659466,0.810238,1.05342,-1.19873,0.41938,1.06773,-0.038961,0.62316,1.02195,-1.11589,0.354996,1.01195,-0.222619,0.283733,0.973608,-0.954052,0.198304,0.93424,-0.55469,0.0881216,0.89203,-0.811424,0.0408543,0.747123,-0.852528,-0.00241188,0.570442,-0.882473,-0.00303349,0.386635,-1.08793,-0.00567683,0.34125,-0.733804,0.0153392,0.134132,-1.14444,0.0128043,0.0830151,-0.737299,-0.047654,0.357248,-0.910991,0.65969,0.0172882,-0.0709485,0.598422,0.0549316,-0.305233,0,0,0,0.647793,0.125506,-0.784148,-0.673034,0.468196,-0.347409,-0.0113377,0,0,-0.0298659,0.063993,0.0519741,-0.305395,-0.240254,1.20017,-2.57256,0.228749,-1.36783,1.46743,0.333651,0.480041,-0.801325,-0.138771,0.397307,-0.66365,-0.139571,1.13447,0.00155926,-0.00146627,0.000532866,0.142813,0.726384,-0.816179,0,0.158388,-0.972456,0.170071,-0.0178642,-2.822,0.0191314,-0.343192,0.0600117,0.147729,-0.785785,-1.73423,0.615231,0.160472
0.998377,-0.0461213,-0.000258172,-0.0334057,0.998714,-0.0292049,-0.00518047,-0.0411098,1,0,0,0,0.0294524,-0.79493,-0.603756,-0.0519332,0.0418397,0.803505,0.59343,-0.0216836,0.99997,0.0077969,0,0,0.998182,0.0205265,-0.0439819,-0.0357216,0.946308,-0.113457,-0.294083,-0.0717158,0.837804,0.0349284,0.446173,-0.312721,0.980931,-0.0965481,0.100547,-0.135441,0.97422,0.0693769,-0.027928,-0.212842,0.708002,0.250689,-0.207495,0.626765,0.659355,-0.255234,0.255295,0.659494,0.800818,1.0007,-1.25552,0.439848,1.17016,-0.100053,0.615944,0.985156,-1.16593,0.370028,1.09035,-0.272509,0.280149,0.96275,-0.991005,0.204699,0.967767,-0.586977,0.0898357,0.896231,-0.837336,0.0424653,0.749291,-0.870667,0.00086735,0.571364,-0.89524,0.00132497,0.383982,-1.10026,-0.000618467,0.344985,-0.73963,0.0218383,0.131907,-1.15792,0.0181355,0.0867288,-0.734557,-0.0412866,0.356966,-0.91908,0.629166,0.0161027,-0.092278,0.56039,0.0609509,-0.316376,0,0,0,0.642993,0.156194,-0.758964,-0.780237,0.390683,-0.444177,-0.036399,0,0,-0.0958836,0.205448,0.166863,-0.31453,-0.219131,1.15602,-2.33937,0.0930637,-1.35298,1.38825,0.324206,0.418754,-0.76282,-0.13669,0.393366,-0.642822,-0.145858,1.09462,0.00490308,-0.00482798,0.00140548,0.145915,0.733099,-0.840797,0,0.128492,-0.976959,0.169938,-0.0127488,-2.88329,0.0187623,-0.342008,0.0514242,0.126026,-0.777368,-1.73537,0.607192,0.0703287
0.998713,-0.0363635,-1.58699e-05,-0.0353553,0.998693,-0.0207155,-0.00406075,-0.046554,1,0,0,0,0.0385442,-0.792813,-0.605286,-0.0599159,0.0501356,0.798035,0.599884,-0.0276739,0.999977,0.00671291,0,0,0.998653,0.0176754,-0.037873,-0.03076,0.945876,-0.118704,-0.297242,-0.053613,0.831822,0.00270922,0.444285,-0.332679,0.982989,-0.075421,0.10574,-0.129858,0.976236,0.0577307,-0.0301208,-0.206698,0.699048,0.240682,-0.209042,0.640083,0.659402,-0.25511,0.255172,0.659541,0.789291,0.944482,-1.30536,0.460124,1.26156,-0.172435,0.607281,0.945064,-1.21087,0.385017,1.16074,-0.331117,0.276103,0.949831,-1.02589,0.211155,0.998334,-0.622681,0.0912281,0.899554,-0.862924,0.0434202,0.751107,-0.888236,0.00308814,0.572181,-0.906934,0.00409317,0.380583,-1.11067,0.00305496,0.349396,-0.743168,0.0262324,0.128666,-1.16842,0.0221155,0.0914327,-0.728312,-0.0364625,0.356756,-0.925366,0.586029,0.0145461,-0.116802,0.509575,0.0672103,-0.326812,0,0,0,0.606186,0.171751,-0.707545,-0.87234,0.314344,-0.537178,-0.0650413,0,0,-0.171332,0.367113,0.298165,-0.321629,-0.195721,1.10555,-2.04459,-0.0588477,-1.3124,1.2789,0.309175,0.342552,-0.707214,-0.131475,0.380373,-0.611002,-0.151414,1.03534,0.0087297,-0.0086689,0.00240326,0.148202,0.738191,-0.86507,0,0.0983261,-0.980249,0.171412,-0.00786744,-2.94483,0.0182855,-0.344427,0.0417718,0.0996923,-0.767645,-1.74298,0.60769,-0.0383384
0.998907,-0.0275311,0.000194364,-0.0377653,0.998546,-0.013285,-0.00283265,-0.0521581,1,0,0,0,0.0467085,-0.790916,-0.606439,-0.0670971,0.0599881,0.792356,0.606107,-0.0347377,0.999987,0.00509188,0,0,0.999225,0.0134097,-0.0287328,-0.0233365,0.945156,-0.124019,-0.299951,-0.0364411,0.826092,-0.0237826,0.439802,-0.351539,0.984258,-0.0565632,0.110569,-0.125744,0.977944,0.0472665,-0.0321751,-0.200888,0.690434,0.231406,-0.210672,0.652204,0.659474,-0.254925,0.254988,0.659612,0.775529,0.88528,-1.34839,0.481091,1.33966,-0.25341,0.596997,0.901951,-1.25075,0.400619,1.22124,-0.396544,0.2715,0.934796,-1.05867,0.217928,1.02499,-0.661221,0.0922633,0.901845,-0.888145,0.04359,0.752463,-0.905132,0.00402969,0.572831,-0.917285,0.00485882,0.376143,-1.11849,0.0051646,0.35474,-0.744014,0.0279993,0.123971,-1.17472,0.0245549,0.0975447,-0.718104,-0.0335123,0.356596,-0.929339,0.530279,0.0126187,-0.144518,0.445983,0.0737099,-0.336543,0,0,0,0.537386,0.172176,-0.629912,-0.949337,0.239185,-0.626419,-0.0972634,0,0,-0.256213,0.548984,0.445879,-0.326695,-0.170013,1.04877,-1.68822,-0.226976,-1.24612,1.13938,0.288563,0.251437,-0.634519,-0.123125,0.358334,-0.568206,-0.156245,0.956662,0.0130355,-0.0129908,0.00352979,0.149608,0.741384,-0.888586,0,0.0677974,-0.982259,0.174816,-0.00305943,-3.00691,0.0176947,-0.351064,0.0310564,0.0687271,-0.756621,-1.75663,0.617889,-0.165557
0.998975,-0.0198358,0.000366314,-0.040689,0.998295,-0.00712736,-0.00149235,-0.0579099,1,0,0,0,0.0534359,-0.78937,-0.607198,-0.0731421,0.0711559,0.786473,0.612013,-0.0428633,0.999996,0.00287414,0,0,0.999753,0.00757048,-0.0162212,-0.0131747,0.944214,-0.129372,-0.302177,-0.0203082,0.821439,-0.0436372,0.432617,-0.369021,0.984851,-0.0404947,0.114942,-0.123358,0.979352,0.0382728,-0.0340382,-0.195567,0.682407,0.223036,-0.212395,0.662921,0.659573,-0.254673,0.254736,0.659708,0.759279,0.823614,-1.38493,0.503763,1.40283,-0.340093,0.584813,0.856105,-1.28568,0.417584,1.27042,-0.466699,0.266191,0.917596,-1.0893,0.225316,1.04693,-0.701904,0.0929058,0.902949,-0.912955,0.0428603,0.753274,-0.921255,0.00349894,0.573298,-0.92603,0.00322078,0.370459,-1.12303,0.00561413,0.361372,-0.741822,0.0266378,0.117523,-1.17559,0.0253636,0.105624,-0.70358,-0.0327239,0.35655,-0.930501,0.461912,0.0103202,-0.175429,0.369603,0.0804494,-0.345567,0,0,0,0.436592,0.157474,-0.526047,-1.01121,0.165192,-0.711893,-0.133066,0,0,-0.350524,0.751063,0.610007,-0.329729,-0.142016,0.985668,-1.27023,-0.411333,-1.15411,0.969688,0.262363,0.145411,-0.544722,-0.11164,0.327244,-0.514419,-0.160343,0.858571,0.0178152,-0.017792,0.00477791,0.150078,0.742486,-0.910921,0,0.0368189,-0.982892,0.180455,0.00187926,-3.06982,0.0169833,-0.362537,0.0192752,0.0331253,-0.744291,-1.77577,0.639159,-0.311355
0.998932,-0.0134889,0.000493778,-0.0441794,0.99796,-0.00245568,-3.60195e-05,-0.0637975,1,0,0,0,0.0582246,-0.788319,-0.607556,-0.07771,0.0833968,0.780396,0.61751,-0.0520382,1,0,0,0,1,0,0,0,0.943117,-0.134731,-0.30389,-0.00532026,0.818632,-0.0559638,0.422601,-0.38486,0.98489,-0.0277294,0.118767,-0.122954,0.980473,0.0310375,-0.0356576,-0.190887,0.675225,0.215744,-0.214223,0.672037,0.659701,-0.254346,0.254409,0.659833,0.740157,0.759972,-1.41548,0.529176,1.44997,-0.429631,0.570343,0.807826,-1.31588,0.436679,1.30726,-0.539475,0.259969,0.898201,-1.11778,0.233623,1.06348,-0.743993,0.0931202,0.902712,-0.93731,0.0411371,0.753477,-0.936507,0.00134477,0.573631,-0.932916,-0.00119668,0.363476,-1.12357,0.00443014,0.369755,-0.736337,0.0216943,0.109254,-1.16978,0.0246012,0.11638,-0.684547,-0.034319,0.356791,-0.92838,0.380934,0.00765089,-0.209533,0.280444,0.0874294,-0.353885,0,0,0,0.303812,0.127645,-0.395953,-1.05799,0.0923717,-0.79361,-0.172449,0,0,-0.454266,0.973352,0.790546,-0.330727,-0.11173,0.916259,-0.790677,-0.611905,-1.0364,0.769833,0.230583,0.0244689,-0.437839,-0.0970231,0.287099,-0.449648,-0.163715,0.741069,0.0230795,-0.0230706,0.00616193,0.149573,0.741402,-0.931668,1,0.00531436,-0.98201,0.188618,0.00719923,-3.13387,0.0161449,-0.379463,0.00643104,-0.00710428,-0.730655,-1.79963,0.673102,-0.475772
0.998765,-0.00759938,0.000589807,-0.0491058,0.99747,0.00124727,0.00186215,-0.0710524,1,0,0,0,0.0613411,-0.787765,-0.607512,-0.0811979,0.0992268,0.772782,0.623552,-0.0643878,0.999991,-0.0042955,0,0,0.999448,-0.0113132,0.0242407,0.0196881,0.941658,-0.141178,-0.30532,0.0113066,0.817998,-0.0611946,0.407017,-0.401834,0.984401,-0.0166557,0.122661,-0.125023,0.981511,0.0246234,-0.0372816,-0.18612,0.667783,0.20836,-0.216566,0.680993,0.659892,-0.253857,0.25392,0.660018,0.714707,0.686294,-1.4418,0.562051,1.48215,-0.528186,0.550906,0.750967,-1.34318,0.461375,1.33242,-0.62001,0.251721,0.874091,-1.14605,0.244255,1.07457,-0.790623,0.0928402,0.900705,-0.963229,0.037807,0.752975,-0.95261,-0.00330815,0.573954,-0.939596,-0.00948013,0.355553,-1.12176,0.000461483,0.380526,-0.728544,0.0119359,0.0997586,-1.15916,0.0210121,0.130884,-0.661616,-0.0392686,0.357631,-0.924652,0.353472,0.00576578,-0.295851,0.222341,0.113986,-0.436286,0,0,0,0.184844,0.107664,-0.303217,-1.32166,0.0247836,-1.0526,-0.257731,0,0,-0.678918,1.45471,1.1815,-0.39865,-0.0967973,1.01731,-0.335219,-0.989991,-1.09079,0.667626,0.236068,-0.125998,-0.387888,-0.0972938,0.291801,-0.456926,-0.200985,0.739256,0.0344789,-0.0344968,0.00916243,0.147716,0.737478,-0.952969,0,-0.0280829,-0.978952,0.201704,0.0134353,-3.20204,0.0149767,-0.406848,-0.00840135,-0.0602138,-0.777583,-1.90231,0.751054,-0.789414
0.998456,-0.00207757,0.000656203,-0.0554985,0.996799,0.00405012,0.00421876,-0.0797331,1,0,0,0,0.0631183,-0.787696,-0.607073,-0.0837453,0.11876,0.763206,0.630057,-0.0802561,0.99995,-0.010043,0,0,0.996985,-0.0264292,0.0566297,0.045994,0.939722,-0.148769,-0.30645,0.0296354,0.819243,-0.05952,0.385644,-0.42021,0.983423,-0.00708852,0.126678,-0.129543,0.982498,0.0189139,-0.0389421,-0.181174,0.659974,0.20079,-0.219436,0.689902,0.660147,-0.253204,0.253266,0.660265,0.682252,0.607333,-1.46091,0.600774,1.49553,-0.627873,0.52594,0.689316,-1.36464,0.490375,1.3428,-0.701847,0.241259,0.847035,-1.17153,0.256639,1.07856,-0.837993,0.0920558,0.896925,-0.98872,0.0328998,0.751821,-0.968833,-0.0104066,0.574325,-0.946832,-0.0212432,0.348383,-1.12007,-0.00641061,0.392581,-0.720868,-0.00212574,0.0912341,-1.14831,0.0142157,0.147917,-0.639341,-0.0474901,0.359119,-0.921871,0.331432,0.00398944,-0.384065,0.168367,0.141573,-0.522355,0,0,0,0.0826049,0.0987232,-0.223016,-1.60978,-0.0504076,-1.32792,-0.344859,0,0,-0.908432,1.94649,1.58092,-0.470534,-0.0815874,1.12283,0.10878,-1.37754,-1.16255,0.576892,0.244745,-0.275221,-0.345076,-0.0994684,0.302244,-0.470234,-0.240256,0.747467,0.0461251,-0.046168,0.0122416,0.14431,0.730853,-0.973832,0,-0.0594786,-0.973535,0.219724,0.0203403,-3.26668,0.0134667,-0.444799,-0.0235297,-0.113395,-0.764732,-1.78459,0.759718,-1.11055
0.998002,0.00307946,0.000695972,-0.0631104,0.995938,0.0060421,0.00695672,-0.089572,1,0,0,0,0.0640703,-0.788037,-0.606276,-0.085568,0.141336,0.751509,0.636693,-0.0994029,0.999855,-0.0170147,0,0,0.991354,-0.0446932,0.0957636,0.0777782,0.937256,-0.157282,-0.307249,0.0491129,0.821572,-0.0517493,0.359178,-0.439696,0.982017,0.00108983,0.130768,-0.136168,0.983442,0.0138455,-0.0406357,-0.176065,0.651877,0.193126,-0.222735,0.698676,0.660456,-0.25241,0.252471,0.660564,0.641735,0.526444,-1.47344,0.643066,1.49182,-0.728019,0.49456,0.625594,-1.38068,0.521941,1.3397,-0.784375,0.228163,0.81826,-1.19438,0.270123,1.07601,-0.885829,0.0908134,0.891616,-1.01382,0.0267685,0.750185,-0.98513,-0.019377,0.574851,-0.954526,-0.0359962,0.342141,-1.11857,-0.0149457,0.406237,-0.71354,-0.0198671,0.0839416,-1.13758,0.00539673,0.167947,-0.618275,-0.0582064,0.361295,-0.919912,0.309609,0.00239369,-0.457526,0.119751,0.164573,-0.592513,0,0,0,0.00996351,0.103644,-0.160772,-1.86606,-0.129404,-1.56858,-0.418339,0,0,-1.102,2.36123,1.91777,-0.529457,-0.0648504,1.19526,0.499339,-1.71058,-1.22129,0.493462,0.250508,-0.403555,-0.306155,-0.101437,0.311708,-0.478057,-0.272683,0.748554,0.0559491,-0.0560117,0.0148237,0.139358,0.722159,-0.994239,0,-0.0890838,-0.965828,0.241738,0.0283359,-3.32847,0.0116656,-0.491599,-0.0372722,-0.159273,-0.752869,-1.67868,0.788377,-1.38026
0.997395,0.00787474,0.000712126,-0.0716941,0.99488,0.00731267,0.00999884,-0.100301,1,0,0,0,0.064704,-0.788702,-0.605155,-0.086887,0.166277,0.737547,0.643116,-0.12157,0.999688,-0.0249824,0,0,0.981389,-0.0654071,0.140147,0.113826,0.934247,-0.166498,-0.30769,0.0691859,0.8241,-0.0386832,0.328323,-0.459964,0.980229,0.00799888,0.134884,-0.144546,0.984349,0.00935459,-0.0423591,-0.17081,0.643576,0.185456,-0.226363,0.707231,0.660807,-0.251503,0.251563,0.660906,0.592874,0.446842,-1.48012,0.686128,1.47298,-0.828262,0.456491,0.562434,-1.39178,0.553936,1.32468,-0.867216,0.212267,0.78896,-1.21478,0.283863,1.06759,-0.933953,0.0891592,0.885021,-1.03855,0.0197897,0.748241,-1.00145,-0.0296056,0.575648,-0.962577,-0.0531275,0.337001,-1.11732,-0.0238845,0.421734,-0.706853,-0.040528,0.0781002,-1.1273,-0.00421779,0.191319,-0.598999,-0.0705845,0.364216,-0.918656,0.288004,0.000978531,-0.516232,0.0764929,0.182987,-0.64676,0,0,0,-0.0330806,0.122409,-0.116491,-2.09051,-0.212227,-1.77459,-0.478173,0,0,-1.25961,2.69895,2.19206,-0.575422,-0.0465864,1.23461,0.836464,-1.98913,-1.26703,0.417336,0.253355,-0.511002,-0.271126,-0.103198,0.320191,-0.480391,-0.298269,0.742539,0.0639474,-0.0640297,0.0169337,0.132912,0.712039,-1.01422,0,-0.117112,-0.955872,0.266779,0.0377196,-3.38811,0.00962436,-0.545532,-0.0496278,-0.197849,-0.742003,-1.58432,0.833614,-1.59846
0.996638,0.0123114,0.000707683,-0.0810018,0.993627,0.00795144,0.0132679,-0.111653,1,0,0,0,0.0655226,-0.789604,-0.60374,-0.0879259,0.192909,0.721221,0.648979,-0.146465,0.999431,-0.0337179,0,0,0.966179,-0.0878334,0.1882,0.152854,0.930733,-0.176202,-0.307755,0.0893037,0.825945,-0.0211363,0.293823,-0.480662,0.978099,0.0137593,0.138978,-0.154329,0.985221,0.00537727,-0.0441088,-0.165425,0.635167,0.17787,-0.230224,0.715487,0.66119,-0.250508,0.250566,0.661279,0.536229,0.371447,-1.48179,0.726997,1.44131,-0.928368,0.412139,0.502249,-1.39854,0.584106,1.29955,-0.950089,0.193682,0.760239,-1.233,0.296946,1.05411,-0.982235,0.0871392,0.877384,-1.06295,0.0123482,0.74615,-1.01775,-0.0404637,0.576817,-0.970889,-0.0719465,0.333101,-1.11634,-0.0319934,0.439174,-0.701163,-0.0632659,0.0738502,-1.11779,-0.0133748,0.21819,-0.582081,-0.0837699,0.367919,-0.917991,0.266616,-0.000256053,-0.560183,0.0385918,0.196816,-0.685095,0,0,0,-0.0465059,0.155028,-0.0901642,-2.28312,-0.298873,-1.94593,-0.524359,0,0,-1.38127,2.95964,2.40379,-0.608428,-0.0267935,1.24087,1.12015,-2.21316,-1.29976,0.348516,0.253287,-0.597558,-0.239987,-0.104753,0.327701,-0.477235,-0.31701,0.729411,0.0701165,-0.0702184,0.0185537,0.125105,0.701125,-1.03382,0,-0.143776,-0.943717,0.293864,0.0486877,-3.44628,0.00739389,-0.604881,-0.0605978,-0.229116,-0.732114,-1.5008,0.893291,-1.76514
0.995735,0.0163926,0.000685667,-0.0907865,0.992189,0.00804816,0.0166869,-0.123361,1,0,0,0,0.0670271,-0.790652,-0.602056,-0.0889099,0.220582,0.702498,0.65395,-0.173754,0.999075,-0.0429927,0,0,0.945196,-0.11121,0.238288,0.193535,0.926802,-0.186181,-0.307427,0.108921,0.82631,4.87403e-05,0.256478,-0.501429,0.975668,0.0184925,0.143002,-0.165167,0.98606,0.00184963,-0.0458813,-0.159927,0.626751,0.170456,-0.234225,0.723372,0.661594,-0.24945,0.249507,0.661676,0.473168,0.302698,-1.47933,0.762885,1.39947,-1.02811,0.36257,0.44708,-1.40164,0.610346,1.26644,-1.03272,0.172794,0.733055,-1.2493,0.308496,1.03653,-1.03056,0.0847998,0.868948,-1.08706,0.00482374,0.744046,-1.03398,-0.0513279,0.57842,-0.979371,-0.0917223,0.330515,-1.11566,-0.0381162,0.458487,-0.696869,-0.0872121,0.0712307,-1.10934,-0.0208174,0.248497,-0.568036,-0.0969135,0.372398,-0.917816,0.245445,-0.00131006,-0.589381,0.00604816,0.206058,-0.707519,0,0,0,-0.0303555,0.201498,-0.0817993,-2.44391,-0.389332,-2.08261,-0.556897,0,0,-1.46699,3.1433,2.55296,-0.628476,-0.00546992,1.21405,1.3504,-2.3827,-1.31947,0.286999,0.250303,-0.663225,-0.212739,-0.106101,0.334227,-0.468594,-0.328912,0.709158,0.0744671,-0.0745833,0.0196946,0.11616,0.690013,-1.0531,0,-0.169291,-0.929456,0.322007,0.0613533,-3.50366,0.00502504,-0.667931,-0.0701822,-0.253083,-0.723224,-1.42708,0.966218,-1.88028
0.994703,0.0201218,0.000649103,-0.100801,0.990589,0.00769266,0.0201789,-0.135158,1,0,0,0,0.0697169,-0.791755,-0.600126,-0.0900654,0.248688,0.681421,0.657715,-0.203055,0.998617,-0.0525782,0,0,0.918384,-0.134775,0.288782,0.234546,0.922591,-0.196229,-0.306698,0.127499,0.824553,0.0239954,0.21715,-0.521903,0.972981,0.0223205,0.146909,-0.176711,0.986867,-0.0012924,-0.0476733,-0.154333,0.618437,0.163299,-0.238276,0.730817,0.662009,-0.248356,0.248411,0.662084,0.40573,0.242391,-1.47366,0.79145,1.35045,-1.12719,0.309407,0.398446,-1.4018,0.630911,1.22773,-1.11481,0.15022,0.708155,-1.26398,0.317768,1.01594,-1.07879,0.0821872,0.859956,-1.1109,-0.00242043,0.742032,-1.05009,-0.0615974,0.580477,-0.987936,-0.111717,0.329243,-1.1153,-0.0412278,0.479432,-0.694397,-0.11152,0.0701747,-1.10219,-0.0253157,0.281963,-0.557303,-0.109194,0.377597,-0.918034,0.224491,-0.00218347,-0.603823,-0.0211379,0.210714,-0.714032,0,0,0,0.0154138,0.261816,-0.0913945,-2.57286,-0.483606,-2.18463,-0.575789,0,0,-1.51675,3.24993,2.63956,-0.635565,0.0173753,1.15414,1.52721,-2.49773,-1.32618,0.232787,0.244404,-0.708005,-0.189382,-0.107243,0.339778,-0.454459,-0.333969,0.6818,0.0769865,-0.0771153,0.020349,0.106401,0.679233,-1.07214,0,-0.193879,-0.913239,0.350235,0.0757607,-3.56096,0.00256868,-0.732965,-0.0783797,-0.269744,-0.71532,-1.36195,1.05182,-1.94396
0.993565,0.0235028,0.000601021,-0.1108,0.988861,0.00697475,0.0236672,-0.14678,1,0,0,0,0.0740903,-0.792815,-0.597963,-0.0916217,0.276689,0.658123,0.659993,-0.233937,0.998061,-0.0622461,0,0,0.886202,-0.157803,0.338123,0.27462,0.918287,-0.206144,-0.305564,0.144511,0.820235,0.0497984,0.176758,-0.541748,0.970095,0.0253658,0.150653,-0.188615,0.987642,-0.00411299,-0.0494812,-0.148657,0.610344,0.156483,-0.242289,0.73776,0.662424,-0.247252,0.247304,0.662496,0.336436,0.191562,-1.46574,0.810987,1.29743,-1.22525,0.254665,0.35725,-1.39977,0.644558,1.18592,-1.19601,0.126742,0.686033,-1.27737,0.32421,0.993504,-1.1268,0.0793475,0.850653,-1.13452,-0.00904716,0.740175,-1.06605,-0.0707076,0.582957,-0.996508,-0.131217,0.329205,-1.11523,-0.040483,0.501624,-0.694169,-0.135409,0.0705135,-1.09654,-0.0257123,0.31811,-0.550235,-0.119837,0.383404,-0.918553,0.203755,-0.0028763,-0.603511,-0.0429667,0.210784,-0.704631,0,0,0,0.0907874,0.335991,-0.118944,-2.66998,-0.581714,-2.252,-0.581033,0,0,-1.53057,3.27953,2.6636,-0.629696,0.041753,1.06115,1.65058,-2.55825,-1.31988,0.18588,0.235591,-0.731893,-0.169915,-0.108178,0.344347,-0.43484,-0.332188,0.647324,0.0776839,-0.0778234,0.0205207,0.0962354,0.669223,-1.091,0,-0.217781,-0.895291,0.377599,0.0918938,-3.61886,7.56988e-05,-0.798267,-0.0851916,-0.2791,-0.708407,-1.30425,1.14992,-1.9562
0.992354,0.0265395,0.000544446,-0.120537,0.987055,0.00598418,0.0270758,-0.157964,1,0,0,0,0.0806415,-0.793723,-0.595567,-0.0938123,0.30413,0.632829,0.660541,-0.265929,0.997421,-0.0717684,0,0,0.849624,-0.179633,0.384898,0.31261,0.914115,-0.215734,-0.304027,0.159438,0.813163,0.0765362,0.136262,-0.560661,0.967078,0.0277511,0.15419,-0.200536,0.988382,-0.00667637,-0.0513015,-0.142918,0.602593,0.15009,-0.24618,0.744144,0.662831,-0.246163,0.246213,0.662901,0.268036,0.150445,-1.45652,0.820501,1.24353,-1.3219,0.200558,0.323731,-1.39634,0.650592,1.14348,-1.27598,0.103222,0.666911,-1.2898,0.327493,0.970396,-1.17446,0.0763269,0.841281,-1.15793,-0.0147522,0.738519,-1.08184,-0.0781383,0.585798,-1.00502,-0.149546,0.330255,-1.11539,-0.035249,0.524597,-0.69658,-0.158188,0.0720129,-1.09249,-0.0209685,0.356319,-0.54711,-0.128117,0.389678,-0.919279,0.183236,-0.00338853,-0.588445,-0.0594381,0.206268,-0.679322,0,0,0,0.195751,0.424011,-0.164457,-2.73528,-0.68362,-2.2847,-0.57263,0,0,-1.50843,3.2321,2.62507,-0.610867,0.0676578,0.93508,1.72052,-2.56427,-1.30056,0.146277,0.223861,-0.734895,-0.15434,-0.108906,0.347938,-0.409732,-0.323557,0.605739,0.0765556,-0.076704,0.0202131,0.0861315,0.660313,-1.10973,0,-0.24126,-0.875904,0.403182,0.109681,-3.67804,-0.00240304,-0.86212,-0.0906175,-0.281153,-0.702478,-1.25303,1.26044,-1.91709
0.991113,0.029236,0.000482401,-0.12977,0.985232,0.00481045,0.0303292,-0.16845,1,0,0,0,0.0898593,-0.794347,-0.592918,-0.0968786,0.330662,0.605849,0.65916,-0.298526,0.996721,-0.0809179,0,0,0.810089,-0.199701,0.427897,0.347534,0.910328,-0.224811,-0.30209,0.171771,0.803402,0.10329,0.0966313,-0.578394,0.964015,0.0295991,0.157475,-0.212135,0.989086,-0.00904687,-0.0531308,-0.13713,0.595314,0.144201,-0.249866,0.749917,0.66322,-0.245115,0.245163,0.663289,0.203281,0.118524,-1.44695,0.81965,1.19161,-1.41677,0.149293,0.297505,-1.3923,0.648818,1.10263,-1.35442,0.0805215,0.650749,-1.3016,0.327496,0.94773,-1.22165,0.0731716,0.832084,-1.18119,-0.0192682,0.737087,-1.09743,-0.0834177,0.588919,-1.01341,-0.16608,0.332198,-1.11568,-0.0251214,0.547881,-0.701989,-0.179267,0.0744061,-1.09003,-0.0102159,0.395899,-0.548148,-0.133368,0.396271,-0.920112,0.162934,-0.00372019,-0.558624,-0.0705513,0.197166,-0.6381,0,0,0,0.330327,0.525892,-0.227926,-2.76873,-0.789353,-2.28275,-0.550579,0,0,-1.45034,3.10764,2.52399,-0.579079,0.0950897,0.77592,1.73702,-2.51579,-1.26824,0.113979,0.209214,-0.717006,-0.142655,-0.109427,0.350553,-0.379134,-0.308086,0.557041,0.0736034,-0.0737554,0.0194192,0.076584,0.652719,-1.12841,0,-0.264616,-0.855434,0.426112,0.128996,-3.7392,-0.00481665,-0.922807,-0.0946572,-0.275903,-0.69755,-1.20779,1.3833,-1.82669
0.989892,0.0315968,0.0004179,-0.138256,0.983462,0.00354281,0.0333523,-0.17798,1,0,0,0,0.102222,-0.794523,-0.589973,-0.101074,0.356054,0.577575,0.655697,-0.331201,0.99599,-0.089468,0,0,0.769422,-0.21756,0.466164,0.378613,0.907194,-0.233194,-0.299758,0.181009,0.791276,0.129164,0.0588263,-0.59476,0.961002,0.0310326,0.160466,-0.223074,0.989752,-0.0112889,-0.0549654,-0.131311,0.588639,0.138895,-0.253269,0.755028,0.663581,-0.244135,0.244181,0.663652,0.144708,0.0946639,-1.438,0.808587,1.14402,-1.50958,0.102901,0.27767,-1.38847,0.639406,1.06521,-1.43112,0.05943,0.637287,-1.31311,0.324263,0.92649,-1.2683,0.0699279,0.823306,-1.20431,-0.0223644,0.735906,-1.11283,-0.0861186,0.592255,-1.02162,-0.180239,0.334824,-1.11592,-0.00991672,0.571098,-0.710705,-0.198142,0.0774439,-1.08903,0.0072051,0.4362,-0.55353,-0.134966,0.403072,-0.920948,0.14285,-0.00387129,-0.51405,-0.0763083,0.183478,-0.580966,0,0,0,0.494513,0.641617,-0.309357,-2.77037,-0.898912,-2.24613,-0.514881,0,0,-1.35631,2.90615,2.36034,-0.534333,0.124049,0.583677,1.70008,-2.4128,-1.22291,0.0889841,0.191655,-0.678229,-0.134861,-0.109743,0.352186,-0.343049,-0.285777,0.50123,0.0688255,-0.0689811,0.0181353,0.0680782,0.646557,-1.14709,0,-0.288193,-0.834281,0.445562,0.14965,-3.80301,-0.00711425,-0.978614,-0.0973108,-0.263346,-0.693601,-1.16877,1.51825,-1.68505
0.988749,0.0336267,0.000353951,-0.145753,0.981829,0.00227017,0.0360706,-0.186296,1,0,0,0,0.118188,-0.794038,-0.586649,-0.106668,0.380201,0.548466,0.650047,-0.363415,0.995266,-0.0971931,0,0,0.729732,-0.232885,0.499,0.405283,0.904983,-0.240705,-0.297033,0.186651,0.777347,0.153305,0.0237683,-0.609642,0.958152,0.0321742,0.163124,-0.233024,0.990378,-0.0134669,-0.0568019,-0.125477,0.582704,0.13425,-0.256311,0.759433,0.663906,-0.243248,0.243292,0.663979,0.094497,0.0773098,-1.43062,0.787723,1.10248,-1.60018,0.0631106,0.262973,-1.38565,0.62271,1.03258,-1.50599,0.0406156,0.626111,-1.32466,0.317927,0.907482,-1.31436,0.066642,0.81519,-1.22733,-0.0238425,0.735025,-1.12806,-0.0858497,0.595788,-1.02964,-0.191468,0.337947,-1.1159,0.0103515,0.594057,-0.722999,-0.214363,0.080943,-1.0892,0.0317317,0.476745,-0.563432,-0.132318,0.410055,-0.921678,0.122983,-0.00384175,-0.454718,-0.0767069,0.165204,-0.507923,0,0,0,0.688269,0.771196,-0.408744,-2.74017,-1.01227,-2.17486,-0.465536,0,0,-1.22632,2.62762,2.13413,-0.476629,0.154536,0.358351,1.6097,-2.2553,-1.16458,0.0712954,0.171179,-0.618562,-0.130958,-0.109851,0.352843,-0.301477,-0.256621,0.438294,0.0622183,-0.0623774,0.0163794,0.0610579,0.641872,-1.16587,0,-0.312388,-0.812862,0.460756,0.171385,-3.87018,-0.00924498,-1.02782,-0.0985783,-0.243486,-0.690647,-1.13724,1.66488,-1.4922
0.987745,0.0353306,0.000293551,-0.152022,0.980418,0.0010811,0.0384104,-0.193145,1,0,0,0,0.138189,-0.792616,-0.582819,-0.113952,0.403125,0.519037,0.642149,-0.394632,0.994591,-0.103868,0,0,0.693289,-0.245462,0.52595,0.427171,0.903939,-0.247165,-0.293916,0.188195,0.76238,0.174914,-0.00767661,-0.622996,0.955586,0.0331462,0.165408,-0.241654,0.99096,-0.0156454,-0.0586367,-0.119644,0.577645,0.130344,-0.258916,0.763085,0.664186,-0.242481,0.242523,0.664261,0.0543867,0.0647296,-1.42581,0.75748,1.06801,-1.68856,0.0312853,0.252007,-1.38468,0.599069,1.00553,-1.57906,0.0246042,0.616726,-1.3366,0.308638,0.891312,-1.35987,0.06336,0.807979,-1.25028,-0.0235304,0.734536,-1.14317,-0.0822416,0.599592,-1.03746,-0.199207,0.341449,-1.11533,0.0355042,0.616843,-0.739128,-0.227482,0.0848345,-1.09007,0.063586,0.517389,-0.578072,-0.124834,0.41735,-0.922193,0.103333,-0.00363169,-0.380636,-0.0717485,0.142343,-0.418965,0,0,0,0.911651,0.914626,-0.526092,-2.67814,-1.12947,-2.06893,-0.402544,0,0,-1.06039,2.27209,1.84536,-0.405965,0.186555,0.0999391,1.46588,-2.04331,-1.09322,0.0609098,0.14779,-0.538008,-0.130946,-0.109753,0.352519,-0.254415,-0.220622,0.368257,0.0537926,-0.0539499,0.014137,0.0559034,0.638684,-1.18483,0,-0.337664,-0.791576,0.470969,0.193854,-3.94139,-0.0111579,-1.06872,-0.0984599,-0.216324,-0.688684,-1.11587,1.82259,-1.24813
0.986944,0.0367134,0.000239691,-0.156823,0.979318,6.3899e-05,0.0402979,-0.198272,1,0,0,0,0.162614,-0.789896,-0.578301,-0.123245,0.424976,0.489842,0.631978,-0.424328,0.994012,-0.109269,0,0,0.662413,-0.255163,0.546735,0.444052,0.904265,-0.252393,-0.290399,0.185127,0.747283,0.193253,-0.0347072,-0.634836,0.953433,0.0340707,0.16728,-0.24864,0.991497,-0.0178889,-0.0604662,-0.113828,0.573599,0.127253,-0.261009,0.765941,0.664412,-0.24186,0.2419,0.664489,0.0256608,0.0552703,-1.42456,0.718082,1.04087,-1.77481,0.00841352,0.243425,-1.38642,0.568653,0.984333,-1.65046,0.0117841,0.608643,-1.34924,0.296493,0.878375,-1.40487,0.0601282,0.801917,-1.27321,-0.0212744,0.734611,-1.15822,-0.074934,0.603894,-1.04509,-0.202846,0.345339,-1.11385,0.06522,0.639895,-0.759364,-0.236981,0.0892109,-1.09101,0.102793,0.558485,-0.597786,-0.111909,0.425313,-0.922398,0.0839004,-0.00324099,-0.291797,-0.0614322,0.114896,-0.314098,0,0,0,1.16463,1.0719,-0.661398,-2.58427,-1.25048,-1.92833,-0.325904,0,0,-0.8585,1.8395,1.49402,-0.322342,0.220098,-0.191557,1.26863,-1.77681,-1.00887,0.0578286,0.121482,-0.436565,-0.134825,-0.109448,0.351216,-0.201864,-0.177784,0.291102,0.0435412,-0.0436914,0.0114083,0.0529205,0.637038,-1.20411,0,-0.364546,-0.77076,0.475519,0.216601,-4.01733,-0.0128023,-1.09958,-0.0969554,-0.181856,-0.687704,-1.10893,1.99049,-0.952777
0.986407,0.0377799,0.000195354,-0.159917,0.978617,-0.000693336,0.0416596,-0.201424,1,0,0,0,0.191787,-0.785414,-0.57284,-0.134898,0.446013,0.46146,0.619538,-0.451994,0.993575,-0.113172,0,0,0.639359,-0.261896,0.561163,0.455771,0.906092,-0.256198,-0.286465,0.176914,0.73305,0.207639,-0.0565834,-0.64523,0.951824,0.0350696,0.168701,-0.253656,0.991986,-0.0202621,-0.0622869,-0.108047,0.570698,0.125056,-0.262513,0.767953,0.664575,-0.241412,0.241449,0.664653,0.00916751,0.0476032,-1.4279,0.669427,1.02052,-1.85901,-0.00486428,0.236142,-1.39173,0.531362,0.968658,-1.72031,0.00242906,0.601451,-1.36293,0.28149,0.868846,-1.44944,0.0569927,0.797248,-1.29613,-0.0169356,0.735527,-1.17334,-0.0635712,0.60913,-1.05263,-0.20169,0.349821,-1.11108,0.0990308,0.664059,-0.784039,-0.242198,0.0943758,-1.09121,0.149173,0.601033,-0.623142,-0.0929134,0.434633,-0.92224,0.0646846,-0.00266972,-0.188203,-0.0457598,0.0828648,-0.193319,0,0,0,1.44722,1.24304,-0.814662,-2.45858,-1.3753,-1.75309,-0.235616,0,0,-0.620665,1.32989,1.08013,-0.225762,0.255167,-0.516134,1.01795,-1.4558,-0.9115,0.0620527,0.0922599,-0.31423,-0.142595,-0.108937,0.348937,-0.143825,-0.128101,0.206838,0.0314552,-0.0316054,0.00819683,0.052337,0.637062,-1.22384,0,-0.393626,-0.750641,0.473773,0.23903,-4.09868,-0.0141271,-1.1187,-0.0940648,-0.140081,-0.687722,-1.12258,2.16723,-0.606095
0.986191,0.0385351,0.000163523,-0.161065,0.978394,-0.00110245,0.0424217,-0.202346,1,0,0,0,0.225941,-0.778579,-0.566105,-0.149297,0.466595,0.434484,0.604854,-0.477142,0.993325,-0.115352,0,0,0.626216,-0.265555,0.569002,0.462137,0.909451,-0.258377,-0.282085,0.163,0.720683,0.217427,-0.0726116,-0.65427,0.950884,0.0362645,0.169633,-0.256378,0.992422,-0.0228294,-0.0640951,-0.102316,0.569072,0.123831,-0.263351,0.76907,0.664667,-0.241161,0.241196,0.664743,0.00535505,0.0409349,-1.43684,0.611096,1.0056,-1.94107,-0.00821688,0.229508,-1.40148,0.486832,0.957567,-1.78863,-0.00326952,0.59489,-1.37796,0.263517,0.862658,-1.49361,0.0539997,0.794214,-1.31909,-0.0103934,0.737708,-1.1887,-0.0478149,0.61603,-1.06023,-0.194917,0.355391,-1.10663,0.136276,0.690621,-0.813583,-0.242254,0.100907,-1.08973,0.202259,0.646816,-0.655091,-0.067214,0.446449,-0.921745,0.0456867,-0.00191789,-0.0698581,-0.0247282,0.0462462,-0.0566286,0,0,0,1.75939,1.42803,-0.985888,-2.30106,-1.50394,-1.54318,-0.131683,0,0,-0.346885,0.743262,0.603661,-0.116222,0.291769,-0.873799,0.713825,-1.08029,-0.801111,0.0735815,0.0601226,-0.17101,-0.154255,-0.108219,0.345677,-0.0802982,-0.0715792,0.115453,0.0175577,-0.0176972,0.00450611,0.0543031,0.63902,-1.2442,0,-0.425547,-0.731275,0.465141,0.260365,-4.18614,-0.0150815,-1.12436,-0.0897881,-0.0910056,-0.68872,-1.16514,2.35065,-0.207872
0.986333,0.0389408,0.000146406,-0.160098,0.978695,-0.00111756,0.0425185,-0.200864,1,0,0,0,0.263868,-0.76904,-0.557957,-0.166236,0.486525,0.410243,0.588481,-0.498682,0.993294,-0.115619,0,0,0.624593,-0.265998,0.569951,0.462909,0.914083,-0.25872,-0.277361,0.143481,0.711344,0.222081,-0.0819798,-0.661777,0.950714,0.0376466,0.170016,-0.256556,0.992793,-0.0255216,-0.0658261,-0.0968422,0.568864,0.123675,-0.263454,0.769214,0.66468,-0.241132,0.241165,0.664753,0.0137811,0.0376674,-1.45188,0.545143,0.996524,-2.01777,-0.00198219,0.22595,-1.41598,0.436552,0.951996,-1.85281,-0.00517669,0.591406,-1.39406,0.243167,0.861857,-1.53576,0.0512694,0.795388,-1.34128,-0.00192663,0.743908,-1.20392,-0.0281878,0.627644,-1.06782,-0.182189,0.364977,-1.10039,0.174611,0.72254,-0.847262,-0.236382,0.11172,-1.08582,0.259013,0.698996,-0.693658,-0.0355186,0.464202,-0.921038,0.0243413,-0.00103214,0.0587413,-0.000906635,0.00558749,0.090833,0,0,0,2.02857,1.57327,-1.13313,-2.05001,-1.58588,-1.26361,-0.0161429,0,0,-0.0425202,0.0911128,0.0740075,0.0044775,0.319943,-1.2221,0.361546,-0.640629,-0.65551,0.0844411,0.0239745,-0.0117517,-0.161749,-0.103633,0.32996,-0.010246,-0.00885308,0.0148487,0.00209928,-0.00222623,0.000418425,0.0586806,0.645493,-1.26459,1,-0.459688,-0.713123,0.449783,0.278994,-4.27702,-0.0156068,-1.11546,-0.0819104,0.0352174,-0.665796,-1.2021,2.44675,0.225006
0.986809,0.038765,0.000133741,-0.157177,0.979495,-0.00104992,0.0420069,-0.197039,1,0,0,0,0.306386,-0.756023,-0.54761,-0.186228,0.507101,0.387455,0.569553,-0.518012,0.993458,-0.114201,0,0,0.633174,-0.263634,0.564885,0.458794,0.919818,-0.257293,-0.271946,0.117392,0.704621,0.223564,-0.0861251,-0.667916,0.951214,0.0386222,0.169787,-0.254701,0.993117,-0.028107,-0.0675166,-0.0914895,0.570271,0.124728,-0.262899,0.768191,0.664623,-0.241296,0.241327,0.66469,0.0319,0.0394478,-1.47463,0.472126,0.990877,-2.0888,0.0118987,0.226996,-1.43639,0.380795,0.950445,-1.9127,-0.00397666,0.592143,-1.41157,0.22031,0.866492,-1.57602,0.0485761,0.801903,-1.36283,0.00812745,0.755893,-1.21924,-0.00500233,0.646418,-1.07563,-0.163588,0.381122,-1.09211,0.212961,0.763087,-0.886111,-0.224704,0.129365,-1.07903,0.317869,0.762522,-0.741531,0.00198537,0.491121,-0.920237,-0.010972,-0.000764669,0.17756,0.00410451,-0.0315955,0.2343,0,0,0,2.3549,1.78021,-1.30133,-1.91612,-1.75334,-1.07237,0.0856286,0,0,0.225565,-0.483313,-0.392539,0.11977,0.367945,-1.62613,0.137343,-0.2907,-0.52395,0.0591181,-0.015732,0.115791,-0.155312,-0.101235,0.322529,0.0690356,0.0499606,-0.103877,-0.0115156,0.0113922,-0.00321507,0.0650142,0.658069,-1.28534,0,-0.496507,-0.695143,0.428335,0.294595,-4.37245,-0.015772,-1.09332,-0.0807974,0.195435,-0.646419,-1.29175,2.55474,0.618777
0.987577,0.0380296,0.000121744,-0.152463,0.980732,-0.000980663,0.040961,-0.191015,1,0,0,0,0.354656,-0.738178,-0.533931,-0.210311,0.529285,0.36412,0.546893,-0.536826,0.993784,-0.111322,0,0,0.650362,-0.258734,0.554387,0.450268,0.926198,-0.25423,-0.265486,0.083917,0.699661,0.2229,-0.0864148,-0.673292,0.95228,0.039169,0.169008,-0.251128,0.993418,-0.0306942,-0.0692772,-0.0859031,0.573168,0.126907,-0.261767,0.766062,0.664506,-0.241629,0.241659,0.664566,0.0561379,0.0419685,-1.50591,0.389181,0.979323,-2.15662,0.0307838,0.22824,-1.46351,0.317266,0.944676,-1.97056,-0.000605401,0.592232,-1.43138,0.193834,0.870223,-1.61632,0.0457087,0.808767,-1.38508,0.0198845,0.769611,-1.23605,0.0222507,0.66929,-1.08509,-0.138355,0.401129,-1.08231,0.250783,0.809608,-0.933476,-0.206679,0.151211,-1.06962,0.377213,0.836468,-0.805,0.0463078,0.525257,-0.920811,-0.0449076,-0.000724936,0.28648,0.00420889,-0.0642212,0.368772,0,0,0,2.77979,2.07191,-1.52333,-1.93847,-2.01547,-0.991219,0.173884,0,0,0.458046,-0.981452,-0.797124,0.223419,0.434332,-2.07539,-0.0157383,-0.0304171,-0.445068,0.0324813,-0.0512436,0.2235,-0.155408,-0.105459,0.336475,0.142578,0.101942,-0.215034,-0.0233281,0.0231993,-0.00637293,0.0728144,0.672453,-1.30803,0,-0.537639,-0.675133,0.400717,0.307515,-4.47745,-0.0156566,-1.05896,-0.0860222,0.205938,-0.667502,-1.49222,2.7738,0.980264
0.988577,0.0367956,0.000110388,-0.146159,0.982314,-0.000910189,0.0394394,-0.183038,1,0,0,0,0.406739,-0.714897,-0.51647,-0.238213,0.552362,0.340215,0.520685,-0.555011,0.994243,-0.107145,0,0,0.674702,-0.251399,0.538671,0.437503,0.932298,-0.24963,-0.258032,0.0438782,0.696315,0.220329,-0.0832751,-0.677987,0.953828,0.0393294,0.167739,-0.246027,0.993689,-0.0332726,-0.0710931,-0.0801302,0.577362,0.130089,-0.260116,0.762935,0.664336,-0.242112,0.242139,0.664385,0.0821508,0.0445168,-1.54435,0.298855,0.957026,-2.21821,0.0514405,0.229004,-1.49631,0.247801,0.930621,-2.02408,0.00410584,0.590717,-1.45307,0.164327,0.870428,-1.6556,0.0426972,0.814547,-1.40787,0.0327515,0.784179,-1.25477,0.0523588,0.695978,-1.09731,-0.106931,0.425395,-1.07244,0.284478,0.860022,-0.98981,-0.182299,0.17756,-1.0588,0.430007,0.91798,-0.886955,0.0956095,0.567027,-0.924645,-0.07509,-0.000686418,0.382767,0.00428506,-0.0931524,0.487587,0,0,0,3.14861,2.32444,-1.71575,-1.95053,-2.24176,-0.914547,0.252143,0,0,0.664199,-1.42317,-1.15589,0.315254,0.491964,-2.4689,-0.152652,0.20261,-0.37267,0.00851333,-0.0828096,0.31896,-0.154859,-0.108808,0.347577,0.207802,0.148036,-0.313618,-0.033803,0.0336707,-0.00916958,0.0811631,0.687445,-1.33277,0,-0.582177,-0.652192,0.36796,0.316736,-4.59058,-0.0152904,-1.01381,-0.0903451,0.173378,-0.683634,-1.71907,2.92608,1.30048
0.989744,0.0351238,9.96495e-05,-0.138469,0.984145,-0.000838914,0.037501,-0.173357,1,0,0,0,0.460608,-0.685743,-0.494904,-0.269568,0.575634,0.315761,0.491169,-0.572444,0.994801,-0.101834,0,0,0.704601,-0.241697,0.517881,0.420618,0.937195,-0.243601,-0.249642,-0.00184183,0.694378,0.216081,-0.0771147,-0.682056,0.955771,0.0391455,0.166036,-0.239586,0.993925,-0.035831,-0.0729496,-0.0742179,0.58266,0.134154,-0.258002,0.75891,0.664118,-0.242724,0.24275,0.664157,0.105808,0.0504801,-1.5876,0.204782,0.924574,-2.27076,0.0707435,0.232878,-1.53304,0.175069,0.909443,-2.07107,0.00930409,0.591296,-1.47599,0.132722,0.869385,-1.69282,0.0395717,0.822568,-1.43103,0.0459556,0.803349,-1.27577,0.0836678,0.730732,-1.11335,-0.0704051,0.458977,-1.06427,0.310635,0.916208,-1.05476,-0.152126,0.213297,-1.04842,0.468715,1.00666,-0.988563,0.147278,0.621276,-0.93367,-0.101518,-0.000649111,0.466427,0.00433302,-0.118388,0.590747,0,0,0,3.46135,2.53781,-1.87857,-1.95231,-2.43224,-0.842353,0.320406,0,0,0.844018,-1.80848,-1.46882,0.39527,0.540828,-2.80665,-0.273394,0.408381,-0.306741,-0.0127847,-0.110432,0.402179,-0.153663,-0.11128,0.355834,0.264705,0.188243,-0.399624,-0.0429404,0.0428009,-0.011605,0.0890507,0.706426,-1.35956,0,-0.629074,-0.625526,0.33123,0.321356,-4.7104,-0.0147034,-0.959297,-0.0937667,0.240633,-0.694821,-1.96801,3.00809,1.57953
0.991015,0.0330751,8.95056e-05,-0.129597,0.986126,-0.000767262,0.0352045,-0.16222,1,0,0,0,0.514215,-0.650527,-0.46909,-0.303895,0.598445,0.290823,0.458653,-0.589002,0.995424,-0.0955533,0,0,0.738384,-0.229699,0.492175,0.399739,0.940028,-0.236269,-0.240397,-0.0522878,0.693615,0.210375,-0.0683312,-0.685545,0.95802,0.0386592,0.16396,-0.231994,0.994121,-0.0383588,-0.074832,-0.0682138,0.588864,0.138983,-0.25548,0.754091,0.663859,-0.243448,0.243471,0.663887,0.123709,0.0564282,-1.6324,0.111493,0.877611,-2.31186,0.0860579,0.236812,-1.57122,0.102439,0.877068,-2.10961,0.0142145,0.591471,-1.49925,0.100279,0.863611,-1.72703,0.0363621,0.830124,-1.4544,0.0585808,0.824628,-1.2993,0.114139,0.77132,-1.13416,-0.0306099,0.500504,-1.05976,0.326501,0.973229,-1.12712,-0.117458,0.256811,-1.04081,0.486561,1.0935,-1.10847,0.197986,0.686113,-0.949711,-0.124193,-0.000613015,0.537455,0.00435278,-0.139929,0.678253,0,0,0,3.71802,2.71201,-2.0118,-1.9438,-2.5869,-0.77464,0.378675,0,0,0.997512,-2.13735,-1.73594,0.463466,0.580933,-3.08864,-0.377974,0.586895,-0.247289,-0.0314145,-0.134108,0.473151,-0.151821,-0.112877,0.361247,0.31329,0.222568,-0.473063,-0.0507385,0.0505954,-0.0136864,0.0954697,0.72648,-1.38821,0,-0.677163,-0.594524,0.291821,0.320673,-4.83547,-0.0139257,-0.896844,-0.0962862,0.226673,-0.701054,-2.23052,3.01772,1.81744
0.992329,0.0307105,7.9934e-05,-0.119748,0.988166,-0.000695667,0.0326094,-0.149879,1,0,0,0,0.565576,-0.609353,-0.439097,-0.340596,0.62019,0.265508,0.423516,-0.604569,0.996079,-0.0884677,0,0,0.77436,-0.215518,0.461788,0.37506,0.940056,-0.227781,-0.2304,-0.106428,0.693771,0.203425,-0.0573162,-0.688487,0.960486,0.0379124,0.161567,-0.223441,0.994274,-0.0408449,-0.0767255,-0.0621653,0.595778,0.144455,-0.252606,0.74858,0.663565,-0.244264,0.244285,0.663582,0.13368,0.0608495,-1.6748,0.0240137,0.815727,-2.33976,0.0956292,0.239783,-1.60783,0.0336985,0.832997,-2.13827,0.0182598,0.5911,-1.52177,0.0684893,0.85252,-1.75743,0.0330986,0.837011,-1.47781,0.0696465,0.847737,-1.32551,0.141507,0.81738,-1.16046,0.00994812,0.550411,-1.06087,0.330422,1.02811,-1.20492,-0.0803214,0.308256,-1.0385,0.479137,1.16999,-1.24233,0.243937,0.761109,-0.974306,-0.143115,-0.000578134,0.595856,0.00434434,-0.157776,0.750107,0,0,0,3.91863,2.84706,-2.11546,-1.92502,-2.70574,-0.711408,0.426949,0,0,1.12468,-2.40984,-1.95724,0.519849,0.612279,-3.3149,-0.466384,0.73816,-0.194314,-0.0473752,-0.153839,0.531883,-0.149333,-0.113598,0.363817,0.353554,0.251008,-0.533931,-0.0571972,0.0570542,-0.0154138,0.0995448,0.746925,-1.41835,0,-0.72519,-0.55883,0.251112,0.314247,-4.96437,-0.0129873,-0.827877,-0.0979044,0.206609,-0.702345,-2.49491,2.95507,2.01411
0.993631,0.0280914,7.09138e-05,-0.109129,0.99018,-0.000624577,0.0297754,-0.136586,1,0,0,0,0.612871,-0.562645,-0.405223,-0.378965,0.640345,0.239965,0.386213,-0.619043,0.996735,-0.0807418,0,0,0.810889,-0.199324,0.427089,0.346877,0.936704,-0.218311,-0.219778,-0.163165,0.694593,0.195448,-0.0444602,-0.690915,0.963086,0.0369473,0.158918,-0.214118,0.994383,-0.0432784,-0.0786155,-0.0561199,0.603209,0.150447,-0.24944,0.742485,0.663243,-0.245152,0.245171,0.66325,0.135099,0.0634344,-1.71064,-0.0527039,0.741455,-2.35343,0.0988441,0.241953,-1.63965,-0.0273675,0.779275,-2.15615,0.0211523,0.591309,-1.54239,0.0389313,0.837337,-1.78343,0.0298113,0.844354,-1.5011,0.0782184,0.873407,-1.35439,0.163529,0.869143,-1.19266,0.0483287,0.609512,-1.06929,0.322108,1.07909,-1.28566,-0.043272,0.368163,-1.04381,0.445862,1.22843,-1.38286,0.281267,0.845905,-1.00851,-0.158283,-0.000544461,0.641621,0.00430767,-0.171927,0.8063,0,0,0,4.06314,2.94291,-2.18951,-1.89593,-2.78874,-0.652649,0.465225,0,0,1.2255,-2.62587,-2.1327,0.564409,0.634858,-3.48537,-0.538626,0.86216,-0.147811,-0.0606664,-0.169623,0.578363,-0.146197,-0.113441,0.36354,0.385495,0.273558,-0.582218,-0.062322,0.0621772,-0.0167727,0.100666,0.768194,-1.44941,0,-0.771874,-0.518386,0.210508,0.301949,-5.09565,-0.0119182,-0.753822,-0.0986201,0.220292,-0.698672,-2.74733,2.823,2.16941
0.99487,0.0252796,6.24244e-05,-0.0979479,0.992096,-0.000554451,0.0267628,-0.122597,1,0,0,0,0.654539,-0.511139,-0.367986,-0.418214,0.658473,0.214374,0.347266,-0.632347,0.997365,-0.0725409,0,0,0.84645,-0.181363,0.388605,0.315621,0.929604,-0.208061,-0.208685,-0.221353,0.69584,0.186658,-0.0301558,-0.69286,0.965741,0.035806,0.156071,-0.204217,0.994447,-0.0456485,-0.0804872,-0.0501252,0.610973,0.156834,-0.246041,0.73592,0.662899,-0.246093,0.24611,0.662898,0.128867,0.06415,-1.73615,-0.114413,0.6587,-2.35271,0.0962412,0.243601,-1.66373,-0.0774509,0.718967,-2.163,0.0229132,0.593118,-1.56003,0.0130837,0.819625,-1.80465,0.0265302,0.853112,-1.5241,0.0835322,0.901905,-1.38575,0.178285,0.92594,-1.23076,0.0815427,0.677403,-1.0862,0.302642,1.1246,-1.36661,-0.00902365,0.435911,-1.0585,0.39064,1.26256,-1.52078,0.306572,0.938693,-1.05274,-0.169696,-0.000512003,0.674759,0.00424279,-0.182383,0.84684,0,0,0,4.15158,2.99962,-2.23398,-1.85657,-2.83592,-0.598376,0.493505,0,0,1.3,-2.7855,-2.26235,0.597153,0.64868,-3.6001,-0.594702,0.958911,-0.107789,-0.0712886,-0.181462,0.612599,-0.142416,-0.11241,0.360421,0.409121,0.290229,-0.617938,-0.0661039,0.0659627,-0.0177813,0.0985836,0.790464,-1.48071,0,-0.815979,-0.47346,0.171365,0.283987,-5.22789,-0.0107484,-0.676105,-0.0984346,0.262746,-0.690057,-2.97307,2.62763,2.28316
0.996009,0.0223372,5.44462e-05,-0.0864128,0.993851,-0.000485756,0.0236325,-0.10817,1,0,0,0,0.689371,-0.455852,-0.328108,-0.457506,0.674244,0.188946,0.307257,-0.644427,0.997948,-0.064031,0,0,0.879709,-0.161963,0.347037,0.28186,0.918617,-0.197252,-0.197296,-0.279836,0.697292,0.177277,-0.0147999,-0.694361,0.968381,0.0345313,0.153088,-0.193935,0.994469,-0.0479444,-0.0823261,-0.0442288,0.618892,0.16349,-0.242473,0.729006,0.662539,-0.247069,0.247084,0.662532,0.117026,0.06319,-1.74853,-0.15814,0.571892,-2.33829,0.0892384,0.244966,-1.67785,-0.114159,0.655412,-2.15918,0.0238033,0.597021,-1.57388,-0.00786037,0.800711,-1.821,0.0232852,0.86356,-1.54665,0.0851072,0.932581,-1.4192,0.184469,0.985836,-1.27437,0.107,0.752031,-1.11214,0.274219,1.16321,-1.4452,0.019985,0.509354,-1.08342,0.321246,1.26925,-1.6464,0.317438,1.03592,-1.10667,-0.177357,-0.000480757,0.695267,0.00414972,-0.189144,0.871726,0,0,0,4.18395,3.01716,-2.24886,-1.80692,-2.84728,-0.548573,0.511791,0,0,1.34817,-2.88871,-2.34618,0.618077,0.653738,-3.65909,-0.634608,1.0284,-0.07424,-0.0792423,-0.189357,0.634594,-0.137989,-0.110502,0.354457,0.424426,0.301012,-0.64108,-0.0685501,0.0684088,-0.0184321,0.0934276,0.813286,-1.51151,0,-0.856397,-0.424637,0.134913,0.260894,-5.35963,-0.00950787,-0.596151,-0.0973474,0.313448,-0.676492,-3.15788,2.37844,2.35511
0.997016,0.0193267,4.69599e-05,-0.0747345,0.995403,-0.000418971,0.0204462,-0.0935655,1,0,0,0,0.716583,-0.398028,-0.286472,-0.496,0.687438,0.163912,0.266816,-0.655264,0.998465,-0.0553785,0,0,0.909586,-0.141528,0.30325,0.246296,0.903852,-0.186126,-0.185801,-0.337472,0.698759,0.167531,0.00120504,-0.695462,0.970943,0.0331661,0.15003,-0.183468,0.994449,-0.0501553,-0.0841175,-0.0384784,0.626798,0.170286,-0.238804,0.721872,0.662172,-0.24806,0.248073,0.662159,0.102107,0.0608839,-1.74645,-0.182581,0.485186,-2.31159,0.0796538,0.246122,-1.68092,-0.136328,0.591568,-2.14566,0.0241825,0.602757,-1.5835,-0.0231459,0.781293,-1.83261,0.0201066,0.875026,-1.56858,0.0828217,0.963733,-1.45423,0.181605,1.04563,-1.32263,0.122916,0.8297,-1.14681,0.239688,1.19354,-1.51927,0.0419664,0.584895,-1.11842,0.247457,1.24943,-1.75146,0.312862,1.13247,-1.16919,-0.181263,-0.000450722,0.703143,0.00402843,-0.192211,0.880958,0,0,0,4.16025,2.99553,-2.23415,-1.74698,-2.82282,-0.503261,0.520081,0,0,1.37,-2.9355,-2.38418,0.627184,0.650032,-3.66231,-0.65835,1.07064,-0.0471711,-0.0845262,-0.193305,0.644341,-0.132915,-0.107718,0.345648,0.431407,0.305908,-0.651648,-0.0696588,0.0695193,-0.0187218,0.0856491,0.835451,-1.54113,0,-0.892222,-0.372796,0.102175,0.233504,-5.48946,-0.00822664,-0.515387,-0.0953582,0.343972,-0.657974,-3.28899,2.08789,2.38499
0.997872,0.0163107,3.99467e-05,-0.0631243,0.996721,-0.000354577,0.0172657,-0.0790471,1,0,0,0,0.73586,-0.339065,-0.244067,-0.532894,0.697953,0.139513,0.226605,-0.664867,0.998907,-0.0467502,0,0,0.9353,-0.120526,0.258251,0.209749,0.88566,-0.174934,-0.174402,-0.393178,0.700087,0.157652,0.0174515,-0.696218,0.973375,0.0317539,0.14696,-0.173017,0.994391,-0.0522703,-0.0858469,-0.0329215,0.634534,0.177089,-0.235104,0.714655,0.661803,-0.249047,0.249058,0.661787,0.0864334,0.0575974,-1.73026,-0.188233,0.401914,-2.27464,0.0691811,0.246936,-1.67313,-0.144156,0.529633,-2.12386,0.0243561,0.60935,-1.58893,-0.0325457,0.761365,-1.83985,0.0170244,0.88599,-1.58973,0.076935,0.992839,-1.49016,0.170142,1.10132,-1.37434,0.128571,0.905592,-1.18923,0.202033,1.21441,-1.58728,0.0560083,0.658,-1.16238,0.178551,1.208,-1.8308,0.293451,1.2224,-1.23853,-0.181416,-0.000421899,0.698391,0.00387894,-0.191583,0.874532,0,0,0,4.08047,2.93474,-2.18986,-1.67676,-2.76252,-0.462424,0.518376,0,0,1.36551,-2.92587,-2.37636,0.624474,0.637569,-3.60978,-0.665922,1.08562,-0.0265682,-0.0871414,-0.193309,0.641843,-0.127195,-0.104057,0.333995,0.430073,0.304922,-0.649649,-0.0694281,0.0692958,-0.0186574,0.0759027,0.855154,-1.56903,0,-0.922813,-0.319045,0.0739026,0.20289,-5.61592,-0.0069347,-0.435238,-0.0924675,0.328912,-0.634503,-3.35643,1.77098,2.37251
0.998569,0.0133524,3.33876e-05,-0.0517942,0.997793,-0.000293062,0.0141531,-0.0648783,1,0,0,0,0.747365,-0.28044,-0.201938,-0.567467,0.7058,0.115998,0.187305,-0.673282,0.999266,-0.0383133,0,0,0.956399,-0.0994787,0.213152,0.17312,0.864625,-0.163934,-0.163304,-0.445962,0.70116,0.147877,0.0335277,-0.696695,0.975634,0.0303385,0.143942,-0.162782,0.994301,-0.0542787,-0.0874999,-0.0276057,0.641955,0.183767,-0.231447,0.707499,0.66144,-0.250012,0.250021,0.661423,0.071604,0.0536605,-1.70188,-0.177261,0.324398,-2.22989,0.0589948,0.247123,-1.6559,-0.13912,0.471,-2.09557,0.0244622,0.615405,-1.59065,-0.0363703,0.740456,-1.84326,0.0140685,0.89452,-1.60993,0.0680479,1.01714,-1.52623,0.151386,1.14885,-1.42803,0.124385,0.974659,-1.23775,0.163939,1.22504,-1.64834,0.0621118,0.724025,-1.21339,0.121113,1.15249,-1.88319,0.261346,1.29997,-1.31234,-0.177815,-0.00039429,0.681007,0.00370123,-0.187259,0.852455,0,0,0,3.94462,2.83478,-2.11597,-1.59625,-2.66641,-0.426064,0.506674,0,0,1.33469,-2.85982,-2.32272,0.609947,0.616343,-3.50149,-0.657327,1.07335,-0.012449,-0.0870875,-0.189368,0.627102,-0.120829,-0.099522,0.319498,0.420417,0.298051,-0.635076,-0.0678599,0.0677294,-0.0182319,0.0649133,0.870429,-1.59485,0,-0.94784,-0.264658,0.0505377,0.170298,-5.73759,-0.00566208,-0.357129,-0.088675,0.255904,-0.60609,-3.3534,1.44408,2.31737
0.999106,0.0105146,2.72639e-05,-0.0409569,0.99862,-0.000234914,0.0111711,-0.0513237,1,0,0,0,0.751723,-0.223624,-0.161126,-0.599119,0.711099,0.0936109,0.1496,-0.680585,0.999543,-0.0302351,0,0,0.972777,-0.0789338,0.16913,0.137366,0.841537,-0.153377,-0.152709,-0.494945,0.701902,0.138447,0.0490189,-0.696967,0.977686,0.0289638,0.141039,-0.152967,0.994185,-0.0561698,-0.0890619,-0.0225784,0.648927,0.190182,-0.227909,0.700559,0.661091,-0.250934,0.250941,0.661075,0.0583,0.0493357,-1.66444,-0.153122,0.254051,-2.18002,0.0496033,0.246367,-1.63159,-0.12372,0.416467,-2.06278,0.0244468,0.619538,-1.58948,-0.0354001,0.718042,-1.84352,0.0112692,0.898865,-1.62902,0.0570144,1.03432,-1.56163,0.127301,1.18504,-1.48206,0.111791,1.03262,-1.29027,0.127524,1.2253,-1.70216,0.0610787,0.779116,-1.26902,0.0779534,1.09114,-1.91111,0.219888,1.36079,-1.38796,-0.170461,-0.000367892,0.650994,0.00349533,-0.179241,0.81472,0,0,0,3.75269,2.69565,-2.0125,-1.50546,-2.53448,-0.394185,0.484978,0,0,1.27753,-2.73736,-2.22325,0.583599,0.586352,-3.33745,-0.632562,1.03382,-0.00480294,-0.0843649,-0.181478,0.600112,-0.113817,-0.0941093,0.302157,0.402441,0.285292,-0.607924,-0.0649506,0.0648326,-0.0174487,0.0533715,0.879676,-1.61841,0,-0.967295,-0.210993,0.0321913,0.137062,-5.85303,-0.00443877,-0.282487,-0.0839807,0.130368,-0.57272,-3.27674,1.1238,2.21928
0.999494,0.00786051,2.15566e-05,-0.0308247,0.999218,-0.000180622,0.00838189,-0.0386484,1,0,0,0,0.749961,-0.170019,-0.122622,-0.627388,0.714067,0.0725882,0.114162,-0.686882,0.999743,-0.022683,0,0,0.984649,-0.0594511,0.127385,0.103461,0.817357,-0.14351,-0.142813,-0.539386,0.702275,0.129606,0.0635094,-0.697122,0.979505,0.0276744,0.138318,-0.143777,0.994047,-0.057933,-0.0905186,-0.0178872,0.655325,0.196198,-0.224569,0.693992,0.660762,-0.251796,0.251802,0.660748,0.0464315,0.0448246,-1.62177,-0.120073,0.191624,-2.12774,0.0409576,0.244457,-1.60308,-0.101115,0.366519,-2.02753,0.0241226,0.620779,-1.58642,-0.0307607,0.693951,-1.84139,0.00865636,0.897983,-1.64684,0.0448213,1.04312,-1.59557,0.100218,1.20823,-1.53476,0.0929676,1.07678,-1.34444,0.0942642,1.21595,-1.74887,0.0543017,0.820906,-1.32656,0.0483795,1.03103,-1.91971,0.173119,1.40265,-1.46265,-0.159353,-0.000342706,0.60835,0.00326121,-0.167528,0.761332,0,0,0,3.50469,2.51736,-1.87944,-1.40438,-2.36672,-0.366783,0.453284,0,0,1.19405,-2.55848,-2.07797,0.545436,0.547605,-3.11766,-0.591635,0.967035,-0.0036335,-0.0789726,-0.169647,0.560882,-0.106157,-0.0878218,0.281971,0.376145,0.266649,-0.568206,-0.0607109,0.0605965,-0.0163078,0.0418769,0.882111,-1.63964,0,-0.981485,-0.159416,0.0186564,0.104529,-5.9608,-0.00329478,-0.212738,-0.0783849,-0.0264555,-0.534403,-3.12676,0.825818,2.07796
0.999752,0.0054532,1.62467e-05,-0.0216102,0.999615,-0.000130671,0.005848,-0.0271169,1,0,0,0,0.743438,-0.120902,-0.0873262,-0.651963,0.714999,0.053153,0.0816462,-0.692304,0.999875,-0.0158243,0,0,0.99252,-0.0415826,0.0890983,0.072365,0.793172,-0.134562,-0.1338,-0.578678,0.702271,0.1216,0.0765844,-0.697255,0.981074,0.0265146,0.135842,-0.135416,0.993897,-0.0595577,-0.0918556,-0.0135794,0.661034,0.201677,-0.221511,0.687964,0.660462,-0.252578,0.252582,0.660451,0.0354986,0.0402942,-1.57773,-0.0826305,0.137445,-2.07566,0.0327244,0.24138,-1.57329,-0.0747123,0.321565,-1.99184,0.0232811,0.618807,-1.58249,-0.0237668,0.668587,-1.83765,0.00626012,0.891823,-1.66321,0.032466,1.0436,-1.62728,0.0725283,1.21859,-1.58453,0.0704933,1.10643,-1.39788,0.0650591,1.19868,-1.78885,0.0435214,0.848849,-1.38329,0.0294501,0.976983,-1.9153,0.125218,1.42585,-1.53374,-0.144491,-0.000318733,0.553075,0.00299888,-0.15212,0.692287,0,0,0,3.20062,2.29991,-1.71679,-1.29302,-2.16313,-0.343863,0.411596,0,0,1.08423,-2.32318,-1.88686,0.49545,0.500093,-2.84211,-0.534537,0.872995,-0.0089407,-0.0709116,-0.153869,0.509403,-0.0978523,-0.0806563,0.25894,0.341531,0.242119,-0.515907,-0.0551248,0.055021,-0.0148094,0.030927,0.877981,-1.65857,0,-0.990991,-0.11123,0.00944523,0.0739919,-6.05947,-0.0022601,-0.149306,-0.0718872,-0.184815,-0.491134,-2.90664,0.563524,1.89317
0.999903,0.00335561,1.13148e-05,-0.0135254,0.999849,-8.5544e-05,0.0036316,-0.016993,1,0,0,0,0.733741,-0.0773974,-0.0560301,-0.672677,0.71425,0.0355125,0.052677,-0.697001,0.999952,-0.00982629,0,0,0.997114,-0.0258602,0.05541,0.0450037,0.770153,-0.126752,-0.12584,-0.612342,0.701908,0.114675,0.0878305,-0.697467,0.98238,0.0255291,0.133679,-0.128092,0.993741,-0.0610331,-0.0930586,-0.00970236,0.665947,0.206478,-0.218816,0.682643,0.660199,-0.253262,0.253265,0.660192,0.024995,0.039668,-1.53573,-0.0451181,0.0953317,-2.02619,0.0245906,0.241116,-1.54479,-0.047821,0.285784,-1.95756,0.021804,0.617746,-1.57854,-0.0157699,0.646682,-1.83306,0.00411053,0.88507,-1.67797,0.0208545,1.04083,-1.65606,0.0464184,1.22175,-1.62994,0.0470136,1.12652,-1.44828,0.0403775,1.17971,-1.82255,0.0305882,0.867907,-1.43664,0.0175216,0.935182,-1.90397,0.0800281,1.43673,-1.59887,-0.125876,-0.000295971,0.485172,0.00270835,-0.133018,0.60759,0,0,0,2.84047,2.04329,-1.52455,-1.17137,-1.92372,-0.325423,0.359914,0,0,0.948086,-2.03146,-1.64993,0.433651,0.443821,-2.51081,-0.461272,0.751703,-0.0207281,-0.0601813,-0.134144,0.445679,-0.0889005,-0.0726163,0.233066,0.298594,0.211709,-0.451044,-0.0482029,0.0481117,-0.0129533,0.0209324,0.872277,-1.67521,0,-0.996612,-0.0676343,0.0038498,0.0466386,-6.1476,-0.00136476,-0.0936188,-0.0644878,-0.2026,-0.442908,-2.62152,0.347037,1.66475
0.999976,0.0016306,6.74141e-06,-0.00678181,0.999962,-4.5721e-05,0.00179478,-0.00853985,1,0,0,0,0.722576,-0.0404746,-0.0294134,-0.689479,0.712207,0.019857,0.0278508,-0.701135,0.999988,-0.0048559,0,0,0.999295,-0.0127886,0.0274017,0.0222556,0.749501,-0.120282,-0.119091,-0.639998,0.70122,0.109077,0.0968369,-0.697865,0.983415,0.0247626,0.131895,-0.122008,0.993587,-0.0623489,-0.0941132,-0.00630335,0.66996,0.210464,-0.216569,0.678201,0.65998,-0.253829,0.25383,0.659976,0.0147032,0.0398687,-1.49843,-0.0113502,0.0618761,-1.98144,0.0164811,0.240816,-1.51953,-0.0233917,0.256326,-1.92636,0.0197321,0.615225,-1.5752,-0.00803461,0.626335,-1.82832,0.00223764,0.876111,-1.69096,0.0107376,1.03378,-1.68131,0.0237027,1.21756,-1.66976,0.0249723,1.13648,-1.49356,0.0204134,1.15875,-1.8504,0.0172665,0.877363,-1.48429,0.0094593,0.902886,-1.89063,0.0407448,1.43627,-1.65602,-0.103506,-0.000274422,0.404636,0.0023896,-0.110219,0.507236,0,0,0,2.42423,1.7475,-1.30272,-1.03943,-1.64849,-0.311465,0.298232,0,0,0.78561,-1.68331,-1.36717,0.360032,0.378783,-2.12375,-0.37184,0.60315,-0.0389779,-0.046782,-0.110477,0.369714,-0.0793024,-0.0636993,0.204348,0.247337,0.17541,-0.373599,-0.039947,0.0398648,-0.0107396,0.0122375,0.863681,-1.68955,0,-0.999282,-0.0296937,0.00101876,0.0235286,-6.22376,-0.000638751,-0.0471014,-0.0561867,-0.268756,-0.389746,-2.27773,0.182352,1.39256
0.999999,0.000340886,2.50673e-06,-0.00159067,0.999998,-1.16774e-05,0.000399351,-0.00201952,1,0,0,0,0.711658,-0.0109641,-0.00805732,-0.702394,0.709261,0.00636036,0.00773391,-0.704874,0.999999,-0.00107993,0,0,0.999965,-0.00284493,0.00609522,0.00495076,0.732402,-0.115344,-0.1137,-0.661328,0.700241,0.105052,0.103196,-0.698554,0.98417,0.0242597,0.130554,-0.117372,0.993444,-0.0634944,-0.0950051,-0.00342962,0.672973,0.213494,-0.214854,0.674807,0.659813,-0.254259,0.254259,0.659812,0.00480566,0.0449979,-1.46759,0.0155155,0.0406663,-1.94324,0.00863451,0.24491,-1.49879,-0.00388962,0.237427,-1.89969,0.0172722,0.616331,-1.57282,-0.00166044,0.61294,-1.82407,0.000671506,0.87085,-1.70202,0.00269167,1.02904,-1.70249,0.00576862,1.21361,-1.70298,0.0064481,1.1437,-1.53191,0.00522155,1.14279,-1.8727,0.00509428,0.884419,-1.52426,0.00321807,0.883469,-1.87863,0.00981265,1.43337,-1.70356,-0.0773837,-0.000254085,0.311471,0.00204265,-0.0837269,0.391226,0,0,0,1.95195,1.41255,-1.05131,-0.897207,-1.33744,-0.301977,0.226559,0,0,0.5968,-1.27877,-1.0386,0.274597,0.304989,-1.68094,-0.266241,0.427342,-0.0637114,-0.0307138,-0.0828624,0.281498,-0.0690591,-0.0539066,0.172784,0.187764,0.133227,-0.283588,-0.0303501,0.0302803,-0.00816464,0.00513783,0.858375,-1.70149,1,-0.999983,0.00166001,4.67606e-05,0.0055896,-6.2865,-0.000112077,-0.0111791,-0.0469839,-0.157844,-0.331625,-1.88125,0.0706382,1.07661
