0.999878,-0.0137409,0.00377194,0.00644257,0.999878,-0.0137409,0.00377194,0.00644257,0.978709,-0.082523,0.0771909,-0.171347,0.675888,-0.617786,0.358512,-0.181617,0.585813,-0.0748896,0.181199,-0.786373,0.912161,0,0,0.409832,0.972043,0,0,0.234805,0.658623,0.124096,0.0273643,-0.741665,0.87882,-0.186481,-0.0586817,-0.435266,0.996137,0,0,-0.0878156,0.888147,0,0,-0.459559,0.69133,-0.186647,0.000116982,0.698016,0.498875,0.0717837,0.0207568,0.863447,-0.345573,0.0942052,-0.308521,-0.0635562,0.0553313,0.0109827,-0.267634,0.255332,-0.213101,0.0129268,0.222331,-0.019532,-0.0976567,0.552114,-0.0400174,0.0515942,0.558837,-0.0651024,0,0.791826,0,0.0460227,0.938895,0.0356942,0.0975984,1.11235,0.0720444,0.176215,1.03725,0.194453,0.047092,1.09718,-0.116532,0.270888,0.898323,0.0277086,-0.043927,0.879179,-0.204817,0.185491,1.30829,0.094234,0,0,0,0,0,0,0,0,0,0,0,0,0,0,0,0,0,0,0,0,0,0,0,0,0,0,0,0,0,0,0,0,0,0,0,0,0,0,0,0.0240121,0.792735,-0.00701145,1,0.980831,0.118933,-0.0185803,-0.153231,0.241336,3.0656e-14,-0.309946,0,0,0,0,0,0
0.999854,-0.0159715,0.00304546,0.00527645,0.999854,-0.0159715,0.00304546,0.00527645,0.974787,-0.073158,0.070186,-0.198776,0.654567,-0.650897,0.346571,-0.166624,0.584337,-0.0908066,0.195487,-0.782362,0.85742,0,0,0.514618,0.9543,0,0,0.298849,0.66658,0.13685,0.0113461,-0.732677,0.881488,-0.18812,-0.0411992,-0.431152,0.993492,0,0,-0.113902,0.881538,0,0,-0.472113,0.688645,-0.23484,0.00932944,0.685952,0.494714,0.0860372,0.0281894,0.864327,-0.33577,0.095131,-0.301192,-0.0554618,0.0585226,0.00796822,-0.253801,0.253468,-0.202846,0.0227848,0.224719,-0.0211535,-0.0862456,0.549608,-0.0285552,0.0604532,0.559603,-0.0600222,0.00600433,0.791933,0.0111977,0.0519075,0.93906,0.0467885,0.103841,1.11261,0.0821459,0.186456,1.03911,0.208868,0.0534977,1.09568,-0.105234,0.268618,0.918067,0.040957,-0.0233531,0.878498,-0.196049,0.196685,1.30522,0.104102,-0.133847,-0.043589,-0.0699677,-0.133847,-0.043589,-0.0699677,0.56007,-0.417692,-1.6734,-2.60541,-0.607594,0.91623,-1.11736,1.00793,0.247156,0,0,7.0975,0,0,3.98816,0.837037,-1.09039,0.767113,-0.0914489,1.09591,0.282747,0,0,-1.57327,0,0,-0.851287,-3.24796,0.618374,-0.76069,1.04599,0.543235,0.178017,0.0323457,0.793082,0.00225755,1,0.980888,0.119665,-0.0189656,-0.15225,0.242912,-0.000768267,-0.308069,0.18013,0.00318968,0.335932,0.0380396,-0.0363374,0.0563038
0.999797,-0.0198832,0.00256944,0.00197297,0.999797,-0.0198832,0.00256944,0.00197297,0.967664,-0.0756033,0.0678171,-0.230891,0.641595,-0.66174,0.336067,-0.193685,0.575568,-0.096415,0.200303,-0.786959,0.79513,0,0,0.606439,0.920957,0,0,0.389664,0.681338,0.149514,-0.0273012,-0.716016,0.882983,-0.184832,-0.0328733,-0.43023,0.985355,0,0,-0.170516,0.877427,0,0,-0.47971,0.684719,-0.343625,0.0491254,0.640834,0.49628,0.0823309,0.023642,0.863926,-0.328726,0.0964185,-0.264565,-0.0445336,0.0710101,0.0244543,-0.235301,0.251902,-0.165867,0.0341408,0.236834,-0.00619793,-0.0700629,0.553011,-0.00525306,0.0695422,0.57012,-0.0471116,0.01169,0.803293,0.0224477,0.0563903,0.951618,0.0543656,0.108252,1.12627,0.0838714,0.189033,1.05305,0.221108,0.0550911,1.10395,-0.101488,0.256926,0.936882,0.0642113,-0.00535175,0.889517,-0.188157,0.206108,1.3154,0.097565,-0.234733,-0.0285596,-0.198216,-0.234733,-0.0285596,-0.198216,-0.158983,-0.13345,-1.97695,-0.97149,-0.595794,-1.9094,-0.417198,0.388273,-0.522808,0,0,6.66076,0,0,5.80678,0.798815,-2.60599,1.40879,0.211519,0.521356,0.0717781,0,0,-3.43222,0,0,-0.518225,-7.33739,2.67628,-2.96245,-0.273619,-0.331861,-0.0721028,0.0400073,0.803373,0.013714,1,0.982931,0.109379,-0.0212497,-0.146392,0.223102,-0.00975002,-0.296786,0.17057,0.340816,0.3375,-0.647589,-0.0802083,0.335364
0.999806,-0.0195091,0.00141425,-0.002154,0.999806,-0.0195091,0.00141425,-0.002154,0.960747,-0.0826929,0.0661323,-0.256424,0.626279,-0.66692,0.319874,-0.246319,0.567495,-0.092103,0.19653,-0.794256,0.741641,0,0,0.670797,0.874625,0,0,0.484801,0.699444,0.160447,-0.0789683,-0.691953,0.883635,-0.168167,-0.0232504,-0.436312,0.962395,0,0,-0.271652,0.873168,0,0,-0.487419,0.688218,-0.431954,0.0743992,0.578132,0.495946,0.0690889,0.00382575,0.865592,-0.327625,0.109713,-0.199686,-0.0271028,0.0868626,0.0420953,-0.211534,0.256727,-0.104558,0.0505419,0.252611,0.00908677,-0.0452267,0.559209,0.0295817,0.0810518,0.584435,-0.0341056,0.018843,0.819828,0.0326768,0.0596741,0.97062,0.0574203,0.108421,1.14736,0.0786486,0.187251,1.07523,0.231324,0.0502739,1.11801,-0.104322,0.245724,0.954927,0.09227,0.0107514,0.908724,-0.183211,0.206667,1.33508,0.0811265,0.0224477,-0.0693164,-0.247635,0.0224477,-0.0693164,-0.247635,-0.441797,-0.0927773,-1.5852,-0.636224,-0.972107,-3.70344,0.281087,-0.218494,-0.700988,0,0,5.02252,0,0,6.35213,0.659953,-3.44056,1.94753,1.04324,0.601338,-0.373588,0,0,-6.22535,0,0,-0.528442,-5.89832,1.69222,-4.2683,-0.961564,-1.44001,0.130257,0.0475249,0.819514,0.0253498,1,0.987531,0.0871516,-0.0135755,-0.130397,0.176588,-0.00408379,-0.26293,0.214591,0.496053,0.306873,-1.29421,0.5488,1.00584
0.999857,-0.0156986,0.000831835,-0.00630801,0.999857,-0.0156986,0.000831835,-0.00630801,0.9566,-0.0885311,0.0594449,-0.271193,0.611944,-0.66078,0.292496,-0.321466,0.554438,-0.0723865,0.187576,-0.807573,0.70395,0,0,0.710249,0.814009,0,0,0.580852,0.727467,0.151478,-0.11305,-0.659596,0.884351,-0.146588,0.00540521,-0.443178,0.910178,0,0,-0.414218,0.86564,0,0,-0.500667,0.653788,-0.411049,0.0779579,0.630494,0.48913,0.0608007,-0.014742,0.869964,-0.321218,0.113387,-0.106908,-0.00698436,0.0659693,0.0537144,-0.181076,0.240261,-0.023041,0.0689563,0.230985,0.016424,-0.0118661,0.531412,0.0732542,0.0928707,0.560557,-0.0257176,0.0265968,0.7991,0.0435316,0.0625097,0.952468,0.0579697,0.10677,1.13134,0.0685538,0.185563,1.06295,0.240276,0.0374372,1.09557,-0.112015,0.23938,0.932375,0.123475,0.0164344,0.896714,-0.181027,0.202002,1.3192,0.0574294,0.22866,-0.0349481,-0.24925,0.22866,-0.0349481,-0.24925,-0.362543,-0.401481,-0.921228,0.157087,-1.76629,-5.29974,1.36176,-0.558447,-1.25185,0,0,3.27416,0,0,6.81838,-0.708137,-2.19697,2.63603,1.34977,1.78921,-0.421742,0,0,-9.11841,0,0,-0.914275,1.02638,0.310433,4.09375,-0.589176,-1.35272,0.506833,0.0554471,0.800504,0.03667,1,0.992289,0.0547738,0.00735908,-0.110939,0.107314,0.0267609,-0.221239,0.232614,-0.621859,0.325641,-1.79595,1.39629,1.27369
0.999845,-0.0143185,0.00129379,-0.0101177,0.999845,-0.0143185,0.00129379,-0.0101177,0.955544,-0.0836348,0.0450704,-0.279123,0.602717,-0.627963,0.24905,-0.424699,0.538904,-0.0329933,0.189192,-0.820183,0.688051,0,0,0.725663,0.743044,0,0,0.669243,0.755274,0.127693,-0.158407,-0.623027,0.882769,-0.128262,0.0362811,-0.450501,0.840898,0,0,-0.541193,0.859157,0,0,-0.511713,0.618629,-0.376933,0.0716496,0.685628,0.483222,0.0636665,-0.0285786,0.872712,-0.299622,0.124398,-0.00377086,0.00636326,0.040231,0.0613686,-0.142568,0.231608,0.0669352,0.0814749,0.20418,0.0199311,0.0222132,0.504865,0.120726,0.102355,0.531794,-0.0193547,0.0346947,0.773398,0.0544407,0.0661186,0.928322,0.0599633,0.106372,1.10845,0.0605073,0.17955,1.04651,0.255747,0.0244613,1.06826,-0.122919,0.235328,0.900735,0.167722,0.0180195,0.886111,-0.187318,0.198522,1.29642,0.0383181,0.082808,0.0277191,-0.228595,0.082808,0.0277191,-0.228595,0.296273,-0.874179,-0.488894,2.10694,-2.94168,-7.25559,2.77667,0.203111,-1.27767,0,0,1.32866,0,0,6.80487,-1.66139,-2.88927,2.85034,1.13953,1.92871,-0.472825,0,0,-8.68633,0,0,-0.76848,1.95646,-0.359883,4.4161,0.220982,-1.01408,0.365794,0.0637478,0.777599,0.0497215,1,0.99478,0.0275873,0.0268956,-0.0944919,0.0499105,0.0587577,-0.18794,0.242937,-0.771052,0.327275,-1.48984,1.28926,1.07223
0.999782,-0.0149194,0.000754044,-0.0145961,0.999782,-0.0149194,0.000754044,-0.0145961,0.956462,-0.0747088,0.0309264,-0.280433,0.589926,-0.575061,0.186933,-0.535114,0.518705,0.0383308,0.213709,-0.826925,0.690428,0,0,0.723401,0.661297,0,0,0.750124,0.780235,0.0875049,-0.206655,-0.583841,0.878733,-0.11356,0.0689226,-0.458456,0.773063,0,0,-0.634329,0.856802,0,0,-0.515646,0.591504,-0.343046,0.0705792,0.726265,0.480456,0.0696282,-0.0332768,0.873617,-0.264336,0.1629,0.0993519,0.0136863,0.0381818,0.0619404,-0.0979463,0.257029,0.156819,0.0878902,0.201802,0.0182989,0.0558699,0.51142,0.168413,0.109194,0.529157,-0.0148228,0.0441015,0.773679,0.0663806,0.0724653,0.929277,0.0653122,0.110642,1.10968,0.0576618,0.171537,1.05847,0.277107,0.016362,1.07019,-0.13975,0.23022,0.896547,0.225481,0.0202679,0.912006,-0.20803,0.201254,1.29731,0.02714,-0.0360726,-0.0323856,-0.268735,-0.0360726,-0.0323856,-0.268735,0.545065,-0.862032,-0.074432,3.46432,-4.24673,-7.86667,5.11247,1.88164,-0.993644,0,0,-0.196903,0,0,6.90364,-2.68269,-3.03118,2.91891,0.908216,2.04494,-0.537694,0,0,-6.91711,0,0,-0.275041,2.07458,-0.0194905,3.36444,0.441943,-0.346341,0.14407,0.0738325,0.781675,0.0642273,1,0.995497,0.00847075,0.0446782,-0.0831703,0.00947231,0.0904866,-0.166277,0.282203,0.00844716,0.358197,-1.02324,1.15003,0.740203
0.999723,-0.0150485,0.000494463,-0.0181129,0.999723,-0.0150485,0.000494463,-0.0181129,0.961045,-0.062371,0.0164305,-0.26876,0.571985,-0.518557,0.104159,-0.626963,0.494568,0.126686,0.288219,-0.810113,0.695443,0,0,0.718581,0.579506,0,0,0.814968,0.795876,0.0313064,-0.259021,-0.54636,0.870152,-0.0974106,0.0896696,-0.474664,0.723688,0,0,-0.690127,0.863071,0,0,-0.505082,0.566506,-0.288272,0.0496051,0.770396,0.481381,0.0861145,-0.0381354,0.871437,-0.220474,0.198173,0.200056,0.0171088,0.0356295,0.056426,-0.0523441,0.289169,0.242422,0.0902135,0.200619,0.0151588,0.0879729,0.528124,0.214482,0.115772,0.530935,-0.00821414,0.0562811,0.778233,0.0797515,0.0819253,0.934252,0.0760369,0.118147,1.11488,0.0649932,0.164737,1.07617,0.305074,0.016804,1.08659,-0.159151,0.226941,0.906575,0.29233,0.0300684,0.961666,-0.243628,0.205896,1.30457,0.0326688,-0.00776658,-0.0155754,-0.211043,-0.00776658,-0.0155754,-0.211043,0.757107,-0.884157,0.736165,3.67537,-5.72628,-6.74169,6.45466,5.58077,0.595667,0,0,-0.417302,0,0,6.26545,-3.65462,-3.29761,2.634,0.991561,1.31478,-1.10421,0,0,-4.47148,0,0,0.737026,3.61261,-1.42764,3.64142,1.20384,-0.354399,-0.18557,0.0858021,0.791612,0.0821936,1,0.995738,0.000853264,0.0559665,-0.0732968,-0.006546,0.111814,-0.147322,0.365387,0.13661,0.401125,-0.372333,0.706627,0.617132
0.999736,-0.0143102,-8.0758e-06,-0.017978,0.999736,-0.0143102,-8.0758e-06,-0.017978,0.96798,-0.0498743,0.00312,-0.246002,0.539273,-0.469762,0.000342589,-0.698934,0.472612,0.212389,0.415158,-0.747779,0.688874,0,0,0.724881,0.52178,0,0,0.85308,0.805279,-0.0242294,-0.298427,-0.511742,0.858684,-0.0789008,0.113046,-0.493617,0.708326,0,0,-0.705885,0.877437,0,0,-0.479691,0.552509,-0.228606,0.0389178,0.800599,0.490086,0.103168,-0.0431605,0.864471,-0.168204,0.223753,0.303981,0.0189025,0.0357204,0.0466307,-0.0037092,0.322585,0.324897,0.0890554,0.204284,0.0112706,0.120952,0.555751,0.25852,0.120752,0.540334,0.00260354,0.0714655,0.79054,0.0993812,0.0950599,0.946838,0.0940456,0.128722,1.12784,0.0812538,0.163158,1.10641,0.340015,0.0252883,1.12235,-0.173357,0.227373,0.941284,0.368197,0.0479415,1.03917,-0.279374,0.210687,1.32173,0.0490655,0.0443089,-0.0301551,0.00809729,0.0443089,-0.0301551,0.00809729,0.766816,-0.809611,1.4186,2.97426,-7.30398,-5.74637,6.38275,9.52493,4.00467,0,0,0.546083,0,0,4.15111,-3.57377,-2.47325,2.34493,1.14106,1.49563,-1.31574,0,0,-1.32044,0,0,1.75045,4.11247,-0.737471,2.46316,1.21859,-0.355507,-0.751215,0.100131,0.810352,0.105002,1,0.99532,-0.00390872,0.0691815,-0.0673623,-0.0172654,0.137623,-0.136342,0.455532,0.369213,0.588893,-0.206443,0.8116,0.369392
0.999744,-0.0133753,1.02924e-05,-0.0182716,0.999744,-0.0133753,1.02924e-05,-0.0182716,0.97431,-0.0351769,-0.0117784,-0.222134,0.492384,-0.435634,-0.104304,-0.746258,0.450267,0.294615,0.558545,-0.63126,0.684507,0,0,0.729006,0.516914,0,0,0.856038,0.807934,-0.066687,-0.325087,-0.486943,0.841283,-0.0570347,0.136901,-0.519854,0.733254,0,0,-0.679955,0.901667,0,0,-0.432431,0.557616,-0.168909,0.0299874,0.812179,0.511185,0.134121,-0.0639713,0.846528,-0.104553,0.237736,0.413872,0.0196328,0.0409064,0.0371504,0.0485842,0.35339,0.405393,0.084186,0.215542,0.0108079,0.154195,0.592984,0.300162,0.124214,0.560058,0.0206519,0.0901854,0.813666,0.125615,0.112125,0.970146,0.118741,0.14385,1.15138,0.104327,0.169657,1.1514,0.377563,0.0423391,1.1818,-0.174666,0.232028,0.998483,0.444724,0.0742557,1.14613,-0.301326,0.220474,1.34903,0.0727937,0.0560984,0.00110219,-0.0176141,0.0560984,0.00110219,-0.0176141,0.895933,-0.902044,1.47635,1.79902,-7.61715,-4.46462,6.25502,10.9405,8.09108,0,0,0.36042,0,0,0.341706,-2.72269,-1.69191,1.62314,1.355,1.55676,-1.85775,0,0,2.15828,0,0,3.18698,4.26039,-0.63806,0.697531,2.16596,-1.47375,-1.87203,0.117711,0.839565,0.132994,1,0.994486,-0.00843662,0.0837033,-0.062612,-0.0276462,0.166191,-0.128055,0.561599,0.693782,0.787014,-0.192195,0.89014,0.295715
0.999778,-0.0121505,0.000538508,-0.0172299,0.999778,-0.0121505,0.000538508,-0.0172299,0.979445,-0.0209508,-0.0273962,-0.198743,0.442647,-0.425638,-0.17681,-0.769177,0.432284,0.354503,0.659117,-0.503014,0.696062,0,0,0.717982,0.568129,0,0,0.82294,0.805323,-0.0833002,-0.338717,-0.479361,0.815545,-0.0305516,0.159508,-0.555437,0.794109,0,0,-0.607776,0.935772,0,0,-0.352606,0.583132,-0.116428,0.0213219,0.803708,0.559563,0.143659,-0.0738443,0.812895,-0.0268207,0.234922,0.520922,0.0147194,0.0506922,0.0207312,0.103247,0.371656,0.479402,0.0714035,0.233847,0.0124012,0.184782,0.630583,0.339046,0.12368,0.588412,0.0472905,0.112788,0.845097,0.159582,0.134041,1.00163,0.15172,0.164435,1.18303,0.13649,0.189976,1.20149,0.418136,0.0639797,1.24957,-0.150476,0.249047,1.05999,0.51478,0.10229,1.25945,-0.293588,0.236026,1.38403,0.106356,0.073503,0.0316953,0.0625211,0.073503,0.0316953,0.0625211,0.863145,-0.94231,1.43643,0.0341278,-5.566,-2.9215,4.6566,7.85867,9.2069,0,0,-0.958196,0,0,-3.6593,-1.07107,-0.895349,0.457011,1.66063,1.52785,-2.58567,0,0,5.66667,0,0,5.2099,3.8022,-0.629372,-1.20278,0.476796,-0.603922,-3.62729,0.138158,0.874073,0.167285,1,0.99289,-0.0110248,0.101252,-0.0616147,-0.0350839,0.201058,-0.127492,0.678072,0.942918,1.01901,-0.0843121,1.06543,0.0576312
0.999828,-0.00977746,0.000716106,-0.0157573,0.999828,-0.00977746,0.000716106,-0.0157573,0.982398,-0.0125966,-0.038988,-0.182249,0.402354,-0.4246,-0.21055,-0.783259,0.41635,0.400099,0.707189,-0.407992,0.723806,0,0,0.690003,0.651362,0,0,0.758767,0.799093,-0.0791367,-0.334513,-0.493243,0.779018,-7.66691e-05,0.180721,-0.600393,0.871865,0,0,-0.489746,0.973482,0,0,-0.228762,0.643888,-0.0797345,0.0144188,0.760817,0.636211,0.156189,-0.101194,0.748733,0.0653382,0.213298,0.615493,0.00450825,0.0638381,-0.00147021,0.15998,0.37109,0.543265,0.049122,0.256062,0.0167719,0.210822,0.657609,0.376266,0.116968,0.618311,0.0838286,0.138495,0.875964,0.201024,0.160698,1.03234,0.192565,0.191612,1.21368,0.177455,0.22222,1.24213,0.462456,0.0907201,1.30923,-0.106915,0.27573,1.10499,0.57998,0.129615,1.35699,-0.265135,0.260975,1.41641,0.148703,0.142402,0.0106559,0.0883785,0.142402,0.0106559,0.0883785,0.505467,-0.697974,1.00741,-0.511476,-2.80303,-2.13409,3.62827,3.98146,6.88188,0,0,-2.36431,0,0,-6.30892,0.25575,0.220752,-0.964131,1.94986,1.51389,-3.39677,0,0,8.48746,0,0,7.77293,2.70621,-0.508126,-4.3062,0.543572,-1.71233,-6.18041,0.161123,0.904408,0.207137,1,0.990271,-0.0121872,0.121925,-0.0659422,-0.0414385,0.242233,-0.138028,0.771203,0.926012,1.24327,-0.0208437,1.24899,-0.27412
0.99991,-0.00406365,-0.000530871,-0.0128038,0.99991,-0.00406365,-0.000530871,-0.0128038,0.983983,-0.00486628,-0.0489084,-0.171354,0.373419,-0.41435,-0.216947,-0.801128,0.404348,0.448635,0.722778,-0.335888,0.761308,0,0,0.64839,0.747102,0,0,0.664709,0.790904,-0.0674065,-0.319484,-0.517549,0.74446,0.0325695,0.193903,-0.63806,0.941855,0,0,-0.336019,0.996787,0,0,-0.0800944,0.74062,-0.0857135,0.0273844,0.665872,0.743973,0.141148,-0.136383,0.638734,0.156861,0.181129,0.685077,-0.00299512,0.0902587,-0.0292749,0.207976,0.35818,0.594011,0.0264162,0.28808,0.0222469,0.225632,0.672399,0.414257,0.106441,0.648295,0.12695,0.163516,0.901149,0.248202,0.190854,1.05678,0.240752,0.227075,1.2374,0.229126,0.259052,1.26264,0.51471,0.134918,1.36338,-0.0490967,0.297412,1.12025,0.646839,0.17598,1.44719,-0.219573,0.300551,1.43992,0.206426,0.342855,-0.0748221,0.17724,0.342855,-0.0748221,0.17724,0.466718,-0.597168,0.663052,0.348069,-0.709522,-2.18412,3.84363,1.47678,5.29038,0,0,-3.36152,0,0,-8.05882,0.74197,0.905289,-1.66539,2.14472,1.01901,-2.98282,0,0,10.1467,0,0,9.03755,-0.191862,0.816612,-8.16964,-1.42911,-2.02674,-9.3407,0.186293,0.928001,0.252473,1,0.986477,-0.00821116,0.140972,-0.0832072,-0.0412839,0.280425,-0.174125,0.750647,0.755552,1.41534,0.182542,1.13121,-1.08397
0.999964,-0.00501926,-0.00200503,-0.00654745,0.999964,-0.00501926,-0.00200503,-0.00654745,0.985229,0.00235993,-0.0593191,-0.160621,0.353109,-0.393365,-0.212457,-0.821852,0.399239,0.496473,0.722373,-0.268888,0.798548,0,0,0.60193,0.848386,0,0,0.529378,0.776002,-0.0768768,-0.295179,-0.552069,0.721607,0.0664851,0.193231,-0.661457,0.984747,0,0,-0.173992,0.999018,0,0,0.0442957,0.809118,-0.109,0.0626372,0.574042,0.820353,0.109616,-0.24756,0.503705,0.236818,0.172027,0.739353,0.0156105,0.135877,-0.037868,0.243767,0.359453,0.642123,0.0275845,0.334259,0.0349546,0.23347,0.690521,0.458066,0.107724,0.684306,0.172161,0.189639,0.928757,0.299199,0.22224,1.08345,0.29348,0.262119,1.26344,0.284161,0.287849,1.28651,0.568326,0.185675,1.4097,0.0102155,0.306088,1.13985,0.714074,0.227345,1.52908,-0.170282,0.337251,1.46622,0.265868,-0.057333,-0.0884499,0.375397,-0.057333,-0.0884499,0.375397,0.435843,-0.626501,0.651487,1.31854,0.186144,-2.20688,3.7125,0.0992551,5.02615,0,0,-3.57309,0,0,-10.1542,-0.638975,1.4636,-2.42641,2.26638,0.066869,-1.91723,0,0,10.0683,0,0,7.46943,-1.35132,2.21553,-6.99379,-2.27332,-6.85061,-9.79814,0.212694,0.955977,0.301008,1,0.983533,0.000529722,0.148975,-0.102317,-0.0308012,0.297521,-0.211931,0.783687,0.828238,1.5299,0.394261,0.445564,-1.22377
0.999978,-0.00514077,-0.00271187,-0.00328444,0.999978,-0.00514077,-0.00271187,-0.00328444,0.987467,0.0188207,-0.0739264,-0.138165,0.326834,-0.376632,-0.192774,-0.845084,0.382108,0.567893,0.704767,-0.186532,0.837933,0,0,0.545773,0.969118,0,0,0.246596,0.767579,-0.133077,-0.242536,-0.578178,0.728308,0.0291978,0.24884,-0.637804,0.999155,0,0,-0.0411003,0.999969,0,0,0.00786859,0.832479,-0.104877,0.114981,0.531751,0.787487,0.0188688,-0.211352,0.578652,0.338829,0.177123,0.794082,-0.00248309,0.167161,0.00753337,0.299535,0.365738,0.703277,0.0233946,0.357513,0.0885064,0.249101,0.700209,0.520504,0.123869,0.700296,0.231568,0.211798,0.940769,0.363845,0.247646,1.09471,0.357328,0.290077,1.27409,0.3474,0.308227,1.30024,0.62927,0.23928,1.43769,0.0797795,0.299756,1.15325,0.789618,0.264355,1.60297,-0.108044,0.364738,1.47806,0.332572,-0.00728901,-0.0424104,0.195784,-0.00728901,-0.0424104,0.195784,0.991685,-0.877438,1.3603,0.923957,1.3357,-2.64258,5.7692,-0.905956,6.13847,0,0,-4.11629,0,0,-18.5221,-3.67596,3.36819,-1.81329,-2.47608,3.64308,1.67579,0,0,8.02618,0,0,-2.18649,0.321318,3.29467,-3.00099,-5.78165,2.1489,5.23565,0.237596,0.970759,0.363489,1,0.981616,-0.000164695,0.152575,-0.114675,-0.0370242,0.304172,-0.238267,0.664782,0.360367,1.93938,-0.129279,0.234276,-0.734738
0.999967,-0.0044712,-0.00294077,-0.00608887,0.999967,-0.0044712,-0.00294077,-0.00608887,0.988031,0.0217567,-0.0849649,-0.126894,0.311731,-0.375617,-0.157733,-0.858403,0.409722,0.557234,0.717844,-0.0794884,0.872653,0,0,0.488341,0.999335,0,0,0.036458,0.782265,-0.0907959,-0.240702,-0.567344,0.714896,-0.0118745,0.31134,-0.625979,0.999961,0,0,-0.00886345,0.998094,0,0,-0.0617075,0.84649,-0.137773,0.156675,0.489823,0.752849,-0.0244374,-0.145278,0.641495,0.421872,0.17141,0.823645,-0.0361739,0.177428,0.104873,0.364337,0.362426,0.745238,0.0176862,0.362866,0.17628,0.288282,0.701505,0.580009,0.148285,0.702171,0.300067,0.241114,0.943138,0.429797,0.273403,1.09768,0.419854,0.312757,1.27749,0.405836,0.331215,1.30868,0.685213,0.263564,1.44517,0.144136,0.307071,1.16293,0.85706,0.248715,1.63256,-0.0343709,0.382708,1.48313,0.387095,0.0401733,-0.0137349,-0.168269,0.0401733,-0.0137349,-0.168269,0.176653,-0.664123,0.68057,-0.140116,2.66134,-1.54935,-1.36133,0.297929,8.2699,0,0,-4.02745,0,0,-12.762,2.78598,0.205005,0.90723,-2.71903,4.23752,0.568337,0,0,1.9349,0,0,-4.17693,-2.04779,2.60122,-2.82319,-2.82022,4.14923,4.60276,0.262498,0.974642,0.42597,1,0.981558,-0.0119723,0.160109,-0.103762,-0.0597418,0.317116,-0.220195,0.879479,0.071054,1.97857,-0.54372,0.525608,0.750431
0.999937,-0.00677983,-0.00354899,-0.00819683,0.999937,-0.00677983,-0.00354899,-0.00819683,0.986215,0.00946156,-0.0855832,-0.1413,0.300447,-0.367241,-0.118712,-0.872223,0.492808,0.460851,0.73486,0.0688333,0.900585,0,0,0.434679,0.999711,0,0,0.0240395,0.792548,-0.0680457,-0.238893,-0.556927,0.692436,-0.00757676,0.31717,-0.64798,0.997326,0,0,-0.0730757,0.991409,0,0,-0.130798,0.855997,-0.170769,0.0678785,0.483217,0.715456,0.020235,-0.111671,0.689379,0.445218,0.15465,0.873428,-0.0539371,0.178226,0.219049,0.403061,0.349657,0.791801,0.0234194,0.359466,0.268091,0.333586,0.693284,0.635678,0.180484,0.693286,0.365219,0.275365,0.935213,0.49152,0.302192,1.09078,0.481361,0.3357,1.27165,0.465983,0.346403,1.30431,0.742235,0.277436,1.43763,0.206113,0.30422,1.15782,0.919518,0.244435,1.6287,0.0339071,0.401055,1.47793,0.442637,-0.138523,-0.0364956,-0.126484,-0.138523,-0.0364956,-0.126484,-0.740318,-0.0403831,-0.873032,0.499929,3.03662,-1.4818,-8.55895,-0.750809,11.0152,0,0,-3.63031,0,0,-0.745456,1.49035,0.176023,0.811822,0.281161,0.571437,-1.83782,0,0,-3.85664,0,0,-4.16565,-2.05099,-5.63294,-0.521927,2.94459,2.09601,3.78341,0.287401,0.967625,0.488451,1,0.983654,-0.0143624,0.157732,-0.085673,-0.0581364,0.312929,-0.182929,1.02752,-0.237736,1.85169,0.019719,-0.132243,1.10308
0.999853,-0.012155,-0.00290278,-0.0117022,0.999853,-0.012155,-0.00290278,-0.0117022,0.982787,0.00820923,-0.0837473,-0.164463,0.287752,-0.311833,-0.104421,-0.899475,0.522772,0.44687,0.719126,0.0993728,0.92108,0,0,0.389374,0.99668,0,0,0.0814169,0.781199,-0.0596994,-0.249041,-0.569335,0.679742,0.0135806,0.281674,-0.677072,0.985983,0,0,-0.166846,0.973354,0,0,-0.229309,0.729617,-0.196299,0.0421728,0.653718,0.669795,0.085516,-0.0929773,0.731722,0.404559,0.127731,0.907114,-0.0497997,0.183462,0.310791,0.396094,0.32038,0.834096,0.050824,0.354206,0.336625,0.367985,0.669163,0.687429,0.226559,0.675208,0.416386,0.312104,0.915989,0.549645,0.333144,1.07273,0.546504,0.360766,1.25497,0.536948,0.346308,1.28155,0.805271,0.309408,1.42404,0.277355,0.26946,1.1321,0.975321,0.294126,1.62231,0.112126,0.423629,1.46177,0.519014,-0.322535,0.0387686,-0.210344,-0.322535,0.0387686,-0.210344,-0.0749169,0.104849,-1.40761,4.25309,1.08482,-2.62608,-1.43762,-1.82117,2.12926,0,0,-2.98383,0,0,3.44792,0.522336,-0.722545,-0.955349,1.42257,-2.28516,-2.17556,0,0,-5.66932,0,0,-6.01161,-2.20121,-1.49387,12.7207,4.4385,1.13098,3.68509,0.312303,0.949707,0.550932,1,0.987931,0.00645479,0.141595,-0.0624605,-0.00514096,0.284397,-0.127015,1.10217,-0.576717,1.74376,1.36932,-1.08009,1.20912
0.999755,-0.0130444,-0.00138026,-0.0178097,0.999755,-0.0130444,-0.00138026,-0.0178097,0.981198,0.00869904,-0.0769306,-0.176793,0.306409,-0.27149,-0.096901,-0.907203,0.51984,0.433473,0.735163,0.0374526,0.944775,0,0,0.327718,0.965545,0,0,0.260237,0.796426,-0.0510545,-0.232356,-0.555977,0.683292,0.00871235,0.251404,-0.685443,0.95927,0,0,-0.28249,0.926499,0,0,-0.376297,0.614962,-0.172291,0.0284894,0.768977,0.638846,0.0844309,-0.101765,0.757886,0.410119,0.106969,0.92192,-0.0351281,0.18427,0.465278,0.428195,0.293846,0.863543,0.090244,0.335655,0.447429,0.414637,0.640906,0.738548,0.273823,0.639354,0.481723,0.341171,0.88691,0.610513,0.355124,1.04445,0.608847,0.376785,1.22752,0.600069,0.352546,1.24654,0.860279,0.31495,1.38591,0.332594,0.258596,1.09128,1.02515,0.316201,1.57945,0.173521,0.435945,1.43494,0.582366,-0.0533976,0.091353,-0.366504,-0.0533976,0.091353,-0.366504,0.0298385,0.408881,-0.749778,3.43416,0.67455,0.0548725,-0.923125,1.2188,-4.44497,0,0,-3.96384,0,0,10.9056,0.578766,1.16577,1.06793,-0.328726,-2.06245,-0.49966,0,0,-7.12558,0,0,-9.26573,1.0601,-0.817063,9.96321,-0.00262984,-0.679521,2.40425,0.337205,0.92089,0.613413,1,0.990168,0.00839698,0.13477,-0.0365131,0.0070439,0.2708,-0.0727582,0.87201,-0.872366,1.82602,0.309157,-0.440988,1.52748
0.999599,-0.0158786,-0.000943306,-0.0234264,0.999599,-0.0158786,-0.000943306,-0.0234264,0.978983,0.0189491,-0.073468,-0.189306,0.34583,-0.257548,-0.101419,-0.89654,0.555259,0.336934,0.759515,-0.0360713,0.959501,0,0,0.281706,0.854036,0,0,0.520213,0.819936,-0.0591295,-0.201843,-0.532417,0.692325,-0.0362406,0.23653,-0.680754,0.922777,0,0,-0.385334,0.857064,0,0,-0.51521,0.5579,-0.162179,0.010219,0.813843,0.635071,0.0763122,-0.103527,0.761672,0.440796,0.0925541,0.959993,0.00979354,0.187148,0.659227,0.477234,0.273233,0.906487,0.146334,0.310077,0.588183,0.461795,0.609316,0.7929,0.318484,0.589878,0.55895,0.364581,0.84769,0.671085,0.371935,1.00559,0.666464,0.387792,1.18891,0.652618,0.365544,1.20563,0.908872,0.304641,1.30854,0.367012,0.276902,1.04467,1.07686,0.313212,1.46817,0.213207,0.443608,1.39622,0.629899,-0.170113,0.0262164,-0.337103,-0.170113,0.0262164,-0.337103,0.619743,0.205759,-0.764032,1.49721,-0.204918,2.20555,-7.30719,0.933358,-5.24978,0,0,-2.89896,0,0,17.03,-0.48765,2.07756,1.81217,-3.01511,-1.05652,0.476641,0,0,-6.55081,0,0,-9.32733,0.431111,-1.24602,4.44551,-0.547869,-0.131367,0.338345,0.362108,0.881173,0.675893,1,0.991117,-0.00200393,0.132193,-0.0144228,-0.00806728,0.265072,-0.0301777,0.702296,-1.17662,1.81718,-0.445462,-0.149126,1.39741
0.999556,-0.0130671,-0.00137512,-0.0267394,0.999556,-0.0130671,-0.00137512,-0.0267394,0.976032,0.0438657,-0.0747402,-0.199627,0.376034,-0.232522,-0.126355,-0.888012,0.604947,0.248657,0.745642,-0.127388,0.959711,0,0,0.28099,0.693197,0,0,0.720748,0.835744,-0.0240735,-0.188688,-0.51512,0.712629,-0.072061,0.229216,-0.65911,0.893229,0,0,-0.449603,0.786073,0,0,-0.618134,0.523877,-0.151564,-0.00688796,0.838173,0.66062,0.16049,-0.0932333,0.727414,0.447743,0.0439722,0.941617,0.0605102,0.190429,0.791499,0.50033,0.222363,0.907486,0.197256,0.287233,0.681956,0.492586,0.557723,0.832504,0.350457,0.540836,0.620914,0.384243,0.798907,0.73305,0.391166,0.956885,0.73249,0.407806,1.14045,0.723799,0.394874,1.14282,0.977424,0.310421,1.23387,0.433738,0.316025,0.969926,1.13837,0.330217,1.35365,0.300148,0.467565,1.34681,0.710116,0.168702,-0.0259136,-0.198828,0.168702,-0.0259136,-0.198828,1.50819,-0.0813597,-0.635636,2.2079,-1.80076,1.65403,-6.61459,-2.06211,-6.28573,0,0,-0.0447761,0,0,15.4668,2.24825,0.909291,1.29306,-2.36307,-0.610602,1.79683,0,0,-4.24507,0,0,-7.50687,0.594988,-1.21785,2.58637,5.65977,0.770658,-2.85513,0.38701,0.830555,0.738374,1,0.988639,0.00997754,0.149666,-0.00966421,0.017627,0.300632,-0.0168801,0.589849,-1.46346,1.85895,0.765129,1.04903,0.183718
0.999652,-0.00888956,-0.00172351,-0.0247738,0.999652,-0.00888956,-0.00172351,-0.0247738,0.97537,0.064055,-0.0751968,-0.197222,0.39387,-0.208678,-0.148021,-0.882842,0.646797,0.19646,0.706806,-0.208525,0.954814,0,0,0.297203,0.574394,0,0,0.818579,0.842905,0.00540736,-0.177731,-0.507831,0.720943,-0.105969,0.220158,-0.648492,0.882702,0,0,-0.469934,0.761366,0,0,-0.648322,0.508155,-0.148226,-0.00835744,0.848374,0.674047,0.249182,-0.0895815,0.689597,0.438755,0.0407768,0.905961,0.0894118,0.208942,0.860311,0.498709,0.217631,0.885657,0.21858,0.295661,0.729697,0.497687,0.554084,0.838973,0.35698,0.54107,0.649249,0.387649,0.7991,0.7575,0.396324,0.956984,0.760201,0.414539,1.14059,0.756835,0.40887,1.13042,1.00743,0.312041,1.21512,0.467691,0.338768,0.947529,1.15917,0.33844,1.30295,0.348892,0.476282,1.34664,0.752342,0.250707,-0.0209028,0.117999,0.250707,-0.0209028,0.117999,1.222,-0.0286319,0.142764,1.96363,-1.5681,0.962121,-3.85166,-3.51874,-5.38853,0,0,1.01622,0,0,9.24305,1.87166,0.72505,0.546098,-2.23247,-0.649063,0.843699,0,0,-1.37372,0,0,-2.3407,0.167136,-0.109605,1.14733,5.9298,0.279996,-2.81412,0.394119,0.827615,0.764159,1,0.985778,0.01942,0.166324,-0.0141492,0.0355611,0.334679,-0.0226971,0.102182,0.00576948,0.73351,0.531244,1.01108,-0.342544
0.999721,-0.00465773,-0.00193659,-0.0230885,0.999721,-0.00465773,-0.00193659,-0.0230885,0.974618,0.0838847,-0.0773173,-0.192626,0.415446,-0.184807,-0.163413,-0.875527,0.688013,0.163053,0.63299,-0.315239,0.951719,0,0,0.306972,0.47158,0,0,0.881823,0.846719,0.0289897,-0.156178,-0.507774,0.713527,-0.148193,0.218497,-0.648981,0.877831,0,0,-0.478971,0.762426,0,0,-0.647075,0.495614,-0.141616,-0.00157368,0.856919,0.675058,0.326628,-0.0809293,0.656553,0.431435,0.0379071,0.875097,0.122109,0.209431,0.931878,0.496366,0.212773,0.86474,0.237199,0.292927,0.783648,0.501706,0.549771,0.84204,0.360358,0.538229,0.679966,0.391721,0.797574,0.778383,0.401233,0.95538,0.782873,0.420177,1.13895,0.783122,0.422704,1.11726,1.02927,0.317258,1.18724,0.498463,0.36226,0.924619,1.17149,0.350848,1.23943,0.391281,0.482839,1.34462,0.785927,0.253946,-0.0127837,0.101161,0.253946,-0.0127837,0.101161,1.20093,-0.129469,0.275103,1.95683,-1.04772,1.21992,-2.45939,-5.73495,-6.9349,0,0,0.614847,0,0,7.24697,1.49151,1.379,0.0476845,-2.82699,-0.0687722,-0.155176,0,0,-0.615948,0,0,0.0981801,0.421818,0.48981,0.957013,5.21943,0.586263,-2.24833,0.400702,0.821635,0.7866,1,0.982666,0.0238678,0.183139,-0.0160439,0.0440074,0.369013,-0.0244365,0.122185,-0.0457674,0.626479,0.262082,1.0241,-0.139507
0.999761,-8.44604e-05,-0.00206289,-0.0217521,0.999761,-8.44604e-05,-0.00206289,-0.0217521,0.974087,0.103671,-0.0807632,-0.184078,0.438144,-0.162947,-0.171636,-0.86719,0.726464,0.145506,0.517487,-0.428119,0.948122,0,0,0.317907,0.41758,0,0,0.90864,0.849584,0.0529079,-0.125054,-0.509676,0.69977,-0.18541,0.221433,-0.653386,0.87623,0,0,-0.481893,0.779318,0,0,-0.626629,0.488926,-0.126901,0.0112948,0.862972,0.673337,0.382057,-0.084298,0.627331,0.42006,0.0359233,0.837993,0.154431,0.19783,0.993513,0.489637,0.208562,0.83673,0.251924,0.284492,0.832546,0.503362,0.545456,0.839913,0.360327,0.535378,0.709051,0.39584,0.795479,0.79756,0.40654,0.953167,0.803512,0.426883,1.13657,0.807007,0.439967,1.10312,1.04744,0.326626,1.15658,0.534802,0.3903,0.900692,1.17818,0.368895,1.17586,0.43493,0.490914,1.34155,0.816629,0.274422,-0.00757735,0.0802091,0.274422,-0.00757735,0.0802091,1.19846,-0.2094,0.515283,1.77381,-0.486187,1.30227,-1.32218,-8.26719,-7.15477,0,0,0.690683,0,0,3.6181,1.50978,1.97728,-0.0872039,-2.53985,0.273673,-0.524392,0,0,-0.199949,0,0,1.59132,1.04262,0.937832,0.62408,3.75793,-0.231176,-1.94328,0.407082,0.814582,0.806158,1,0.978455,0.027583,0.203755,-0.0186554,0.0506154,0.411254,-0.0275685,0.123561,-0.0628484,0.575316,0.216243,1.26205,-0.169343
0.999811,0.00389713,-0.00220776,-0.0189296,0.999811,0.00389713,-0.00220776,-0.0189296,0.973888,0.122584,-0.084568,-0.17136,0.461919,-0.144047,-0.168875,-0.858698,0.760267,0.132318,0.385414,-0.505907,0.945017,0,0,0.327021,0.422346,0,0,0.906435,0.84616,0.0757539,-0.101901,-0.517582,0.677519,-0.214687,0.219861,-0.668235,0.877612,0,0,-0.479371,0.80683,0,0,-0.590783,0.486664,-0.10845,0.0186999,0.86663,0.671765,0.395351,-0.106719,0.617285,0.404263,0.0437756,0.800973,0.181027,0.187247,1.03873,0.478611,0.213804,0.808735,0.262602,0.28162,0.872674,0.503687,0.549464,0.836284,0.360765,0.541758,0.734479,0.401414,0.801559,0.813414,0.412251,0.959084,0.822696,0.432297,1.14234,0.831696,0.454777,1.09422,1.06424,0.340783,1.14157,0.576868,0.4165,0.879915,1.17717,0.396125,1.1372,0.480336,0.495018,1.34706,0.851118,0.238911,-0.0086906,0.169385,0.238911,-0.0086906,0.169385,1.14514,-0.230624,0.76904,1.52383,0.339912,1.31472,-0.983809,-9.06097,-4.71975,0,0,0.577728,0,0,-0.31511,1.4498,1.45539,-0.53986,-2.08185,0.0230965,-1.38204,0,0,0.172559,0,0,2.71143,1.33729,0.54122,0.329507,0.914182,-1.51849,-0.652522,0.412706,0.81614,0.824167,1,0.974451,0.0364102,0.220955,-0.0172825,0.0702656,0.446573,-0.0195058,0.167218,0.182384,0.475609,0.560923,1.04662,-0.0033315
0.999863,0.00766249,-0.00257415,-0.0144648,0.999863,0.00766249,-0.00257415,-0.0144648,0.974433,0.135116,-0.0888456,-0.155979,0.479055,-0.12653,-0.161941,-0.853388,0.786299,0.119886,0.250658,-0.551844,0.941745,0,0,0.336328,0.471441,0,0,0.881898,0.841648,0.102432,-0.0849765,-0.523369,0.658429,-0.234605,0.213945,-0.682393,0.881914,0,0,-0.47141,0.83759,0,0,-0.546299,0.485659,-0.0936472,0.0249182,0.86876,0.668495,0.355622,-0.111953,0.643517,0.38119,0.0542829,0.757273,0.19775,0.168984,1.0617,0.460782,0.220745,0.776367,0.266616,0.276668,0.900118,0.500372,0.553389,0.83074,0.358801,0.549476,0.755303,0.406933,0.807334,0.82791,0.419789,0.96438,0.841765,0.441233,1.14699,0.857954,0.471286,1.08372,1.08121,0.360341,1.13455,0.623987,0.439417,0.859653,1.17345,0.43407,1.10842,0.528004,0.50371,1.35065,0.888357,0.225928,-0.0219823,0.267916,0.225928,-0.0219823,0.267916,0.757083,-0.257926,0.932691,1.36321,0.602255,0.869232,-0.887544,-8.95873,-2.65181,0,0,0.591894,0,0,-3.29353,1.69869,1.06223,-0.420024,-1.46244,-0.289688,-1.30254,0,0,0.542983,0,0,3.24543,1.07723,0.454594,0.183479,-2.65343,-0.363402,1.82859,0.418289,0.817766,0.840424,1,0.969531,0.0503401,0.238811,-0.021096,0.09905,0.483852,-0.0190507,0.165575,0.17326,0.434884,0.79322,1.10322,-0.373763
0.999871,0.0115201,-0.00299494,-0.0107896,0.999871,0.0115201,-0.00299494,-0.0107896,0.975245,0.143409,-0.0919956,-0.140952,0.490085,-0.111864,-0.150025,-0.851349,0.803217,0.0963374,0.142565,-0.570295,0.938384,0,0,0.345593,0.538215,0,0,0.842808,0.838004,0.124236,-0.0664304,-0.527163,0.640252,-0.247193,0.199506,-0.699407,0.887283,0,0,-0.461225,0.873849,0,0,-0.486198,0.485081,-0.0771298,0.0314751,0.870492,0.654969,0.331782,-0.131909,0.665985,0.359532,0.0661061,0.72187,0.208823,0.143811,1.07795,0.443119,0.229029,0.750216,0.267679,0.266985,0.925974,0.495936,0.557415,0.82738,0.356745,0.555485,0.77794,0.411624,0.811425,0.84192,0.426836,0.967905,0.859351,0.450486,1.14961,0.881531,0.485246,1.07442,1.0956,0.379212,1.1311,0.668004,0.454849,0.843986,1.16832,0.47078,1.08429,0.571776,0.513678,1.35174,0.921049,0.231463,-0.0252477,0.220523,0.231463,-0.0252477,0.220523,0.499456,-0.189099,0.911767,1.11353,0.925691,0.451242,-1.56177,-7.04842,-0.963928,0,0,0.591352,0,0,-4.64361,1.39236,1.16997,-0.284362,-0.977303,-0.882091,-1.50156,0,0,0.690794,0,0,4.21231,1.20448,0.479299,0.142626,-1.49224,-1.3981,1.76225,0.423113,0.818365,0.85594,1,0.964813,0.06152,0.254327,-0.025862,0.121699,0.516613,-0.0214066,0.140714,0.122742,0.42029,0.615997,0.970515,-0.396576
0.999863,0.0145297,-0.0032998,-0.00716389,0.999863,0.0145297,-0.0032998,-0.00716389,0.976304,0.146483,-0.0964181,-0.126796,0.495531,-0.100207,-0.136645,-0.851901,0.810389,0.0979028,0.0535042,-0.575172,0.936981,0,0,0.349381,0.621096,0,0,0.783734,0.834008,0.142824,-0.0464898,-0.530915,0.622849,-0.253529,0.186305,-0.716291,0.893559,0,0,-0.448946,0.911612,0,0,-0.411052,0.48587,-0.0653966,0.0375932,0.87077,0.654137,0.28849,-0.130009,0.687005,0.341652,0.0776306,0.69713,0.218617,0.111771,1.08456,0.428056,0.237617,0.732607,0.269614,0.253381,0.948606,0.492512,0.561718,0.827685,0.35585,0.560085,0.801789,0.416796,0.814439,0.856031,0.433573,0.970536,0.87534,0.458465,1.15158,0.901276,0.496707,1.06901,1.10771,0.393581,1.13048,0.703426,0.46526,0.835006,1.16591,0.503809,1.05901,0.608579,0.52111,1.35298,0.946628,0.18059,-0.0182932,0.217554,0.18059,-0.0182932,0.217554,0.182827,-0.265482,0.859134,0.866822,0.998684,0.107678,0.0840932,-5.73331,-0.216391,0,0,0.242383,0,0,-6.1094,1.19274,1.26128,-0.286766,-0.55567,-0.81353,-1.50019,0,0,0.827354,0,0,5.04754,0.858508,0.445835,-0.0018129,-2.93825,0.126319,1.44521,0.4275,0.818543,0.870321,1,0.960481,0.0672769,0.268492,-0.0293725,0.133202,0.546517,-0.0237596,0.155171,0.0903978,0.423324,0.317675,0.890159,-0.245516
0.999837,0.0168057,-0.00390664,-0.00526353,0.999837,0.0168057,-0.00390664,-0.00526353,0.97729,0.146652,-0.0995221,-0.116162,0.49695,-0.0946003,-0.120521,-0.854147,0.810631,0.130712,-0.021376,-0.570382,0.937997,0,0,0.346645,0.70462,0,0,0.709585,0.829568,0.163265,-0.0316854,-0.533065,0.613398,-0.247424,0.168763,-0.730783,0.900072,0,0,-0.435741,0.942872,0,0,-0.333157,0.486463,-0.0606956,0.0399385,0.870675,0.660804,0.232822,-0.136932,0.700272,0.324333,0.100941,0.677362,0.221684,0.0919641,1.07652,0.413361,0.25773,0.719959,0.268198,0.250898,0.961162,0.489078,0.576977,0.830924,0.354716,0.575237,0.823468,0.421795,0.827956,0.870325,0.440501,0.983716,0.890532,0.467563,1.16414,0.918511,0.508323,1.07717,1.11932,0.405431,1.14309,0.730534,0.471809,0.841466,1.168,0.530164,1.04247,0.641258,0.531313,1.3648,0.966848,0.136574,-0.0364138,0.114024,0.136574,-0.0364138,0.114024,0.00724422,-0.185729,0.645468,0.411807,1.17755,-0.124762,2.1025,-4.8001,0.310284,0,0,-0.175128,0,0,-6.70483,1.3159,0.937685,-0.191078,0.355068,-1.16394,-1.19221,0,0,0.883445,0,0,5.03752,0.344335,0.170458,-0.0234829,-3.82964,-0.446415,0.776715,0.431579,0.829776,0.883029,1,0.95614,0.070995,0.282145,-0.0339173,0.139479,0.575622,-0.0295656,0.149979,0.405509,0.428827,0.182648,0.868583,-0.274355
0.99979,0.0195383,-0.00441347,-0.00440928,0.99979,0.0195383,-0.00441347,-0.00440928,0.978238,0.145612,-0.10342,-0.105605,0.498169,-0.0873104,-0.105241,-0.85623,0.808898,0.201936,-0.0948643,-0.543973,0.940333,0,0,0.340256,0.784957,0,0,0.61955,0.82455,0.185357,-0.0172362,-0.534287,0.6115,-0.220986,0.135335,-0.747608,0.905878,0,0,-0.423538,0.957905,0,0,-0.287087,0.485959,-0.0601325,0.042268,0.870886,0.647066,0.1671,-0.0886872,0.738592,0.305456,0.119329,0.660635,0.206095,0.0861246,1.0753,0.397658,0.272165,0.710114,0.257708,0.251459,0.976884,0.485268,0.585178,0.836069,0.352565,0.582434,0.845246,0.426319,0.833531,0.8858,0.44687,0.989001,0.906384,0.476513,1.16879,0.935701,0.519728,1.07826,1.13075,0.41766,1.15083,0.751795,0.476247,0.841612,1.17149,0.552833,1.02032,0.672173,0.542046,1.36871,0.985995,0.163986,-0.0304159,0.0512531,0.163986,-0.0304159,0.0512531,-0.0656601,-0.233688,0.640287,0.53298,1.11415,-0.118237,4.57368,-4.71443,1.67071,0,0,-0.408159,0,0,-7.24432,1.42783,0.917831,-0.139759,1.81686,-2.30485,-1.20379,0,0,0.810837,0,0,2.9079,0.0401234,0.170695,0.0294724,-4.39784,3.24097,2.87524,0.43423,0.834724,0.896391,1,0.951345,0.0731642,0.296912,-0.0378524,0.142609,0.607079,-0.0347982,0.135698,0.167247,0.46425,0.108304,0.940714,-0.209331
0.999751,0.0214226,-0.00481903,-0.00395949,0.999751,0.0214226,-0.00481903,-0.00395949,0.979436,0.141515,-0.10814,-0.0947875,0.499494,-0.0815338,-0.0905071,-0.85771,0.79652,0.307647,-0.179629,-0.48851,0.944558,0,0,0.328345,0.860229,0,0,0.509909,0.819403,0.20365,-0.00610098,-0.535788,0.606757,-0.189255,0.0961142,-0.766022,0.910147,0,0,-0.414286,0.971897,0,0,-0.235406,0.484425,-0.0712943,0.0443636,0.870794,0.646706,0.0892913,-0.026405,0.757034,0.292902,0.134715,0.657019,0.192991,0.0824051,1.0793,0.387574,0.284605,0.710609,0.249578,0.253296,0.996857,0.483893,0.593445,0.844792,0.351329,0.589616,0.868779,0.430516,0.839518,0.899928,0.451472,0.995094,0.919223,0.481991,1.17488,0.947602,0.52759,1.08403,1.13864,0.43141,1.15889,0.766099,0.478206,0.84687,1.1761,0.573369,0.998212,0.703247,0.547063,1.37557,0.996982,0.113082,-0.0243389,0.0269863,0.113082,-0.0243389,0.0269863,-0.251077,-0.282593,0.656126,0.422862,1.0736,-0.0714944,6.87021,-5.48931,3.41459,0,0,-0.758257,0,0,-7.98547,1.19101,0.709424,-0.159763,2.17105,-2.70202,-1.37744,0,0,0.611412,0,0,3.21291,-0.818321,0.155168,0.0362012,-5.30832,4.24951,1.26583,0.436341,0.840578,0.909017,1,0.947752,0.0692865,0.308926,-0.0391271,0.133233,0.632288,-0.0388814,0.125928,0.179619,0.423851,-0.200996,0.764196,0.0408936
0.999672,0.0246755,-0.00665799,-0.00191593,0.999672,0.0246755,-0.00665799,-0.00191593,0.980955,0.135348,-0.108684,-0.0871555,0.503953,-0.0913302,-0.0662022,-0.856334,0.753173,0.443481,-0.275866,-0.399941,0.951615,0,0,0.307294,0.918603,0,0,0.395181,0.820599,0.22619,0.00546599,-0.52481,0.598533,-0.171408,0.0850758,-0.777908,0.911061,0,0,-0.412272,0.985052,0,0,-0.172258,0.482116,-0.0948216,0.0485007,0.869609,0.640519,0.0190881,0.0499367,0.766079,0.276299,0.152637,0.658032,0.180992,0.0788963,1.08825,0.375337,0.298587,0.714788,0.238536,0.255242,1.02182,0.480789,0.601904,0.855464,0.343719,0.596803,0.895526,0.432432,0.844836,0.914671,0.455726,1.00052,0.929866,0.48926,1.18027,0.954792,0.539575,1.0898,1.14347,0.448447,1.16549,0.778274,0.48329,0.852443,1.18188,0.586125,0.975539,0.735609,0.556651,1.38154,0.999989,0.195229,-0.110357,0.122621,0.195229,-0.110357,0.122621,-0.376762,-0.0295355,0.463777,-0.698047,1.77308,0.220414,9.21748,-6.49029,5.28713,0,0,-1.3322,0,0,-7.72885,1.43391,0.738918,0.716029,1.19763,-0.745643,-1.00647,0,0,0.132693,0,0,3.87086,-1.72569,0.305815,-0.0218481,-4.78771,5.2183,0.746892,0.437784,0.846178,0.921069,1,0.9424,0.0583694,0.325645,-0.0493053,0.0994061,0.668145,-0.0700154,0.0574871,0.159533,0.442296,-0.748027,1.11797,-0.319517
0.999567,0.0279708,-0.00911288,0.00011265,0.999567,0.0279708,-0.00911288,0.00011265,0.981984,0.133508,-0.107929,-0.0789601,0.517735,-0.114761,-0.0328209,-0.847174,0.689488,0.548824,-0.353749,-0.313465,0.959805,0,0,0.280666,0.947249,0,0,0.320498,0.830324,0.244345,0.0111535,-0.500733,0.596799,-0.162332,0.0745628,-0.782253,0.904485,0,0,-0.426506,0.992923,0,0,-0.118757,0.47937,-0.124896,0.0540031,0.867,0.627833,-0.0498974,0.107161,0.769319,0.264318,0.164455,0.665848,0.174572,0.0730336,1.10372,0.368735,0.306492,0.723584,0.23099,0.252654,1.0486,0.47825,0.604055,0.867134,0.33478,0.597632,0.921316,0.429947,0.843765,0.92821,0.456582,0.999326,0.938153,0.494323,1.17882,0.95835,0.550372,1.08765,1.14475,0.460191,1.16211,0.790346,0.489518,0.84932,1.18374,0.586217,0.952329,0.767172,0.565509,1.37999,0.998885,0.197794,-0.147329,0.121728,0.197794,-0.147329,0.121728,-0.113852,0.0478645,0.496517,-1.64757,2.43186,1.02858,7.78654,-5.67261,5.1551,0,0,-1.67158,0,0,-4.80057,1.10449,0.360735,1.65042,0.623531,-0.727891,-0.341207,0,0,-0.940794,0,0,3.24503,-2.21017,0.407136,-0.113938,-4.73699,3.95242,0.491107,0.437859,0.845314,0.932086,1,0.937528,0.0452198,0.338918,-0.0642662,0.0537576,0.696196,-0.117372,-0.0745548,-0.0321273,0.406171,-0.979616,0.93712,-0.557005
0.999477,0.030212,-0.011413,0.00179762,0.999477,0.030212,-0.011413,0.00179762,0.982576,0.134381,-0.109312,-0.0673571,0.541974,-0.14453,0.00087919,-0.827873,0.661009,0.574842,-0.395057,-0.276685,0.966425,0,0,0.25695,0.962638,0,0,0.270793,0.84138,0.255859,0.0110056,-0.475915,0.598398,-0.160089,0.065754,-0.782284,0.892689,0,0,-0.450673,0.996305,0,0,-0.0858826,0.480662,-0.158688,0.0572372,0.860526,0.612183,-0.0982515,0.120367,0.7753,0.259157,0.167936,0.678075,0.179017,0.0634177,1.12183,0.369011,0.307312,0.734401,0.231189,0.244914,1.07163,0.478022,0.600291,0.876828,0.328762,0.591895,0.941003,0.425193,0.837224,0.938281,0.453549,0.992691,0.943775,0.493458,1.17213,0.959817,0.557797,1.07855,1.14207,0.460262,1.15118,0.800762,0.501272,0.836753,1.17698,0.577884,0.931129,0.789265,0.565663,1.37371,0.997194,0.134546,-0.138046,0.101116,0.134546,-0.138046,0.101116,0.0510819,-0.0821604,0.701204,-2.03585,2.42562,2.0048,2.18025,-3.07033,2.25887,0,0,-1.47739,0,0,-3.12229,0.667925,-0.012207,1.70015,0.163533,-0.616438,0.0336618,0,0,-1.61357,0,0,1.98295,-2.46739,0.234388,-0.509879,-3.36804,0.960826,0.750929,0.436492,0.838774,0.940439,1,0.933911,0.0332585,0.348162,-0.0740744,0.0139542,0.71449,-0.153093,-0.14264,-0.196212,0.302117,-0.826887,0.666295,-0.297378
0.999409,0.0323023,-0.011696,0.00111467,0.999409,0.0323023,-0.011696,0.00111467,0.982863,0.136845,-0.1077,-0.0604495,0.564497,-0.174354,0.0227661,-0.80649,0.661707,0.558579,-0.414081,-0.28048,0.967937,0,0,0.251192,0.976498,0,0,0.215525,0.847914,0.263867,0.0121988,-0.459637,0.5989,-0.15145,0.057207,-0.784289,0.878964,0,0,-0.476889,0.997549,0,0,-0.0699649,0.486102,-0.188806,0.0546541,0.85151,0.596867,-0.134361,0.116041,0.782452,0.254225,0.169469,0.68953,0.186419,0.0536765,1.13548,0.370292,0.306831,0.741545,0.234892,0.235844,1.08669,0.480058,0.595199,0.880116,0.326705,0.583569,0.952507,0.422227,0.829201,0.94306,0.449896,0.984861,0.945381,0.489966,1.16452,0.958031,0.566646,1.06864,1.13533,0.451448,1.13939,0.806316,0.522445,0.823142,1.16452,0.561267,0.911388,0.794417,0.562351,1.36664,0.992186,0.125486,-0.0170041,-0.040983,0.125486,-0.0170041,-0.040983,0.147882,0.0978778,0.417232,-2.00755,1.54416,2.06729,-1.114,-1.28316,-0.252258,0,0,-0.357211,0,0,-3.41923,0.468367,0.073827,1.10015,0.603356,-0.595633,-0.128259,0,0,-1.77555,0,0,0.957988,-2.17067,-0.19858,-0.808858,-2.55732,-0.248889,0.835492,0.435206,0.831028,0.943596,1,0.929991,0.0231671,0.359265,-0.0742241,-0.013825,0.736455,-0.16462,-0.0889758,-0.240696,0.143358,-0.511443,0.749244,0.207159
0.999307,0.0355073,-0.0110615,-0.00124948,0.999307,0.0355073,-0.0110615,-0.00124948,0.983155,0.139481,-0.101733,-0.0600202,0.579073,-0.193514,0.0196575,-0.791732,0.673545,0.535864,-0.418062,-0.290536,0.962072,0,0,0.272797,0.98657,0,0,0.163341,0.854257,0.267264,0.0227483,-0.445306,0.601883,-0.143535,0.0522362,-0.78384,0.865263,0,0,-0.501318,0.997859,0,0,-0.0654013,0.495357,-0.201787,0.0498068,0.843459,0.579797,-0.161454,0.107084,0.791392,0.250727,0.167228,0.704,0.20204,0.0441275,1.1529,0.371762,0.304571,0.747503,0.245855,0.225854,1.10155,0.482437,0.589968,0.878531,0.328585,0.573085,0.960046,0.420191,0.820247,0.942857,0.44586,0.976232,0.940558,0.485434,1.15627,0.947915,0.575209,1.06175,1.12317,0.441498,1.12695,0.801541,0.547487,0.815203,1.15082,0.54594,0.893822,0.785816,0.55882,1.35894,0.975646,0.192413,0.0380601,-0.141879,0.192413,0.0380601,-0.141879,0.158262,0.360716,0.0262579,-1.2694,-0.22782,1.38049,-1.71048,-0.137783,-0.590213,0,0,1.34325,0,0,-3.18922,0.176413,0.66388,0.970277,0.562967,-0.350312,0.0979089,0,0,-1.68058,0,0,0.274444,-0.887837,-0.368554,-0.837094,-1.96624,-0.570932,1.01278,0.4349,0.822745,0.941112,1,0.925262,0.00728778,0.372494,-0.0713089,-0.0548157,0.761971,-0.175795,-0.0610581,-0.268624,-0.00606666,-0.757789,0.906811,0.502328
0.999246,0.0371615,-0.0103742,-0.00426894,0.999246,0.0371615,-0.0103742,-0.00426894,0.981605,0.146213,-0.0973087,-0.0748612,0.581265,-0.191502,-0.0115509,-0.790774,0.681293,0.526795,-0.409977,-0.300409,0.94313,0,0,0.332423,0.991036,0,0,0.133593,0.859529,0.263778,0.0370023,-0.436191,0.606349,-0.149387,0.0510873,-0.779368,0.854729,0,0,-0.519075,0.997424,0,0,-0.0717285,0.501803,-0.185384,0.0241558,0.844537,0.567437,-0.181267,0.0999875,0.796969,0.256426,0.154361,0.726239,0.234277,0.0358745,1.18097,0.377203,0.295219,0.757579,0.270679,0.21607,1.12126,0.485211,0.582341,0.876245,0.336463,0.560488,0.965192,0.4181,0.809888,0.938058,0.440143,0.9662,0.929518,0.477019,1.14695,0.929118,0.575488,1.06094,1.10895,0.429493,1.11133,0.783839,0.567829,0.818429,1.14116,0.532307,0.876337,0.766462,0.551054,1.35007,0.946551,0.0993201,0.0412339,-0.181215,0.0993201,0.0412339,-0.181215,0.410757,0.263878,-0.897847,0.15337,-2.18856,0.117677,-0.720473,0.630055,-0.604982,0,0,3.75435,0,0,-1.80491,-0.251244,0.89498,0.626876,-0.387733,-0.0863229,0.409804,0,0,-1.23881,0,0,-0.380527,1.23031,-1.86974,-0.0940771,-1.45515,-0.461421,0.679893,0.435064,0.813192,0.934588,1,0.922493,-0.0149344,0.380018,-0.0661122,-0.109033,0.774212,-0.187576,-0.0627415,-0.310763,-0.143981,-1.08424,0.572459,0.776671
0.999285,0.036274,-0.00895964,-0.005713,0.999285,0.036274,-0.00895964,-0.005713,0.977875,0.154935,-0.0991359,-0.0996414,0.571749,-0.170451,-0.0666412,-0.799755,0.678593,0.532564,-0.397872,-0.312385,0.906805,0,0,0.42155,0.991636,0,0,0.129064,0.859203,0.264445,0.0335564,-0.436706,0.613042,-0.163558,0.0536241,-0.771072,0.850496,0,0,-0.525982,0.995546,0,0,-0.0942753,0.497504,-0.144399,-0.0199522,0.855126,0.563175,-0.183454,0.0999764,0.799489,0.265621,0.145082,0.737699,0.260926,0.0384755,1.19678,0.38312,0.28856,0.761281,0.292677,0.21557,1.12691,0.487723,0.578735,0.870711,0.344534,0.555719,0.958492,0.416383,0.806917,0.926769,0.435875,0.963315,0.914394,0.470021,1.14452,0.908846,0.57124,1.06844,1.09697,0.418817,1.1038,0.760979,0.58509,0.836463,1.13452,0.519482,0.867938,0.740712,0.545278,1.3469,0.918538,-0.0532966,0.0849009,-0.0866608,-0.0532966,0.0849009,-0.0866608,0.538336,-0.117828,-1.50355,1.42797,-3.87966,-0.851871,0.426324,0.786443,-0.828478,0,0,5.77691,0,0,-0.274161,0.0439345,-0.216767,-0.0356547,-0.952018,0.165819,0.721352,0,0,-0.486057,0,0,-1.35753,2.95153,-3.20032,0.883998,-0.177293,0.0118107,0.278362,0.435507,0.810642,0.923154,1,0.9223,-0.0285418,0.380284,-0.062707,-0.140564,0.772449,-0.193009,-0.0515133,-0.0891448,-0.338665,-0.674659,0.0761222,0.497759
0.99933,0.0349625,-0.00746468,-0.0077959,0.99933,0.0349625,-0.00746468,-0.0077959,0.973379,0.161557,-0.101506,-0.126999,0.551473,-0.153341,-0.130125,-0.809587,0.680389,0.531074,-0.37472,-0.338549,0.854937,0,0,0.518732,0.989497,0,0,0.144556,0.856883,0.263538,0.0203808,-0.442589,0.622378,-0.190647,0.0780149,-0.755124,0.849849,0,0,-0.527026,0.989704,0,0,-0.143133,0.495873,-0.10359,-0.0559217,0.860379,0.567045,-0.151067,0.111656,0.80198,0.27729,0.1315,0.740815,0.281638,0.0432961,1.1994,0.390946,0.277816,0.759093,0.311623,0.214381,1.11599,0.490346,0.572489,0.860298,0.351988,0.54872,0.938151,0.414284,0.802902,0.908927,0.431837,0.959357,0.894483,0.463952,1.14081,0.885627,0.565496,1.07561,1.08474,0.407593,1.09593,0.732607,0.600577,0.861175,1.13057,0.504525,0.859582,0.707394,0.541186,1.34167,0.889306,-0.0787364,0.0897255,-0.124997,-0.0787364,0.0897255,-0.124997,0.415079,-0.152587,-1.66535,1.11166,-4.54534,-1.17894,-0.125607,1.57797,-1.74705,0,0,6.61283,0,0,0.938357,-0.0433559,-0.828803,-0.393598,-1.82398,1.66685,1.301,0,0,-0.0737198,0,0,-2.95262,2.9587,-2.6154,0.426095,2.30436,0.812004,0.0841175,0.435844,0.806798,0.905704,1,0.923632,-0.0362147,0.377017,-0.0587396,-0.154681,0.764528,-0.189314,-0.0629797,-0.120453,-0.535268,-0.344091,-0.175466,0.405228
0.999466,0.0294665,-0.00507696,-0.0131403,0.999466,0.0294665,-0.00507696,-0.0131403,0.968586,0.169896,-0.103567,-0.149167,0.524101,-0.135598,-0.200863,-0.816447,0.690945,0.511228,-0.335326,-0.385744,0.789987,0,0,0.613123,0.984764,0,0,0.173897,0.860559,0.236357,0.0126336,-0.451014,0.637846,-0.221622,0.119411,-0.727858,0.848327,0,0,-0.529473,0.97065,0,0,-0.240498,0.496474,-0.089298,-0.061502,0.861253,0.582855,-0.0544105,0.11865,0.802024,0.305516,0.117599,0.749663,0.301133,0.0638212,1.19323,0.412008,0.269808,0.760228,0.329959,0.222564,1.08798,0.496787,0.572798,0.847306,0.361228,0.545539,0.903,0.412047,0.805078,0.887092,0.426403,0.961835,0.872172,0.454745,1.14374,0.859994,0.552662,1.09452,1.07238,0.392318,1.09234,0.700149,0.607786,0.905683,1.13136,0.485602,0.856326,0.67076,0.531212,1.34388,0.858316,-0.329913,0.143309,-0.320703,-0.329913,0.143309,-0.320703,0.521495,-0.134893,-1.35661,1.14634,-5.18725,-1.16639,-1.47824,2.74582,-3.07113,0,0,6.87842,0,0,1.78331,-1.73297,-0.4894,-0.493845,-2.03966,2.80162,2.19109,0,0,-0.172886,0,0,-5.95519,1.04046,-0.404413,0.0470546,6.83984,0.43818,-0.368121,0.435829,0.809677,0.884188,1,0.929301,-0.0388498,0.364101,-0.0481715,-0.145559,0.738224,-0.159973,-0.0670898,0.0653026,-0.655057,0.0598287,-0.811868,0.693357
0.999619,0.0192185,-0.00333464,-0.0195448,0.999619,0.0192185,-0.00333464,-0.0195448,0.964518,0.179044,-0.101891,-0.165126,0.496316,-0.11553,-0.26878,-0.817362,0.698676,0.483946,-0.280872,-0.445823,0.722584,0,0,0.691283,0.978829,0,0,0.204678,0.866759,0.193845,0.000129576,-0.459514,0.669518,-0.228119,0.150402,-0.690715,0.844613,0,0,-0.535377,0.925373,0,0,-0.379059,0.494536,-0.074501,-0.055423,0.864183,0.6208,0.12829,0.0666334,0.770525,0.344339,0.0981643,0.761492,0.303368,0.0893325,1.16598,0.442034,0.25619,0.764949,0.335352,0.230346,1.03353,0.506128,0.566719,0.836401,0.369919,0.535726,0.853673,0.409814,0.800794,0.865245,0.421389,0.957991,0.852452,0.445633,1.1404,0.838604,0.531409,1.10791,1.06411,0.378264,1.08203,0.668755,0.598645,0.948073,1.13688,0.464257,0.845815,0.632715,0.519614,1.34048,0.834827,-0.615047,0.104568,-0.384278,-0.615047,0.104568,-0.384278,0.569672,0.0930726,-0.981523,1.34038,-5.11006,-0.776416,-1.92708,3.70836,-3.93928,0,0,6.19528,0,0,1.88096,-2.70321,-0.787201,-0.471281,-0.249209,1.99342,3.13649,0,0,-0.418515,0,0,-8.75398,1.07061,0.438305,0.266115,12.6578,-3.71532,-3.03945,0.434866,0.806976,0.861742,1,0.939962,-0.0315237,0.337933,-0.0357673,-0.107991,0.685465,-0.114632,-0.0669833,-0.128528,-0.655405,0.628795,-1.68448,0.623498
0.999664,0.00923616,-0.00298944,-0.0240302,0.999664,0.00923616,-0.00298944,-0.0240302,0.963255,0.179766,-0.0964381,-0.17471,0.473797,-0.0980039,-0.3357,-0.808218,0.698207,0.453777,-0.214169,-0.510613,0.659756,0,0,0.75148,0.974167,0,0,0.225831,0.872061,0.154178,-0.021531,-0.463978,0.713029,-0.215628,0.173279,-0.644258,0.840337,0,0,-0.542064,0.856406,0,0,-0.516304,0.485733,-0.0656568,-0.0429098,0.870581,0.65911,0.240052,-0.00846751,0.712655,0.375248,0.0665944,0.771521,0.285664,0.105953,1.11072,0.466633,0.227593,0.771197,0.331959,0.226778,0.956363,0.512868,0.542449,0.828675,0.377049,0.512137,0.79778,0.406724,0.778621,0.845028,0.417792,0.936108,0.835756,0.440511,1.11876,0.822436,0.510283,1.09855,1.05896,0.367111,1.05702,0.640121,0.581859,0.966903,1.14328,0.436471,0.819059,0.590668,0.513133,1.31893,0.819205,-0.599028,0.0207172,-0.269132,-0.599028,0.0207172,-0.269132,0.0484838,0.328609,-0.586447,1.20269,-5.106,0.0794998,-2.01163,4.45726,-4.33815,0,0,5.22237,0,0,1.29964,-2.5099,-1.35808,-0.225633,1.08995,1.35003,3.87454,0,0,-0.476248,0,0,-9.22502,0.624723,0.897949,0.710317,7.45452,-5.17001,-4.74025,0.432999,0.787334,0.839373,1,0.950838,-0.0178772,0.30776,-0.0295152,-0.0643166,0.623899,-0.0828097,-0.0927029,-0.665205,-0.606503,0.852395,-1.94011,0.156353
0.999626,0.00328939,-0.00369597,-0.0268871,0.999626,0.00328939,-0.00369597,-0.0268871,0.965029,0.168923,-0.0889686,-0.179637,0.462355,-0.0910348,-0.415322,-0.778105,0.6916,0.414789,-0.138833,-0.574773,0.607514,0,0,0.794309,0.972771,0,0,0.23177,0.873826,0.122697,-0.03774,-0.468987,0.752924,-0.181892,0.204514,-0.598494,0.83811,0,0,-0.545501,0.780919,0,0,-0.624633,0.480572,-0.0701274,-0.0266434,0.873741,0.64495,0.202401,0.0104636,0.736861,0.391716,0.050456,0.776937,0.253901,0.134434,1.02423,0.479955,0.212804,0.773773,0.32017,0.239655,0.868354,0.516172,0.530008,0.819514,0.379627,0.505686,0.741831,0.405108,0.768205,0.82663,0.416312,0.925842,0.820815,0.43896,1.10862,0.809372,0.500273,1.09712,1.05585,0.35477,1.04825,0.616207,0.576936,0.994923,1.14975,0.397879,0.80926,0.54745,0.510903,1.30929,0.806704,-0.356843,-0.0423994,-0.171456,-0.356843,-0.0423994,-0.171456,-0.664811,0.456986,-0.292782,0.477383,-5.99916,1.91865,-2.53587,5.01406,-4.38953,0,0,4.05406,0,0,0.366056,-1.97859,-1.01478,-0.295633,2.42561,1.8717,3.64327,0,0,-0.245676,0,0,-7.92794,-0.338034,1.18313,0.37587,-2.479,1.28959,1.92685,0.430444,0.780491,0.81673,1,0.957577,-0.00521511,0.286965,-0.0258879,-0.0297375,0.58154,-0.0629559,-0.0484903,-0.312477,-0.551941,0.75984,-1.32948,0.00736877
0.999604,-0.000245027,-0.00410393,-0.0278445,0.999604,-0.000245027,-0.00410393,-0.0278445,0.967983,0.15525,-0.0829723,-0.178948,0.468235,-0.0950457,-0.503312,-0.72,0.674326,0.382455,-0.0636962,-0.628455,0.578395,0,0,0.815757,0.972949,0,0,0.231019,0.870979,0.0972554,-0.0585061,-0.478031,0.783266,-0.129365,0.235054,-0.560811,0.839869,0,0,-0.542789,0.721698,0,0,-0.692208,0.480604,-0.0805221,-0.0174641,0.873058,0.633089,0.178124,0.0144029,0.753168,0.404167,0.0467982,0.784161,0.219623,0.167712,0.92677,0.48973,0.210612,0.778183,0.304051,0.266481,0.777374,0.518841,0.530883,0.8104,0.379997,0.51791,0.687047,0.40477,0.771731,0.805985,0.415632,0.929467,0.802955,0.437661,1.11244,0.793711,0.498576,1.10882,1.05079,0.341644,1.05673,0.590802,0.583149,1.03778,1.15391,0.355782,0.820905,0.501879,0.507499,1.31441,0.79212,-0.212092,-0.0244822,-0.057462,-0.212092,-0.0244822,-0.057462,-0.839488,0.369068,0.0526857,-0.277525,-6.39366,4.42526,-1.99377,5.0086,-3.88512,0,0,2.17001,0,0,-0.0463153,-1.58798,-1.30487,-0.596948,3.5355,1.82637,2.8822,0,0,0.193937,0,0,-5.39295,-0.760531,0.671697,-0.0508251,-1.59986,0.273717,1.35912,0.42776,0.788065,0.792374,1,0.96271,0.00385776,0.269589,-0.0222914,-0.0053722,0.545965,-0.0478054,-0.0101273,0.105789,-0.619353,0.557858,-1.09975,0.0638337
0.99961,-0.00268965,-0.00401007,-0.0275039,0.99961,-0.00268965,-0.00401007,-0.0275039,0.971541,0.142034,-0.0785282,-0.172535,0.481659,-0.107271,-0.592072,-0.637141,0.646348,0.363904,-0.00267863,-0.670672,0.571233,0,0,0.820788,0.97501,0,0,0.22216,0.862758,0.0715264,-0.0863759,-0.493024,0.797991,-0.074668,0.264086,-0.536557,0.850129,0,0,-0.526575,0.697559,0,0,-0.716528,0.484441,-0.103564,-0.0190016,0.868464,0.617761,0.145683,0.0180427,0.772543,0.418111,0.0424054,0.80047,0.18789,0.188198,0.828544,0.498356,0.209237,0.79002,0.286917,0.290028,0.693124,0.520125,0.535432,0.802233,0.379002,0.535626,0.635906,0.405073,0.779632,0.780187,0.415096,0.937444,0.77852,0.43577,1.12063,0.770421,0.499646,1.12948,1.03897,0.329614,1.07007,0.559624,0.590801,1.09353,1.15158,0.315191,0.839967,0.455524,0.501863,1.32458,0.769408,-0.146697,0.00563268,0.0204419,-0.146697,0.00563268,0.0204419,-0.811874,0.275255,0.401522,-0.852657,-6.27214,6.37414,-0.978118,4.1167,-3.35472,0,0,0.525171,0,0,-0.545713,-1.60063,-1.76389,-1.03089,3.56781,1.78697,1.75895,0,0,1.15127,0,0,-2.05606,-1.67324,-0.110152,-0.443553,-2.1639,0.257452,1.65915,0.424842,0.799488,0.765259,1,0.967492,0.00761445,0.252069,-0.0190255,0.00589168,0.509842,-0.0377892,0.00908622,0.237017,-0.773941,0.245298,-1.09518,0.130227
0.99962,-0.00349386,-0.00350292,-0.0271175,0.99962,-0.00349386,-0.00350292,-0.0271175,0.975833,0.128646,-0.0721588,-0.161226,0.497928,-0.134542,-0.665302,-0.539759,0.610081,0.351418,0.0467633,-0.708604,0.585648,0,0,0.810566,0.975937,0,0,0.218054,0.8503,0.049889,-0.115453,-0.51105,0.799703,-0.0259407,0.295576,-0.521956,0.869614,0,0,-0.493732,0.709986,0,0,-0.704216,0.499335,-0.128255,-0.022291,0.856573,0.606528,0.139912,-0.00392543,0.782645,0.432378,0.0410126,0.821032,0.159476,0.194734,0.732035,0.503609,0.212917,0.804237,0.266806,0.308218,0.614723,0.517563,0.547053,0.792223,0.374217,0.558035,0.587971,0.404474,0.793852,0.749049,0.413659,0.951706,0.746527,0.43326,1.13497,0.737492,0.503614,1.1636,1.01639,0.316194,1.08909,0.521855,0.600069,1.16475,1.1351,0.273303,0.866253,0.409543,0.495392,1.34099,0.734805,-0.0482581,0.0304335,0.0231884,-0.0482581,0.0304335,0.0231884,-0.822263,0.392159,0.699185,-1.92458,-5.00978,7.4031,-0.498301,3.42169,-3.30265,0,0,-1.06033,0,0,-0.252567,-1.3471,-1.86147,-1.27734,3.13898,2.01587,0.961475,0,0,2.29145,0,0,1.0496,-1.74263,-0.229697,-1.27565,-0.354124,-1.51802,0.945474,0.420552,0.816388,0.733534,1,0.971323,0.00401258,0.237097,-0.0173435,-0.00048352,0.478823,-0.0358252,-0.0179768,0.426613,-0.934141,-0.202497,-0.923752,0.149657
0.999679,-0.00431947,-0.00324182,-0.0247433,0.999679,-0.00431947,-0.00324182,-0.0247433,0.980106,0.116975,-0.0642137,-0.146918,0.51678,-0.172584,-0.711853,-0.443192,0.570334,0.337556,0.0851602,-0.743991,0.622651,0,0,0.782499,0.975522,0,0,0.219901,0.832353,0.0320075,-0.148886,-0.532914,0.797087,0.0186015,0.311671,-0.516882,0.900574,0,0,-0.434702,0.744202,0,0,-0.667955,0.52937,-0.159006,-0.0249845,0.832982,0.638506,0.261622,0.104269,0.716235,0.444717,0.0435298,0.843329,0.121852,0.200324,0.62849,0.501435,0.22272,0.818684,0.244719,0.327569,0.535953,0.507098,0.566918,0.778752,0.368141,0.585965,0.540975,0.401689,0.816211,0.711591,0.411105,0.974024,0.707364,0.430168,1.15727,0.696718,0.507432,1.20886,0.982407,0.303388,1.11592,0.478973,0.608727,1.24462,1.10424,0.234661,0.900908,0.364504,0.488245,1.36525,0.692015,-0.049538,0.0156721,0.142503,-0.049538,0.0156721,0.142503,-0.716168,0.486173,0.878268,-2.66039,-2.95922,7.27473,-0.573263,2.75699,-3.30353,0,0,-2.78684,0,0,0.113598,-1.11674,-2.17352,-1.5998,2.86776,1.05518,0.294467,0,0,4.0001,0,0,2.99164,-2.08294,-0.172088,-2.49164,8.20841,7.41139,-5.24586,0.414096,0.840443,0.696654,1,0.974726,-0.00158501,0.222461,-0.0204218,-0.0135128,0.448498,-0.0449787,-0.0835574,0.670773,-1.12374,-0.386083,-0.89487,-0.0997616
0.999713,-0.00422963,-0.00252888,-0.0234501,0.999713,-0.00422963,-0.00252888,-0.0234501,0.983543,0.10917,-0.0567393,-0.132309,0.525695,-0.229788,-0.731689,-0.368067,0.534918,0.322097,0.102141,-0.774392,0.682887,0,0,0.730524,0.977178,0,0,0.21242,0.804132,0.0203341,-0.179188,-0.566436,0.781835,0.0208619,0.329968,-0.528601,0.941738,0,0,-0.336346,0.793624,0,0,-0.608408,0.582,-0.189804,-0.0224544,0.790409,0.64384,0.272673,0.0355201,0.714043,0.454758,0.0510721,0.86285,0.102443,0.198195,0.557398,0.489078,0.238939,0.827771,0.222291,0.340058,0.481075,0.486476,0.59457,0.758167,0.355388,0.614279,0.500187,0.396817,0.846583,0.667947,0.407109,1.00427,0.661574,0.426858,1.18732,0.648848,0.512462,1.26382,0.936259,0.291739,1.1493,0.433288,0.622052,1.32807,1.06076,0.198483,0.940103,0.324597,0.482706,1.39651,0.641894,0.00539436,0.0427825,0.0776121,0.00539436,0.0427825,0.0776121,-0.479032,0.455419,0.891613,-4.0568,-1.22695,5.51242,-0.7468,1.30394,-2.96185,0,0,-4.77485,0,0,-0.45975,-0.729006,-2.04484,-2.50416,0.153219,1.29892,-0.947523,0,0,6.40038,0,0,4.64424,-1.90796,0.216533,-4.2919,0.716748,-4.71231,-0.254467,0.405623,0.870065,0.657106,1,0.977062,-0.00830752,0.21131,-0.0250673,-0.0294546,0.425207,-0.057659,-0.146151,0.91116,-1.30933,-0.46862,-0.675558,-0.178038
0.999752,-0.00600902,-0.00187191,-0.0213829,0.999752,-0.00600902,-0.00187191,-0.0213829,0.986207,0.103508,-0.0474605,-0.120125,0.525872,-0.293261,-0.734923,-0.312001,0.507391,0.300478,0.10729,-0.800473,0.748514,0,0,0.663118,0.980137,0,0,0.198321,0.768864,0.0114633,-0.202809,-0.606288,0.768577,-0.00221449,0.351307,-0.534667,0.980729,0,0,-0.195372,0.84555,0,0,-0.533896,0.665843,-0.21362,-0.0141266,0.714717,0.630545,0.105352,-0.0405939,0.767897,0.468849,0.0711709,0.886985,0.0996085,0.192724,0.491226,0.470646,0.266022,0.836625,0.207171,0.347743,0.43497,0.455686,0.628791,0.73369,0.340322,0.643468,0.461314,0.388753,0.881176,0.620239,0.400718,1.03853,0.609731,0.42149,1.22106,0.592028,0.514536,1.32591,0.874865,0.280496,1.18091,0.381991,0.633433,1.41608,0.999947,0.166335,0.974094,0.287898,0.475744,1.43087,0.579245,-0.106769,0.0394238,0.124061,-0.106769,0.0394238,0.124061,-0.347179,0.562362,0.741579,-4.55255,-0.228003,4.02449,-1.28918,0.459303,-2.54561,0,0,-5.6467,0,0,-0.864365,-0.560286,-1.68905,-3.07279,-1.49568,1.4951,-0.564469,0,0,8.78386,0,0,5.4511,-1.16906,0.616535,-6.97508,-11.3932,-5.21513,3.96045,0.395195,0.903126,0.613017,1,0.978856,-0.0199083,0.200736,-0.0339137,-0.0571867,0.402405,-0.0809318,-0.241932,1.03779,-1.43122,-0.807291,-0.629618,-0.363579
0.99984,-0.00750854,-0.000221712,-0.0162145,0.99984,-0.00750854,-0.000221712,-0.0162145,0.988048,0.100668,-0.0389729,-0.110038,0.513913,-0.365156,-0.727151,-0.271672,0.487344,0.286741,0.100572,-0.818633,0.824914,0,0,0.565259,0.983754,0,0,0.179519,0.740924,0.00191359,-0.211481,-0.637419,0.761975,-0.0158784,0.355702,-0.540942,0.998856,0,0,-0.047809,0.900104,0,0,-0.435674,0.774123,-0.223077,0.0196527,0.592102,0.592315,-0.0564728,-0.0588627,0.801567,0.477226,0.11072,0.893392,0.0832033,0.197713,0.406912,0.445672,0.308935,0.831216,0.181642,0.362218,0.382449,0.415347,0.670556,0.704554,0.314737,0.679037,0.425865,0.371639,0.921301,0.574814,0.387663,1.07799,0.560241,0.41108,1.25972,0.53809,0.515891,1.38919,0.810794,0.264278,1.21855,0.334483,0.64683,1.50106,0.938397,0.132182,1.01505,0.255259,0.46571,1.46939,0.520212,-0.0899653,0.0990203,0.310157,-0.0899653,0.0990203,0.310157,-0.174936,0.513061,0.612079,-5.29342,0.288221,2.79272,-0.811052,-0.421851,-1.83395,0,0,-7.45383,0,0,-1.14881,-0.620346,-0.710143,-2.46545,-0.892139,0.343465,-0.495755,0,0,8.92856,0,0,6.74486,-0.0254416,2.23358,-9.93686,-11.1764,-1.31838,3.17778,0.378018,0.942469,0.568364,1,0.978875,-0.0300735,0.195532,-0.0516356,-0.0855744,0.389469,-0.12229,-0.513414,1.20374,-1.36275,-0.821089,-0.306365,-0.91221
0.999946,-0.00273002,0.000628522,-0.0100201,0.999946,-0.00273002,0.000628522,-0.0100201,0.98978,0.0965505,-0.0315404,-0.100092,0.462983,-0.460256,-0.711912,-0.258829,0.474983,0.29659,0.078817,-0.824751,0.907127,0,0,0.420857,0.986549,0,0,0.163467,0.720982,-0.0476574,-0.184307,-0.666292,0.759576,-0.00964255,0.347842,-0.549507,0.999069,0,0,0.0431337,0.945924,0,0,-0.324387,0.813577,-0.194263,0.219868,0.502008,0.635591,-0.073092,-0.0649253,0.765811,0.456798,0.141033,0.860114,0.0649877,0.201895,0.294153,0.414695,0.34227,0.80567,0.153804,0.377033,0.306978,0.379761,0.699591,0.668202,0.286595,0.707037,0.384167,0.353349,0.948854,0.52964,0.374481,1.10496,0.515143,0.402326,1.2864,0.495732,0.518615,1.42861,0.759049,0.253051,1.25352,0.292637,0.65793,1.55509,0.900646,0.110092,1.05663,0.213247,0.459635,1.49598,0.481888,0.286732,0.0510154,0.371706,0.286732,0.0510154,0.371706,-0.251415,0.448837,0.602669,-7.60893,-0.0623032,0.503929,0.836807,-1.55571,-0.775312,0,0,-9.98145,0,0,-0.97767,-3.28501,1.69513,-2.23413,0.40642,-0.492551,-0.591258,0,0,5.45846,0,0,7.2254,2.05442,12.8015,-6.32473,-1.0704,-0.343844,-3.42789,0.360842,0.970911,0.52371,1,0.977634,-0.0295793,0.19606,-0.0701197,-0.0923494,0.388934,-0.161404,-0.548704,0.826581,-1.35522,-0.188442,0.0106878,-1.09627
0.99995,0.00494467,0.00106213,-0.00857199,0.99995,0.00494467,0.00106213,-0.00857199,0.993725,0.072367,-0.0164484,-0.0836792,0.344896,-0.590008,-0.668444,-0.293462,0.466765,0.310632,0.0507997,-0.826473,0.969613,0,0,0.244643,0.986568,0,0,0.163353,0.726076,-0.0410495,-0.211821,-0.652887,0.759711,0.0256452,0.311567,-0.570182,0.999864,0,0,-0.0164634,0.97701,0,0,-0.213194,0.801778,-0.12061,0.165715,0.561376,0.707445,-0.025608,-0.0406774,0.705132,0.397974,0.15995,0.832981,0.0624934,0.210582,0.165191,0.373211,0.358965,0.768278,0.137185,0.391141,0.21826,0.358641,0.714856,0.622812,0.26139,0.72545,0.337229,0.332995,0.964904,0.483793,0.358188,1.12071,0.473017,0.391417,1.30188,0.460944,0.52115,1.44942,0.713183,0.24214,1.28265,0.256634,0.662153,1.58687,0.869763,0.0936332,1.09264,0.170901,0.451289,1.51187,0.453596,0.460489,0.0260166,0.0868911,0.460489,0.0260166,0.0868911,-1.46172,0.909925,0.994791,-12.0194,0.429071,-3.77301,1.11334,-2.04155,-0.348017,0,0,-11.2343,0,0,-0.00690421,0.443331,-1.79648,0.972959,2.30506,-2.37065,-1.3487,0,0,-3.57667,0,0,6.93125,4.6826,-3.42152,3.95712,3.30399,1.74002,-5.50919,0.343666,0.988454,0.479057,1,0.976806,-0.0192512,0.197507,-0.0804417,-0.0751749,0.392776,-0.179296,-0.610622,0.481519,-1.37544,0.489034,0.0328409,-0.733044
0.999845,0.0140376,0.000374948,-0.0105806,0.999845,0.0140376,0.000374948,-0.0105806,0.996374,0.0433369,0.00242449,-0.0731713,0.261377,-0.65819,-0.632095,-0.314521,0.470896,0.298992,0.0420661,-0.828909,0.992794,0,0,0.11983,0.986019,0,0,0.166633,0.717042,-0.0211353,-0.256249,-0.647874,0.745529,0.110309,0.234117,-0.614172,0.995909,0,0,-0.0903668,0.993721,0,0,-0.111883,0.804742,-0.0982348,0.0695822,0.581291,0.770894,0.0360234,-0.0548803,0.633572,0.322975,0.168649,0.79709,0.0768758,0.221599,0.0425071,0.32625,0.365289,0.721173,0.131295,0.403237,0.127251,0.341549,0.718019,0.572144,0.24163,0.733815,0.284611,0.316202,0.969996,0.434666,0.341725,1.12605,0.430765,0.377462,1.30713,0.429654,0.517139,1.44514,0.679286,0.228312,1.3021,0.228123,0.652502,1.58916,0.844405,0.0776203,1.11678,0.136565,0.437751,1.51768,0.431911,0.545613,-0.0412305,-0.120541,0.545613,-0.0412305,-0.120541,-1.74776,1.13462,0.635689,-7.48587,0.743268,-2.6796,-0.897318,-0.648671,-0.0673241,0,0,-7.62193,0,0,0.199521,1.31265,-2.99814,0.1829,5.56898,-4.97708,-3.08856,0,0,-4.44157,0,0,6.16353,1.44579,-6.18698,1.24002,4.04962,-0.859333,-5.7736,0.326489,0.995097,0.434404,1,0.97633,-0.00146633,0.202792,-0.0751903,-0.036333,0.406899,-0.161219,-0.503787,0.15274,-1.47379,1.1296,0.235623,0.0886196
0.999858,0.0124352,0.000632073,-0.0113295,0.999858,0.0124352,0.000632073,-0.0113295,0.996386,0.032088,0.00994685,-0.0780206,0.321062,-0.622318,-0.672639,-0.239157,0.486655,0.279723,0.0486953,-0.826166,0.994974,0,0,0.100133,0.98746,0,0,0.157869,0.70758,-0.0271281,-0.297432,-0.640413,0.743921,0.14457,0.169989,-0.629908,0.985588,0,0,-0.169165,0.997951,0,0,-0.063981,0.786676,-0.0971086,0.038047,0.608492,0.808899,0.0446824,-0.110958,0.575651,0.235397,0.185283,0.769976,0.117951,0.204573,-0.0241,0.27167,0.373807,0.686468,0.150493,0.392437,0.0655331,0.320262,0.714541,0.527175,0.23317,0.728151,0.232643,0.298806,0.965073,0.383639,0.324759,1.1211,0.384823,0.360939,1.30205,0.389079,0.491306,1.43687,0.644653,0.218728,1.29857,0.186549,0.612814,1.58826,0.814755,0.0720304,1.11156,0.0910006,0.421717,1.51239,0.395366,-0.096152,0.0154282,-0.0449315,-0.096152,0.0154282,-0.0449315,-0.67576,0.451886,-0.291294,4.40318,-1.68154,6.69259,-1.55865,0.462327,0.622844,0,0,-1.18908,0,0,-0.532869,-0.40443,-2.80622,0.34009,2.25574,-4.20459,-1.05864,0,0,-4.76955,0,0,2.88557,0.0306688,-2.00943,2.0085,0.522696,-3.54701,-4.29012,0.309313,0.990839,0.389751,1,0.978902,0.0143597,0.190161,-0.0733672,0.000226778,0.383755,-0.149573,-0.52187,-0.147684,-1.53083,0.892573,-0.842508,-0.0730516
0.999805,0.0159332,0.000663337,-0.0116894,0.999805,0.0159332,0.000663337,-0.0116894,0.994878,0.0231882,0.0175239,-0.096813,0.411812,-0.551974,-0.712496,-0.134476,0.495767,0.246772,0.0617057,-0.830368,0.987853,0,0,0.155391,0.986238,0,0,0.165333,0.704494,-0.0498724,-0.302171,-0.64023,0.755044,0.0921838,0.186185,-0.621889,0.966069,0,0,-0.258285,0.996019,0,0,-0.089141,0.757259,-0.0839192,0.0331999,0.64685,0.751651,0.106912,-0.145359,0.634399,0.163671,0.200992,0.730971,0.116538,0.176518,-0.043052,0.23147,0.376667,0.645276,0.146831,0.366105,0.0333952,0.307221,0.701027,0.480204,0.224924,0.709419,0.18483,0.28331,0.949408,0.332086,0.308278,1.10556,0.335413,0.343906,1.28647,0.34345,0.466895,1.4156,0.605755,0.203463,1.28467,0.144966,0.585349,1.57025,0.772273,0.0588108,1.09521,0.051995,0.406716,1.49583,0.351948,0.209911,0.00187664,-0.0216117,0.209911,0.00187664,-0.0216117,-0.533932,0.455703,-1.13183,7.38205,-0.768158,8.69767,-2.47648,0.931514,-0.0650869,0,0,3.34332,0,0,0.453809,-1.51945,-0.339809,-0.0387536,-3.46777,1.01294,0.698287,0,0,-5.47583,0,0,-1.51408,0.793016,-0.289748,2.94229,4.13889,-2.40697,4.64305,0.292137,0.975682,0.345098,1,0.980067,0.018351,0.185526,-0.0686398,0.0112855,0.374896,-0.137703,-0.464894,-0.469956,-1.54658,0.266961,-0.307154,0.233255
0.999818,0.0135864,0.000508853,-0.0134202,0.999818,0.0135864,0.000508853,-0.0134202,0.99287,0.0208535,0.0234772,-0.114993,0.515303,-0.463397,-0.719287,-0.0484976,0.491713,0.20306,0.0773872,-0.843206,0.963927,0,0,0.266165,0.981554,0,0,0.191187,0.703957,-0.0870369,-0.270547,-0.650902,0.76226,0.000426786,0.243644,-0.599664,0.935916,0,0,-0.352223,0.988778,0,0,-0.149391,0.734784,-0.0642492,0.0379928,0.674182,0.675677,0.16349,-0.0549638,0.716736,0.107405,0.214484,0.689806,0.110986,0.137056,-0.0409239,0.20442,0.371929,0.601515,0.146207,0.326298,0.0181516,0.300571,0.675456,0.433191,0.221574,0.678527,0.140714,0.269408,0.922475,0.283989,0.290133,1.07926,0.286756,0.321106,1.2611,0.293103,0.440944,1.38753,0.560468,0.178923,1.25277,0.102645,0.563392,1.54587,0.71044,0.0381822,1.05571,0.0238674,0.381377,1.4709,0.297528,-0.140826,-0.0092698,-0.103848,-0.140826,-0.0092698,-0.103848,-0.139478,0.358753,-1.09728,8.26441,1.93792,6.65475,-3.15106,1.14982,-1.04199,0,0,6.80339,0,0,1.5765,-2.48047,2.10589,-0.720949,-6.00426,3.71672,1.5606,0,0,-5.9219,0,0,-3.64158,1.25017,0.334578,2.16347,4.02494,5.81572,6.7889,0.27496,0.949625,0.300445,1,0.981905,0.0150285,0.180531,-0.0551796,0.010263,0.364185,-0.110385,-0.417063,-0.807997,-1.44289,-0.0681425,-0.31534,0.830599
0.999786,0.00652178,0.000558761,-0.0196079,0.999786,0.00652178,0.000558761,-0.0196079,0.990747,0.0284893,0.0240509,-0.130503,0.618949,-0.352993,-0.70119,-0.0251045,0.485009,0.165227,0.0909975,-0.853924,0.905552,0,0,0.424234,0.977591,0,0,0.210512,0.705853,-0.108665,-0.227923,-0.661826,0.785421,0.014658,0.193091,-0.587891,0.895621,0,0,-0.444818,0.970365,0,0,-0.241643,0.730875,-0.0652208,0.0389351,0.678271,0.611217,0.12657,-0.0704576,0.778094,0.0393358,0.213482,0.616368,0.122009,0.101037,-0.0456918,0.166872,0.350177,0.533189,0.164348,0.288295,-0.00787884,0.285294,0.634492,0.378518,0.227838,0.641408,0.0955981,0.250956,0.886218,0.239263,0.268624,1.04333,0.243711,0.297337,1.22558,0.248668,0.420592,1.33422,0.52524,0.154696,1.21289,0.0648704,0.549391,1.47958,0.657709,0.014527,1.01205,-0.00103625,0.358575,1.43467,0.250446,-0.423897,0.00299502,-0.371299,-0.423897,0.00299502,-0.371299,0.460455,0.0355355,-0.938414,9.03733,3.45031,1.76282,-2.71933,1.01058,-0.963746,0,0,10.1222,0,0,1.18365,-1.43782,2.8552,-0.696544,0.920481,-3.40735,1.09814,0,0,-6.06155,0,0,-5.64636,-0.0704774,0.065959,0.336273,-2.26751,-1.16957,5.51204,0.257784,0.912668,0.255792,1,0.983938,0.0220016,0.171983,-0.0424741,0.0305124,0.347246,-0.0809294,-0.553554,-1.0877,-1.3418,0.518331,-0.560226,0.672056
0.999737,0.00366103,0.000154672,-0.0226212,0.999737,0.00366103,0.000154672,-0.0226212,0.989668,0.0325643,0.0211562,-0.138016,0.681749,-0.258285,-0.681255,-0.066328,0.495655,0.139272,0.0936152,-0.852153,0.820999,0,0,0.57093,0.977666,0,0,0.210165,0.714027,-0.101912,-0.186115,-0.667189,0.806259,0.0191162,0.1637,-0.568141,0.850303,0,0,-0.526293,0.946871,0,0,-0.321613,0.747193,-0.0808946,0.0199118,0.659365,0.576408,0.12149,-0.0741427,0.804672,-0.0189554,0.196143,0.519923,0.126722,0.0648286,-0.0657156,0.134606,0.312453,0.446829,0.177463,0.249364,-0.0418346,0.270062,0.581203,0.318397,0.231127,0.597711,0.0505456,0.233008,0.839883,0.196618,0.24775,0.997203,0.203491,0.273817,1.17979,0.209899,0.397796,1.25916,0.495298,0.135474,1.16249,0.0294765,0.524886,1.37964,0.617138,0.00245384,0.955188,-0.0311054,0.333844,1.38896,0.213259,-0.171653,-0.0242469,-0.180834,-0.171653,-0.0242469,-0.180834,0.245967,-0.17376,-0.455191,6.97689,2.53874,-2.73165,-1.94287,0.159318,0.419245,0,0,10.1713,0,0,-0.0212943,0.471686,2.82663,-0.217489,0.278977,-1.98257,1.55901,0,0,-5.59584,0,0,-5.00247,-1.00206,-1.26438,-1.51756,-0.230209,-0.329257,2.64463,0.240608,0.86481,0.211139,1,0.985072,0.0293454,0.166781,-0.0309253,0.0503466,0.336725,-0.0542082,-0.538431,-1.39003,-1.27935,0.537988,-0.35276,0.60206
0.999762,-0.000803597,0.000606535,-0.021774,0.999762,-0.000803597,0.000606535,-0.021774,0.988524,0.0276781,0.0199192,-0.147162,0.736429,-0.177513,-0.640952,-0.123863,0.502263,0.119107,0.0865814,-0.852085,0.732879,0,0,0.680359,0.973663,0,0,0.227992,0.72866,-0.0823386,-0.154043,-0.662228,0.806478,-0.0109868,0.172691,-0.565376,0.806316,0,0,-0.591486,0.934199,0,0,-0.356753,0.776696,-0.099602,0.0164457,0.621733,0.555838,0.116157,-0.0448796,0.821911,-0.0458482,0.221267,0.459763,0.133083,0.0529623,-0.0335101,0.126154,0.320562,0.396104,0.18488,0.23686,-0.0275591,0.266647,0.574913,0.287247,0.23123,0.587457,0.0369718,0.222141,0.834122,0.173786,0.231797,0.991963,0.176629,0.251115,1.17551,0.176937,0.376071,1.23876,0.460481,0.118244,1.1434,0.000628372,0.499007,1.33904,0.566285,0.00186436,0.924039,-0.0457811,0.304233,1.38624,0.171663,-0.267901,0.0271139,0.0508516,-0.267901,0.0271139,0.0508516,-0.293546,-0.0740205,-0.554018,5.68583,3.61361,-3.69819,-1.49074,-0.5294,0.183221,0,0,8.43686,0,0,1.09625,1.33156,2.18899,0.575974,-1.93263,0.576374,0.180407,0,0,-4.71993,0,0,-2.24142,-1.1558,-0.239364,-2.91894,-0.30394,2.02784,1.71006,0.2278,0.857314,0.184378,1,0.987164,0.015831,0.157897,-0.0180526,0.0269035,0.317626,-0.0322615,-0.32601,-0.172853,-0.684953,-0.69016,-0.54363,0.884374
0.999766,-0.00668168,0.000527709,-0.0205738,0.999766,-0.00668168,0.000527709,-0.0205738,0.987566,0.0140206,0.0249294,-0.154582,0.800891,-0.0938779,-0.55954,-0.191511,0.494754,0.0940224,0.0899383,-0.859238,0.649205,0,0,0.760613,0.963947,0,0,0.266095,0.750362,-0.045211,-0.14331,-0.64372,0.814872,-0.0358789,0.157048,-0.556806,0.775133,0,0,-0.631798,0.927803,0,0,-0.37307,0.814088,-0.150988,0.0353677,0.559654,0.542474,0.104379,-0.0447275,0.832362,-0.0767644,0.235361,0.390633,0.144292,0.0439369,0.00572996,0.110615,0.324738,0.347194,0.193498,0.227213,-0.00287653,0.254992,0.572259,0.264299,0.228686,0.580483,0.0349453,0.208758,0.831618,0.157286,0.218879,0.989447,0.155541,0.237711,1.17291,0.148668,0.368236,1.21283,0.420469,0.108335,1.1326,-0.0233635,0.49335,1.2849,0.508741,-0.000822444,0.909827,-0.0552464,0.290337,1.383,0.132177,-0.352712,-0.00473,0.0720172,-0.352712,-0.00473,0.0720172,-0.822329,0.30225,-0.449909,5.65871,6.24299,-4.15736,-1.79576,0.264707,-0.72281,0,0,6.96032,0,0,2.35953,2.47843,0.787153,1.5724,-1.59095,-1.03514,0.659746,0,0,-3.05824,0,0,-1.05157,-3.20119,1.19675,-4.52671,-0.792393,-0.00719054,1.07462,0.217819,0.851521,0.162752,1,0.989502,0.00388877,0.142664,-0.022775,0.00124841,0.286409,-0.0458452,-0.401508,-0.0751015,-0.494985,-0.770848,-0.907072,-0.17852
0.999752,-0.00932635,0.00027545,-0.0202005,0.999752,-0.00932635,0.00027545,-0.0202005,0.987937,-0.00232681,0.0282605,-0.152239,0.841863,-0.00919353,-0.465214,-0.273421,0.492277,0.078543,0.0884618,-0.862362,0.584954,0,0,0.811067,0.956298,0,0,0.292393,0.757411,0.0195861,-0.150076,-0.635155,0.828169,-0.0424189,0.127567,-0.544117,0.771341,0,0,-0.636422,0.922784,0,0,-0.385318,0.848568,-0.230699,0.0433142,0.474167,0.533429,0.0938367,-0.0498405,0.839145,-0.117218,0.230037,0.287005,0.148041,0.0453543,0.00762294,0.0807568,0.315472,0.275469,0.196885,0.227732,-0.00378604,0.234735,0.566018,0.235068,0.224496,0.580412,0.0269956,0.196737,0.830175,0.144412,0.210219,0.98776,0.1442,0.232626,1.17085,0.138272,0.3643,1.17089,0.390172,0.1054,1.13298,-0.031974,0.491553,1.20651,0.466856,-0.00192758,0.911132,-0.0609985,0.28803,1.38019,0.120169,-0.158695,-0.0151366,0.0223974,-0.158695,-0.0151366,0.0223974,-0.984913,0.200491,0.142283,5.45641,6.51061,-5.00899,-1.11944,-0.100393,-0.295246,0,0,4.90296,0,0,1.64329,4.24413,-0.417454,0.671879,-0.405464,-1.9262,0.98009,0,0,-0.358783,0,0,-0.794187,-4.91981,0.474338,-5.84921,-0.725182,-0.377948,0.713987,0.208996,0.845624,0.144068,1,0.990425,0.011021,0.133601,-0.0329881,0.0135009,0.268589,-0.0647653,-0.360612,-0.0433046,-0.38623,0.323434,-0.553317,-0.668279
0.999795,-0.010889,0.000679037,-0.0170394,0.999795,-0.010889,0.000679037,-0.0170394,0.989547,-0.0133712,0.0291422,-0.140599,0.851767,0.0688161,-0.376005,-0.358299,0.499021,0.0672623,0.0903462,-0.859239,0.552991,0,0,0.833188,0.948746,0,0,0.31604,0.749178,0.0838955,-0.161207,-0.63695,0.836127,-0.0515214,0.097122,-0.537405,0.786584,0,0,-0.617484,0.92001,0,0,-0.391896,0.862402,-0.29856,0.0506077,0.405663,0.532039,0.0756276,-0.0479457,0.841972,-0.148076,0.224426,0.183852,0.153204,0.0490058,0.014247,0.0518331,0.309095,0.20593,0.202074,0.230934,0.000865836,0.214256,0.564519,0.208661,0.22373,0.58362,0.0227739,0.18873,0.832378,0.133417,0.204275,0.989761,0.135852,0.227881,1.17278,0.132889,0.347851,1.13935,0.3606,0.106759,1.13575,-0.0390704,0.474694,1.14126,0.430023,0.00867701,0.912394,-0.0723568,0.281867,1.38307,0.117399,-0.0937568,0.0242166,0.189696,-0.0937568,0.0242166,0.189696,-0.664908,0.0521647,0.70581,4.92856,5.7384,-5.29875,-0.835622,0.117817,0.411536,0,0,2.33242,0,0,1.48944,4.22143,-0.760471,-0.24675,-0.570319,-1.95686,0.525914,0,0,1.45864,0,0,-0.428314,-4.19739,0.445347,-4.45768,-1.29898,0.13347,0.237904,0.201142,0.843808,0.128841,1,0.991778,0.0200041,0.119858,-0.0401257,0.0309652,0.241698,-0.0771118,-0.240207,0.0660912,-0.329863,0.448534,-0.84063,-0.5026
0.999845,-0.0124312,0.00107676,-0.0124493,0.999845,-0.0124312,0.00107676,-0.0124493,0.990648,-0.0291788,0.033354,-0.129042,0.848199,0.116414,-0.28809,-0.428964,0.504753,0.0559334,0.0880285,-0.856941,0.562113,0,0,0.82706,0.938839,0,0,0.344357,0.731795,0.144851,-0.163838,-0.645486,0.841372,-0.0601791,0.0708462,-0.532403,0.81441,0,0,-0.58029,0.918812,0,0,-0.394696,0.856125,-0.334078,0.0654638,0.388788,0.528485,0.0636821,-0.052988,0.844891,-0.166232,0.219859,0.0892666,0.157106,0.0556472,0.0283034,0.0269518,0.308373,0.140768,0.205703,0.236945,0.0111632,0.195024,0.569481,0.183184,0.223339,0.589922,0.0214988,0.18335,0.838781,0.123291,0.200375,0.995999,0.126748,0.223949,1.17905,0.124908,0.330797,1.12714,0.327667,0.108571,1.1404,-0.0472043,0.462692,1.09998,0.386472,0.0224359,0.914955,-0.0807151,0.27459,1.39039,0.108844,-0.0925286,0.0238639,0.275433,-0.0925286,0.0238639,0.275433,-0.951127,0.252851,0.698702,3.01532,5.52878,-4.49733,-0.832402,-0.184153,0.321867,0,0,-0.659348,0,0,1.8001,4.06035,-0.243628,-0.839965,-0.54262,-1.67724,0.381552,0,0,2.7873,0,0,-0.182733,-2.28165,0.943879,-1.00683,-0.847827,-0.366578,0.300891,0.194731,0.847224,0.113771,1,0.992794,0.0235691,0.107725,-0.0468954,0.0375919,0.217827,-0.0902903,-0.161404,0.192087,-0.303783,0.133034,-0.729793,-0.440613
0.999891,-0.0128063,0.00158423,-0.00722865,0.999891,-0.0128063,0.00158423,-0.00722865,0.991326,-0.0445181,0.0425331,-0.116112,0.83761,0.145412,-0.207497,-0.483952,0.505048,0.0411872,0.0911572,-0.857275,0.597594,0,0,0.801799,0.926346,0,0,0.376674,0.707197,0.198221,-0.161408,-0.659188,0.84535,-0.0709298,0.0487555,-0.527233,0.851319,0,0,-0.524649,0.918241,0,0,-0.396022,0.84067,-0.363354,0.110437,0.386071,0.523938,0.062184,-0.0596896,0.847384,-0.177412,0.201889,-0.00166211,0.158421,0.0510015,0.0417338,0.00306034,0.29697,0.0767226,0.20683,0.231522,0.0203047,0.174511,0.564564,0.156244,0.221935,0.584546,0.0191976,0.178427,0.83331,0.112584,0.197068,0.990319,0.117322,0.220629,1.17339,0.117325,0.313575,1.11052,0.297779,0.109802,1.13509,-0.0546646,0.452182,1.05499,0.343009,0.0336168,0.909758,-0.0897362,0.26766,1.38582,0.1017,-0.0224954,0.0304483,0.313264,-0.0224954,0.0304483,0.313264,-0.92263,0.551888,0.779799,1.86876,5.04609,-3.5939,-1.06804,0.225681,-0.0162864,0,0,-2.61351,0,0,2.07898,3.64734,0.0592962,-1.31735,-0.675038,-1.40472,0.375518,0,0,4.00693,0,0,-0.0866239,-1.9734,2.87445,-0.035989,-0.0986615,-0.488616,0.29726,0.18832,0.839739,0.0987007,1,0.993606,0.0273,0.0951149,-0.0543537,0.0447585,0.193181,-0.10496,-0.147699,-0.16411,-0.321206,0.137411,-0.756403,-0.483953
0.999892,-0.0138541,0.00182974,-0.00454475,0.999892,-0.0138541,0.00182974,-0.00454475,0.990721,-0.0600256,0.0541661,-0.109249,0.828094,0.127556,-0.138181,-0.528106,0.49451,0.0220646,0.0992312,-0.863207,0.6522,0,0,0.758047,0.912226,0,0,0.409688,0.685695,0.23325,-0.149272,-0.673153,0.847362,-0.0854469,0.0289738,-0.523294,0.890407,0,0,-0.455166,0.918478,0,0,-0.395471,0.836542,-0.372499,0.159466,0.3688,0.522694,0.0552751,-0.0610456,0.848534,-0.177694,0.181225,-0.0736651,0.15816,0.0503544,0.058613,-0.0128117,0.28775,0.0224772,0.206479,0.230073,0.032138,0.156652,0.565392,0.13018,0.219999,0.58294,0.0172534,0.173779,0.831748,0.101158,0.194187,0.988507,0.106794,0.218856,1.17143,0.107666,0.297452,1.10372,0.275968,0.110218,1.1353,-0.0630888,0.44261,1.01968,0.303643,0.0366887,0.912881,-0.0976933,0.265079,1.38394,0.0907842,-0.0628672,0.0147313,0.16104,-0.0628672,0.0147313,0.16104,-0.93388,0.700668,0.411619,-1.10548,4.36955,-2.91816,-1.37698,0.617583,-0.717183,0,0,-4.19915,0,0,2.1545,2.46488,0.725284,-1.30712,-0.914996,-1.25346,0.273252,0,0,4.78465,0,0,0.0359914,-0.614971,3.12371,-1.06021,-0.49396,-0.0997145,0.115149,0.183174,0.836544,0.0844954,1,0.994381,0.0301434,0.0808793,-0.0612966,0.0507458,0.165297,-0.118926,-0.139439,-0.0468826,-0.342765,0.0821956,-0.851029,-0.450955
0.999874,-0.0154544,0.00232737,-0.00277729,0.999874,-0.0154544,0.00232737,-0.00277729,0.989903,-0.0726071,0.0627921,-0.104291,0.835493,0.0231323,-0.069144,-0.544642,0.478424,0.000131183,0.110022,-0.871209,0.744048,0,0,0.668126,0.898493,0,0,0.438987,0.679537,0.229332,-0.115741,-0.687197,0.845055,-0.109179,0.00903309,-0.523335,0.926671,0,0,-0.375874,0.922315,0,0,-0.386438,0.835522,-0.367431,0.154513,0.378185,0.521393,0.0504416,-0.0669091,0.849192,-0.167929,0.140388,-0.0945687,0.158203,0.0506903,0.100455,-0.0201905,0.270945,-0.000662239,0.204568,0.228792,0.0628471,0.141672,0.568019,0.112054,0.216371,0.581129,0.0218002,0.168035,0.831472,0.0882341,0.18977,0.98811,0.0918784,0.215443,1.17088,0.0899278,0.286254,1.10627,0.262129,0.10963,1.13425,-0.0791674,0.441814,0.991303,0.269227,0.0354748,0.915082,-0.108851,0.261662,1.38286,0.0679711,-0.0960273,0.0298594,0.106051,-0.0960273,0.0298594,0.106051,-0.758432,0.520202,0.296706,-6.65506,4.40897,-0.960519,-1.59506,0.841555,-1.03175,0,0,-7.71754,0,0,1.94155,-0.226096,2.23449,-1.05528,-1.50682,-1.26082,-0.0300447,0,0,5.23316,0,0,0.588859,0.313216,-0.310895,0.604796,-0.345224,-0.423937,0.0814476,0.17833,0.833821,0.0731807,1,0.995657,0.0234905,0.0600552,-0.0671435,0.0390172,0.123054,-0.132265,-0.172318,-0.00827246,-0.38772,-0.504242,-1.21368,-0.34955
0.999869,-0.0159595,0.00266629,-0.000368563,0.999869,-0.0159595,0.00266629,-0.000368563,0.988244,-0.0849825,0.0771844,-0.100965,0.844027,-0.178813,0.0271549,-0.504883,0.463058,-0.0289352,0.124452,-0.87707,0.847083,0,0,0.531461,0.88995,0,0,0.456058,0.679193,0.197673,-0.0753279,-0.702814,0.839104,-0.138421,-0.00989003,-0.525972,0.956711,0,0,-0.29104,0.927286,0,0,-0.374353,0.828607,-0.327775,0.106153,0.441255,0.517766,0.0475799,-0.0737649,0.851007,-0.149126,0.124434,-0.0780193,0.155545,0.0908007,0.154334,-0.0243816,0.283871,-0.000376501,0.199738,0.26542,0.102097,0.126648,0.604319,0.0998009,0.211013,0.614329,0.0281935,0.161296,0.865545,0.0732536,0.18344,1.02217,0.0736783,0.208913,1.20489,0.0678702,0.286553,1.15089,0.249529,0.107794,1.16583,-0.0986603,0.450778,1.00573,0.230102,0.0322365,0.948709,-0.121972,0.254058,1.41623,0.0397756,-0.0303076,0.0203367,0.144529,-0.0303076,0.0203367,0.144529,-0.747877,0.869036,0.196886,-12.7933,6.11191,2.62409,-2.1434,1.11929,-0.869052,0,0,-10.2818,0,0,1.14536,-2.13083,2.72165,-1.05841,-1.86995,-1.19926,-0.238342,0,0,5.40157,0,0,0.784048,2.46689,-3.05502,4.07654,-0.200361,-0.501103,0.226074,0.172839,0.865743,0.0633825,1,0.996797,0.0119063,0.0364038,-0.0702022,0.0186778,0.0743145,-0.139929,-0.20216,1.0222,-0.449417,-0.800036,-1.36621,-0.16975
0.999932,-0.011493,0.00205915,-0.000505689,0.999932,-0.011493,0.00205915,-0.000505689,0.985846,-0.0989826,0.0911085,-0.100044,0.793408,-0.444822,0.148029,-0.388232,0.455444,-0.0491233,0.131198,-0.879173,0.920217,0,0,0.391408,0.891936,0,0,0.452161,0.683951,0.151316,-0.014091,-0.713524,0.83404,-0.15903,-0.00711585,-0.52824,0.964994,0,0,-0.262272,0.927344,0,0,-0.374209,0.808303,-0.320312,0.135629,0.475028,0.511633,0.0614457,-0.067781,0.85432,-0.153143,0.122022,-0.0752912,0.150733,0.104337,0.166757,-0.0334527,0.287483,-0.00714132,0.194763,0.276465,0.107842,0.117848,0.61386,0.0849179,0.206468,0.622636,0.0219885,0.156026,0.873644,0.0617024,0.17778,1.03033,0.0625142,0.203076,1.21314,0.0589115,0.302101,1.16946,0.235971,0.104336,1.17727,-0.105665,0.464857,1.0031,0.182219,0.0249453,0.961002,-0.129223,0.247613,1.42447,0.0318186,0.268014,-0.0364327,-0.00822725,0.268014,-0.0364327,-0.00822725,-0.848106,0.843151,0.0506117,-17.3701,7.82921,6.92972,-1.50111,0.530471,-0.37633,0,0,-9.48976,0,0,-0.2624,-3.14217,4.1274,-0.631964,-1.32589,0.17517,-0.205139,0,0,1.79623,0,0,0.00931634,0.32383,1.94122,2.37535,1.01001,0.417861,0.401689,0.168259,0.874235,0.0541178,1,0.997173,0.0103074,0.028534,-0.0687442,0.0166626,0.0583569,-0.137174,-0.158101,0.242971,-0.346534,-0.12586,-0.46581,0.0866561
0.999924,-0.0120284,0.00240697,0.00127882,0.999924,-0.0120284,0.00240697,0.00127882,0.983806,-0.109628,0.102443,-0.098048,0.660985,-0.665716,0.243419,-0.246311,0.468736,-0.0582587,0.123958,-0.872655,0.941945,0,0,0.335768,0.909616,0,0,0.415449,0.678537,0.128004,-0.00460137,-0.723313,0.83061,-0.184912,-0.00275602,-0.525249,0.967644,0,0,-0.25232,0.924148,0,0,-0.382036,0.78167,-0.297165,0.0429863,0.54666,0.502886,0.0819172,-0.056747,0.858589,-0.168021,0.118549,-0.0692807,0.142775,0.112082,0.176568,-0.0522315,0.28679,-0.0107901,0.188866,0.280754,0.111113,0.105403,0.61303,0.0750339,0.202449,0.62269,0.0143584,0.150457,0.872578,0.0502527,0.172496,1.02921,0.0522092,0.197523,1.21208,0.049758,0.308514,1.17963,0.213238,0.10611,1.17327,-0.114595,0.459845,1.00416,0.135363,0.0256947,0.95214,-0.134466,0.240995,1.42338,0.0222424,-0.0321286,0.02087,0.107073,-0.0321286,0.02087,0.107073,-0.646286,0.687556,0.116274,-16.4797,6.96884,8.32958,-0.650467,-0.589943,0.864436,0,0,-3.58444,0,0,-2.44502,-1.54936,0.637483,-0.761611,-1.65956,0.276878,0.148641,0,0,0.617946,0,0,-0.50727,1.2968,-5.91625,4.94159,1.50025,0.780925,0.543927,0.162079,0.873936,0.0449003,1,0.997286,0.0133744,0.0165873,-0.0704697,0.0243557,0.0349767,-0.140662,-0.167083,-0.0319747,-0.34349,0.131199,-0.726569,-0.115411
0.999921,-0.0113465,0.00253767,0.00485731,0.999921,-0.0113465,0.00253767,0.00485731,0.984524,-0.10424,0.0999571,-0.0992698,0.600238,-0.719914,0.284902,-0.200674,0.508162,-0.0414306,0.108323,-0.853417,0.931177,0,0,0.364567,0.938787,0,0,0.344498,0.661578,0.12854,-0.00599057,-0.738753,0.83464,-0.193668,-0.00552833,-0.515596,0.978853,0,0,-0.204567,0.918567,0,0,-0.395265,0.75793,-0.293325,-0.0123778,0.582537,0.493208,0.0958087,-0.0430846,0.863545,-0.182347,0.113287,-0.106136,0.130756,0.107277,0.149327,-0.0761542,0.283766,-0.0439175,0.181263,0.275515,0.0878108,0.0879208,0.607559,0.0566507,0.198722,0.617384,-0.000304847,0.146827,0.864813,0.0433194,0.171285,1.02085,0.0520785,0.197797,1.20343,0.0578863,0.306104,1.16326,0.212611,0.11724,1.16501,-0.113025,0.438015,0.987558,0.111918,0.0385073,0.936388,-0.142934,0.243046,1.41559,0.0412161,0.0409168,0.0078425,0.214715,0.0409168,0.0078425,0.214715,0.326532,-0.151445,-0.0722659,-4.88948,3.29444,2.75901,1.29015,-1.28686,2.49269,0,0,1.84484,0,0,-4.60399,0.0943052,-0.0963265,-1.37462,-0.539266,-0.175905,0.66206,0,0,2.94333,0,0,-0.861479,0.0794923,-3.59404,2.66063,1.03598,0.976773,0.62403,0.157324,0.866109,0.0381422,1,0.996143,0.0344116,0.0127232,-0.0797068,0.0666104,0.0308387,-0.158663,-0.108893,-0.232962,-0.208002,1.23431,-0.311646,-0.581651
0.999919,-0.0107471,0.0033319,0.0059713,0.999919,-0.0107471,0.0033319,0.0059713,0.985841,-0.0964988,0.0900451,-0.103424,0.614721,-0.681919,0.310738,-0.246062,0.559202,-0.00454005,0.0852694,-0.824622,0.915417,0,0,0.402508,0.966691,0,0,0.255947,0.65308,0.123585,0.0092408,-0.74708,0.846532,-0.188653,-0.0205036,-0.497367,0.988434,0,0,-0.151654,0.911243,0,0,-0.411869,0.741314,-0.283827,-0.0708751,0.604046,0.486439,0.101831,-0.0363289,0.866999,-0.189711,0.107394,-0.151003,0.118672,0.0984385,0.112464,-0.0948396,0.280005,-0.0830105,0.174627,0.267393,0.0595721,0.0716705,0.599957,0.037704,0.195516,0.609873,-0.0127521,0.143335,0.853238,0.0406863,0.172481,1.00777,0.0578224,0.204069,1.18894,0.0736869,0.299172,1.12848,0.226685,0.136339,1.15394,-0.107202,0.407507,0.951505,0.110887,0.0578505,0.920416,-0.154306,0.256238,1.40022,0.0703274,0.0359611,0.0476549,0.0668413,0.0359611,0.0476549,0.0668413,0.469479,-0.600207,-0.247803,2.9221,1.66915,-3.05532,2.67408,-1.7996,3.3672,0,0,2.46518,0,0,-5.57258,-0.307817,1.03543,-0.736233,0.369906,-0.946001,1.29341,0,0,3.22681,0,0,-1.08888,0.504049,-3.85282,1.6545,0.460243,0.483733,0.439042,0.155521,0.853466,0.0352618,1,0.993537,0.0609137,0.0119537,-0.0950314,0.119124,0.0353377,-0.188611,-0.104764,-0.347257,-0.0789907,1.57425,-0.139125,-0.950361
0.999931,-0.0106937,0.00296498,0.00380937,0.999931,-0.0106937,0.00296498,0.00380937,0.986146,-0.0958533,0.0847056,-0.105608,0.638502,-0.628894,0.331898,-0.294366,0.606103,0.0242954,0.0708513,-0.791851,0.906855,0,0,0.421443,0.983011,0,0,0.183545,0.647075,0.121019,0.0357531,-0.751911,0.853232,-0.181634,-0.030909,-0.487903,0.992673,0,0,-0.120834,0.904642,0,0,-0.426172,0.736909,-0.238579,-0.0931479,0.625594,0.485625,0.106115,-0.0255624,0.867326,-0.188565,0.10049,-0.206098,0.110251,0.077725,0.0760081,-0.101622,0.270566,-0.126582,0.171145,0.247787,0.0331788,0.0641278,0.581705,0.0204886,0.195171,0.59077,-0.0213336,0.14171,0.830146,0.0426393,0.172942,0.983147,0.0679252,0.207843,1.16262,0.0933192,0.287936,1.08532,0.241833,0.154831,1.13174,-0.0959538,0.379693,0.911311,0.112505,0.0826039,0.896113,-0.161533,0.264897,1.37246,0.10132,0.00321185,-0.0220162,-0.12972,0.00321185,-0.0220162,-0.12972,0.0395005,-0.322412,-0.131024,4.08152,1.24325,-3.14453,2.0066,-1.11643,3.39705,0,0,1.24688,0,0,-4.45413,-0.154966,1.81055,-0.451594,0.471707,-0.653667,0.672876,0,0,1.86666,0,0,-0.945145,2.94995,-1.47528,1.48623,0.315484,0.785112,0.046481,0.155348,0.830243,0.0350119,1,0.991055,0.0870244,0.0112954,-0.100547,0.171191,0.0398994,-0.198793,-0.0487312,-0.692756,0.0585903,1.55806,-0.166203,-0.364119
0.999934,-0.0108195,0.002504,0.00292344,0.999934,-0.0108195,0.002504,0.00292344,0.986263,-0.0942704,0.0801968,-0.109389,0.642404,-0.61546,0.342462,-0.302069,0.636295,0.0434626,0.0731091,-0.766743,0.898692,0,0,0.438579,0.986551,0,0,0.163456,0.652394,0.126278,0.0471206,-0.745799,0.857958,-0.182581,-0.0303497,-0.479219,0.992877,0,0,-0.119147,0.89908,0,0,-0.437784,0.73499,-0.199386,-0.103781,0.639738,0.487679,0.118438,-0.0102062,0.864891,-0.18136,0.0959086,-0.247641,0.105063,0.0595899,0.0508674,-0.0977642,0.261283,-0.157672,0.169547,0.230324,0.0153889,0.0637161,0.563371,0.0115516,0.195615,0.572973,-0.0247736,0.140839,0.808827,0.0488476,0.173848,0.960213,0.0807351,0.211222,1.13793,0.113796,0.284697,1.05215,0.257609,0.170091,1.11262,-0.0828265,0.368966,0.885903,0.117257,0.109774,0.878634,-0.167194,0.272325,1.346,0.131179,-0.00755024,-0.0276594,-0.0531572,-0.00755024,-0.0276594,-0.0531572,0.0956415,-0.271979,-0.227605,0.985692,0.686683,-0.495093,1.29301,0.0949153,2.38914,0,0,1.13889,0,0,-1.22395,0.340577,0.768832,0.524911,-0.0403452,0.0385384,0.599144,0,0,0.101999,0,0,-0.772523,2.57268,-0.705592,0.962682,0.891855,1.12183,-0.23473,0.157581,0.809315,0.039022,1,0.988427,0.108121,0.00804173,-0.106101,0.213819,0.0388507,-0.209698,-0.0261294,-0.639573,0.186247,1.24493,-0.289992,-0.377434
