0.997141,0.072364,-0.0179918,-0.0122218,0.997141,0.072364,-0.0179918,-0.0122218,0.882389,0.03213,0.455872,0.111969,0.750143,-0.31977,-0.487589,-0.311913,0.721166,0.411885,0.553547,-0.0620945,0.999979,0,0,0.00649869,0.999411,0,0,0.0343265,0.832874,-0.17539,-0.176234,-0.494471,0.855845,-0.092863,0.00296923,-0.50882,0.997868,0,0,-0.0652673,0.954153,0,0,-0.29932,0.773971,-0.0309509,0.19775,0.600754,0.548402,-0.188598,-0.158197,0.799162,0.111433,0.0569918,0.328366,-0.0429395,0.0563402,-0.0761728,0.0710209,0.250624,0.265509,-0.00258379,0.242805,-0.0801271,0.0176241,0.604447,0.12623,0.0257031,0.608877,-0.0804785,0,0.858114,0,0.0448123,1.00584,0.0325911,0.0983751,1.16933,0.0981464,0.0994688,1.08428,0.391599,0.238187,1.36277,-0.108954,0.123646,0.930703,0.599243,0.404623,1.49436,-0.257934,0.144186,1.35668,0.200498,0,0,0,0,0,0,0,0,0,0,0,0,0,0,0,0,0,0,0,0,0,0,0,0,0,0,0,0,0,0,0,0,0,0,0,0,0,0,0,0.0713224,0.86395,0.0767703,1,-0.98771,-0.0669897,0.00955563,0.14089,0.135439,-1.36205e-11,-0.283375,0,0,0,0,0,0
0.997177,0.0714962,-0.0181899,-0.0140075,0.997177,0.0714962,-0.0181899,-0.0140075,0.881643,0.0263291,0.461798,0.0935669,0.751532,-0.30281,-0.490077,-0.321449,0.723078,0.412104,0.553461,-0.0317719,0.999969,0,0,0.007928,0.999219,0,0,0.0395251,0.823618,-0.124099,-0.17856,-0.523803,0.876495,-0.0306503,0.00415764,-0.480416,0.993045,0,0,-0.117737,0.93051,0,0,-0.366266,0.710442,0.0510621,0.215148,0.668114,0.541812,-0.155275,-0.15836,0.810711,0.131877,0.0423974,0.340014,-0.0342434,0.0573063,-0.054811,0.101738,0.234761,0.285746,0.0130739,0.241013,-0.0614273,0.050371,0.592478,0.161572,0.0321029,0.598397,-0.0501376,0.00589557,0.846095,0.0401417,0.0503581,0.996752,0.0549684,0.111282,1.16496,0.0984748,0.184978,1.09182,0.384804,0.190178,1.35609,-0.140044,0.259839,0.944191,0.584518,0.315036,1.49301,-0.321277,0.17558,1.35923,0.175891,-0.0521698,-0.0118827,-0.107236,-0.0521698,-0.0118827,-0.107236,-0.361942,0.377741,-1.14799,1.12228,-0.146294,-0.614138,-0.00551886,-0.0326112,2.01143,0,0,0.0857611,0,0,0.312129,3.23472,-0.186067,-1.97696,3.93729,0.0730238,2.01278,0,0,-3.16182,0,0,-4.26078,5.40955,1.47124,5.43498,2.33699,-0.04307,0.98189,0.0871091,0.857425,0.0889972,1,0.985257,0.0281022,0.11191,-0.126313,0.0278388,0.229632,-0.251804,0.176867,-0.360564,1.20425,-1.27979,7.48768,1.31269
0.996946,0.0766841,-0.0130289,-0.00698453,0.996946,0.0766841,-0.0130289,-0.00698453,0.872803,0.0273734,0.470571,0.126606,0.751738,-0.301749,-0.496522,-0.311935,0.726391,0.398776,0.558849,-0.0319855,0.999988,0,0,0.00498818,0.998813,0,0,0.0487024,0.849706,-0.0136446,-0.217756,-0.479996,0.904817,-0.026697,0.0343129,-0.423576,0.972949,0,0,-0.231019,0.911277,0,0,-0.411794,0.680444,0.0210345,0.194081,0.706318,0.531644,-0.223289,-0.188344,0.794999,0.131899,0.0622824,0.355693,-0.0117401,0.0742598,-0.00398253,0.125444,0.255219,0.303967,0.03005,0.258348,-0.0253908,0.0789748,0.60952,0.192244,0.0290422,0.608974,-0.019969,0.00257224,0.854341,0.0740379,0.0471237,1.00557,0.0692296,0.111535,1.17664,0.0907989,0.244521,1.12111,0.36005,0.132689,1.35683,-0.168081,0.36345,0.988476,0.548601,0.211578,1.48705,-0.377726,0.180386,1.37504,0.149267,0.31192,0.30989,0.421745,0.31192,0.30989,0.421745,0.0706124,0.640296,2.0892,0.0710172,-0.419766,0.624993,-0.916251,0.309968,-0.0114631,0,0,-0.176393,0,0,0.551177,7.05481,-2.37036,3.08174,0.264019,1.86642,3.82067,0,0,-6.90685,0,0,-2.96577,-1.98214,-1.25057,3.09445,-4.91567,-2.19488,-0.873521,0.0920033,0.870747,0.0978438,1,0.970049,-0.0233529,0.202356,-0.132335,-0.107397,0.396735,-0.292776,-0.0996998,0.247395,1.01689,-2.37551,5.85983,0.0267684
0.996292,0.0840258,-0.0124804,-0.0136645,0.996292,0.0840258,-0.0124804,-0.0136645,0.863935,0.0346691,0.484923,0.131392,0.75521,-0.312391,-0.496231,-0.292958,0.723597,0.403209,0.558489,-0.0438137,0.999966,0,0,0.00828347,0.999354,0,0,0.0359439,0.832931,0.0732454,-0.286151,-0.467952,0.902421,-0.102647,0.0747687,-0.411716,0.961569,0,0,-0.274565,0.91295,0,0,-0.408071,0.664809,0.016537,0.159751,0.729544,0.508737,-0.29659,-0.188729,0.785877,0.134922,0.0937896,0.362246,0.0250065,0.101276,0.0430479,0.140304,0.286162,0.312645,0.0465652,0.285998,0.00389924,0.102541,0.638895,0.207454,0.023245,0.63641,-0.0055276,0.0099526,0.881452,0.0920968,0.0530766,1.03246,0.0785279,0.123685,1.20201,0.0885789,0.303127,1.14495,0.330315,0.10503,1.38169,-0.170936,0.457563,1.01511,0.493333,0.146483,1.50761,-0.393711,0.207814,1.39717,0.136289,0.442055,0.0327774,-0.401388,0.442055,0.0327774,-0.401388,0.464154,0.995479,0.325986,-0.670435,0.0615984,1.26845,0.321824,0.0157674,-0.785548,0,0,0.197722,0,0,-0.766204,5.51941,-4.43208,0.581988,-4.71263,2.5113,0.713687,0,0,-2.70073,0,0,0.244945,-0.295976,-2.24529,1.86747,-5.45633,-0.161402,-0.0953689,0.104153,0.897369,0.103098,1,0.949554,-0.0411805,0.283731,-0.127073,-0.177985,0.556679,-0.317051,0.221411,0.813305,0.541767,-0.356752,5.14034,0.246297
0.996564,0.0812696,-0.0121947,-0.0103114,0.996564,0.0812696,-0.0121947,-0.0103114,0.861362,0.0295741,0.490464,0.12894,0.745032,-0.339147,-0.487693,-0.303417,0.730749,0.387578,0.559785,-0.0492979,1,0,0,0.000444716,0.998918,0,0,0.046508,0.790463,0.148375,-0.348924,-0.481045,0.899058,-0.111882,0.0880123,-0.414043,0.960529,0,0,-0.27818,0.916433,0,0,-0.400189,0.644236,0.0029053,0.16964,0.745771,0.496804,-0.327477,-0.187928,0.781427,0.136592,0.099777,0.366437,0.0311364,0.106148,0.0484167,0.148949,0.290659,0.318958,0.0424816,0.291578,0.00800125,0.123634,0.644407,0.214856,0.0156202,0.643198,0.00552234,0.0233194,0.888873,0.104957,0.0609438,1.04045,0.0832933,0.128406,1.21158,0.0793498,0.355301,1.16104,0.279533,0.050417,1.3875,-0.171762,0.543375,1.03718,0.408282,0.0399236,1.51017,-0.399764,0.214937,1.40938,0.108939,-0.166023,0.0172306,0.201496,-0.166023,0.0172306,0.201496,-0.318662,0.376653,-0.146757,-1.83613,0.43577,-0.760828,-1.10517,-0.0154208,-0.354262,0,0,-0.470331,0,0,0.634393,4.92446,-4.33839,-1.31105,-0.581006,0.827935,-0.174512,0,0,-0.225687,0,0,0.517009,-0.921991,0.764434,1.51471,-2.3557,-0.0128904,-0.0275168,0.109299,0.905515,0.0999471,1,0.916975,-0.0547138,0.37709,-0.118181,-0.260919,0.745898,-0.358931,0.401004,0.222629,0.385814,0.0116514,6.00881,0.258319
0.997043,0.0751605,-0.0114653,-0.0112006,0.997043,0.0751605,-0.0114653,-0.0112006,0.860655,0.0230876,0.49328,0.124159,0.746861,-0.320684,-0.488821,-0.316883,0.731104,0.38571,0.560575,-0.0497117,1,0,0,0.00080779,0.998826,0,0,0.0484491,0.750153,0.19765,-0.396639,-0.490798,0.893209,-0.126487,0.109602,-0.417331,0.957565,0,0,-0.288218,0.918768,0,0,-0.394798,0.646796,0.0331839,0.182661,0.739722,0.488836,-0.349397,-0.212253,0.770656,0.140648,0.10115,0.363802,0.0232749,0.10527,0.0433521,0.160024,0.290823,0.313493,0.0247709,0.291034,0.00337979,0.143343,0.643281,0.207334,0.000837393,0.643719,0.0096267,0.0340917,0.889573,0.107797,0.0657241,1.04153,0.0796761,0.128471,1.21359,0.0611178,0.39008,1.16439,0.211218,-0.00467318,1.38568,-0.168619,0.596923,1.03706,0.30228,-0.065971,1.50591,-0.389796,0.215028,1.41359,0.0693556,-0.367685,0.0439257,-0.0533105,-0.367685,0.0439257,-0.0533105,-0.407866,0.185052,-0.298914,1.22725,-0.0518478,-0.870073,-0.12685,0.0471543,-0.0268831,0,0,0.0217845,0,0,0.116593,3.37572,-3.46984,-1.11066,-0.923149,1.35479,-0.257397,0,0,-0.628028,0,0,0.352463,2.06605,0.876749,-0.464907,-1.68126,-1.82114,-0.586806,0.109089,0.906273,0.0875787,1,0.874055,-0.0625793,0.469184,-0.109445,-0.366898,0.938186,-0.43665,0.323168,0.0210031,0.0851761,0.277532,6.13309,0.0520543
0.997146,0.0729393,-0.0127933,-0.0147197,0.997146,0.0729393,-0.0127933,-0.0147197,0.862448,0.0141328,0.491668,0.119359,0.750544,-0.301109,-0.492355,-0.321875,0.73331,0.385609,0.558176,-0.044747,0.999992,0,0,0.0038894,0.998788,0,0,0.0492245,0.732937,0.190198,-0.396281,-0.51922,0.874475,-0.181593,0.151472,-0.423525,0.951312,0,0,-0.308229,0.92345,0,0,-0.383718,0.652994,0.0979538,0.218053,0.71865,0.481519,-0.378699,-0.223978,0.757997,0.145196,0.119656,0.361722,0.0193181,0.11515,0.0423818,0.171716,0.305175,0.298927,0.00504585,0.301239,0.00468931,0.159196,0.652343,0.183491,-0.0204404,0.655509,0.015592,0.0419348,0.902059,0.103152,0.0686456,1.05412,0.0707159,0.127733,1.22572,0.0397942,0.412241,1.17136,0.134321,-0.0476979,1.39915,-0.15804,0.628647,1.0372,0.183906,-0.150321,1.52033,-0.362763,0.214312,1.42574,0.0285659,-0.133557,-0.0797316,-0.211324,-0.133557,-0.0797316,-0.211324,-0.564291,-0.121258,-0.306985,1.31235,-0.187084,-0.298304,-0.0280614,-0.189409,0.330316,0,0,0.184897,0,0,0.0465838,-0.406885,-0.146709,-2.0862,-3.5042,2.66803,-0.56006,0,0,-1.25794,0,0,0.721735,4.40349,2.37844,-1.5591,-2.22542,-0.907518,-0.744707,0.107022,0.917872,0.0714782,1,0.819786,-0.0642594,0.559687,-0.102824,-0.543052,1.13005,-0.598949,0.235293,0.374579,-0.139332,0.489744,6.32169,-0.302208
0.997025,0.0729764,-0.0172976,-0.0177651,0.997025,0.0729764,-0.0172976,-0.0177651,0.871168,0.0147687,0.477379,0.113833,0.742057,-0.305046,-0.494867,-0.333774,0.736525,0.386918,0.553339,-0.0405027,0.999993,0,0,0.00371767,0.998655,0,0,0.0518397,0.738469,0.148866,-0.358903,-0.551082,0.852795,-0.229975,0.171993,-0.4362,0.935673,0,0,-0.352869,0.929636,0,0,-0.368479,0.686861,0.176058,0.252712,0.658302,0.510895,-0.320899,-0.21599,0.767696,0.156021,0.131692,0.361646,0.0220017,0.108489,0.0456832,0.185878,0.309283,0.273016,-0.00980296,0.29402,0.0154685,0.166838,0.644757,0.143658,-0.0406711,0.650186,0.0283428,0.0427143,0.89835,0.0922467,0.0641545,1.05015,0.0550648,0.118023,1.22059,0.0110386,0.41509,1.16109,0.0450291,-0.0918276,1.3961,-0.146791,0.634349,1.02273,0.0533256,-0.231302,1.51784,-0.327998,0.203185,1.41905,-0.0214049,0.00240509,-0.270557,-0.182938,0.00240509,-0.270557,-0.182938,0.037127,-0.991899,-0.369799,-0.322333,-0.268926,-0.850314,0.0551658,-0.363743,0.283289,0,0,-0.0103037,0,0,0.157108,-2.74799,2.51617,-2.02597,-3.14248,1.369,-1.00575,0,0,-2.83825,0,0,0.986858,5.15775,2.13108,-4.70269,4.52705,0.785754,-0.00685238,0.0992863,0.913155,0.0502343,1,0.74796,-0.0671672,0.652768,-0.0996916,-1.02914,1.29828,-1.07557,0.0233847,-0.11125,-0.327163,0.260075,7.03667,-0.551577
0.997702,0.0609207,-0.0232756,-0.0184014,0.997702,0.0609207,-0.0232756,-0.0184014,0.882859,-0.00135172,0.458877,0.0999492,0.73765,-0.295782,-0.493604,-0.353187,0.733782,0.392408,0.553001,-0.042069,0.999995,0,0,0.00311374,0.998125,0,0,0.0612082,0.75354,0.0876677,-0.32802,-0.562934,0.831114,-0.262569,0.156115,-0.464688,0.90362,0,0,-0.428335,0.93986,0,0,-0.341559,0.781416,0.229956,0.212529,0.539761,0.540874,-0.234773,-0.16985,0.789613,0.183477,0.145856,0.355882,0.0166886,0.0914555,0.0395533,0.201884,0.30956,0.227033,-0.0239201,0.277376,0.0226508,0.159945,0.62616,0.0894912,-0.0589162,0.636868,0.0411505,0.0346378,0.884737,0.0772094,0.0521165,1.0365,0.0373634,0.0955051,1.20713,-0.0169078,0.390798,1.14497,-0.0505866,-0.14591,1.38334,-0.118932,0.603383,1.00086,-0.0870227,-0.322453,1.50694,-0.262438,0.166245,1.40763,-0.0682776,-0.724887,-0.358724,-0.0379671,-0.724887,-0.358724,-0.0379671,-1.01068,-1.27911,-0.896616,0.576616,0.0286604,-1.31541,0.388774,0.0158067,-0.106104,0,0,-0.0362362,0,0,0.563015,-4.06254,2.15638,-0.569656,-2.18747,-0.925143,-2.02824,0,0,-4.92083,0,0,1.72783,3.07393,-3.20409,-9.24486,6.43581,3.48854,0.853785,0.0817422,0.900172,0.0264565,1,0.658345,-0.056972,0.74332,-0.103979,-2.02304,1.31269,-2.09008,-0.242294,-0.408387,-0.451118,0.471397,7.51586,-1.49674
0.998819,0.0363226,-0.0266331,-0.0182431,0.998819,0.0363226,-0.0266331,-0.0182431,0.894327,-0.0382155,0.440387,0.0691287,0.739098,-0.272157,-0.495379,-0.36642,0.727422,0.398851,0.557268,-0.0350312,0.999998,0,0,0.00177796,0.997712,0,0,0.0676081,0.780661,0.0314731,-0.279121,-0.558274,0.815383,-0.304578,0.145485,-0.470338,0.868323,0,0,-0.495999,0.940673,0,0,-0.339315,0.809821,0.199306,0.119531,0.538684,0.560941,-0.211042,-0.145286,0.787209,0.231079,0.158835,0.315992,0.0216117,0.0818086,0.0203249,0.208504,0.305362,0.164878,-0.0282197,0.267505,0.0193921,0.139055,0.606961,0.0389057,-0.0683261,0.625553,0.0543274,0.0295666,0.870671,0.0681364,0.0398267,1.0224,0.0250347,0.0630789,1.19498,-0.03578,0.342249,1.14485,-0.13894,-0.203361,1.36148,-0.0700224,0.544411,1.00455,-0.221013,-0.412592,1.48205,-0.163127,0.0993457,1.40158,-0.0991697,-1.47783,-0.201007,0.00991647,-1.47783,-0.201007,0.00991647,-2.29285,-1.26555,-1.94238,1.56595,-0.0989433,-0.858363,0.488885,0.370738,0.458632,0,0,-0.0801466,0,0,0.384796,-3.70003,3.38606,0.674137,-2.78389,-0.623212,-0.531043,0,0,-4.58012,0,0,0.143172,-2.12047,-6.10632,-0.433338,1.81873,1.83849,-0.645243,0.0590922,0.888649,0.0069248,1,0.561095,-0.054309,0.818316,-0.112172,-2.52524,1.13402,-2.60909,-0.152136,-0.422005,-0.272189,-0.125107,7.27339,-1.3088
0.999144,0.0254668,-0.027963,-0.0167272,0.999144,0.0254668,-0.027963,-0.0167272,0.90046,-0.0574694,0.426165,0.0652063,0.740068,-0.263909,-0.487908,-0.380259,0.727077,0.394217,0.560889,-0.0368318,0.999994,0,0,0.00331755,0.997424,0,0,0.0717352,0.815283,-0.0227202,-0.211477,-0.538586,0.790212,-0.362385,0.148124,-0.471489,0.850823,0,0,-0.525453,0.947276,0,0,-0.320419,0.757918,0.236777,0.140893,0.591308,0.550995,-0.225523,-0.161639,0.78703,0.265733,0.139459,0.224476,0.0287954,0.0682982,-0.0166535,0.198867,0.284912,0.0914625,-0.0220314,0.251652,0.0065956,0.109135,0.586497,0.000933988,-0.0634264,0.608573,0.0679709,0.0299234,0.852566,0.0637129,0.0326673,1.00405,0.0184556,0.0412936,1.17728,-0.044507,0.292199,1.1294,-0.201893,-0.229197,1.33915,-0.0180474,0.472713,0.986624,-0.321554,-0.455397,1.45708,-0.0613004,0.0572083,1.38595,-0.108999,-0.65177,-0.0796426,0.0910969,-0.65177,-0.0796426,0.0910969,-1.19006,-0.941601,-0.252698,0.549419,0.503643,-0.901811,-0.302956,0.244327,-0.119387,0,0,0.0923756,0,0,0.248225,-3.49371,4.55776,1.71813,-3.91437,0.256873,-0.353839,0,0,-2.05578,0,0,1.20101,2.69771,1.54529,4.11116,-1.09053,-1.20388,0.220994,0.0434835,0.870446,-0.00727947,1,0.471986,-0.0604013,0.871819,-0.116245,-2.68404,0.94233,-2.76711,0.0107049,-0.543146,-0.132706,-0.335957,6.21533,-0.613175
0.998866,0.0355342,-0.0287427,-0.0133186,0.998866,0.0355342,-0.0287427,-0.0133186,0.898103,-0.069509,0.427661,0.0754058,0.740942,-0.264399,-0.480721,-0.387304,0.723674,0.403374,0.558064,-0.0463709,0.999966,0,0,0.0082967,0.99769,0,0,0.0679291,0.840907,-0.0822823,-0.147912,-0.51403,0.775905,-0.37427,0.125208,-0.492155,0.857501,0,0,-0.514483,0.962015,0,0,-0.272996,0.663203,0.269365,0.204411,0.667698,0.534391,-0.274164,-0.136745,0.787757,0.273631,0.11058,0.0966108,0.032569,0.0522195,-0.0370027,0.179811,0.266015,0.0106959,-0.00767305,0.236608,-0.00299886,0.0807632,0.578429,-0.0277301,-0.0457153,0.596683,0.0740599,0.0320734,0.842367,0.0575041,0.0282431,0.993564,0.0115029,0.0312628,1.16581,-0.054473,0.250657,1.10478,-0.248395,-0.225887,1.33731,0.0121445,0.401878,0.950883,-0.392377,-0.453035,1.46109,0.00413542,0.044701,1.37353,-0.12146,0.604414,-0.0469561,0.2045,0.604414,-0.0469561,0.2045,-0.750901,0.114778,0.636979,-0.0264888,0.483463,-0.455189,0.640341,-0.138743,-0.63485,0,0,0.298754,0,0,-0.228921,-3.76274,4.15509,1.87551,-0.896183,-1.43695,-1.50382,0,0,0.770594,0,0,2.97998,2.78537,4.64912,6.6174,-3.59032,1.69831,0.44726,0.035994,0.858029,-0.0230207,1,0.392802,-0.0712116,0.910073,-0.111367,-2.77147,0.774133,-2.83309,0.0644998,-0.305956,-0.186263,-0.071234,5.32544,0.0127028
0.998567,0.0439022,-0.0300534,-0.00572354,0.998567,0.0439022,-0.0300534,-0.00572354,0.897948,-0.071877,0.424763,0.0899956,0.739949,-0.266036,-0.475,-0.395063,0.720949,0.406418,0.559475,-0.0452154,0.99999,0,0,0.00444213,0.997909,0,0,0.0646276,0.858386,-0.149302,-0.0932923,-0.481849,0.818147,-0.294279,0.0475227,-0.491708,0.882635,0,0,-0.470059,0.962653,0,0,-0.270739,0.591278,0.266395,0.226513,0.726715,0.534131,-0.27631,-0.154515,0.783889,0.248311,0.0901599,-0.0493417,0.0387438,0.0516675,-0.0378571,0.150318,0.257048,-0.0737712,0.00351986,0.236926,-0.00361772,0.0609919,0.583707,-0.0477158,-0.0260206,0.598001,0.0736652,0.0411175,0.842996,0.0512517,0.0262466,0.993632,0.00580044,0.0184367,1.16524,-0.0612886,0.199699,1.09788,-0.288532,-0.220339,1.34219,0.046895,0.321551,0.937677,-0.45216,-0.442909,1.47081,0.0773941,0.0253294,1.37228,-0.130403,0.502533,-0.0788528,0.455841,0.502533,-0.0788528,0.455841,-0.147354,-0.1786,0.906691,-0.114285,0.364592,-0.520217,0.229686,0.132183,0.0733838,0,0,-0.231279,0,0,-0.198531,-4.18986,3.4998,2.23109,5.48851,-5.09146,0.521881,0,0,3.06283,0,0,0.140712,0.331348,1.95141,5.45445,-0.15558,-1.27145,-0.270244,0.0279785,0.857465,-0.0362938,1,0.303863,-0.0949228,0.942446,-0.102239,-2.83626,0.586368,-2.848,0.271322,0.0188707,-0.187574,-0.224445,5.82622,0.778503
0.998476,0.0444165,-0.0323473,-0.00515324,0.998476,0.0444165,-0.0323473,-0.00515324,0.904307,-0.0729536,0.410904,0.0898074,0.741752,-0.253207,-0.471146,-0.404614,0.723311,0.403031,0.559117,-0.0421456,0.999999,0,0,0.00134335,0.998153,0,0,0.0607499,0.85271,-0.217368,-0.0636426,-0.47073,0.842533,-0.229294,-0.0103922,-0.487292,0.919089,0,0,-0.394051,0.959438,0,0,-0.28192,0.564523,0.183132,0.214897,0.775626,0.542755,-0.261702,-0.140756,0.785568,0.173865,0.0761025,-0.180894,0.0430935,0.0543624,-0.0392434,0.10055,0.250385,-0.150043,0.0109948,0.24043,-0.00420221,0.0442761,0.58869,-0.063617,-0.00726739,0.601074,0.0726635,0.0502477,0.845176,0.042063,0.0233787,0.995496,0.00133153,-0.00155109,1.16684,-0.0621418,0.125837,1.09813,-0.321098,-0.212409,1.34093,0.0967126,0.211964,0.933108,-0.501756,-0.424126,1.46655,0.176949,-0.0132487,1.37391,-0.130484,0.0309526,-0.137756,0.034225,0.0309526,-0.137756,0.034225,-0.0568248,-0.917737,-0.0240754,0.855694,0.274841,-0.610364,-0.248712,-0.0572835,0.206026,0,0,-0.185928,0,0,-0.233116,-4.31621,1.85987,0.640268,4.28295,-3.69631,0.556157,0,0,5.05935,0,0,-0.698089,-5.66853,-0.642922,4.01953,1.1129,1.02051,-0.0858447,0.0136594,0.858493,-0.0450589,1,0.191666,-0.112505,0.970915,-0.0890545,-2.90865,0.359861,-2.86831,0.273907,0.0654005,-0.27566,-0.0394578,7.06272,0.385084
0.998166,0.0509619,-0.0326759,-9.84221e-05,0.998166,0.0509619,-0.0326759,-9.84221e-05,0.906217,-0.0750537,0.40275,0.104545,0.742766,-0.244981,-0.473377,-0.405213,0.723901,0.406047,0.556293,-0.0403804,0.999993,0,0,0.00367336,0.998585,0,0,0.0531789,0.831553,-0.289484,-0.0356175,-0.472704,0.856705,-0.186029,-0.0351914,-0.479804,0.958543,0,0,-0.284949,0.958383,0,0,-0.285484,0.590169,0.147001,0.205239,0.766791,0.550536,-0.225591,-0.115727,0.795378,0.0642467,0.0722853,-0.271472,0.0461416,0.060055,-0.0406452,0.0377367,0.252271,-0.206554,0.0187324,0.246546,-0.00427581,0.0349662,0.598293,-0.078834,0.0116844,0.607807,0.0695293,0.0575272,0.852855,0.0303635,0.0195385,1.00267,-0.00239638,-0.0192932,1.17359,-0.0595838,0.0525515,1.10251,-0.338025,-0.193609,1.34864,0.137458,0.100584,0.935081,-0.530243,-0.384947,1.47421,0.258794,-0.0425381,1.38029,-0.124891,0.393242,-0.0199322,0.303443,0.393242,-0.0199322,0.303443,-0.127089,-0.522086,0.90924,0.547184,-0.134768,-0.0291284,0.193704,-0.195373,0.117508,0,0,0.139801,0,0,-0.455001,-4.69241,1.75207,-0.352733,2.80114,-1.56003,0.628547,0,0,6.96489,0,0,-0.222996,-2.66012,-0.835375,-1.19785,2.62508,1.80994,0.512304,0.000195463,0.864948,-0.0507582,1,0.0850449,-0.133717,0.984971,-0.0686944,-2.98105,0.149721,-2.85966,0.218385,0.230353,-0.350984,0.298144,6.63738,0.806911
0.998004,0.0545629,-0.031537,0.00410477,0.998004,0.0545629,-0.031537,0.00410477,0.904663,-0.0715422,0.403082,0.118287,0.737399,-0.24834,-0.477253,-0.408411,0.724229,0.405794,0.556267,-0.0372925,0.999999,0,0,0.00140217,0.998675,0,0,0.0514636,0.799951,-0.340404,-0.0251025,-0.493532,0.86367,-0.155391,-0.0482983,-0.477069,0.984742,0,0,-0.174021,0.957626,0,0,-0.288014,0.620081,0.0623773,0.201797,0.75557,0.55564,-0.184828,-0.104397,0.803868,-0.0327962,0.0712366,-0.299629,0.0474813,0.0636315,-0.0411469,-0.0165644,0.254255,-0.23434,0.0244205,0.250172,-0.00379808,0.0285305,0.604165,-0.0960734,0.026253,0.612371,0.06403,0.0611138,0.858308,0.0174664,0.0162793,1.00787,-0.00650574,-0.0325851,1.17872,-0.0554868,-0.0141649,1.10713,-0.3429,-0.16515,1.35598,0.169988,-0.00123131,0.940317,-0.541124,-0.329068,1.48386,0.324552,-0.064491,1.38504,-0.117331,0.216371,0.0682757,0.252359,0.216371,0.0682757,0.252359,0.215129,0.0340982,0.855297,-0.254116,-0.318773,-0.26501,-0.0201152,-0.00631897,0.204775,0,0,-0.136272,0,0,-0.103059,-3.49031,0.650379,-1.68896,1.95572,-0.818713,0.247043,0,0,6.84252,0,0,-0.158442,-5.96224,-0.41183,-1.42553,2.92218,0.820336,0.479913,-0.010509,0.869876,-0.0534564,1,-0.0106953,-0.145968,0.987918,-0.0509688,-3.04379,-0.0360196,-2.84997,0.107597,0.163617,-0.386914,0.229427,5.87526,0.396869
0.997848,0.0567806,-0.0327662,0.00119345,0.997848,0.0567806,-0.0327662,0.00119345,0.903921,-0.0649022,0.405576,0.119257,0.735876,-0.256346,-0.475368,-0.40841,0.723137,0.408602,0.555514,-0.0390042,1,0,0,6.13809e-05,0.998778,0,0,0.0494224,0.783378,-0.31597,-0.0452283,-0.533326,0.864043,-0.138015,-0.049194,-0.481624,0.995085,0,0,-0.0990205,0.953473,0,0,-0.30148,0.679023,-0.0032181,0.157622,0.716989,0.550439,-0.154013,-0.105842,0.813692,-0.0872192,0.0619461,-0.289074,0.0466121,0.0687192,-0.0423912,-0.0498007,0.251184,-0.236484,0.0261542,0.254136,-0.00259028,0.0166267,0.606757,-0.110886,0.0351389,0.615877,0.0580705,0.0593404,0.862636,0.00317943,0.0116508,1.01255,-0.0108407,-0.0462169,1.18331,-0.0491134,-0.0883527,1.11116,-0.334341,-0.129856,1.36138,0.198065,-0.117574,0.944783,-0.531197,-0.258616,1.48943,0.382862,-0.0910873,1.38897,-0.105106,0.133328,-0.0739022,-0.174792,0.133328,-0.0739022,-0.174792,0.410525,0.161075,0.0620125,-0.537206,0.106002,-0.0154908,0.197168,-0.0345043,-0.114404,0,0,-0.0804471,0,0,-0.122628,1.44751,-1.31299,-2.77153,1.09384,-0.0559186,-0.282442,0,0,4.54369,0,0,-0.845507,-4.51958,-3.29991,-3.81097,2.15905,-0.118873,0.822667,-0.0216827,0.873375,-0.0524074,1,-0.115988,-0.145121,0.982005,-0.0339628,-3.10757,-0.239955,-2.85226,-0.0532011,0.129825,-0.42861,0.067372,6.40354,-0.331988
0.997916,0.055436,-0.03296,-0.00192702,0.997916,0.055436,-0.03296,-0.00192702,0.90299,-0.0720756,0.409732,0.107399,0.738757,-0.254845,-0.479952,-0.398671,0.722701,0.409217,0.555949,-0.0341427,0.999999,0,0,0.00100054,0.998753,0,0,0.0499177,0.781471,-0.248798,-0.0827627,-0.566174,0.862585,-0.147019,-0.0275477,-0.483295,0.992255,0,0,-0.124219,0.945238,0,0,-0.326383,0.649942,0.0128209,0.188952,0.736008,0.522604,-0.214994,-0.160863,0.809188,-0.0846556,0.0769198,-0.297152,0.0397073,0.0903266,-0.0479942,-0.0577066,0.265098,-0.243786,0.0230852,0.273207,-0.00185638,-0.00135129,0.621725,-0.119578,0.0408923,0.63219,0.0539686,0.0541411,0.879379,-0.0103211,0.00681895,1.03005,-0.0135165,-0.0563375,1.20158,-0.0372016,-0.162661,1.13346,-0.307019,-0.0823893,1.37891,0.222914,-0.239218,0.971371,-0.494517,-0.167089,1.50785,0.431059,-0.11174,1.40841,-0.0781745,-0.0808145,-0.0115897,-0.18736,-0.0808145,-0.0115897,-0.18736,-0.446195,0.265926,-0.732961,0.11733,-0.267518,0.670674,0.0452693,0.0349684,0.321616,0,0,0.0563499,0,0,0.0297559,4.33774,-2.43401,-2.15274,-0.570905,1.36014,-0.12086,0,0,-1.52143,0,0,-1.57382,1.09064,2.25824,1.85528,-4.5117,-4.04269,0.366042,-0.0299935,0.891068,-0.0480087,1,-0.22323,-0.13932,0.964611,-0.016855,-3.17457,-0.450435,-2.84716,-0.15598,0.502277,-0.405015,-0.00160096,6.59028,-0.528972
0.997603,0.0620041,-0.0307359,0.00015552,0.997603,0.0620041,-0.0307359,0.00015552,0.900133,-0.0572089,0.414182,0.122235,0.735778,-0.262823,-0.488128,-0.388955,0.723948,0.401845,0.559675,-0.0344067,0.999968,0,0,0.00795476,0.998534,0,0,0.0541343,0.799141,-0.151669,-0.130215,-0.566934,0.862743,-0.188674,0.0323889,-0.468004,0.988006,0,0,-0.154417,0.941147,0,0,-0.337997,0.64049,0.00401252,0.181596,0.746176,0.490831,-0.288619,-0.193012,0.799081,-0.0879937,0.0960439,-0.304059,0.0202764,0.109897,-0.0574838,-0.0681469,0.283795,-0.24871,0.0173674,0.290944,-0.00507636,-0.0175738,0.640721,-0.12793,0.0529041,0.647599,0.0468317,0.0521402,0.896686,-0.0237451,0.00605605,1.04733,-0.013127,-0.0600338,1.21912,-0.0215008,-0.218605,1.15684,-0.268037,-0.0335078,1.39383,0.240704,-0.335443,1.00312,-0.441251,-0.0740723,1.52094,0.462719,-0.122363,1.42547,-0.0529469,0.394749,0.133341,0.12504,0.394749,0.133341,0.12504,0.918473,0.301645,0.927662,-0.544881,-0.574742,0.610718,-0.501054,0.229164,-0.0164034,0,0,0.417258,0,0,0.253336,6.35717,-3.01961,0.189846,-2.61978,3.77043,0.963608,0,0,-1.82985,0,0,-0.738807,-0.599303,-0.454504,0.885664,-5.57769,-2.5024,0.0713092,-0.0338926,0.908987,-0.0427967,1,-0.313215,-0.142204,0.938845,0.0156468,-3.288,-0.623242,-2.79371,-0.0600274,0.51921,-0.402719,1.14334,5.83729,-0.144245
0.996969,0.0720719,-0.029118,-0.00328809,0.996969,0.0720719,-0.029118,-0.00328809,0.896264,-0.0314498,0.421532,0.134282,0.734845,-0.271541,-0.494211,-0.376861,0.72081,0.405663,0.559932,-0.0484511,0.999934,0,0,0.0114512,0.998952,0,0,0.0457603,0.792367,-0.0662924,-0.184613,-0.577648,0.844651,-0.250798,0.0957298,-0.463143,0.985353,0,0,-0.170528,0.93958,0,0,-0.34233,0.639066,-0.00241615,0.174688,0.749048,0.490272,-0.264886,-0.202407,0.805295,-0.0924848,0.0932502,-0.30907,-0.005752,0.107525,-0.0594637,-0.0776546,0.280425,-0.25053,0.0126746,0.285607,-0.00289285,-0.0325347,0.636252,-0.127576,0.0673763,0.639885,0.0442153,0.0493336,0.891101,-0.0277308,0.00705364,1.04184,-0.00801874,-0.0616563,1.21264,-0.00522843,-0.263776,1.14728,-0.218926,0.00987685,1.3899,0.24683,-0.412969,0.995329,-0.367023,0.0125474,1.51582,0.473291,-0.135898,1.41569,-0.0312389,0.605468,0.0967858,-0.206824,0.605468,0.0967858,-0.206824,1.5965,0.491776,0.759196,-0.580999,-0.412471,0.788315,0.285158,0.0615771,-0.933777,0,0,0.209799,0,0,-0.50307,5.48507,-3.53133,-0.782605,-4.01045,4.02359,0.116581,0,0,-0.979651,0,0,-0.27646,-0.439905,-0.465796,0.225783,1.72402,-0.687971,0.46707,-0.036585,0.903007,-0.0339954,1,-0.397367,-0.134652,0.906982,0.0367636,-3.39116,-0.79079,-2.74221,-0.0841971,-0.167535,-0.119573,0.360027,5.53433,-0.472066
0.997049,0.0708141,-0.0289336,-0.00637331,0.997049,0.0708141,-0.0289336,-0.00637331,0.894521,-0.0244102,0.426408,0.131956,0.732956,-0.276944,-0.50091,-0.36765,0.727717,0.396163,0.557811,-0.0482744,0.999926,0,0,0.0121424,0.998943,0,0,0.0459596,0.775063,-0.0201504,-0.224963,-0.590137,0.825662,-0.292658,0.119553,-0.46727,0.978589,0,0,-0.205823,0.937813,0,0,-0.34714,0.635933,0.0274213,0.191755,0.747039,0.509999,-0.226116,-0.19069,0.807719,-0.0932542,0.090866,-0.307039,-0.027506,0.103697,-0.0486812,-0.0858558,0.275205,-0.240012,0.0113413,0.279892,0.00559119,-0.0444332,0.626663,-0.111321,0.0837559,0.631393,0.0434821,0.0499996,0.882634,-0.0237208,0.0124256,1.03371,0.00209306,-0.054792,1.20443,0.0177489,-0.29885,1.13995,-0.149194,0.0676759,1.38172,0.249174,-0.478981,0.991867,-0.262784,0.118292,1.50612,0.470778,-0.135081,1.40665,0.00674003,-0.0756542,0.0111197,-0.18529,-0.0756542,0.0111197,-0.18529,0.436688,0.319308,-0.139587,-0.369416,-0.465522,0.589901,-0.699153,-0.238251,0.0201634,0,0,0.0414748,0,0,0.011974,2.96923,-2.69733,-1.05115,-2.77782,1.56046,-0.464907,0,0,-2.15634,0,0,-0.307435,2.04483,1.18487,-0.0731148,2.96593,0.97275,-0.327371,-0.0330141,0.895214,-0.0168719,1,-0.48957,-0.126256,0.861719,0.0426813,-3.50596,-0.984445,-2.65369,0.0199817,-0.254003,0.120302,-0.524166,6.17403,-0.0290011
0.997238,0.0674277,-0.0298945,-0.00871333,0.997238,0.0674277,-0.0298945,-0.00871333,0.896075,-0.0261329,0.424326,0.127726,0.731357,-0.277925,-0.508954,-0.358945,0.72811,0.39648,0.556677,-0.0526358,0.999943,0,0,0.010639,0.998693,0,0,0.0511068,0.778139,-0.0174832,-0.23677,-0.581493,0.816283,-0.300513,0.103118,-0.482432,0.952183,0,0,-0.305529,0.938362,0,0,-0.345653,0.647438,0.064029,0.232837,0.72285,0.533113,-0.20102,-0.152092,0.807619,-0.0947733,0.104677,-0.299974,-0.0354667,0.0998877,-0.0393977,-0.0989893,0.280471,-0.211151,0.0164777,0.275981,0.0092185,-0.0541423,0.618665,-0.0774863,0.101305,0.625815,0.0375992,0.0569617,0.876349,-0.0179883,0.0239704,1.0275,0.0132561,-0.0395548,1.19796,0.0421004,-0.315408,1.13386,-0.0676925,0.130048,1.37606,0.240779,-0.517877,0.988653,-0.139822,0.227048,1.50044,0.446288,-0.121239,1.39993,0.0490563,-0.20364,-0.0575989,-0.140506,-0.20364,-0.0575989,-0.140506,-0.106267,-0.143865,-0.267457,-0.0758932,-0.551224,0.560002,0.0170157,-0.0804808,-0.287839,0,0,-0.0902108,0,0,0.309194,0.174524,-0.749247,0.604643,-0.566192,-1.02528,-1.07168,0,0,-6.19139,0,0,0.0950772,2.48888,2.74227,-1.88584,1.95657,2.89687,-0.58449,-0.0229886,0.890184,0.00316542,1,-0.582104,-0.12185,0.802682,0.0448192,-3.7331,-1.17728,-2.43895,0.20886,-0.188568,0.171972,-0.569831,6.55915,0.394383
0.997299,0.0661296,-0.0300408,-0.0109305,0.997299,0.0661296,-0.0300408,-0.0109305,0.897073,-0.028244,0.424033,0.121074,0.729903,-0.283623,-0.513489,-0.350897,0.725504,0.405988,0.552322,-0.0613057,0.999915,0,0,0.0130663,0.99883,0,0,0.0483528,0.806853,-0.0394722,-0.220739,-0.546538,0.818329,-0.258013,0.0530745,-0.510832,0.901251,0,0,-0.433298,0.943995,0,0,-0.329959,0.711033,0.179244,0.178823,0.655993,0.547804,-0.126562,-0.125756,0.81736,-0.114958,0.127848,-0.271638,-0.0260591,0.0886129,-0.0445851,-0.113826,0.291611,-0.151217,0.028949,0.265295,-0.00105391,-0.0556242,0.610503,-0.0279309,0.114469,0.617346,0.025429,0.066718,0.868357,-0.0132507,0.0390197,1.01954,0.022683,-0.0189368,1.18964,0.0631163,-0.312442,1.12551,0.0117523,0.185551,1.36855,0.224279,-0.527473,0.983184,-0.016232,0.321217,1.4919,0.407339,-0.0986949,1.39123,0.0872715,-0.0780425,-0.00874519,-0.133139,-0.0780425,-0.00874519,-0.133139,-0.130632,-0.0274193,-0.416159,-0.386631,-0.31824,0.518509,0.65533,-0.251523,-0.577191,0,0,0.145647,0,0,-0.165441,-1.39948,1.19098,2.64154,2.73092,-3.20369,-1.79236,0,0,-8.2593,0,0,1.0005,7.55902,-3.98571,-5.6644,5.38179,1.93967,0.332592,-0.00900387,0.883618,0.0232289,1,-0.660125,-0.11747,0.740289,0.0490755,-4.21498,-1.30865,-1.9706,0.29269,-0.239751,0.142129,-0.351193,5.98959,0.306882
0.997443,0.0643611,-0.0292537,-0.0104536,0.997443,0.0643611,-0.0292537,-0.0104536,0.895197,-0.0392154,0.427772,0.118725,0.725251,-0.297222,-0.513051,-0.349926,0.725785,0.404646,0.553342,-0.0575343,0.999896,0,0,0.0144169,0.998648,0,0,0.0519765,0.835737,-0.0675895,-0.191697,-0.510125,0.81534,-0.223272,0.0120051,-0.534066,0.860438,0,0,-0.509555,0.951071,0,0,-0.308971,0.704687,0.207846,0.111575,0.669154,0.558381,-0.0512039,-0.101781,0.821724,-0.141915,0.141867,-0.21013,-0.0194269,0.0760276,-0.0492284,-0.115639,0.296173,-0.0798047,0.0380336,0.253821,-0.0122585,-0.0412327,0.603298,0.0190598,0.124026,0.608737,0.0118185,0.0752701,0.860128,-0.00993731,0.0526507,1.01118,0.029952,0.00152059,1.18107,0.0795621,-0.297245,1.1167,0.0844098,0.230367,1.36301,0.199366,-0.515057,0.976661,0.099305,0.394983,1.48981,0.354056,-0.0721881,1.38296,0.116755,-0.106387,0.0473506,0.0286673,-0.106387,0.0473506,0.0286673,-0.683446,0.249802,-0.141128,-0.933318,-0.0314295,0.0229832,-0.0916994,0.0635558,0.249975,0,0,0.0810403,0,0,0.217695,-1.75946,1.99278,2.67952,2.20506,-2.62431,-1.5223,0,0,-5.1911,0,0,1.32895,1.93717,-4.45665,0.985073,5.37247,1.73628,0.0500032,0.00651675,0.876591,0.0411335,1,-0.724773,-0.116379,0.676969,0.0535939,-4.94179,-1.32044,-1.25187,0.256563,-0.246883,0.0994015,-0.111893,5.42194,0.409768
0.997581,0.0631147,-0.0289164,-0.00351752,0.997581,0.0631147,-0.0289164,-0.00351752,0.895408,-0.0490545,0.423024,0.129955,0.723206,-0.300555,-0.515542,-0.347643,0.723333,0.40283,0.558308,-0.0530023,0.999932,0,0,0.0116408,0.998292,0,0,0.0584168,0.870013,-0.0827258,-0.15604,-0.46031,0.822494,-0.199903,-0.0125058,-0.532341,0.84662,0,0,-0.532198,0.953829,0,0,-0.300349,0.673877,0.211398,0.100462,0.700791,0.573374,-0.00652326,-0.0712254,0.816166,-0.154179,0.130856,-0.11581,-0.0213157,0.0656838,-0.0505693,-0.100207,0.289178,-0.00367408,0.0396116,0.245047,-0.0214769,-0.017274,0.59888,0.0542164,0.126865,0.601247,-0.00642237,0.0781483,0.852461,-0.012643,0.0642255,1.0026,0.0341624,0.0242077,1.17223,0.0939004,-0.268884,1.10993,0.156745,0.272018,1.35494,0.166256,-0.481492,0.972515,0.21327,0.461958,1.48441,0.285512,-0.0396887,1.37472,0.14207,-0.0750231,0.0203365,0.416532,-0.0750231,0.0203365,0.416532,-0.611649,-0.297161,0.69775,-0.236121,-0.191576,0.133091,-0.0951698,0.363289,0.296578,0,0,-0.166577,0,0,0.387005,-0.897337,2.38574,3.52068,1.52867,-1.56636,0.19901,0,0,-1.59161,0,0,0.54314,0.40747,-0.660228,2.67577,3.16451,2.19368,-0.754814,0.0236286,0.868895,0.0559798,1,-0.7864,-0.120802,0.60117,0.0746721,-5.43765,-1.18761,-0.779067,0.0863458,-0.229998,-0.0811708,0.863371,5.94228,-0.00950712
0.997396,0.0652646,-0.0306734,-0.000645535,0.997396,0.0652646,-0.0306734,-0.000645535,0.898286,-0.0505738,0.413791,0.138927,0.724184,-0.285079,-0.524589,-0.3451,0.722718,0.402795,0.559384,-0.0502499,0.999946,0,0,0.0103477,0.998519,0,0,0.0544024,0.894117,-0.0914933,-0.122236,-0.421,0.834147,-0.153346,-0.0414863,-0.528169,0.864607,0,0,-0.50245,0.955406,0,0,-0.295294,0.644583,0.201503,0.126426,0.726585,0.589529,0.0485693,-0.0503104,0.804714,-0.137171,0.101591,0.00183148,-0.0245356,0.0548525,-0.0512158,-0.0667793,0.273236,0.0730564,0.0376419,0.23641,-0.0295319,0.0109846,0.596651,0.0805713,0.120848,0.594454,-0.0229058,0.075645,0.846214,-0.0134795,0.0750233,0.995414,0.0380914,0.0509708,1.16422,0.107811,-0.222724,1.10215,0.229907,0.309809,1.34503,0.127085,-0.420761,0.964254,0.325028,0.522034,1.47251,0.203242,0.000254437,1.36628,0.170118,0.129335,-0.105623,0.172456,0.129335,-0.105623,0.172456,-0.0913067,-0.600067,0.549173,1.03204,-0.586169,0.176965,0.00398133,0.0799784,0.1815,0,0,-0.0775924,0,0,-0.241246,-0.501493,2.18587,2.69009,3.01262,-1.83846,0.408352,0,0,2.08588,0,0,0.317709,-0.508964,1.85269,2.31503,3.85115,1.49433,-1.18336,0.0433088,0.860692,0.0703892,1,-0.848465,-0.115542,0.506505,0.101046,-5.70789,-0.990232,-0.553898,-0.0750999,-0.187422,-0.0250941,0.678907,6.93576,-0.470994
0.997399,0.0649991,-0.0310967,0.00153958,0.997399,0.0649991,-0.0310967,0.00153958,0.899665,-0.0502895,0.408764,0.144864,0.722945,-0.27709,-0.529147,-0.34724,0.726209,0.402574,0.55531,-0.0467473,0.999977,0,0,0.00680177,0.99871,0,0,0.0507858,0.902112,-0.123078,-0.09073,-0.403503,0.838567,-0.11682,-0.0610609,-0.528611,0.907078,0,0,-0.420964,0.955995,0,0,-0.293383,0.635056,0.121072,0.147595,0.748506,0.605601,0.100176,-0.0402517,0.788411,-0.0779839,0.0730354,0.128192,-0.0296523,0.0525986,-0.0477897,-0.0145471,0.258519,0.145366,0.0344981,0.235988,-0.0330533,0.0411136,0.599807,0.0977891,0.113749,0.595222,-0.0327101,0.0739792,0.847432,-0.00891676,0.0862308,0.996092,0.0427711,0.0795127,1.16459,0.116934,-0.160928,1.10265,0.295558,0.337107,1.34374,0.0794251,-0.335338,0.964012,0.428397,0.562105,1.46893,0.10806,0.0443678,1.36652,0.189,-0.0159422,-0.0254143,0.131221,-0.0159422,-0.0254143,0.131221,0.019166,-0.324527,0.364483,0.520234,-0.318374,-0.152599,-0.0502071,-0.318951,0.236165,0,0,-0.212762,0,0,-0.217299,-1.94352,1.97584,1.15869,2.33322,-1.23786,0.0254481,0,0,5.51533,0,0,0.120009,-5.4619,1.48446,1.693,3.55854,0.721089,-1.50139,0.0660241,0.859747,0.0828899,1,-0.89996,-0.106318,0.405515,0.119692,-5.86469,-0.781638,-0.438984,-0.049972,0.0365594,0.136882,0.353178,6.90664,-0.217695
0.997576,0.062552,-0.0304176,0.00216552,0.997576,0.062552,-0.0304176,0.00216552,0.898855,-0.0492572,0.410675,0.144844,0.722224,-0.274957,-0.530378,-0.348554,0.726269,0.409854,0.550104,-0.044018,0.999984,0,0,0.00557261,0.998822,0,0,0.0485341,0.89251,-0.184261,-0.0555377,-0.407908,0.834802,-0.122734,-0.0513388,-0.534235,0.955827,0,0,-0.293929,0.95397,0,0,-0.299901,0.650812,0.0263583,0.172226,0.738977,0.615521,0.103223,-0.0342333,0.780581,0.0308141,0.0535743,0.234275,-0.0418833,0.0571838,-0.032369,0.0577907,0.246843,0.203502,0.0274264,0.240083,-0.0272881,0.0677156,0.601725,0.107361,0.108625,0.597965,-0.0364753,0.0749465,0.850432,-0.00025546,0.0976906,0.998903,0.0484113,0.107107,1.1674,0.122355,-0.0898127,1.10587,0.348065,0.351099,1.34617,0.0323822,-0.232767,0.967239,0.514292,0.57759,1.47087,0.0156148,0.0884395,1.3694,0.200184,-0.147178,0.0408895,0.0375815,-0.147178,0.0408895,0.0375815,0.0632329,0.125829,0.00130376,0.136278,-0.0912705,-0.0934276,0.480942,-0.345255,0.180624,0,0,-0.073751,0,0,-0.135266,-3.83416,2.17165,-0.358516,-0.385849,0.61246,-0.40295,0,0,8.17037,0,0,-0.409561,-6.50526,1.61454,-0.97202,0.182495,0.427196,-0.762086,0.09023,0.861287,0.0933137,1,-0.937568,-0.0966671,0.307572,0.130463,-5.9643,-0.584182,-0.373158,0.0290183,0.0900031,0.259839,0.204801,6.35359,0.0785394
0.997789,0.059601,-0.0293985,-7.86021e-06,0.997789,0.059601,-0.0293985,-7.86021e-06,0.894797,-0.0548498,0.4205,0.139675,0.722351,-0.28031,-0.529305,-0.345645,0.724394,0.418467,0.545987,-0.0451209,0.999992,0,0,0.00410618,0.998903,0,0,0.0468202,0.866199,-0.254546,-0.0257512,-0.429235,0.821925,-0.16029,-0.0197291,-0.546221,0.988665,0,0,-0.150138,0.948512,0,0,-0.31674,0.692762,-0.0598537,0.173545,0.69741,0.613513,0.0613329,-0.055741,0.785324,0.164868,0.0481083,0.286185,-0.0584713,0.0657854,0.000274381,0.138993,0.241144,0.235018,0.0188336,0.244654,-0.0099142,0.0895319,0.599377,0.116879,0.106696,0.598031,-0.0349111,0.0803396,0.850871,0.0113478,0.110332,0.999667,0.0549211,0.133195,1.16842,0.125324,-0.0143299,1.10807,0.386696,0.354702,1.34733,-0.00997207,-0.120075,0.97114,0.579974,0.574066,1.47201,-0.0689266,0.130698,1.37094,0.204268,-0.17746,0.06132,-0.130508,-0.17746,0.06132,-0.130508,-0.352197,0.647377,-0.308677,-0.353808,0.0728016,0.193869,0.589678,-0.246438,-0.075102,0,0,-0.0879866,0,0,-0.102954,-4.52294,1.83915,-1.57703,-2.4339,2.00258,-0.923938,0,0,8.85763,0,0,-1.06209,-5.80695,-0.103993,-3.6111,-2.89146,-1.48949,0.372166,0.114958,0.861788,0.101467,1,-0.963318,-0.0863869,0.216719,0.132623,-6.03701,-0.40566,-0.3245,0.161792,0.0131596,0.348097,0.0234074,5.68761,0.417966
0.997822,0.0588235,-0.0298243,-0.00103532,0.997822,0.0588235,-0.0298243,-0.00103532,0.891148,-0.0583414,0.428096,0.138513,0.721864,-0.290794,-0.527706,-0.340409,0.723781,0.424716,0.542103,-0.0433622,0.999974,0,0,0.00715304,0.999066,0,0,0.0432164,0.849038,-0.262519,-0.0344487,-0.4572,0.804908,-0.202431,0.0291486,-0.557041,0.997706,0,0,-0.0677003,0.940988,0,0,-0.33844,0.734958,-0.102635,0.209353,0.636769,0.594351,-0.0465233,-0.130833,0.792127,0.244846,0.045198,0.294489,-0.067862,0.0750147,0.0519184,0.191212,0.237976,0.249297,0.013741,0.247141,0.0196667,0.109832,0.595418,0.135257,0.105503,0.59422,-0.0275767,0.0901234,0.848626,0.0273436,0.12678,0.998145,0.0625708,0.161985,1.16788,0.125116,0.0703925,1.1124,0.412651,0.352742,1.3456,-0.0514803,0.00885567,0.981307,0.627855,0.556985,1.46987,-0.151514,0.174145,1.37154,0.200117,-0.0467198,-0.0255452,-0.0616921,-0.0467198,-0.0255452,-0.0616921,-0.221814,0.50655,-0.0612121,-0.698155,0.0994411,0.342675,0.420313,-0.2487,0.115752,0,0,0.182815,0,0,-0.216446,-0.602376,-0.559753,-1.93358,-2.7707,3.13177,-0.912418,0,0,4.97732,0,0,-1.37808,-2.75614,2.17363,-4.75153,-7.48511,-5.26494,0.902236,0.139009,0.860889,0.108913,1,-0.980988,-0.0683827,0.121459,0.135033,-6.11118,-0.221642,-0.292768,0.293516,-0.0673473,0.479874,-0.343404,5.90104,0.261332
0.997457,0.0679595,-0.0214301,-0.00157289,0.997457,0.0679595,-0.0214301,-0.00157289,0.889062,-0.0171076,0.440913,0.12195,0.740058,-0.319672,-0.499364,-0.317428,0.725286,0.416513,0.546547,-0.0419982,0.999978,0,0,0.00661861,0.999305,0,0,0.0372631,0.841911,-0.181002,-0.142691,-0.487917,0.844637,-0.122744,0.00105551,-0.521078,0.997276,0,0,-0.073756,0.946414,0,0,-0.322957,0.763392,-0.0169963,0.19383,0.615933,0.565325,-0.154263,-0.164227,0.793499,0.230179,0.0504344,0.347177,0.0199507,0.0617015,0.0189338,0.186218,0.244662,0.291984,0.0742101,0.244429,-0.000254677,0.123433,0.601811,0.166414,0.120454,0.604915,-0.0235456,0.0996174,0.856189,0.0470578,0.142529,1.00501,0.0774164,0.189906,1.17211,0.13871,0.183366,1.09945,0.436464,0.330052,1.36461,-0.0679082,0.200941,0.957301,0.65273,0.500363,1.49991,-0.208912,0.222175,1.36883,0.227352,0.549055,0.503856,-0.0322892,0.549055,0.503856,-0.0322892,2.56712,0.818374,-1.02594,-1.76717,2.10696,1.66838,-0.559097,0.273401,0.0919205,0,0,-0.0320666,0,0,-0.35749,5.12369,-6.86559,-2.0208,5.23157,-1.80551,2.78951,0,0,-0.364252,0,0,0.984421,5.65855,-1.16011,-1.80769,-7.64082,-2.46672,0.766578,0.165466,0.865522,0.122295,1,-0.988149,-0.0615808,0.0124635,0.140052,-6.15766,-0.00738255,-0.282053,0.28482,0.22688,0.591425,0.490908,6.55641,0.160556
