0.995247,-0.0452651,-0.02573,-0.0822927,0.995247,-0.0452651,-0.02573,-0.0822927,0.911843,-0.260465,0.307129,0.0798299,0.765721,-0.483164,-0.152785,0.396081,0.44606,0.548619,0.701871,-0.0861654,0.91947,0,0,0.393161,0.996097,0,0,0.0882702,0.751386,0.281196,-0.247233,-0.543344,0.906093,-0.191248,0.0803154,-0.36874,0.903253,0,0,-0.429109,0.966738,0,0,-0.255771,0.748505,-0.141803,0.293524,0.577474,0.722018,-0.0982914,-0.203036,0.654068,-0.303537,0.209918,-0.320069,0.093263,0.0562057,-0.190485,-0.205671,0.313055,-0.170307,0.0907312,0.258966,-0.176516,-0.0665604,0.580515,0.0026879,0.0477484,0.62454,-0.122711,0,0.847236,0,0.0781512,0.978621,0.037908,0.19773,1.11555,0.065017,0.370137,1.16736,0.232877,0.344042,1.24685,-0.183208,0.585289,1.23019,0.150869,0.506539,1.37399,-0.338766,0.327508,1.2819,0.0476223,0,0,0,0,0,0,0,0,0,0,0,0,0,0,0,0,0,0,0,0,0,0,0,0,0,0,0,0,0,0,0,0,0,0,0,0,0,0,0,0.113886,0.854358,-0.0250096,1,0.964699,0.139504,-0.0319687,-0.22107,0.287226,-5.21561e-11,-0.45054,0,0,0,0,0,0
0.993493,-0.0617926,-0.0243398,-0.092529,0.993493,-0.0617926,-0.0243398,-0.092529,0.929812,-0.248125,0.261246,0.075056,0.785544,-0.504415,-0.0244538,0.357616,0.470517,0.519692,0.704744,-0.108952,0.929184,0,0,0.369618,0.997017,0,0,0.0771805,0.778228,0.322393,-0.223724,-0.490277,0.919568,-0.240438,0.0596121,-0.305008,0.890841,0,0,-0.454316,0.939218,0,0,-0.34332,0.740996,-0.251941,0.299689,0.545561,0.638598,-0.125096,-0.198477,0.732905,-0.240396,0.201968,-0.431052,0.0884889,0.0456657,-0.187378,-0.161475,0.289743,-0.25927,0.0996457,0.242152,-0.188564,-0.0590282,0.545861,-0.0557363,0.0558354,0.59968,-0.158933,-0.00777002,0.811427,-0.0407409,0.0773917,0.936364,0.00233613,0.20771,1.06285,0.028473,0.382453,1.07327,0.164349,0.348843,1.17917,-0.232645,0.589249,1.08053,0.0404777,0.501132,1.28858,-0.41077,0.353983,1.21558,0.00786802,-0.995404,0.0826869,-0.618414,-0.995404,0.0826869,-0.618414,0.858057,-2.93703,-0.323933,-1.14313,8.37559,-2.67841,-2.56996,-0.356698,-1.60507,0,0,-1.52813,0,0,-0.667672,2.48813,1.68717,3.79872,-2.97781,-1.29986,4.03655,0,0,-1.68588,0,0,-5.50831,-7.27183,0.460349,-1.99154,-2.05183,-0.135354,6.83921,0.122899,0.808685,-0.0712727,1,0.955047,0.164456,-0.0383631,-0.243656,0.339303,0.0068644,-0.498416,-0.233101,-1.07429,-1.22223,1.4839,-0.530676,-1.44129
0.991978,-0.0674915,-0.0243536,-0.104077,0.991978,-0.0674915,-0.0243536,-0.104077,0.944528,-0.225476,0.226842,0.0746275,0.822303,-0.488995,0.106504,0.270849,0.525412,0.488209,0.686862,-0.117537,0.945203,0,0,0.326484,0.997846,0,0,0.0656005,0.786831,0.381477,-0.19138,-0.445809,0.93212,-0.26342,0.0410076,-0.245114,0.893264,0,0,-0.449532,0.906356,0,0,-0.422515,0.715291,-0.301694,0.312171,0.547621,0.593383,-0.145048,-0.184026,0.770059,-0.167714,0.203932,-0.51865,0.0845569,0.0545824,-0.18808,-0.11266,0.283833,-0.334672,0.107849,0.246221,-0.201682,-0.0492871,0.531839,-0.105249,0.0602427,0.591547,-0.190312,-0.0162744,0.79247,-0.0755643,0.0749035,0.912878,-0.032779,0.213804,1.03029,-0.0107829,0.374514,0.997242,0.0978468,0.345229,1.12777,-0.286548,0.556156,0.942178,-0.0575293,0.484869,1.2093,-0.488674,0.372701,1.17123,-0.0341137,-0.344738,-0.00157647,-0.697563,-0.344738,-0.00157647,-0.697563,1.46149,-2.18416,-0.0494466,1.42154,8.37991,-5.84815,-3.16378,-2.50983,-0.426411,0,0,-2.761,0,0,-0.696581,3.75388,2.13771,2.97683,-1.34684,-1.15813,3.75859,0,0,0.321757,0,0,-5.1461,-3.46883,1.02383,0.491042,-1.55036,0.755524,3.52238,0.128231,0.781205,-0.114858,1,0.94991,0.171928,-0.0263555,-0.259648,0.347533,0.0392206,-0.526758,-0.25513,-0.568697,-1.0447,0.691216,0.724879,-0.855876
0.989127,-0.0740872,-0.0236653,-0.124815,0.989127,-0.0740872,-0.0236653,-0.124815,0.949249,-0.207741,0.222266,0.0798043,0.867609,-0.435561,0.202614,0.128408,0.595836,0.442299,0.660636,-0.113626,0.960362,0,0,0.278758,0.998484,0,0,0.0550471,0.785909,0.426351,-0.166633,-0.415698,0.933688,-0.291003,0.0349345,-0.205728,0.905461,0,0,-0.42443,0.881799,0,0,-0.471625,0.707068,-0.251678,0.312439,0.582318,0.572862,-0.153731,-0.176569,0.785506,-0.0982628,0.190318,-0.58056,0.0829488,0.0582567,-0.191048,-0.0696259,0.273562,-0.394459,0.113664,0.246118,-0.216714,-0.042564,0.520381,-0.150015,0.0634765,0.581668,-0.222438,-0.0222871,0.775709,-0.111529,0.073782,0.891717,-0.0689521,0.22214,0.996753,-0.0507582,0.349772,0.920836,0.0478939,0.346683,1.06498,-0.339067,0.485009,0.789342,-0.114948,0.472948,1.10639,-0.561393,0.394697,1.12138,-0.0766889,-0.401057,0.0400511,-1.2548,-0.401057,0.0400511,-1.2548,1.1047,-0.301686,0.30862,3.85963,5.92557,-9.22403,-4.21999,-3.26432,0.518377,0,0,-3.00485,0,0,-0.634366,2.91114,1.59658,1.93791,-1.68388,-0.374016,2.4249,0,0,1.67451,0,0,-3.29486,3.26965,0.0836663,2.42787,-0.697124,0.414845,1.54527,0.132407,0.751446,-0.155283,1,0.946387,0.175397,-0.0285927,-0.26976,0.355116,0.040522,-0.548084,-0.180384,-0.502832,-1.07895,0.215231,-0.0828133,-0.648851
0.987984,-0.0767815,-0.022771,-0.132191,0.987984,-0.0767815,-0.022771,-0.132191,0.946291,-0.218288,0.22806,0.069805,0.883736,-0.398171,0.244361,-0.0275292,0.649355,0.393669,0.635298,-0.140566,0.980295,0,0,0.197539,0.99831,0,0,0.0581126,0.783237,0.439844,-0.14496,-0.414806,0.92795,-0.316968,0.0424546,-0.191412,0.923188,0,0,-0.384349,0.872224,0,0,-0.489107,0.696557,-0.136847,0.318375,0.628266,0.546128,-0.165611,-0.178066,0.80163,-0.0512913,0.169899,-0.614715,0.0812761,0.0644219,-0.193757,-0.0440807,0.266187,-0.436951,0.115632,0.248194,-0.228574,-0.0425282,0.521798,-0.190244,0.0663737,0.5794,-0.251708,-0.0263426,0.773575,-0.148264,0.0700282,0.888151,-0.103236,0.221188,0.987929,-0.0810553,0.304759,0.890662,0.0290629,0.346206,1.03026,-0.373499,0.381206,0.691657,-0.109626,0.459799,1.03536,-0.606165,0.399935,1.10334,-0.104926,-0.164019,0.0533306,-0.447224,-0.164019,0.0533306,-0.447224,-0.657225,0.367773,-0.606012,2.49025,2.53422,-9.78247,-3.97621,-2.71469,-1.66672,0,0,-5.0192,0,0,0.184229,0.901018,1.39265,0.0310648,-1.63174,0.466604,0.855247,0,0,2.62983,0,0,-1.19598,7.6156,0.482243,3.23306,-0.96718,-0.246865,1.77131,0.129442,0.740092,-0.185938,1,0.944782,0.173701,-0.0570351,-0.27196,0.367489,-0.0132927,-0.563024,-0.121663,-0.0640124,-1.10204,-0.536086,-1.56742,-0.453149
0.987708,-0.0773204,-0.0223577,-0.133992,0.987708,-0.0773204,-0.0223577,-0.133992,0.938845,-0.235034,0.244559,0.0593292,0.858309,-0.426167,0.228473,-0.171721,0.676257,0.342023,0.616066,-0.214846,0.994871,0,0,0.101149,0.997243,0,0,0.0742067,0.792668,0.408673,-0.124101,-0.435043,0.92439,-0.330663,0.0526578,-0.182733,0.927421,0,0,-0.37402,0.868952,0,0,-0.494896,0.707924,-0.07411,0.266871,0.649716,0.524532,-0.197276,-0.19989,0.803736,-0.0452132,0.14834,-0.63964,0.0821521,0.0678424,-0.195812,-0.0418712,0.256662,-0.468672,0.12048,0.248327,-0.236212,-0.0481198,0.522185,-0.230298,0.0742007,0.576744,-0.278832,-0.0291008,0.773896,-0.191132,0.0636846,0.888946,-0.140311,0.213564,0.987066,-0.105861,0.246115,0.883058,0.0339257,0.3469,1.00473,-0.394391,0.253092,0.637905,-0.0464237,0.446641,0.977016,-0.631465,0.395892,1.09734,-0.117809,-0.032897,0.0247726,-0.109209,-0.032897,0.0247726,-0.109209,-1.05979,1.04617,-0.630792,-1.98917,-0.862762,-9.10035,-3.76787,-1.75616,-4.90858,0,0,-5.85147,0,0,0.967778,-2.1105,1.37861,-1.21219,-0.867014,0.631312,0.51979,0,0,0.669715,0,0,-0.398975,4.21992,-3.52494,1.2443,-2.38219,-1.68389,0.679003,0.121209,0.734231,-0.210871,1,0.941693,0.169435,-0.115201,-0.266897,0.393788,-0.126865,-0.577699,-0.0827459,0.00963465,-1.28604,-1.17674,-3.29287,-0.384481
0.98785,-0.0785156,-0.0234353,-0.132052,0.98785,-0.0785156,-0.0234353,-0.132052,0.931516,-0.256091,0.254326,0.0448748,0.812474,-0.469597,0.160551,-0.305921,0.684449,0.276649,0.603591,-0.30112,0.998992,0,0,0.0448835,0.997102,0,0,0.0760806,0.795347,0.370116,-0.0966729,-0.470204,0.922465,-0.334175,0.0800338,-0.176012,0.926667,0,0,-0.375883,0.873305,0,0,-0.487173,0.681428,-0.0793968,0.212691,0.695784,0.50578,-0.244549,-0.226277,0.795727,-0.0492142,0.137843,-0.661085,0.0838889,0.0685246,-0.195461,-0.0485689,0.253573,-0.497267,0.124567,0.24722,-0.238291,-0.057886,0.527261,-0.268871,0.0829963,0.574909,-0.30018,-0.0307025,0.778643,-0.23438,0.0563414,0.895823,-0.178446,0.201601,0.994532,-0.128995,0.174787,0.905534,0.0511367,0.349755,0.980681,-0.404055,0.112554,0.653991,0.0537534,0.433565,0.920508,-0.64124,0.386418,1.09922,-0.125268,-0.0717812,-0.0648571,0.117233,-0.0717812,-0.0648571,0.117233,-1.3294,0.637566,-0.878455,-3.23019,-4.11055,-8.77699,-4.46932,-0.972008,-5.75396,0,0,-3.38543,0,0,0.112749,-2.5115,1.77592,-2.23875,-0.229884,1.68853,0.40652,0,0,-0.12055,0,0,0.531893,-0.407027,-3.46274,3.54948,-3.53627,-2.02631,-0.110421,0.110003,0.736013,-0.231671,1,0.932427,0.153078,-0.199651,-0.259395,0.419047,-0.297263,-0.606325,-0.0480519,0.142397,-1.29744,-2.23706,-4.65574,-0.696956
0.988692,-0.0828297,-0.0250104,-0.122485,0.988692,-0.0828297,-0.0250104,-0.122485,0.9251,-0.278656,0.256144,0.0305076,0.784992,-0.465431,0.0105115,-0.408719,0.684936,0.178514,0.607839,-0.359899,0.998755,0,0,0.0498761,0.997798,0,0,0.0663187,0.77876,0.350923,-0.0739982,-0.514694,0.920218,-0.32677,0.1265,-0.174406,0.93386,0,0,-0.357639,0.884996,0,0,-0.4656,0.661653,-0.0675557,0.184011,0.723734,0.495015,-0.292449,-0.255598,0.777241,-0.0372401,0.125484,-0.677093,0.084948,0.0639196,-0.193767,-0.0495856,0.251184,-0.523405,0.124673,0.243036,-0.23619,-0.0714785,0.536201,-0.305636,0.0881305,0.572754,-0.313207,-0.0335827,0.785647,-0.272985,0.045831,0.907001,-0.214275,0.18215,1.01112,-0.151639,0.0950492,0.968186,0.0662081,0.347757,0.960217,-0.401398,-0.0206232,0.754928,0.157109,0.417924,0.867316,-0.63257,0.365985,1.11331,-0.132274,-0.25849,-0.094465,0.578435,-0.25849,-0.094465,0.578435,-1.4236,0.146503,-0.878117,-0.0361687,-9.60418,-6.85104,-6.60021,0.27782,-3.94726,0,0,0.299893,0,0,-0.587208,-1.09784,1.43223,-3.07225,0.440458,2.86838,0.0905786,0,0,1.17663,0,0,1.47229,0.761478,-1.83362,2.26255,-3.56609,-2.20896,-1.0733,0.0953829,0.745316,-0.248963,1,0.911472,0.126678,-0.302372,-0.24848,0.452035,-0.510087,-0.652054,-0.0864053,0.210128,-1.15814,-3.01991,-5.6984,-0.977131
0.988663,-0.0953561,-0.0293341,-0.112211,0.988663,-0.0953561,-0.0293341,-0.112211,0.924771,-0.295162,0.23961,0.0162959,0.750406,-0.474001,-0.156761,-0.433174,0.671614,0.0756769,0.619414,-0.399418,0.997715,0,0,0.0675644,0.998605,0,0,0.052806,0.74851,0.345464,-0.0742652,-0.561134,0.914915,-0.31081,0.181809,-0.182411,0.943099,0,0,-0.332513,0.901792,0,0,-0.432171,0.660013,-0.0480596,0.178606,0.72813,0.493471,-0.330466,-0.291294,0.74995,-0.0149426,0.107874,-0.68697,0.0848011,0.0513174,-0.193089,-0.0461239,0.244636,-0.546342,0.120491,0.232446,-0.233017,-0.0863445,0.54226,-0.342611,0.0893297,0.567024,-0.319679,-0.0363003,0.789748,-0.307655,0.0348405,0.915499,-0.24757,0.161672,1.02495,-0.174847,0.0231485,1.05584,0.0553035,0.341394,0.931141,-0.386433,-0.135733,0.923647,0.211079,0.398403,0.803053,-0.604253,0.345285,1.12074,-0.138669,-0.754483,-0.260423,0.618742,-0.754483,-0.260423,0.618742,-1.01788,-1.01588,-0.874532,-0.953932,-10.9559,-1.94736,-6.88601,0.996416,-2.79727,0,0,1.06315,0,0,-0.812207,-0.098485,-0.0722485,-3.42702,0.948689,3.43039,-0.514186,0,0,1.60633,0,0,2.24479,1.32048,-0.358829,0.330328,-2.78043,-2.60977,-1.94742,0.0807155,0.753584,-0.265837,1,0.873657,0.100043,-0.415161,-0.233146,0.525512,-0.746081,-0.731333,-0.081528,0.123026,-1.04012,-3.13682,-6.59035,-1.06836
0.98852,-0.110725,-0.0355252,-0.0964691,0.98852,-0.110725,-0.0355252,-0.0964691,0.923858,-0.31372,0.218982,0.0105969,0.711748,-0.511851,-0.295093,-0.379926,0.647128,-0.0140422,0.62298,-0.439231,0.998053,0,0,0.0623749,0.998484,0,0,0.0550486,0.715457,0.33129,-0.091335,-0.608297,0.901675,-0.292347,0.240185,-0.209347,0.951111,0,0,-0.308848,0.920301,0,0,-0.391211,0.666634,-0.032055,0.198183,0.71784,0.500383,-0.359891,-0.30918,0.724226,0.0125828,0.121823,-0.688127,0.0847755,0.0684915,-0.191824,-0.0370732,0.269304,-0.564131,0.114092,0.252817,-0.227664,-0.0955717,0.579336,-0.378633,0.088541,0.594048,-0.318905,-0.0365249,0.826188,-0.336785,0.0235513,0.957887,-0.27734,0.137592,1.0761,-0.19748,-0.0331512,1.18812,0.0129414,0.326212,0.943555,-0.356402,-0.211737,1.15713,0.197806,0.375088,0.780135,-0.551315,0.316372,1.16967,-0.143115,-0.925931,-0.372977,0.947803,-0.925931,-0.372977,0.947803,-1.14838,-1.26548,-0.350578,-2.97951,-9.35501,3.12048,-6.07182,0.65195,-2.98006,0,0,-0.312029,0,0,0.134749,-0.654232,-1.19571,-3.59977,1.05687,3.67392,-1.72337,0,0,1.49911,0,0,2.69713,1.09214,1.29377,-0.826067,-2.06198,-1.23351,-2.03057,0.0669751,0.79759,-0.281673,1,0.818022,0.0770208,-0.531537,-0.205855,0.683886,-0.993439,-0.874237,-0.0067372,1.0932,-0.873874,-3.19017,-7.34996,-0.621593
0.988228,-0.124518,-0.0415109,-0.0785943,0.988228,-0.124518,-0.0415109,-0.0785943,0.92871,-0.318311,0.19001,0.00846498,0.655742,-0.557533,-0.418412,-0.289985,0.625749,-0.087996,0.615259,-0.47133,0.99745,0,0,0.0713654,0.997839,0,0,0.0657058,0.685075,0.296611,-0.114708,-0.65539,0.889766,-0.245466,0.277468,-0.266599,0.957841,0,0,-0.2873,0.938528,0,0,-0.345204,0.672756,-0.024262,0.21343,0.707996,0.547085,-0.289452,-0.282228,0.732982,0.0354305,0.142282,-0.681757,0.0844088,0.0925058,-0.187586,-0.0262247,0.299791,-0.576242,0.104781,0.280653,-0.218362,-0.0974062,0.621232,-0.410527,0.0828191,0.629656,-0.308617,-0.0341908,0.86939,-0.359425,0.0132964,1.00825,-0.305142,0.112353,1.13782,-0.22296,-0.0695154,1.32919,-0.0627226,0.30189,0.975814,-0.317755,-0.241809,1.40581,0.114457,0.34652,0.778738,-0.479523,0.280952,1.23545,-0.148247,-0.831517,-0.360765,1.07615,-0.831517,-0.360765,1.07615,-0.249888,-1.80338,-0.132136,-3.86105,-8.82067,5.55563,-5.09787,-0.164483,-2.46776,0,0,0.540638,0,0,0.640609,-2.07011,-1.64299,-3.64445,2.84514,2.3853,-3.62152,0,0,1.35447,0,0,2.96945,0.531588,0.997402,-0.782146,5.5268,2.36178,-0.421111,0.0546292,0.851088,-0.297255,1,0.747215,0.0539647,-0.641587,-0.164693,1.04122,-1.22567,-1.20034,0.0700209,1.29605,-0.679206,-3.48768,-7.58949,-0.098451
0.988931,-0.128853,-0.0462259,-0.0572362,0.988931,-0.128853,-0.0462259,-0.0572362,0.9416,-0.309332,0.132882,0.0067202,0.610193,-0.562404,-0.532211,-0.167686,0.620718,-0.140987,0.596543,-0.488843,0.997155,0,0,0.0753723,0.998388,0,0,0.0567524,0.653502,0.254581,-0.147107,-0.697483,0.876068,-0.169863,0.279004,-0.354695,0.963677,0,0,-0.26707,0.954023,0,0,-0.299734,0.674197,-0.0146137,0.231102,0.70131,0.566806,-0.24144,-0.292716,0.73127,0.059952,0.150372,-0.667709,0.0772515,0.107254,-0.179662,-0.00992573,0.316466,-0.582466,0.0876929,0.29716,-0.206312,-0.0923074,0.647784,-0.437708,0.0680399,0.65327,-0.293325,-0.0302037,0.898648,-0.376574,0.00505692,1.04483,-0.332803,0.0864379,1.18882,-0.254961,-0.0874723,1.44047,-0.175646,0.270283,1.01119,-0.272782,-0.232654,1.61129,-0.0466087,0.313412,0.78299,-0.38741,0.236005,1.30094,-0.160808,-0.259305,-0.283362,1.28735,-0.259305,-0.283362,1.28735,0.636029,-3.54763,-0.109074,-1.0393,-8.40825,8.10503,-3.66671,-1.20427,-1.27392,0,0,0.241069,0,0,-0.538218,-2.61056,-2.30171,-3.41703,4.65928,0.179877,-5.59599,0,0,1.26334,0,0,2.88249,0.652231,1.18479,-0.478431,3.55555,-0.573539,-0.551739,0.0429396,0.892289,-0.314924,1,0.660344,0.028051,-0.741612,-0.11476,2.02639,-1.33789,-2.14993,0.119614,0.877741,-0.514489,-3.80426,-7.76098,0.0590263
0.990958,-0.118989,-0.0485283,-0.0385976,0.990958,-0.118989,-0.0485283,-0.0385976,0.961291,-0.268489,0.0607738,0.0118384,0.588473,-0.518206,-0.620039,-0.0267369,0.625402,-0.179547,0.584808,-0.48439,0.997597,0,0,0.0692786,0.99905,0,0,0.0435793,0.618315,0.217419,-0.182323,-0.732922,0.840876,-0.107921,0.276993,-0.452279,0.971408,0,0,-0.237415,0.967994,0,0,-0.250975,0.662919,0.00142473,0.262442,0.701185,0.60188,-0.157833,-0.268662,0.735289,0.0836537,0.131551,-0.639626,0.0619707,0.0957292,-0.170483,0.010273,0.305668,-0.579784,0.0640407,0.287471,-0.198051,-0.0841365,0.647168,-0.460653,0.0438899,0.649809,-0.282028,-0.0299084,0.900491,-0.388645,-0.00315204,1.05216,-0.358388,0.0591863,1.21033,-0.290177,-0.0892251,1.48946,-0.310886,0.226075,1.03585,-0.223518,-0.195332,1.72006,-0.260561,0.27169,0.786737,-0.278506,0.177716,1.34971,-0.183241,0.59888,-0.136672,1.12404,0.59888,-0.136672,1.12404,2.6094,-4.43765,0.308367,2.73951,-6.46749,9.74518,-2.63568,-0.885747,0.370407,0,0,-0.366586,0,0,-0.79139,-2.31839,-2.5736,-3.12274,3.7927,0.0933832,-6.46751,0,0,1.83885,0,0,3.04364,1.08309,2.1946,0.202781,6.05575,1.96934,-0.464574,0.0294064,0.904435,-0.33397,1,0.550561,-0.00420136,-0.832038,-0.0676577,2.86793,-1.15985,-2.97179,0.00885938,0.0552969,-0.362115,-3.82659,-8.35766,-0.478909
0.993607,-0.0982893,-0.0517721,-0.0200987,0.993607,-0.0982893,-0.0517721,-0.0200987,0.977682,-0.207733,0.00259738,0.0312894,0.576457,-0.447102,-0.679133,0.0810937,0.627078,-0.199937,0.602904,-0.450892,0.998133,0,0,0.0610815,0.999563,0,0,0.0295488,0.59217,0.187998,-0.216832,-0.752977,0.792246,-0.0415523,0.249941,-0.555112,0.978403,0,0,-0.206705,0.980408,0,0,-0.196978,0.636716,0.00633458,0.302851,0.709108,0.638344,-0.0687406,-0.236652,0.729237,0.0957332,0.0926798,-0.599898,0.0396454,0.0650198,-0.166368,0.0267892,0.273181,-0.567767,0.0359846,0.258614,-0.198446,-0.0742211,0.625322,-0.480933,0.0128663,0.625891,-0.281517,-0.0323885,0.881186,-0.400503,-0.00849176,1.03581,-0.383316,0.038746,1.20534,-0.330677,-0.0593178,1.47842,-0.456134,0.171431,1.05231,-0.179816,-0.114761,1.72767,-0.499012,0.218464,0.797967,-0.161696,0.124959,1.37575,-0.231876,1.251,-0.192457,1.11437,1.251,-0.192457,1.11437,3.76289,-3.5372,1.17184,4.81251,-4.3665,7.56331,-1.39416,1.21748,2.32674,0,0,-0.492875,0,0,-0.842398,-1.89126,-2.54312,-1.94356,4.16063,-1.43162,-7.14934,0,0,1.88989,0,0,3.32474,0.337427,2.95571,1.04244,6.26148,2.46602,-1.16484,0.0179094,0.891784,-0.35727,1,0.417843,-0.0376123,-0.907165,-0.0323033,3.09972,-0.864138,-3.20516,-0.0744042,-0.579143,-0.355749,-3.22086,-9.00122,-1.02427
0.996185,-0.0667108,-0.0558159,-0.00704222,0.996185,-0.0667108,-0.0558159,-0.00704222,0.986869,-0.143537,-0.0443053,0.0593593,0.57325,-0.367989,-0.723847,0.109607,0.623089,-0.180482,0.642573,-0.407782,0.998528,0,0,0.0542414,0.999746,0,0,0.0225423,0.583032,0.171265,-0.236634,-0.75812,0.738505,0.0288284,0.194676,-0.644888,0.984607,0,0,-0.174781,0.988195,0,0,-0.1532,0.611322,0.0285442,0.336353,0.715777,0.66204,-0.01548,-0.189434,0.724968,0.0860537,0.0775607,-0.561823,0.0125846,0.060426,-0.175106,0.0319989,0.263211,-0.552983,0.00660848,0.255321,-0.211793,-0.0633808,0.62624,-0.501388,-0.0184966,0.625306,-0.29592,-0.0357892,0.884248,-0.416373,-0.0105073,1.03977,-0.40695,0.0268646,1.21654,-0.371158,-0.00169773,1.45134,-0.583215,0.110116,1.10348,-0.149714,-0.000487595,1.67525,-0.713423,0.153146,0.867766,-0.0505033,0.0895957,1.4106,-0.296434,1.90221,-0.24026,0.785425,1.90221,-0.24026,0.785425,3.90746,-2.82702,1.68577,5.52135,-3.2081,2.01269,1.31819,2.80001,2.92,0,0,-0.411093,0,0,-0.420534,-1.12225,-1.44409,-0.559053,4.57979,-3.31104,-6.63972,0,0,1.95132,0,0,2.66814,1.54196,2.53364,0.963768,3.65687,3.35518,-0.7593,0.00969464,0.897341,-0.383596,1,-0.270716,0.0655845,0.960268,0.0172429,3.1444,-0.549406,-3.27877,-0.102021,0.0918392,-0.476094,-1.96432,-9.29076,-1.31586
0.997885,-0.025991,-0.0595599,0.00185476,0.997885,-0.025991,-0.0595599,0.00185476,0.988909,-0.0960445,-0.0791308,0.0810786,0.590836,-0.295672,-0.747764,0.0658746,0.603646,-0.127423,0.698658,-0.362287,0.998674,0,0,0.0514834,0.999739,0,0,0.0228626,0.590826,0.160364,-0.259225,-0.747001,0.688539,0.0815934,0.113004,-0.711678,0.987466,0,0,-0.157835,0.991471,0,0,-0.130329,0.593591,0.0362417,0.329359,0.733388,0.665188,0.00688669,-0.144442,0.732539,0.0638216,0.0485468,-0.54032,-0.0138645,0.0417648,-0.197358,0.0279357,0.237333,-0.544088,-0.0195488,0.237071,-0.234442,-0.0507029,0.608314,-0.520163,-0.0436343,0.608559,-0.317949,-0.0359406,0.869055,-0.432552,-0.00865211,1.02479,-0.42902,0.0250023,1.20568,-0.414808,0.0735092,1.37063,-0.685185,0.0507828,1.15681,-0.145077,0.13145,1.52754,-0.883009,0.0783598,0.973891,0.0366756,0.0779883,1.41341,-0.374738,2.44718,-0.222897,0.534435,2.44718,-0.222897,0.534435,2.86602,-2.09547,1.30555,5.23652,-1.29964,-3.10898,3.58572,4.24673,2.93594,0,0,-0.165708,0,0,0.0192219,-0.799622,-1.52378,0.947121,3.57876,-5.23323,-5.30834,0,0,1.03117,0,0,1.38626,0.551165,-0.317815,1.58947,1.51652,3.06397,0.45169,0.00701378,0.882396,-0.412759,1,-0.119747,0.0829523,0.989296,0.00857469,3.14458,-0.24067,-3.30926,-0.00454133,-0.455766,-0.485359,-1.41128,-9.15427,-0.905456
0.997876,0.0182808,-0.0623665,0.00440008,0.997876,0.0182808,-0.0623665,0.00440008,0.988993,-0.0558977,-0.111576,0.0794969,0.642477,-0.210781,-0.736584,0.0154539,0.567963,-0.058572,0.764704,-0.298691,0.999105,0,0,0.042294,0.999783,0,0,0.0208328,0.620232,0.134245,-0.246975,-0.73232,0.656846,0.11032,0.0374357,-0.744971,0.986871,0,0,-0.161508,0.990349,0,0,-0.138597,0.599905,0.0341534,0.271555,0.751801,0.637488,-0.0659599,-0.154754,0.751871,0.0509277,0.0527457,-0.540518,-0.0249488,0.0566996,-0.22482,0.0270535,0.244181,-0.547538,-0.0344732,0.249731,-0.260879,-0.0323304,0.619134,-0.537862,-0.0590011,0.62084,-0.343969,-0.0290803,0.881936,-0.447537,-0.000408303,1.03749,-0.447203,0.0359958,1.21832,-0.453592,0.156117,1.29828,-0.740945,0.00317334,1.24963,-0.168426,0.261764,1.36164,-0.968964,0.00254879,1.15216,0.0719033,0.0897193,1.43035,-0.448972,2.65819,-0.168525,0.152828,2.65819,-0.168525,0.152828,2.41785,-1.95374,-0.095386,6.23199,1.84894,-3.54228,4.72068,5.37661,4.10765,0,0,-0.551975,0,0,-0.121818,-1.93549,1.06139,1.63634,2.02128,-5.04101,-2.86291,0,0,-0.223275,0,0,-0.500614,-0.151794,-4.07985,1.14798,-4.98455,-0.815028,1.8751,0.0135378,0.894147,-0.44026,1,0.0278658,0.088008,0.995702,0.00745747,3.12181,0.054206,-3.31845,0.205807,0.386416,-0.449556,-0.843703,-8.83205,-0.337357
0.996059,0.0646384,-0.0607244,0.00128725,0.996059,0.0646384,-0.0607244,0.00128725,0.986737,-0.00466728,-0.146375,0.0700173,0.690662,-0.152594,-0.704995,-0.0517889,0.528127,0.0298642,0.817428,-0.228039,0.999313,0,0,0.0370557,0.999902,0,0,0.0139777,0.664681,0.0675733,-0.188674,-0.719746,0.641683,0.0884114,0.0211767,-0.761563,0.982892,0,0,-0.184181,0.989131,0,0,-0.147039,0.597568,-0.0352017,0.24795,0.761705,0.615114,-0.109594,-0.176222,0.760637,0.0585424,0.0465955,-0.549853,-0.0243917,0.05605,-0.24064,0.0383483,0.238633,-0.559918,-0.037806,0.246926,-0.277964,-0.00994284,0.613611,-0.549458,-0.0644542,0.616851,-0.363498,-0.0188401,0.877588,-0.455601,0.0108743,1.0326,-0.458692,0.0567456,1.20911,-0.484759,0.232247,1.20072,-0.751528,-0.0230811,1.33067,-0.22217,0.368082,1.16593,-0.969553,-0.054844,1.34157,0.0350214,0.125976,1.41469,-0.516789,2.78578,0.0963872,-0.186855,2.78578,0.0963872,-0.186855,3.08494,-2.10234,-0.567687,4.17435,3.06841,-4.5299,6.26848,4.69567,4.70595,0,0,-0.314543,0,0,-0.411366,-4.68095,4.25101,1.74348,-1.45261,-1.09637,-1.44185,0,0,-1.38118,0,0,-0.51174,-4.82599,-1.62515,0.739715,-3.05697,-1.58016,1.07392,0.0281537,0.887827,-0.461886,1,0.169287,0.083585,0.981999,0.00570899,3.0997,0.337919,-3.31857,0.307208,-0.130437,-0.241918,-0.855376,-8.49308,0.126102
0.992783,0.105737,-0.0565448,0.00205585,0.992783,0.105737,-0.0565448,0.00205585,0.982036,0.0651661,-0.174139,0.0321737,0.725764,-0.13936,-0.657421,-0.147114,0.499876,0.137697,0.840171,-0.158984,0.998975,0,0,0.0452666,0.999931,0,0,0.0117074,0.708265,0.00968913,-0.126291,-0.694491,0.639633,0.0426274,0.0384549,-0.766534,0.980547,0,0,-0.196283,0.988728,0,0,-0.14972,0.591607,-0.0901687,0.242845,0.763477,0.60031,-0.13989,-0.177892,0.767081,0.0662308,0.0493651,-0.554047,-0.0179355,0.0634343,-0.246959,0.0516567,0.24207,-0.564819,-0.0335804,0.252634,-0.28714,0.013831,0.617195,-0.550027,-0.0633888,0.621246,-0.376525,-0.00852211,0.881693,-0.457681,0.0216131,1.03597,-0.463882,0.0830708,1.20487,-0.50129,0.293515,1.12119,-0.719401,-0.0252342,1.40642,-0.293211,0.437545,1.00528,-0.900981,-0.0816286,1.52285,-0.0683914,0.180761,1.39219,-0.559858,2.47609,0.247385,0.0463117,2.47609,0.247385,0.0463117,4.21483,-1.6898,-2.27764,1.01345,3.78449,-6.26063,7.85021,2.37,4.80957,0,0,0.493074,0,0,-0.136233,-3.9332,4.37153,2.50608,-3.12837,1.18367,-0.383058,0,0,-0.73961,0,0,-0.162688,-3.84205,-0.313857,0.254008,-2.15271,-0.189999,0.767101,0.046578,0.888483,-0.473596,1,0.299128,0.0664964,0.951892,0.00158907,3.0895,0.60561,-3.29736,0.309539,0.123136,-0.0624133,-1.06037,-7.96525,0.771875
0.988963,0.138723,-0.0516315,0.00645371,0.988963,0.138723,-0.0516315,0.00645371,0.975065,0.114344,-0.189912,0.0103554,0.754736,-0.112487,-0.609948,-0.213736,0.487516,0.25363,0.826955,-0.118936,0.99862,0,0,0.0525192,0.999928,0,0,0.011969,0.7571,-0.0449921,-0.0823171,-0.646529,0.653608,-0.00426921,0.0317401,-0.756156,0.977833,0,0,-0.209386,0.989377,0,0,-0.145374,0.585829,-0.146783,0.246072,0.758095,0.586132,-0.18506,-0.190047,0.765561,0.0738981,0.0592736,-0.552254,-0.00974661,0.0758091,-0.247224,0.0644825,0.252918,-0.561544,-0.0258513,0.264268,-0.287799,0.0349234,0.627203,-0.536682,-0.0577135,0.632768,-0.377994,0.00103207,0.892064,-0.448752,0.0322062,1.04501,-0.462218,0.111075,1.20413,-0.505725,0.334103,1.06011,-0.660854,-0.00440569,1.46602,-0.373466,0.466646,0.881471,-0.793608,-0.0689425,1.66373,-0.218465,0.240611,1.36719,-0.571488,1.99462,0.291535,0.265005,1.99462,0.291535,0.265005,2.98472,-0.979041,-1.31552,1.85951,3.58257,-4.2535,8.51143,-0.633464,2.85889,0,0,0.435675,0,0,0.0156953,-3.58724,3.03034,3.98905,-3.20786,-0.471647,0.9985,0,0,-0.802885,0,0,0.263669,-3.97547,0.26623,-0.249193,-3.21648,-0.922718,0.206316,0.065998,0.893537,-0.474549,1,0.411683,0.0388494,0.910271,-0.020337,3.14922,0.849677,-3.22345,0.286626,0.311157,0.267886,-2.19931,-7.10912,1.01135
0.986752,0.154028,-0.0508992,0.00213169,0.986752,0.154028,-0.0508992,0.00213169,0.970907,0.160218,-0.177746,-0.00873181,0.781567,-0.0829927,-0.554357,-0.273776,0.482043,0.348601,0.799113,-0.0867813,0.99885,0,0,0.0479455,0.999753,0,0,0.0222238,0.799557,-0.101786,-0.0413691,-0.590455,0.672744,-0.0567425,0.027981,-0.737166,0.974171,0,0,-0.22581,0.989998,0,0,-0.141079,0.573641,-0.138524,0.269225,0.761095,0.57352,-0.202756,-0.204898,0.766799,0.0815561,0.0693339,-0.546849,-0.0013937,0.0848498,-0.241764,0.0744529,0.262073,-0.552949,-0.0192033,0.272478,-0.281669,0.0483425,0.634222,-0.516249,-0.0542321,0.640806,-0.372404,0.00628918,0.898207,-0.434507,0.039282,1.04946,-0.456125,0.129143,1.20173,-0.501128,0.35143,1.02447,-0.590947,0.012809,1.49321,-0.450098,0.460962,0.805087,-0.67466,-0.0482304,1.73502,-0.378981,0.27952,1.34574,-0.562344,0.928582,0.0418292,-0.260184,0.928582,0.0418292,-0.260184,2.78915,0.720997,-1.15559,1.98446,4.00023,-3.7503,6.98944,-1.89044,2.33038,0,0,-0.27477,0,0,0.615383,-3.6092,2.71977,4.27131,-3.54199,-0.270204,1.67107,0,0,-1.00969,0,0,0.260395,0.528548,1.71531,0.480153,-1.31224,-1.11404,0.36833,0.0782404,0.895476,-0.468307,1,0.506482,0.0128367,0.860676,-0.0504832,3.29376,1.06159,-3.08198,0.157713,0.18428,0.427328,-2.5761,-6.31431,0.677615
0.986181,0.156717,-0.0523087,-0.0122394,0.986181,0.156717,-0.0523087,-0.0122394,0.974247,0.175405,-0.14087,-0.0152305,0.795431,-0.0569318,-0.500168,-0.33746,0.493374,0.418353,0.760564,-0.0557261,0.998726,0,0,0.0504612,0.999697,0,0,0.0246253,0.837567,-0.138717,-0.0302579,-0.527563,0.694239,-0.12079,0.0353826,-0.708654,0.970161,0,0,-0.242462,0.989586,0,0,-0.143943,0.56599,-0.115342,0.277098,0.767833,0.564265,-0.215609,-0.23735,0.760778,0.0876414,0.0805013,-0.54117,-2.89273e-05,0.0943509,-0.232404,0.0821071,0.272343,-0.542141,-0.020641,0.280922,-0.272313,0.0556896,0.64147,-0.492985,-0.0577115,0.648775,-0.363495,0.0062592,0.90329,-0.417102,0.04367,1.05175,-0.44822,0.141047,1.19807,-0.496806,0.352449,1.0052,-0.519187,0.030238,1.49493,-0.532,0.433377,0.761009,-0.549808,-0.0204942,1.74866,-0.549239,0.302106,1.3313,-0.553043,0.163884,-0.0855514,-0.866235,0.163884,-0.0855514,-0.866235,0.908186,2.24391,-0.39271,1.70735,3.67667,-4.01426,4.94871,-3.09505,2.29116,0,0,0.151124,0,0,0.144131,-2.25413,0.741902,4.51469,-4.25758,0.479897,2.32683,0,0,-1.0277,0,0,-0.17365,1.60396,0.615908,0.646626,-0.962484,-2.34648,-0.216005,0.0841813,0.896292,-0.4607,1,0.586953,-0.00686139,0.804708,-0.0887941,3.6143,1.23283,-2.7865,-0.000899284,0.152488,0.522158,-2.81388,-5.77823,0.0537359
0.986224,0.154148,-0.0524701,-0.0291114,0.986224,0.154148,-0.0524701,-0.0291114,0.984064,0.15226,-0.0918177,-0.00224143,0.794871,-0.0617387,-0.446232,-0.406504,0.52992,0.460203,0.71165,-0.0308406,0.998697,0,0,0.0510287,0.999724,0,0,0.0234961,0.873475,-0.155016,-0.0303332,-0.460535,0.713677,-0.200172,0.0632273,-0.66828,0.967467,0,0,-0.252999,0.986181,0,0,-0.16567,0.591471,-0.0934611,0.230175,0.767103,0.560196,-0.202756,-0.257016,0.76093,0.0880942,0.0822141,-0.5401,-0.00574574,0.0973885,-0.221726,0.0836277,0.275603,-0.531829,-0.0305177,0.281925,-0.265254,0.0568589,0.641553,-0.468896,-0.068889,0.648042,-0.357418,0.00117622,0.899594,-0.399432,0.0463278,1.04384,-0.438986,0.152459,1.18285,-0.490655,0.343827,0.987231,-0.448273,0.0580634,1.46418,-0.607759,0.390976,0.733446,-0.426252,0.0242875,1.70099,-0.707932,0.320001,1.31154,-0.541533,-0.155027,-0.00968067,-1.01698,-0.155027,-0.00968067,-1.01698,-1.43115,2.98698,0.786554,-0.31067,3.47074,-4.45583,2.51956,-4.37184,1.84595,0,0,0.0340966,0,0,-0.0677737,-0.909076,0.0197844,4.62754,-5.21622,1.8332,3.03964,0,0,-0.652528,0,0,-1.31955,1.61282,-3.48076,-0.621581,0.882728,-1.41916,0.102547,0.0865013,0.88695,-0.452327,1,0.65873,-0.0207517,0.740722,-0.130288,4.29316,1.32715,-2.14624,-0.152489,-0.110878,0.530088,-2.80916,-5.67266,-0.382585
0.985114,0.157385,-0.054629,-0.0423798,0.985114,0.157385,-0.054629,-0.0423798,0.992056,0.1145,-0.0486625,0.0186155,0.780134,-0.0970835,-0.400817,-0.470438,0.584592,0.484555,0.649664,-0.0373509,0.998841,0,0,0.0481371,0.999793,0,0,0.0203476,0.898011,-0.170463,-0.017458,-0.405234,0.733641,-0.254629,0.0808333,-0.624821,0.968238,0,0,-0.250029,0.98102,0,0,-0.193905,0.611356,-0.100022,0.200593,0.758948,0.551823,-0.198992,-0.260506,0.766831,0.0882613,0.0806737,-0.53784,-0.0144975,0.0984183,-0.211593,0.0837189,0.275232,-0.521283,-0.0418962,0.2802,-0.261502,0.0536378,0.639159,-0.447323,-0.0803851,0.643565,-0.356315,-0.00633535,0.893298,-0.387039,0.0471488,1.03258,-0.432886,0.163998,1.16242,-0.484644,0.328462,0.971659,-0.384923,0.0959107,1.41247,-0.670415,0.339821,0.722185,-0.315876,0.0813666,1.60767,-0.840549,0.338308,1.28635,-0.528626,0.19868,-0.131359,-0.800729,0.19868,-0.131359,-0.800729,-2.29622,2.61101,1.2551,-2.31298,2.78662,-4.28789,0.954358,-5.49835,-0.405397,0,0,-0.173712,0,0,-0.188953,-0.8761,0.816244,3.68394,-3.49112,1.12942,3.20527,0,0,0.184094,0,0,-1.7222,-0.401221,-2.17828,-0.999419,0.216465,-0.311857,0.608878,0.0878339,0.872892,-0.4453,1,0.712763,-0.0356395,0.68058,-0.165862,4.96396,1.28121,-1.50561,-0.225347,-0.188886,0.371813,-2.57578,-4.71264,-0.247436
0.983769,0.159116,-0.0583901,-0.0589223,0.983769,0.159116,-0.0583901,-0.0589223,0.996159,0.0788966,-0.000706011,0.0379627,0.759632,-0.120229,-0.383193,-0.511533,0.640234,0.498396,0.581263,-0.061933,0.998992,0,0,0.0448939,0.999899,0,0,0.0141882,0.915748,-0.183399,-0.00532863,-0.35741,0.749786,-0.290385,0.0861176,-0.588286,0.966754,0,0,-0.255707,0.975677,0,0,-0.219215,0.604509,-0.0719946,0.205775,0.766187,0.544101,-0.194725,-0.268028,0.770842,0.0885545,0.08162,-0.533506,-0.0241377,0.0995625,-0.201708,0.0823896,0.274843,-0.513065,-0.0534373,0.278137,-0.258879,0.0463674,0.636343,-0.432986,-0.0919062,0.63807,-0.358507,-0.0163968,0.886227,-0.380138,0.0454226,1.0202,-0.430488,0.172159,1.14002,-0.482428,0.310032,0.963129,-0.334211,0.130843,1.34434,-0.721178,0.290824,0.730457,-0.221745,0.132284,1.47833,-0.943257,0.352337,1.25755,-0.523353,0.108725,-0.228387,-0.99911,0.108725,-0.228387,-0.99911,-2.14837,2.88509,1.16079,-1.56034,0.951427,-2.91892,0.186474,-5.69969,-1.62331,0,0,-0.194803,0,0,-0.369622,-0.733446,0.755601,3.10796,-2.2418,0.31392,2.64702,0,0,-0.352091,0,0,-1.55213,1.92626,0.398646,0.649708,0.257523,-0.596005,0.463726,0.086743,0.857064,-0.441513,1,0.752221,-0.0462388,0.627334,-0.196157,5.29639,1.18274,-1.20329,-0.301845,-0.212132,0.207013,-2.13783,-3.85117,-0.356551
0.982922,0.156463,-0.0634751,-0.0731715,0.982922,0.156463,-0.0634751,-0.0731715,0.996125,0.0496179,0.0503586,0.0523098,0.737679,-0.136775,-0.381944,-0.539668,0.69666,0.490723,0.516052,-0.0868686,0.999066,0,0,0.0432189,0.999929,0,0,0.0119233,0.931112,-0.186469,-0.00276431,-0.313453,0.766809,-0.316321,0.0811025,-0.5526,0.965075,0,0,-0.261974,0.968349,0,0,-0.249598,0.605797,-0.0544018,0.201816,0.767673,0.539382,-0.196598,-0.276922,0.770539,0.088836,0.0793799,-0.531382,-0.0349143,0.100693,-0.194512,0.0804597,0.272136,-0.508268,-0.0654968,0.275373,-0.260955,0.0371806,0.631332,-0.424498,-0.103913,0.630684,-0.366442,-0.0285062,0.876995,-0.37868,0.0420765,1.00546,-0.431562,0.177576,1.11591,-0.481777,0.2904,0.959767,-0.293876,0.159959,1.26869,-0.754638,0.245736,0.751776,-0.145862,0.172732,1.33447,-1.00521,0.362849,1.22691,-0.519458,-0.157362,-0.307847,-0.860866,-0.157362,-0.307847,-0.860866,-1.75894,3.06784,0.861967,-1.15523,-0.12624,-2.13149,-1.26467,-5.23961,-1.57518,0,0,-0.100598,0,0,-0.135905,-0.128569,0.159236,2.81663,-1.56824,-0.362736,2.57087,0,0,-0.389285,0,0,-1.87533,1.22325,-0.282251,0.0750844,-0.161463,-0.672756,0.0885253,0.0836666,0.839417,-0.440083,1,0.783284,-0.0520638,0.576877,-0.225762,5.47837,1.0763,-1.05885,-0.363279,-0.27697,0.0437391,-1.88629,-3.46261,-0.611788
0.981918,0.153828,-0.0687691,-0.0862858,0.981918,0.153828,-0.0687691,-0.0862858,0.992716,0.0314526,0.094788,0.0673808,0.719032,-0.140752,-0.398736,-0.551535,0.752352,0.465391,0.453531,-0.108106,0.999239,0,0,0.0390164,0.999895,0,0,0.0145225,0.943132,-0.183768,0.00405958,-0.276975,0.780953,-0.330773,0.0791616,-0.523866,0.962562,0,0,-0.271061,0.959972,0,0,-0.280096,0.609118,-0.0360772,0.196209,0.767578,0.538014,-0.190675,-0.27703,0.772941,0.0887663,0.0766801,-0.531362,-0.0497308,0.102854,-0.187137,0.0786051,0.269381,-0.507571,-0.0786589,0.273009,-0.264607,0.0292424,0.626543,-0.422757,-0.11354,0.622598,-0.37875,-0.0387213,0.867894,-0.383274,0.0393643,0.991636,-0.436558,0.182234,1.09402,-0.482864,0.271682,0.961425,-0.264068,0.18587,1.19553,-0.773202,0.205757,0.781856,-0.0891526,0.20702,1.19368,-1.0317,0.372118,1.1989,-0.514438,-0.155871,-0.320863,-0.793126,-0.155871,-0.320863,-0.793126,-1.08918,2.6757,0.910044,-0.32823,-1.29371,-1.04135,-2.35193,-4.8237,-1.26847,0,0,-0.25236,0,0,0.155966,0.2124,0.418075,2.31046,-0.828178,-0.153566,2.05146,0,0,-0.5657,0,0,-1.89774,1.2748,-0.40744,-0.0788041,0.414565,-0.0192292,0.203453,0.0807701,0.823102,-0.44103,1,0.809347,-0.0566272,0.52928,-0.248221,5.59761,0.976656,-0.9699,-0.306454,-0.273019,-0.137811,-1.55605,-3.14921,-0.396048
0.98164,0.147846,-0.072493,-0.0962735,0.98164,0.147846,-0.072493,-0.0962735,0.987262,0.0204218,0.142448,0.0678614,0.703224,-0.144042,-0.416282,-0.558065,0.804528,0.430067,0.390889,-0.122406,0.999239,0,0,0.0389992,0.999847,0,0,0.0174652,0.954644,-0.169771,0.0116646,-0.244329,0.792001,-0.338849,0.0839423,-0.500869,0.957819,0,0,-0.287373,0.94953,0,0,-0.313677,0.60087,-0.0334553,0.210921,0.770291,0.540962,-0.179046,-0.263377,0.778419,0.0896663,0.0741377,-0.531309,-0.0695724,0.105125,-0.179201,0.0803318,0.266341,-0.509,-0.0932565,0.269777,-0.269669,0.0249378,0.621036,-0.425517,-0.120563,0.612009,-0.39472,-0.0466655,0.857335,-0.391907,0.0373978,0.977869,-0.443414,0.185188,1.0757,-0.483726,0.253629,0.967481,-0.242478,0.207828,1.12992,-0.777818,0.171216,0.813877,-0.0506434,0.237175,1.06591,-1.02744,0.378278,1.17663,-0.508334,-0.360281,-0.225202,-0.603441,-0.360281,-0.225202,-0.603441,-0.661209,2.88224,0.0363646,-0.276673,-1.33282,-0.659498,-2.85525,-4.59527,-0.782567,0,0,-0.00103307,0,0,0.176584,0.896811,0.462355,2.05535,-0.433695,0.287595,1.62286,0,0,-1.0193,0,0,-2.11014,0.173824,1.06877,0.36847,0.846022,0.998062,0.321314,0.0782879,0.808146,-0.443038,1,0.834818,-0.0600212,0.47939,-0.263933,5.69801,0.876844,-0.893036,-0.238325,-0.31678,-0.258994,-1.32102,-3.23625,-0.106437
0.982502,0.135713,-0.0756496,-0.102705,0.982502,0.135713,-0.0756496,-0.102705,0.979587,0.00292492,0.190105,0.065268,0.690828,-0.154878,-0.422739,-0.56574,0.840492,0.408803,0.325365,-0.143498,0.999131,0,0,0.0416793,0.999801,0,0,0.0199663,0.969293,-0.129723,0.0088639,-0.208723,0.799239,-0.345957,0.0855396,-0.483956,0.949237,0,0,-0.314562,0.941394,0,0,-0.33731,0.603026,0.000728231,0.207771,0.770188,0.540325,-0.16142,-0.257712,0.784587,0.0934823,0.0712908,-0.532388,-0.0897226,0.105679,-0.173707,0.0857993,0.263784,-0.512333,-0.106327,0.264268,-0.27541,0.0248346,0.614815,-0.43181,-0.124748,0.599094,-0.412452,-0.0538005,0.844646,-0.404829,0.0354635,0.962859,-0.45341,0.18596,1.0592,-0.487751,0.235935,0.976561,-0.230523,0.224409,1.06898,-0.775522,0.140854,0.84516,-0.0283707,0.260568,0.948356,-1.00225,0.379328,1.16078,-0.507796,-0.734844,-0.189237,-0.38649,-0.734844,-0.189237,-0.38649,-1.05384,2.9012,-0.146113,-0.773131,-0.567187,-0.694592,-1.7072,-4.48101,-1.23528,0,0,0.160934,0,0,0.15009,2.47909,-0.173309,2.23231,-0.399238,0.0883829,1.17478,0,0,-1.71071,0,0,-1.49969,2.37648,-0.231751,-0.054468,1.25331,0.39882,0.454864,0.0759569,0.793624,-0.447681,1,0.858975,-0.0618476,0.425589,-0.277869,5.78497,0.770884,-0.831435,-0.21405,-0.380647,-0.387669,-1.25809,-3.413,-0.0692487
0.983554,0.122798,-0.0778866,-0.107128,0.983554,0.122798,-0.0778866,-0.107128,0.970687,-0.018227,0.231877,0.0605644,0.684461,-0.160462,-0.431562,-0.565261,0.872304,0.383619,0.25428,-0.165118,0.998792,0,0,0.0491415,0.999857,0,0,0.01692,0.981608,-0.0767723,0.00393304,-0.174748,0.797094,-0.358719,0.0816344,-0.478851,0.936941,0,0,-0.349487,0.940841,0,0,-0.338849,0.616343,0.0395257,0.20432,0.759481,0.529014,-0.150293,-0.2597,0.793796,0.0949841,0.0690314,-0.535231,-0.1063,0.10557,-0.169295,0.0925806,0.262887,-0.517676,-0.115252,0.25843,-0.278606,0.0276687,0.609398,-0.442128,-0.125233,0.586663,-0.431047,-0.0593198,0.832243,-0.424649,0.0349617,0.948663,-0.468468,0.187589,1.04456,-0.49492,0.216639,0.985637,-0.22643,0.24254,1.01397,-0.766366,0.109028,0.872256,-0.0198098,0.282798,0.843254,-0.957429,0.380616,1.14779,-0.509345,-0.782055,-0.133352,-0.264619,-0.782055,-0.133352,-0.264619,-1.28113,2.56559,-0.273156,-0.401293,-0.663787,-0.0622399,-1.87185,-4.68966,-1.25257,0,0,0.448197,0,0,-0.182806,3.22925,-0.299905,2.10355,-0.839701,-0.24722,0.304248,0,0,-2.22171,0,0,-0.0981337,2.68002,-0.316694,-1.02971,0.741593,-0.231362,0.930536,0.0751194,0.780439,-0.454981,1,0.882261,-0.061553,0.365844,-0.2898,5.86663,0.655889,-0.778304,-0.165579,-0.372098,-0.594586,-1.20001,-3.72564,-0.0125147
0.984379,0.113804,-0.0785997,-0.108941,0.984379,0.113804,-0.0785997,-0.108941,0.960201,-0.0372728,0.268371,0.0678288,0.682251,-0.152586,-0.447914,-0.557337,0.903114,0.34797,0.172687,-0.182979,0.998032,0,0,0.0627084,0.999889,0,0,0.0148902,0.988723,-0.0019269,0.000305164,-0.149741,0.79944,-0.357534,0.0736798,-0.477113,0.921209,0,0,-0.389069,0.938114,0,0,-0.346326,0.603617,0.000822423,0.229221,0.763612,0.518584,-0.150142,-0.260617,0.800379,0.0865841,0.0675267,-0.550023,-0.123648,0.105221,-0.166763,0.0981744,0.259599,-0.528208,-0.121581,0.250948,-0.284482,0.0353152,0.600677,-0.454875,-0.119477,0.570275,-0.452833,-0.0598626,0.816639,-0.449239,0.0372676,0.932785,-0.487735,0.190231,1.03053,-0.504967,0.196416,0.9912,-0.230245,0.260631,0.967558,-0.750392,0.0765874,0.890202,-0.0241723,0.302902,0.75565,-0.893855,0.38039,1.13933,-0.510693,-0.544536,-0.0417065,-0.107557,-0.544536,-0.0417065,-0.107557,-1.16209,2.26919,0.454805,0.520663,-1.12544,0.500333,-2.47006,-5.23193,-0.996071,0,0,0.815296,0,0,-0.121804,4.51874,-0.219061,1.53125,0.0962198,-0.516527,0.138482,0,0,-2.55583,0,0,-0.477469,-2.6735,1.80275,0.560064,-0.037498,-0.149555,0.729182,0.0761854,0.766535,-0.465159,1,0.902689,-0.0641798,0.3072,-0.294383,5.92922,0.543139,-0.730007,-0.0162828,-0.46812,-0.737705,-1.18467,-3.52628,0.387097
0.985086,0.106258,-0.07865,-0.110132,0.985086,0.106258,-0.07865,-0.110132,0.947465,-0.0612577,0.303598,0.0799127,0.686383,-0.124029,-0.471036,-0.540019,0.907637,0.362057,0.0707581,-0.200257,0.996891,0,0,0.0787912,0.999824,0,0,0.0187695,0.986592,0.0852423,-0.00104145,-0.139172,0.798014,-0.356596,0.0751864,-0.479959,0.896492,0,0,-0.443059,0.931832,0,0,-0.36289,0.55679,-0.03645,0.267954,0.785403,0.521315,-0.146417,-0.256059,0.800766,0.0670289,0.0666648,-0.578738,-0.139879,0.101559,-0.169961,0.0992928,0.251274,-0.54662,-0.124939,0.238731,-0.296975,0.0478637,0.584086,-0.471759,-0.107517,0.546514,-0.480125,-0.053468,0.794467,-0.479327,0.0442292,0.912043,-0.512071,0.195429,1.01389,-0.519885,0.177506,0.98986,-0.244,0.279142,0.927605,-0.731754,0.0453229,0.895636,-0.0426959,0.321707,0.686274,-0.816681,0.379831,1.13147,-0.517557,-0.456631,-0.00190772,-0.070265,-0.456631,-0.00190772,-0.070265,-1.47469,2.22239,0.75594,1.93508,-1.50475,1.22402,0.838243,-6.32813,-1.05195,0,0,0.967402,0,0,0.232788,5.25357,-0.0811468,0.630522,0.0483409,0.0995084,-0.199386,0,0,-3.56326,0,0,-1.06293,-2.63806,3.05518,2.58438,0.280439,0.349723,-0.0398449,0.0800486,0.74873,-0.480481,1,0.921139,-0.0672858,0.249887,-0.290745,5.98175,0.434806,-0.678547,0.191837,-0.665172,-0.902627,-1.04307,-3.37743,0.8014
0.985437,0.103466,-0.0781105,-0.110032,0.985437,0.103466,-0.0781105,-0.110032,0.936123,-0.085676,0.331283,0.0811471,0.695296,-0.0873204,-0.496617,-0.512163,0.88328,0.419325,-0.0486795,-0.203995,0.995472,0,0,0.0950514,0.999367,0,0,0.0355676,0.974402,0.161497,-0.00145326,-0.156388,0.792095,-0.361546,0.0901471,-0.483469,0.877416,0,0,-0.47973,0.922138,0,0,-0.386862,0.51307,-0.0412824,0.278206,0.81096,0.546259,-0.140882,-0.242278,0.789338,0.0513561,0.060512,-0.609658,-0.153356,0.101176,-0.179866,0.0982065,0.235924,-0.565548,-0.123895,0.22858,-0.316972,0.0606386,0.562824,-0.489859,-0.0889508,0.522291,-0.513007,-0.0397789,0.772683,-0.514913,0.0568243,0.892698,-0.541757,0.204268,1.00024,-0.538363,0.15907,0.986187,-0.265002,0.299405,0.901163,-0.71116,0.0149401,0.893244,-0.0719396,0.336417,0.64526,-0.729794,0.381857,1.12663,-0.526364,-0.169134,0.0330877,0.00679375,-0.169134,0.0330877,0.00679375,-1.51168,1.76956,0.0946847,2.48652,-1.60281,1.99082,3.76848,-7.42121,-0.339681,0,0,0.979329,0,0,1.00827,4.63581,-0.0251795,-1.0763,-0.369677,0.976112,-0.294063,0,0,-2.48032,0,0,-1.55157,-0.397221,1.09696,2.89108,0.50516,1.17513,-1.42274,0.0873745,0.732077,-0.499572,1,0.937475,-0.073436,0.190215,-0.282076,6.02207,0.320682,-0.62701,0.410675,-0.65351,-1.0676,-1.18573,-3.40283,1.0979
0.986103,0.102254,-0.0782765,-0.104962,0.986103,0.102254,-0.0782765,-0.104962,0.923987,-0.108495,0.356372,0.0864644,0.701782,-0.0641927,-0.51653,-0.486393,0.837288,0.493438,-0.163306,-0.169702,0.994469,0,0,0.105031,0.998043,0,0,0.0625335,0.96441,0.168145,0.0140178,-0.203578,0.793524,-0.360889,0.116303,-0.475975,0.885164,0,0,-0.465279,0.8945,0,0,-0.447068,0.454742,-0.0526495,0.258971,0.850513,0.634255,-0.141082,-0.18167,0.738115,0.0527363,0.054786,-0.621428,-0.172169,0.130952,-0.205903,0.0986803,0.22635,-0.578432,-0.118614,0.244998,-0.356976,0.0683094,0.559385,-0.5137,-0.0627912,0.51998,-0.556359,-0.0207383,0.77454,-0.553372,0.0728166,0.898286,-0.573965,0.212862,1.01457,-0.558951,0.140876,1.0061,-0.290176,0.319546,0.915341,-0.691763,-0.0120438,0.910539,-0.105691,0.350473,0.662812,-0.643802,0.378558,1.15403,-0.536567,-0.0744113,-0.00895621,0.307107,-0.0744113,-0.00895621,0.307107,-1.42692,1.62985,0.348225,1.55918,-1.24621,1.80713,5.13792,-7.32699,1.96624,0,0,0.601778,0,0,1.61996,0.436771,0.939137,-2.89755,0.0547086,1.6841,0.499881,0,0,0.983847,0,0,-3.97552,-0.91888,-0.90148,4.45014,0.343866,4.77179,-5.51657,0.0963341,0.740161,-0.522532,1,0.950832,-0.0778727,0.131533,-0.269357,6.05742,0.209714,-0.575967,0.571216,0.0557012,-1.15375,-1.03937,-3.32422,1.25147
0.987419,0.103736,-0.0744305,-0.0932929,0.987419,0.103736,-0.0744305,-0.0932929,0.914427,-0.119797,0.37641,0.0882511,0.699479,-0.0435361,-0.546883,-0.457989,0.787476,0.560482,-0.234584,-0.103498,0.993969,0,0,0.10966,0.992517,0,0,0.122105,0.965781,0.139896,0.0532102,-0.211813,0.817419,-0.331797,0.154407,-0.444854,0.870407,0,0,-0.492333,0.84441,0,0,-0.535697,0.455594,-0.0490848,0.265244,0.848334,0.687589,-0.100947,-0.142113,0.704865,0.0575268,0.0489733,-0.624611,-0.196105,0.147224,-0.266416,0.110687,0.220165,-0.58907,-0.111404,0.243101,-0.421264,0.083955,0.550229,-0.538733,-0.0329369,0.500518,-0.603392,-0.00230444,0.761406,-0.585795,0.087521,0.888602,-0.602904,0.217382,1.01519,-0.579667,0.122233,1.01233,-0.315628,0.337627,0.925282,-0.678538,-0.036928,0.91818,-0.135938,0.368163,0.693869,-0.569875,0.367882,1.16912,-0.549251,0.0865655,0.233815,0.705884,0.0865655,0.233815,0.705884,-0.720334,1.31054,0.128029,1.37686,-2.05959,1.86955,4.90974,-4.79845,4.08206,0,0,0.279406,0,0,3.59015,-1.71928,2.37834,-0.494044,2.06326,2.37097,2.2578,0,0,-1.84909,0,0,-6.11087,0.26524,0.456815,-0.18526,2.89757,2.91696,-3.29196,0.105739,0.736911,-0.547273,1,0.958632,-0.0894495,0.0749651,-0.259622,6.07015,0.097436,-0.539388,0.553017,-0.394,-0.972709,-1.46224,-3.05792,1.03775
0.988632,0.0994852,-0.0718572,-0.0868686,0.988632,0.0994852,-0.0718572,-0.0868686,0.902917,-0.122598,0.400531,0.0963592,0.70063,-0.0234709,-0.582484,-0.411434,0.751105,0.62091,-0.222454,-0.0287467,0.993793,0,0,0.111242,0.970707,0,0,0.240266,0.9601,0.138431,0.059939,-0.235485,0.839516,-0.291327,0.194786,-0.41521,0.865269,0,0,-0.501307,0.795335,0,0,-0.60617,0.468322,-0.0470721,0.230107,0.851769,0.6362,-0.21548,-0.210348,0.710332,0.0619807,0.0479529,-0.626981,-0.20533,0.162719,-0.359101,0.117679,0.21992,-0.594192,-0.09695,0.248022,-0.500703,0.0952017,0.550002,-0.556623,-0.00222312,0.496012,-0.653042,0.0143034,0.761534,-0.616856,0.100108,0.892003,-0.631209,0.221055,1.02665,-0.604078,0.110532,1.03311,-0.341728,0.36375,0.947647,-0.679598,-0.0498258,0.947777,-0.158792,0.403171,0.755154,-0.52204,0.357984,1.19183,-0.570389,-0.258576,0.15681,0.389215,-0.258576,0.15681,0.389215,-0.203396,1.58935,0.524759,1.34187,-2.36225,3.124,4.45596,0.587338,4.80712,0,0,0.095487,0,0,7.21376,-0.0726761,0.415417,-1.4643,2.7363,2.48253,2.10721,0,0,-0.62047,0,0,-5.15422,0.168665,-2.6963,-0.103072,-7.98865,-4.87255,1.34835,0.115984,0.745264,-0.574861,1,0.963943,-0.0954053,0.0255342,-0.247102,6.08535,0.00207748,-0.502089,0.498236,0.00381979,-0.931808,-1.0282,-2.70828,1.09542
0.98961,0.0948959,-0.0722077,-0.0803243,0.98961,0.0948959,-0.0722077,-0.0803243,0.894391,-0.129409,0.415688,0.102573,0.695254,0.00442309,-0.631816,-0.342652,0.702586,0.693171,-0.148669,0.0615156,0.993535,0,0,0.113525,0.932669,0,0,0.360734,0.956658,0.123785,0.0515945,-0.258496,0.864974,-0.224367,0.217102,-0.392869,0.868533,0,0,-0.495631,0.766037,0,0,-0.642797,0.460209,-0.082317,0.233629,0.852554,0.606311,-0.244586,-0.205045,0.728369,0.0626918,0.0472587,-0.629808,-0.209933,0.158955,-0.476915,0.120451,0.218925,-0.599958,-0.081451,0.249349,-0.594031,0.104138,0.551894,-0.576005,0.0247419,0.501296,-0.704273,0.0301471,0.76709,-0.645715,0.113567,0.89952,-0.657711,0.228851,1.03898,-0.629043,0.11203,1.0557,-0.363776,0.399908,0.979305,-0.689365,-0.0463249,0.9885,-0.17185,0.451677,0.832663,-0.503863,0.356646,1.21102,-0.595896,-0.278274,-0.0196848,0.395737,-0.278274,-0.0196848,0.395737,-0.446456,1.01709,0.40436,1.86423,-3.3841,4.54752,5.58592,4.653,5.99063,0,0,0.137844,0,0,7.58494,-0.881837,-0.503767,-1.41775,4.37649,1.29053,1.6433,0,0,0.392887,0,0,-2.81442,-2.61496,0.321459,0.28512,-2.19905,0.192037,1.84476,0.128546,0.756481,-0.604712,1,0.9661,-0.0922776,0.00247979,-0.2411,6.10257,-0.0397153,-0.485533,0.47531,0.166698,-0.865787,-0.139384,-1.34884,0.506313
0.991346,0.0846119,-0.0721126,-0.0698127,0.991346,0.0846119,-0.0721126,-0.0698127,0.887071,-0.130351,0.429215,0.109031,0.683431,0.00904226,-0.67784,-0.270876,0.693927,0.707915,-0.0493807,0.121997,0.993964,0,0,0.109703,0.883016,0,0,0.469343,0.950666,0.115813,0.026229,-0.286589,0.877706,-0.164514,0.245882,-0.376975,0.880466,0,0,-0.47411,0.767785,0,0,-0.640707,0.48313,-0.0766897,0.20929,0.8467,0.590683,-0.245638,-0.214023,0.738207,0.0669147,0.0437823,-0.632796,-0.195775,0.141014,-0.604283,0.121838,0.218751,-0.60708,-0.0610611,0.24858,-0.694762,0.110709,0.557202,-0.595905,0.0480692,0.515423,-0.759497,0.0456164,0.778034,-0.675947,0.126432,0.912568,-0.685727,0.23595,1.05733,-0.6588,0.12036,1.09017,-0.386787,0.433441,1.02519,-0.715779,-0.0307762,1.04981,-0.181815,0.505037,0.92957,-0.520066,0.354123,1.23668,-0.630145,-0.622149,0.00825039,0.635331,-0.622149,0.00825039,0.635331,-0.0794755,0.910178,0.419186,0.312054,-3.29116,4.72156,1.14351,6.61734,4.06519,0,0,-0.230764,0,0,7.16951,-0.470934,-1.54104,-1.74601,3.80864,1.73934,1.10576,0,0,1.47648,0,0,0.163498,0.472815,-1.95354,-1.06502,-0.18275,-0.718402,1.01232,0.14148,0.773548,-0.639078,1,0.968124,-0.0831361,-0.0120255,-0.235967,6.12695,-0.0625598,-0.47325,0.464078,0.32832,-0.906953,0.33205,-0.944984,0.405821
0.993142,0.0667209,-0.0719639,-0.0635443,0.993142,0.0667209,-0.0719639,-0.0635443,0.878412,-0.134447,0.442859,0.119131,0.670159,0.0112829,-0.717677,-0.188943,0.696392,0.693459,0.065851,0.172675,0.993254,0,0,0.115959,0.845152,0,0,0.534526,0.937657,0.100095,-0.0152003,-0.332491,0.871039,-0.133891,0.280231,-0.380571,0.90191,0,0,-0.431925,0.801558,0,0,-0.597917,0.508152,-0.118278,0.202175,0.828804,0.579165,-0.283771,-0.228623,0.729228,0.0721744,0.0373885,-0.635471,-0.160906,0.114743,-0.733642,0.121415,0.217202,-0.613855,-0.0332343,0.247309,-0.796658,0.116657,0.564193,-0.61934,0.0710987,0.536788,-0.818261,0.0642193,0.794001,-0.710337,0.140403,0.931754,-0.716255,0.244151,1.08156,-0.692009,0.13428,1.13355,-0.413464,0.463138,1.08378,-0.757708,-0.00476836,1.12627,-0.196663,0.561243,1.03942,-0.566374,0.3529,1.26731,-0.670433,-1.07898,0.0115456,0.379491,-1.07898,0.0115456,0.379491,-0.281051,0.935419,0.652633,0.154671,-2.93181,5.44434,-1.01287,7.71454,3.38351,0,0,0.377763,0,0,4.524,-0.931679,-2.5316,-2.89083,1.89633,2.19074,-0.281296,0,0,2.83964,0,0,3.27111,-2.94563,-0.680822,-1.96709,-2.75698,-1.09561,-0.38342,0.156346,0.795656,-0.677804,1,0.972802,-0.0634136,-0.0236927,-0.221525,6.16975,-0.0742603,-0.443583,0.558087,0.479012,-1.03169,0.993485,-0.88165,0.977656
0.99443,0.0497304,-0.0716761,-0.0591449,0.99443,0.0497304,-0.0716761,-0.0591449,0.875524,-0.138948,0.446507,0.121584,0.654882,0.0167962,-0.750123,-0.0903515,0.692752,0.661586,0.186534,0.218182,0.990807,0,0,0.13528,0.83003,0,0,0.557718,0.914402,0.0770422,-0.0648146,-0.392088,0.858527,-0.12619,0.295647,-0.399501,0.936352,0,0,-0.351063,0.855861,0,0,-0.517205,0.548634,-0.155855,0.211378,0.793744,0.599794,-0.29687,-0.215967,0.710967,0.0777029,0.0324142,-0.639385,-0.111563,0.0942557,-0.858734,0.115081,0.219744,-0.626493,-0.00165734,0.253688,-0.892362,0.11769,0.579204,-0.651159,0.090738,0.569334,-0.87492,0.0840653,0.820701,-0.749323,0.155444,0.961352,-0.749692,0.254138,1.11492,-0.726136,0.153995,1.18255,-0.441049,0.484554,1.15643,-0.811496,0.0315594,1.21073,-0.216815,0.610609,1.15936,-0.636538,0.355921,1.3048,-0.709028,-1.02305,0.0191633,0.266098,-1.02305,0.0191633,0.266098,-0.290438,0.256772,0.16122,0.379659,-2.50156,6.62887,-2.07023,8.09389,3.06607,0,0,1.16853,0,0,1.66124,-1.37458,-3.07232,-3.84573,0.447707,1.04963,-1.29909,0,0,5.27516,0,0,5.83908,-2.52295,0.402531,-3.52139,-0.742136,1.01636,-1.70412,0.171487,0.826659,-0.719374,1,0.977535,-0.0357838,-0.0249082,-0.206215,6.22334,-0.0634982,-0.413911,0.59538,0.800978,-1.16959,1.59306,-0.373268,1.0006
0.995326,0.0371351,-0.069849,-0.0553867,0.995326,0.0371351,-0.069849,-0.0553867,0.867874,-0.154275,0.451261,0.139128,0.635002,0.0102865,-0.772142,0.0215235,0.676245,0.6221,0.303392,0.252265,0.987621,0,0,0.156857,0.838069,0,0,0.545565,0.879001,0.0650938,-0.119832,-0.456903,0.851664,-0.129644,0.279724,-0.423811,0.976045,0,0,-0.217571,0.914938,0,0,-0.403594,0.624371,-0.156766,0.231928,0.729243,0.668313,-0.28,-0.184645,0.663976,0.0855365,0.0383962,-0.648533,-0.0474123,0.0882435,-0.975373,0.100692,0.235102,-0.65017,0.0352292,0.272184,-0.978548,0.108617,0.607987,-0.694416,0.106138,0.61331,-0.927912,0.102298,0.860705,-0.794952,0.171222,1.00257,-0.78874,0.267361,1.15761,-0.763265,0.181307,1.2397,-0.47193,0.497606,1.23667,-0.873498,0.079328,1.30758,-0.246904,0.649178,1.28072,-0.72353,0.361821,1.35028,-0.747828,-0.757791,0.111092,0.226911,-0.757791,0.111092,0.226911,-0.986064,0.374434,1.12228,-0.437215,-1.91717,7.62163,-2.37602,7.96301,2.39362,0,0,1.3087,0,0,-0.874287,-0.687914,-3.49092,-4.35596,-0.237664,-0.959855,-1.59714,0,0,8.36289,0,0,7.68842,0.279001,0.951666,-6.18179,1.70319,2.52791,-4.52486,0.18611,0.868609,-0.765067,1,0.979762,-0.00571947,-0.0190348,-0.199178,6.27956,-0.0395879,-0.401047,0.546991,1.20012,-1.36887,1.83057,-0.00906399,0.472675
0.996014,0.0282949,-0.0670088,-0.0516295,0.996014,0.0282949,-0.0670088,-0.0516295,0.844364,-0.187789,0.468722,0.179119,0.621527,-0.0320345,-0.77275,0.12464,0.629936,0.595516,0.420434,0.267911,0.984032,0,0,0.177989,0.872356,0,0,0.488871,0.84262,0.0608997,-0.162122,-0.509901,0.848717,-0.123724,0.242452,-0.453419,0.9964,0,0,-0.0847798,0.960349,0,0,-0.278801,0.710827,-0.0854781,0.276511,0.641061,0.750823,-0.233429,-0.163724,0.595794,0.0974126,0.0564808,-0.671937,0.0287244,0.0927858,-1.07868,0.0900601,0.258462,-0.688033,0.0782754,0.292646,-1.05445,0.100541,0.637315,-0.746068,0.121321,0.651363,-0.976765,0.119838,0.89693,-0.843246,0.186938,1.03931,-0.830403,0.280673,1.19531,-0.801389,0.211992,1.29267,-0.505921,0.500624,1.31089,-0.933329,0.139325,1.40127,-0.286609,0.674144,1.39468,-0.814197,0.362323,1.3909,-0.786631,-0.531631,0.171598,0.226492,-0.531631,0.171598,0.226492,-2.20385,1.34474,2.60596,-2.91372,-0.33076,7.11681,-1.04544,8.42222,1.39166,0,0,1.28613,0,0,-3.97609,-0.212587,-2.77739,-3.73104,0.365602,-2.33768,-1.90017,0,0,8.06658,0,0,7.97381,5.1065,2.43061,-7.55432,3.64609,1.76279,-5.87676,0.200985,0.908058,-0.812694,1,0.98051,0.0216418,-0.015897,-0.194623,6.33184,-0.0227524,-0.392444,0.526178,1.08676,-1.44884,1.64122,-0.140129,0.306927
0.996585,0.0192258,-0.0619638,-0.0510802,0.996585,0.0192258,-0.0619638,-0.0510802,0.783118,-0.19797,0.537905,0.241232,0.621585,-0.0904549,-0.746671,0.218935,0.549808,0.597069,0.525796,0.254474,0.977958,0,0,0.2088,0.923463,0,0,0.383686,0.820076,0.080807,-0.198615,-0.530564,0.848132,-0.0988976,0.199374,-0.480773,0.998655,0,0,-0.0518541,0.984808,0,0,-0.173647,0.737268,-0.00564852,0.30198,0.604328,0.81352,-0.192039,-0.139233,0.530961,0.0846185,0.0800654,-0.722611,0.106754,0.107919,-1.1614,0.077916,0.282935,-0.741705,0.125215,0.314193,-1.11737,0.102789,0.662342,-0.797424,0.139378,0.680445,-1.02111,0.136784,0.925171,-0.888894,0.202259,1.06772,-0.870297,0.29459,1.224,-0.838199,0.246965,1.3387,-0.54311,0.500025,1.36664,-0.982992,0.21423,1.48628,-0.339333,0.689397,1.48775,-0.899786,0.360652,1.42116,-0.816041,-0.545093,0.303814,0.0335909,-0.545093,0.303814,0.0335909,-0.928234,5.15107,4.27857,-4.0273,1.79908,6.50026,1.48701,8.45447,-0.334877,0,0,1.88427,0,0,-7.0206,1.30328,-2.41526,-1.58464,1.56827,-2.72086,-1.7357,0,0,1.98026,0,0,6.48078,5.31625,1.49251,-2.84959,3.0023,1.81508,-5.04977,0.216807,0.94038,-0.858651,1,0.980513,0.0429717,-0.0254791,-0.189995,6.37733,-0.0336426,-0.384383,0.508404,0.847216,-1.36943,1.13865,-0.818879,0.280244
0.996884,0.0159764,-0.0560147,-0.0531858,0.996884,0.0159764,-0.0560147,-0.0531858,0.769095,-0.197102,0.55351,0.251536,0.654867,-0.125877,-0.667074,0.332139,0.458936,0.610507,0.616196,0.192252,0.962453,0,0,0.271448,0.963233,0,0,0.268666,0.814102,0.105946,-0.203317,-0.53355,0.850494,-0.0713199,0.178273,-0.489686,0.992569,0,0,-0.121687,0.99405,0,0,-0.108929,0.733931,0.00758026,0.264065,0.625745,0.853604,-0.149972,-0.126302,0.482614,0.0396875,0.0965725,-0.810205,0.17831,0.120019,-1.21561,0.0585178,0.299474,-0.813554,0.171671,0.327863,-1.16359,0.109679,0.676759,-0.843843,0.15783,0.695574,-1.05913,0.148305,0.94065,-0.928487,0.212382,1.08343,-0.907096,0.303778,1.23968,-0.872346,0.280837,1.3684,-0.581407,0.499658,1.39743,-1.02512,0.297506,1.54683,-0.407484,0.694058,1.54928,-0.984927,0.367228,1.43669,-0.846549,-0.195279,0.357692,-0.126163,-0.195279,0.357692,-0.126163,-0.0105784,1.19814,0.752433,-2.32667,6.09771,7.49996,2.70218,8.18404,-3.86839,0,0,3.873,0,0,-7.30661,1.6206,-0.328699,-0.265032,1.74769,-1.34382,-0.537386,0,0,-4.20669,0,0,3.92317,0.87211,-2.47564,1.46326,2.83173,0.944322,-3.54034,0.230048,0.959312,-0.902339,1,0.980182,0.0484845,-0.0479224,-0.186002,6.39663,-0.0759819,-0.379382,0.345628,0.464386,-1.18778,0.0632321,-1.39413,0.18173
0.996955,0.0132508,-0.0501212,-0.0582422,0.996955,0.0132508,-0.0501212,-0.0582422,0.774415,-0.186135,0.559082,0.230352,0.694442,-0.180431,-0.560624,0.413395,0.405232,0.604737,0.67785,0.102956,0.937438,0,0,0.348152,0.983931,0,0,0.17855,0.810576,0.108722,-0.187261,-0.544132,0.849908,-0.0874331,0.171042,-0.490669,0.977832,0,0,-0.20939,0.996983,0,0,-0.0776142,0.708455,0.0352747,0.275404,0.648845,0.875217,-0.105606,-0.131614,0.453343,-0.00454478,0.115496,-0.929604,0.240308,0.121589,-1.24175,0.0406949,0.310348,-0.904463,0.215962,0.330376,-1.19394,0.116545,0.678825,-0.897235,0.178626,0.699582,-1.09661,0.157191,0.944893,-0.970104,0.218028,1.08822,-0.943776,0.307236,1.24427,-0.903174,0.309857,1.37816,-0.620885,0.499881,1.41055,-1.06363,0.376977,1.5712,-0.488898,0.688598,1.58238,-1.06807,0.37405,1.44094,-0.870905,-0.163724,0.354044,-0.303616,-0.163724,0.354044,-0.303616,0.737871,0.290536,-1.40863,-3.52128,7.83014,5.09282,0.679616,5.79465,-6.4089,0,0,4.84208,0,0,-5.54972,0.186693,1.01245,-0.722328,-1.01921,-0.454636,-0.0686628,0,0,-5.33775,0,0,1.88721,1.84959,0.926316,1.94384,2.85104,-0.271611,-2.06655,0.240757,0.965883,-0.946339,1,0.979535,0.0593176,-0.0777685,-0.17591,6.42852,-0.131867,-0.364995,0.266563,0.127278,-1.24852,0.276935,-1.90775,0.530717
0.996853,0.00517387,-0.0447638,-0.0652204,0.996853,0.00517387,-0.0447638,-0.0652204,0.792527,-0.188598,0.538998,0.214039,0.715872,-0.270145,-0.464642,0.44571,0.402225,0.579162,0.708242,0.0343425,0.91208,0,0,0.410013,0.993631,0,0,0.112687,0.797643,0.130265,-0.193264,-0.556279,0.848586,-0.120427,0.153068,-0.491905,0.959201,0,0,-0.282725,0.997464,0,0,-0.0711765,0.689438,0.0538809,0.283308,0.664461,0.888476,-0.0301793,-0.168152,0.42594,-0.0321972,0.135705,-1.06494,0.285093,0.111804,-1.24866,0.0309996,0.316617,-1.00764,0.253528,0.322676,-1.21351,0.124812,0.669876,-0.956201,0.202064,0.694414,-1.133,0.168691,0.938953,-1.01341,0.225615,1.08249,-0.980599,0.313278,1.23774,-0.934265,0.344426,1.36952,-0.666175,0.505285,1.40564,-1.10543,0.460453,1.5577,-0.581407,0.685152,1.58454,-1.15109,0.383824,1.43338,-0.899187,-0.485099,0.321682,-0.419251,-0.485099,0.321682,-0.419251,-0.077924,-1.53918,-1.15285,-5.85892,6.68493,1.91775,-1.87502,2.37572,-5.19101,0,0,4.01216,0,0,-3.99517,1.42064,-0.44376,-0.948298,-2.08862,-1.13127,-0.0928129,0,0,-4.54095,0,0,0.387334,1.26592,0.666257,1.36808,4.73262,-2.23907,-1.84065,0.253774,0.960562,-0.991971,1,0.97787,0.0792414,-0.103927,-0.163372,6.47636,-0.178306,-0.348403,0.345003,-0.178182,-1.29925,0.842474,-1.80044,0.719293
0.996671,-0.00703057,-0.0397629,-0.0708327,0.996671,-0.00703057,-0.0397629,-0.0708327,0.821604,-0.204738,0.491037,0.204771,0.721555,-0.375766,-0.379892,0.440273,0.413401,0.562022,0.716124,-0.0199494,0.894845,0,0,0.446376,0.997625,0,0,0.0688766,0.77792,0.178967,-0.220476,-0.560537,0.856455,-0.140155,0.115259,-0.483278,0.940316,0,0,-0.340304,0.995074,0,0,-0.0991326,0.704552,0.0283796,0.272433,0.654661,0.883968,-0.0299116,-0.168657,0.435042,-0.038821,0.156122,-1.20608,0.307029,0.0946706,-1.24701,0.0324545,0.319947,-1.11325,0.279569,0.307526,-1.22462,0.133974,0.652958,-1.01463,0.224783,0.681875,-1.16564,0.181402,0.924162,-1.0549,0.236824,1.06694,-1.01691,0.326083,1.22059,-0.968624,0.392575,1.34146,-0.719491,0.516058,1.3832,-1.1547,0.554531,1.50391,-0.682653,0.690423,1.55624,-1.2361,0.402534,1.41448,-0.93816,-0.733061,0.300222,-0.337352,-0.733061,0.300222,-0.337352,-0.901512,-3.43062,-0.738067,-6.96078,5.68398,-0.424875,-1.51918,0.317619,-4.1083,0,0,2.41462,0,0,-2.63972,3.22118,-1.85662,-0.538776,-1.22238,-2.41096,0.63137,0,0,-3.63636,0,0,-1.68354,-1.72234,-0.836757,-0.914876,0.013721,-0.0482114,0.61039,0.270516,0.944452,-1.0387,1,0.975661,0.100264,-0.114424,-0.157927,6.5216,-0.192801,-0.344113,0.381349,-0.443727,-1.24477,1.10723,-0.86169,0.379089
0.996201,-0.0185688,-0.035411,-0.0773596,0.996201,-0.0185688,-0.035411,-0.0773596,0.846028,-0.214559,0.44789,0.193895,0.717702,-0.47969,-0.284826,0.416745,0.405984,0.562267,0.713876,-0.0970235,0.893013,0,0,0.45003,0.999068,0,0,0.0431712,0.75936,0.228,-0.24016,-0.5601,0.865516,-0.167079,0.0879427,-0.463932,0.923727,0,0,-0.383051,0.98176,0,0,-0.190124,0.741917,-0.0308016,0.284872,0.606183,0.808896,-0.0499831,-0.175979,0.558767,-0.0205975,0.180282,-1.34504,0.289445,0.0843921,-1.24627,0.0479242,0.323974,-1.2166,0.284518,0.294279,-1.23665,0.144688,0.634968,-1.07422,0.247593,0.668374,-1.1991,0.193379,0.906931,-1.0963,0.248415,1.04833,-1.05334,0.340719,1.19939,-1.00307,0.437986,1.29728,-0.776611,0.529774,1.35401,-1.20236,0.636833,1.41634,-0.783102,0.700116,1.51508,-1.31283,0.425532,1.39024,-0.975526,-0.693238,0.261073,-0.392778,-0.693238,0.261073,-0.392778,-0.506603,-3.00603,-0.803179,-6.93447,6.27242,-1.51839,0.164061,0.0153119,-5.8383,0,0,0.245259,0,0,-1.5448,3.28415,-1.38559,-0.224625,-1.66347,-1.74006,1.31403,0,0,-2.75143,0,0,-5.51954,-3.91872,0.559676,-3.80854,-1.33843,-0.757413,8.67815,0.287104,0.924538,-1.08528,1,0.972534,0.120019,-0.124205,-0.156036,6.56496,-0.205577,-0.34743,0.35929,-0.516941,-1.24186,1.06963,-0.792687,0.157856
0.995416,-0.0309653,-0.0325093,-0.0844513,0.995416,-0.0309653,-0.0325093,-0.0844513,0.86149,-0.215961,0.420722,0.1849,0.717464,-0.553058,-0.163141,0.39084,0.390052,0.554811,0.710837,-0.186425,0.904739,0,0,0.425967,0.999182,0,0,0.0404351,0.75062,0.271397,-0.245173,-0.550275,0.878268,-0.201566,0.0682107,-0.42821,0.911293,0,0,-0.411758,0.960943,0,0,-0.276746,0.784057,-0.0991054,0.300223,0.534134,0.729397,-0.0538423,-0.186834,0.655876,0.0183226,0.192874,-1.4732,0.280916,0.0737909,-1.24814,0.0748897,0.315728,-1.31455,0.294822,0.277116,-1.25017,0.15373,0.60646,-1.13502,0.267935,0.64551,-1.23294,0.199541,0.877859,-1.13802,0.255569,1.01676,-1.08911,0.352653,1.16346,-1.03563,0.469582,1.22818,-0.835273,0.540429,1.30848,-1.24753,0.690217,1.29467,-0.880727,0.704184,1.45586,-1.38407,0.448072,1.34951,-1.00756,-0.745221,0.17381,-0.427371,-0.745221,0.17381,-0.427371,-0.0133038,-1.86611,-0.633747,-4.87294,8.07546,-1.71696,-0.251675,0.17053,-6.87117,0,0,-1.60617,0,0,-0.164307,2.89357,-0.380255,0.523303,-2.11014,-1.25936,2.3663,0,0,-1.8771,0,0,-5.34711,-4.38956,0.699994,-5.28873,-0.351699,-1.05772,7.49757,0.301432,0.891381,-1.13061,1,0.966952,0.141741,-0.138938,-0.160029,6.61614,-0.225226,-0.366026,0.184874,-0.872162,-1.25148,1.19974,-1.07604,-0.229535
