0.998158,0.0364336,-0.00354426,0.0483711,0.998158,0.0364336,-0.00354426,0.0483711,1,-0,-0,0,0.381976,-0.194379,-0.129539,-0.894165,0.661073,0.261411,0.0546066,-0.701189,0.58682,0,0,0.809718,0.620334,0,0,0.784338,0.873914,0.146995,0.00642572,-0.463277,0.682975,-0.00309468,0.0866063,-0.725282,0.996807,0,0,-0.0798503,0.93003,0,0,-0.367483,0.616418,-0.0467102,-0.0593928,0.783785,0.737421,-0.0385542,-0.0352076,0.673412,0.136298,0.0818239,0.0421554,-0.536824,0.289834,-0.0585712,0.0872243,0.270646,0.0463526,-0.360733,0.394605,-0.062881,0.0212515,0.64799,0.0660145,-0.104718,0.644679,-0.0630805,0,0.895375,0,0.0492598,1.04508,-0.00993514,0.0875101,1.22532,-0.00844986,-0.0212088,1.21631,0.213455,0.0977835,1.17514,-0.23844,-0.0321291,1.07243,0.265093,0.189917,1.04289,-0.253007,0.123708,1.44198,-0.000466494,0,0,0,0,0,0,0,0,0,0,0,0,0,0,0,0,0,0,0,0,0,0,0,0,0,0,0,0,0,0,0,0,0,0,0,0,0,0,0,0.00629572,0.902572,-0.00474551,1,0.981671,-0.0532053,-0.0234831,-0.181492,-0.0962909,-0.0654649,-0.362478,0,0,0,0,0,0
0.998531,0.0417026,-0.00288916,0.0344872,0.998531,0.0417026,-0.00288916,0.0344872,1,-0,-0,0,0.434034,-0.220557,-0.130759,-0.863638,0.647465,0.255412,0.0321227,-0.717302,0.598471,0,0,0.801145,0.662353,0,0,0.749192,0.871008,0.130989,0.0186501,-0.473116,0.688099,0.0114151,0.0879775,-0.720173,0.98463,0,0,-0.174654,0.877418,0,0,-0.479726,0.657483,-0.00974633,-0.011167,0.753324,0.721736,-0.0390461,-0.0373322,0.690057,0.182309,0.048832,0.0382682,-0.440287,0.314556,-0.0636522,0.163337,0.24596,0.0506664,-0.249826,0.386711,-0.0646113,0.12086,0.621758,0.0736267,0.00352167,0.609844,-0.0590145,0.0910284,0.867807,0.00535131,0.134308,1.01934,-0.0055577,0.17044,1.20008,-0.00295439,0.0714704,1.17814,0.224962,0.17735,1.15086,-0.229506,0.078058,1.03129,0.277903,0.262566,1.00151,-0.244486,0.206478,1.41666,0.00744247,0.316022,0.0393521,-0.833803,0.316022,0.0393521,-0.833803,0,0,0,-1.6019,0.144668,3.90903,-0.312948,-1.51381,-1.35762,0,0,-0.867918,0,0,-3.28726,-0.994427,0.767139,-0.64702,0.974561,0.0803939,0.440657,0,0,-5.73712,0,0,-7.44244,2.56457,3.34416,-2.95611,-0.0478473,-0.154724,1.36948,0.0960088,0.87653,0.000532728,1,0.985667,-0.0594293,-0.0303935,-0.154933,-0.108281,-0.0784113,-0.30757,2.73085,-0.827024,0.160539,-0.466574,-0.248865,1.62136
0.998797,0.0478917,-0.0010069,0.0104743,0.998797,0.0478917,-0.0010069,0.0104743,1,-0,-0,0,0.500607,-0.247282,-0.130353,-0.8193,0.63176,0.250976,0.0104179,-0.733336,0.611118,0,0,0.791539,0.705327,0,0,0.708882,0.869761,0.106573,0.0426992,-0.479932,0.697515,0.0213555,0.0927039,-0.710227,0.946234,0,0,-0.323484,0.805507,0,0,-0.592586,0.591934,0.00716457,0.00975429,0.805896,0.698379,-0.0400421,-0.0409054,0.713436,0.201796,0.0405563,0.0370391,-0.31901,0.329664,-0.0670005,0.22885,0.230946,0.0552701,-0.121512,0.370878,-0.0642179,0.220602,0.594103,0.080383,0.115839,0.569996,-0.0538975,0.176313,0.836666,0.0100155,0.211607,0.990202,-0.00215622,0.24695,1.17112,0.00202585,0.160729,1.13525,0.234789,0.251466,1.12413,-0.22188,0.18846,0.987323,0.287532,0.323912,0.956201,-0.238305,0.286153,1.38696,0.0157696,0.371274,0.112996,-1.44153,0.371274,0.112996,-1.44153,0,0,0,-1.4573,0.314742,5.10003,-0.194385,-1.47628,-1.41015,0,0,-0.952899,0,0,-3.53576,-1.5284,1.50956,-0.440848,0.662123,0.294535,0.8423,0,0,-9.23131,0,0,-8.03541,1.16221,1.43946,5.04459,-0.0900248,-0.261326,1.97723,0.18264,0.847931,0.00550359,1,0.989867,-0.0675229,-0.0441933,-0.11684,-0.124333,-0.103454,-0.228539,2.55854,-0.934251,0.139925,-0.661622,-0.597562,2.32702
0.998734,0.0493579,0.000960548,-0.00969346,0.998734,0.0493579,0.000960548,-0.00969346,1,-0,-0,0,0.580083,-0.27572,-0.125807,-0.756078,0.609717,0.236467,-0.000458833,-0.756523,0.627462,0,0,0.778647,0.739406,0,0,0.67326,0.843474,0.103377,0.040307,-0.525585,0.724091,0.0339814,0.0788025,-0.684345,0.923602,0,0,-0.383352,0.73124,0,0,-0.68212,0.526651,0.0065691,0.0106022,0.84999,0.673746,-0.0359359,-0.0393119,0.737041,0.216059,0.0357507,0.0362385,-0.17572,0.330494,-0.0697965,0.272355,0.21395,0.0572729,0.0224858,0.353929,-0.061392,0.300894,0.567143,0.0847891,0.232721,0.540505,-0.0477412,0.260943,0.813111,0.0133957,0.28956,0.968005,0.00103064,0.324703,1.14892,0.00639806,0.263139,1.09924,0.244917,0.3191,1.10552,-0.215615,0.319743,0.954008,0.294804,0.37322,0.922346,-0.238526,0.367306,1.36397,0.0222266,0.0880649,0.118096,-1.21057,0.0880649,0.118096,-1.21057,0,0,0,-1.3978,0.633067,6.40876,-0.8503,-0.747018,-2.05839,0,0,-1.24904,0,0,-2.95817,-0.139344,-0.126242,-3.17589,0.821388,-0.983633,2.1981,0,0,-3.8408,0,0,-6.9835,-0.0287913,0.07976,4.72776,0.251323,0.0811161,2.05536,0.268655,0.824786,0.00967097,1,0.992775,-0.0687409,-0.0490237,-0.085255,-0.129258,-0.109277,-0.164251,2.53888,-0.706624,0.101407,-0.178196,-0.142699,1.91294
0.999076,0.0407599,0.00111077,-0.013588,0.999076,0.0407599,0.00111077,-0.013588,1,-0,-0,0,0.651664,-0.299809,-0.120658,-0.686214,0.567475,0.213129,-0.00038726,-0.795329,0.624198,0,0,0.781266,0.748679,0,0,0.662933,0.816211,0.0873585,0.0243373,-0.570593,0.770512,0.0251505,0.0604771,-0.634051,0.920288,0,0,-0.391242,0.68779,0,0,-0.72591,0.487026,0.000989709,0.00177485,0.873385,0.659799,-0.0378143,-0.0429416,0.749261,0.229375,0.0378304,0.0345293,-0.0279861,0.312954,-0.0684358,0.303833,0.205748,0.0569945,0.168259,0.341606,-0.0573934,0.368354,0.552731,0.0861915,0.349598,0.533985,-0.0441508,0.346989,0.805968,0.0160931,0.374411,0.961403,0.00778774,0.409793,1.14228,0.0147293,0.373052,1.08511,0.256646,0.389827,1.10496,-0.206473,0.458515,0.9537,0.300698,0.420111,0.914859,-0.236024,0.453484,1.35708,0.0309161,-0.516374,0.00900962,-0.233677,-0.516374,0.00900962,-0.233677,0,0,0,-1.08579,0.603896,6.27994,-1.35667,0.00448548,-3.65838,0,0,0.251123,0,0,-0.832727,-0.95972,-0.99623,-3.20942,-0.613668,-1.28299,4.06037,0,0,-0.51348,0,0,-3.70194,-0.398926,-0.630896,2.76486,-0.140931,-0.261082,1.1046,0.356324,0.816954,0.0148392,1,0.993875,-0.0520529,-0.0559728,-0.079808,-0.0953615,-0.119855,-0.15453,2.58141,-0.214303,0.0809233,0.947071,-0.473624,0.407852
0.999676,0.0240065,0.00040393,-0.00840471,0.999676,0.0240065,0.00040393,-0.00840471,1,-0,-0,0,0.699802,-0.317349,-0.126974,-0.627251,0.517799,0.190461,0.00564141,-0.834012,0.604027,0,0,0.796964,0.741928,0,0,0.67048,0.781953,0.0637594,-0.0100479,-0.619987,0.817451,-0.0055009,0.0353623,-0.574885,0.938578,0,0,-0.345066,0.693931,0,0,-0.720042,0.48934,-0.00944934,-0.0168363,0.871879,0.635352,-0.0449598,-0.0544166,0.76899,0.245212,0.0467072,0.0317405,0.121167,0.278186,-0.0615676,0.327094,0.211399,0.0536789,0.309041,0.335308,-0.0507636,0.426316,0.557415,0.0832198,0.463864,0.55276,-0.0424601,0.435998,0.818371,0.0163441,0.465385,0.973763,0.0155241,0.50163,1.15449,0.0244165,0.482449,1.09809,0.270212,0.468447,1.12491,-0.196614,0.586278,0.986642,0.310915,0.476197,0.935115,-0.230887,0.545697,1.36929,0.0396917,-1.0058,-0.0424284,0.311194,-1.0058,-0.0424284,0.311194,0,0,0,-0.78938,-0.268038,4.8169,-1.31157,0.433447,-3.9805,0,0,1.53362,0,0,0.607533,-1.45787,-2.20775,-3.66281,-1.98795,-1.6734,4.49132,0,0,2.98028,0,0,0.509638,-0.760987,-1.35672,-0.174467,-0.515055,-0.815281,1.85169,0.445265,0.82771,0.0198708,1,0.993613,-0.0210352,-0.0653612,-0.0895447,-0.0303734,-0.134056,-0.177716,2.67025,0.372075,0.00753031,1.83693,-0.739815,-0.448474
0.999989,0.00430002,-1.72328e-05,0.00200405,0.999989,0.00430002,-1.72328e-05,0.00200405,1,-0,-0,0,0.725702,-0.323526,-0.135196,-0.591954,0.468387,0.181131,0.0146983,-0.864632,0.579154,0,0,0.815218,0.733754,0,0,0.679416,0.741502,0.0367019,-0.0474166,-0.668266,0.850729,-0.0387991,-0.00483027,-0.524148,0.962701,0,0,-0.270567,0.745485,0,0,-0.666523,0.548986,-0.0209118,-0.0318051,0.834964,0.619129,-0.057242,-0.0721037,0.779874,0.266524,0.0684689,0.0306792,0.277946,0.232328,-0.0469811,0.352652,0.236611,0.0488496,0.446057,0.331454,-0.0379124,0.485897,0.581163,0.0764929,0.573886,0.588298,-0.0385347,0.530772,0.845317,0.0156219,0.562833,1.00006,0.0229374,0.599233,1.18075,0.0330492,0.591602,1.1284,0.281713,0.554093,1.15915,-0.189695,0.703589,1.03402,0.319705,0.543843,0.972622,-0.229111,0.642091,1.39595,0.0458391,-1.18255,-0.0252724,0.624581,-1.18255,-0.0252724,0.624581,0,0,0,-0.198198,-0.459754,2.75178,-0.38648,0.675191,-3.5661,0,0,1.85118,0,0,0.726651,-1.71644,-2.46775,-3.78968,-2.09944,-2.56623,3.64479,0,0,4.69961,0,0,4.45967,-0.796831,-1.03227,-4.2351,-0.867815,-1.24506,1.09777,0.537406,0.852666,0.0243729,1,0.991984,0.0139549,-0.0697777,-0.10442,0.0426648,-0.135941,-0.21266,2.84321,0.8084,-0.0216689,2.11907,-0.476565,-0.752969
0.999799,-0.0125692,0.00039279,0.0156157,0.999799,-0.0125692,0.00039279,0.0156157,1,-0,-0,0,0.739723,-0.326955,-0.134137,-0.57264,0.425723,0.175041,0.0266936,-0.88736,0.557136,0,0,0.830421,0.72658,0,0,0.687082,0.711813,0.0166192,-0.0833201,-0.697211,0.870531,-0.0686156,-0.0241699,-0.486707,0.977477,0,0,-0.211041,0.820028,0,0,-0.572323,0.654186,-0.0405863,-0.0467661,0.753794,0.616248,-0.0582629,-0.0739251,0.781908,0.299709,0.102278,0.0331788,0.448651,0.184813,-0.0306608,0.394004,0.276027,0.0471553,0.582894,0.326433,-0.0292395,0.554988,0.615149,0.0708016,0.677984,0.62714,-0.0400882,0.628908,0.877403,0.0143159,0.664676,1.03084,0.0282788,0.701186,1.21145,0.0388208,0.701133,1.16287,0.288251,0.646483,1.1967,-0.185602,0.816083,1.08004,0.322111,0.622832,1.01438,-0.229766,0.742151,1.42718,0.0486303,-1.0122,0.024603,0.81676,-1.0122,0.024603,0.81676,0,0,0,-0.111589,0.11734,1.47986,-0.197937,0.920626,-2.94003,0,0,1.60551,0,0,0.629942,-1.30839,-2.42399,-2.42726,-1.85318,-1.21105,2.58172,0,0,3.68058,0,0,7.21191,-1.27592,-0.922509,-8.02851,-0.0751561,-0.131661,0.203543,0.63388,0.882668,0.0268242,1,0.988645,0.042803,-0.0730574,-0.124143,0.103893,-0.134231,-0.256819,2.9441,0.96258,-0.0391788,1.7822,-0.373489,-1.07698
0.999458,-0.0202124,0.00105184,0.0259774,0.999458,-0.0202124,0.00105184,0.0259774,1,-0,-0,0,0.748665,-0.331035,-0.124533,-0.560721,0.394109,0.173618,0.0363723,-0.901783,0.539576,0,0,0.841937,0.719685,0,0,0.694301,0.688759,0.0326639,-0.132546,-0.712022,0.878724,-0.0844473,-0.0287746,-0.468918,0.984429,0,0,-0.175783,0.894039,0,0,-0.447989,0.75977,-0.0711965,-0.0602976,0.643463,0.618279,-0.0574985,-0.0725834,0.780485,0.345915,0.139058,0.0394151,0.63528,0.143501,-0.0104225,0.452721,0.315772,0.0513551,0.72259,0.317969,-0.0194179,0.634619,0.647443,0.0714698,0.776519,0.657048,-0.0413208,0.728229,0.904825,0.0139283,0.767127,1.05726,0.0297369,0.80369,1.23787,0.0390178,0.812852,1.19169,0.287395,0.739556,1.22807,-0.186177,0.92915,1.11625,0.314166,0.706861,1.04972,-0.23315,0.842976,1.45402,0.0456938,-0.458761,0.0395529,0.621922,-0.458761,0.0395529,0.621922,0,0,0,-0.194882,0.659796,0.909235,0.0848793,0.766012,-2.0766,0,0,1.25993,0,0,0.598944,1.08685,-3.3538,-1.41068,-0.977799,-0.283632,1.20109,0,0,2.15627,0,0,8.68929,-1.889,-0.756616,-9.25798,0.0560834,0.0968332,-0.142751,0.733258,0.908485,0.0277987,1,0.986494,0.0527666,-0.06788,-0.139418,0.124238,-0.119497,-0.288235,2.97962,0.822651,-0.0116284,0.702112,0.26272,-0.865207
0.999324,-0.0158898,0.00105469,0.0331203,0.999324,-0.0158898,0.00105469,0.0331203,1,-0,-0,0,0.75284,-0.339017,-0.112961,-0.552757,0.3794,0.17746,0.0426225,-0.907054,0.525605,0,0,0.850729,0.7149,0,0,0.699227,0.672827,0.0506286,-0.143589,-0.723963,0.884025,-0.0857265,-0.0175744,-0.459175,0.985377,0,0,-0.170387,0.94913,0,0,-0.314884,0.813992,-0.0515884,-0.0365953,0.577422,0.615334,-0.0526393,-0.0670375,0.783644,0.395857,0.175775,0.0430051,0.829227,0.115541,0.00752399,0.516976,0.348195,0.0562123,0.863385,0.306832,-0.00949074,0.718239,0.669004,0.0748773,0.869644,0.67071,-0.0402676,0.824531,0.91976,0.0140038,0.866659,1.07163,0.026368,0.903937,1.25218,0.0331353,0.920501,1.20759,0.280258,0.834436,1.2444,-0.192945,1.03657,1.13634,0.300057,0.798204,1.0684,-0.241309,0.942606,1.46851,0.0375374,0.259361,0.000173473,0.428741,0.259361,0.000173473,0.428741,0,0,0,-0.488516,0.770695,0.579497,0.385855,0.498106,-0.879112,0,0,0.990436,0,0,0.412067,1.22709,-0.801632,-1.106,-0.0699903,0.702625,0.663151,0,0,0.328746,0,0,8.65085,1.34778,1.59574,-5.0635,0.331079,0.377287,0.282866,0.831792,0.923113,0.0262895,1,0.985657,0.0401744,-0.0598801,-0.152578,0.0981768,-0.105981,-0.312371,2.88906,0.448067,0.0022658,-0.622196,0.617144,-0.811972
0.999342,-0.004719,0.000339982,0.0359515,0.999342,-0.004719,0.000339982,0.0359515,1,-0,-0,0,0.750838,-0.347145,-0.0997178,-0.552983,0.383315,0.187763,0.0431484,-0.903301,0.519175,0,0,0.854668,0.7181,0,0,0.69594,0.661357,0.0623459,-0.131319,-0.73585,0.885046,-0.0823107,0.0032171,-0.458157,0.978382,0,0,-0.206805,0.982064,0,0,-0.188547,0.799995,-0.00440247,-0.00330176,0.599982,0.606176,-0.0304762,-0.0399065,0.793744,0.448654,0.2165,0.0453496,1.01773,0.103049,0.0202344,0.585522,0.37478,0.0626283,1.00209,0.295713,0.000458252,0.807916,0.677927,0.0821976,0.962512,0.669794,-0.03568,0.92088,0.922304,0.0155034,0.964782,1.07406,0.0216093,1.0025,1.2546,0.0254084,1.02139,1.21054,0.271171,0.933663,1.24467,-0.202518,1.13619,1.13924,0.286278,0.899292,1.06759,-0.251422,1.04093,1.471,0.0283436,0.670398,-0.042892,0.169898,0.670398,-0.042892,0.169898,0,0,0,-0.549498,0.862395,-0.0421456,0.763043,0.0342158,0.415027,0,0,0.452489,0,0,-0.275209,0.810515,0.788453,-1.02854,0.215104,1.298,0.0737897,0,0,-2.22516,0,0,7.8391,3.01944,2.1304,1.64181,1.52386,1.86478,0.903351,0.930326,0.926841,0.0247803,1,0.985736,0.0151559,-0.0538442,-0.158734,0.047234,-0.101515,-0.321721,2.89048,0.0762922,0.0449867,-1.40256,0.601185,-0.438728
0.999415,0.0036113,-0.000246022,0.0340032,0.999415,0.0036113,-0.000246022,0.0340032,1,-0,-0,0,0.740831,-0.349855,-0.0818063,-0.567519,0.403443,0.19965,0.039095,-0.892101,0.521074,0,0,0.853512,0.728022,0,0,0.685554,0.654321,0.0577916,-0.111232,-0.745755,0.880428,-0.0761199,0.0147559,-0.467798,0.963269,0,0,-0.268539,0.99543,0,0,-0.0954956,0.778264,0.0268192,0.0216064,0.626992,0.590684,-0.0161875,-0.0221002,0.806438,0.511275,0.252141,0.0501491,1.17734,0.0974503,0.0275903,0.665487,0.39052,0.0709473,1.12813,0.28312,0.00811233,0.905496,0.672401,0.0892532,1.0577,0.657602,-0.0309423,1.01903,0.913403,0.0161088,1.06222,1.06549,0.0169431,1.09948,1.24618,0.0179942,1.11571,1.20131,0.261416,1.03473,1.22971,-0.211132,1.22793,1.12462,0.273511,1.00682,1.04842,-0.258546,1.13755,1.46266,0.0192801,0.499922,-0.0351676,-0.116977,0.499922,-0.0351676,-0.116977,0,0,0,-0.264605,1.15357,-1.09383,0.766293,-0.338014,1.49511,0,0,-0.133425,0,0,-0.861846,-0.298026,1.34174,-0.813622,0.378625,0.721638,-0.649271,0,0,-3.81408,0,0,5.64246,2.02305,1.61406,2.06372,0.984057,1.22545,1.23786,1.02886,0.919669,0.0232711,1,0.986705,-0.00517775,-0.0493699,-0.154752,0.00508742,-0.0991921,-0.311393,2.94443,-0.267023,0.0181624,-1.17384,0.457838,0.183127
0.999542,0.00829098,-0.000483241,0.0291024,0.999542,0.00829098,-0.000483241,0.0291024,1,-0,-0,0,0.725144,-0.352583,-0.0563603,-0.588791,0.430609,0.211745,0.0346282,-0.876665,0.538951,0,0,0.842337,0.738961,0,0,0.673748,0.659974,0.0391951,-0.0830543,-0.745655,0.877713,-0.0744702,0.0287605,-0.47249,0.931459,0,0,-0.363846,0.996376,0,0,-0.0850603,0.767035,0.033377,0.0278549,0.64013,0.575699,-0.0233197,-0.0330802,0.81666,0.584572,0.288275,0.0594676,1.28965,0.0834982,0.0313347,0.758572,0.398704,0.0822584,1.2347,0.266304,0.0117918,1.00872,0.655033,0.0963325,1.15638,0.639489,-0.0282007,1.11482,0.896954,0.0164645,1.15568,1.04968,0.0131942,1.19189,1.2306,0.0114766,1.20224,1.18504,0.251766,1.13384,1.2052,-0.218438,1.3121,1.09719,0.261884,1.11554,1.01903,-0.262822,1.22951,1.44715,0.0104305,0.280815,-0.0142346,-0.294175,0.280815,-0.0142346,-0.294175,0,0,0,-0.318529,1.65181,-1.63166,0.717289,-0.371028,1.99418,0,0,-1.26497,0,0,-0.965722,-1.27124,1.9298,0.120654,0.0986592,0.877184,-0.321626,0,0,-6.03104,0,0,0.628688,0.434491,0.412923,1.02659,-0.508076,-0.780955,1.0689,1.12458,0.904896,0.0219816,1,0.988157,-0.0201946,-0.0483031,-0.144236,-0.026114,-0.101462,-0.288555,2.87389,-0.49345,0.0106713,-0.909879,0.210167,0.591323
0.99989,0.00576593,-0.000157857,0.013684,0.99989,0.00576593,-0.000157857,0.013684,1,-0,-0,0,0.704657,-0.355178,-0.0286067,-0.613587,0.462679,0.219731,0.0370215,-0.858065,0.565158,0,0,0.824983,0.744958,0,0,0.667111,0.664208,0.0172386,-0.0632355,-0.744669,0.868861,-0.0900671,0.0477975,-0.484441,0.878311,0,0,-0.47809,0.98542,0,0,-0.170138,0.756397,0.0349355,0.0301361,0.652484,0.611155,-0.0574484,-0.07388,0.785959,0.679623,0.335229,0.067446,1.34675,0.0654911,0.0370336,0.870011,0.41148,0.0913925,1.31818,0.256649,0.0133165,1.11967,0.639093,0.101334,1.26067,0.629097,-0.0286502,1.20953,0.886376,0.0168188,1.24372,1.04073,0.0115583,1.27812,1.22202,0.00714868,1.28141,1.17702,0.244449,1.22698,1.18664,-0.222525,1.38691,1.074,0.253333,1.2209,0.99722,-0.263036,1.31647,1.43841,0.00272208,-0.151566,0.0195271,-0.925345,-0.151566,0.0195271,-0.925345,0,0,0,-0.357759,1.82182,-1.96243,0.361537,0.139311,2.31381,0,0,-1.88601,0,0,-0.536683,-1.49246,1.35259,0.151676,-0.993633,1.20058,-0.843048,0,0,-7.56513,0,0,-5.14836,0.110625,0.156457,0.974729,-2.33898,-2.79088,-2.95758,1.21735,0.896141,0.0211445,1,0.991949,-0.0244822,-0.047736,-0.114716,-0.0378176,-0.100489,-0.22837,2.84127,-0.317354,0.0106304,-0.330309,0.117504,1.77014
0.999986,-1.5908e-05,-1.72716e-07,-0.00532891,0.999986,-1.5908e-05,-1.72716e-07,-0.00532891,1,-0,-0,0,0.675941,-0.364324,-0.00258691,-0.640598,0.500939,0.223479,0.0472615,-0.834795,0.599488,0,0,0.800384,0.744972,0,0,0.667096,0.679868,3.66615e-05,-0.0589416,-0.730962,0.870283,-0.0765029,0.0330978,-0.485448,0.803827,0,0,-0.594863,0.944623,0,0,-0.328157,0.740187,0.0415829,0.0376431,0.670058,0.555552,-0.0608051,-0.0902231,0.824333,0.80009,0.354684,0.0753035,1.36591,0.0526459,0.0422681,0.999288,0.397452,0.0995703,1.38694,0.239756,0.0145484,1.23439,0.598437,0.10418,1.36649,0.599926,-0.0300584,1.29958,0.852981,0.0149906,1.32675,1.00873,0.00952171,1.36052,1.19011,0.0033193,1.3568,1.14657,0.239476,1.31557,1.14572,-0.225404,1.45362,1.02391,0.248075,1.3241,0.955813,-0.263111,1.40171,1.40589,-0.00398034,-0.346923,0.00946138,-1.1408,-0.346923,0.00946138,-1.1408,0,0,0,-0.883817,1.73374,-2.28308,0.000615034,0.696943,2.7465,0,0,-2.53417,0,0,-0.00126353,-1.1658,0.315569,1.23362,0.853828,-0.923728,-0.0478306,0,0,-8.31699,0,0,-9.80297,0.451469,0.506106,1.41865,-0.330549,-1.2771,3.98742,1.30786,0.865763,0.0199982,1,0.995453,-0.0211002,-0.0422292,-0.0827295,-0.0351636,-0.0876779,-0.164291,2.70152,-1.00186,-0.0548465,0.152746,0.361559,1.92983
0.99972,-0.00686976,-0.000311573,-0.0226581,0.99972,-0.00686976,-0.000311573,-0.0226581,1,-0,-0,0,0.639927,-0.356777,0.01851,-0.680339,0.550732,0.238126,0.0564575,-0.797999,0.638508,0,0,0.769615,0.750685,0,0,0.66066,0.709855,-0.0135853,-0.0510659,-0.702363,0.852283,-0.0788165,0.0199234,-0.516725,0.726681,0,0,-0.686975,0.914372,0,0,-0.404875,0.713777,0.0478796,0.0467654,0.697168,0.491341,-0.0555795,-0.097698,0.863684,0.939818,0.359863,0.085057,1.38019,0.0490983,0.0429866,1.14082,0.380953,0.104508,1.43432,0.224004,0.0140074,1.35116,0.565253,0.102616,1.45076,0.572404,-0.0323883,1.38595,0.826215,0.0129912,1.40828,0.982726,0.00862196,1.44332,1.16377,0.00139229,1.42905,1.12198,0.23578,1.40739,1.11045,-0.22766,1.50896,0.976365,0.247214,1.43437,0.920515,-0.264108,1.4893,1.3785,-0.00822625,-0.41127,-0.0186858,-1.03988,-0.41127,-0.0186858,-1.03988,0,0,0,0.162413,1.44113,-3.34193,0.697158,0.580354,3.89204,0,0,-2.98178,0,0,-0.516308,-0.90688,0.570351,2.47491,-0.176979,-0.818471,-2.1709,0,0,-7.21332,0,0,-4.94941,0.446315,0.631511,2.24946,0.260033,-0.723225,4.4999,1.39569,0.839806,0.0188104,1,0.99771,-0.0129348,-0.0306103,-0.0589169,-0.0222489,-0.0626455,-0.11727,2.59099,-0.802959,-0.0599829,0.487954,0.689384,1.43962
0.99969,-0.0037159,-0.000183226,-0.0246309,0.99969,-0.0037159,-0.000183226,-0.0246309,1,-0,-0,0,0.588658,-0.342275,0.0304018,-0.731714,0.603135,0.251058,0.0675251,-0.754081,0.665325,0,0,0.746554,0.745833,0,0,0.666133,0.759684,-0.0127657,-0.0252078,-0.649679,0.82374,-0.0794483,0.0325451,-0.56043,0.677734,0,0,-0.735307,0.911985,0,0,-0.410222,0.697186,0.054646,0.0558557,0.712619,0.450261,-0.0451193,-0.0889148,0.887312,1.08689,0.343937,0.092747,1.3921,0.0463232,0.0435544,1.28683,0.366918,0.105945,1.46481,0.210883,0.0139743,1.46861,0.553891,0.100064,1.51887,0.554409,-0.0332193,1.47371,0.815403,0.0121584,1.49624,0.971818,0.00597228,1.53219,1.15265,-0.00212779,1.49873,1.11581,0.231541,1.51254,1.09195,-0.232131,1.55413,0.952607,0.250253,1.5657,0.908452,-0.266031,1.57958,1.36704,-0.0121869,0.189247,0.00770146,-0.118393,0.189247,0.00770146,-0.118393,0,0,0,0.49833,0.85763,-4.57169,0.533546,0.682277,4.27242,0,0,-2.12228,0,0,0.43886,0.0705339,1.75297,4.32,-0.0917982,0.818204,-3.12574,0,0,-4.12815,0,0,-0.35134,0.473162,0.62815,1.33204,0.70129,0.520436,2.91052,1.48454,0.827364,0.0170205,1,0.997701,-0.0200866,-0.0276771,-0.0585107,-0.0369116,-0.0576094,-0.116093,2.63273,-0.324382,-0.0249849,-0.418511,0.20117,0.00887742
0.999805,0.010139,0.000343643,-0.0169371,0.999805,0.010139,0.000343643,-0.0169371,1,-0,-0,0,0.529875,-0.321045,0.0323353,-0.784294,0.64174,0.249799,0.0819129,-0.720458,0.669169,0,0,0.74311,0.717791,0,0,0.696259,0.80875,0.0157465,0.00506804,-0.587919,0.791515,-0.0664367,0.057645,-0.604787,0.680392,0,0,-0.732848,0.929932,0,0,-0.367731,0.67896,0.0601375,0.0645567,0.728854,0.456143,-0.0353102,-0.0686286,0.886553,1.23291,0.306395,0.0958513,1.40697,0.0485834,0.0447818,1.42681,0.355927,0.101967,1.48762,0.20979,0.0146346,1.5831,0.565925,0.0953106,1.5764,0.553167,-0.0329428,1.56314,0.822034,0.0112489,1.58946,0.977565,-0.000358218,1.62666,1.1581,-0.00965881,1.57762,1.12799,0.223932,1.61437,1.0957,-0.23988,1.60686,0.957672,0.247059,1.68848,0.927405,-0.272841,1.67403,1.37255,-0.018709,0.831357,0.0316146,0.461712,0.831357,0.0316146,0.461712,0,0,0,0.921902,0.19165,-5.0456,-0.356754,0.911032,3.11209,0,0,-0.309688,0,0,2.46956,1.84392,1.9717,4.7267,0.779735,1.6449,-3.28784,0,0,0.217306,0,0,2.76778,0.396115,0.612945,1.43439,0.734425,1.51802,-0.229743,1.5738,0.831233,0.0127441,1,0.996172,-0.0432556,-0.0140891,-0.0746384,-0.0842266,-0.0345342,-0.148116,2.683,0.198928,-0.0272828,-1.31452,0.872917,-1.02582
0.999588,0.0286686,8.75528e-05,-0.00152524,0.999588,0.0286686,8.75528e-05,-0.00152524,1,-0,-0,0,0.470217,-0.292884,0.0200592,-0.832293,0.667998,0.244132,0.0921099,-0.696918,0.657193,0,0,0.753722,0.68307,0,0,0.730353,0.845669,0.0471907,0.0405751,-0.530066,0.757656,-0.044731,0.0841998,-0.645653,0.729974,0,0,-0.683475,0.955299,0,0,-0.295641,0.661401,0.0547495,0.0617094,0.745482,0.515493,-0.0299132,-0.0496107,0.854933,1.38467,0.263201,0.0954975,1.42774,0.0695179,0.0431476,1.5613,0.354382,0.0943158,1.51165,0.234484,0.0150426,1.69269,0.602626,0.0885259,1.63327,0.57836,-0.0307066,1.65743,0.850914,0.00981635,1.68913,1.00477,-0.00835348,1.72673,1.18515,-0.0182511,1.66276,1.16308,0.214992,1.71947,1.12424,-0.248807,1.67051,0.994199,0.242494,1.8082,0.973489,-0.281261,1.77175,1.4002,-0.0246408,1.11197,-0.015366,0.924768,1.11197,-0.015366,0.924768,0,0,0,1.46411,-0.841373,-5.00872,-0.560922,0.631826,2.10489,0,0,0.960075,0,0,2.92001,1.97669,2.24294,4.16314,1.36447,1.78318,-3.16727,0,0,4.19916,0,0,4.58652,-0.337399,-0.162951,1.46936,0.456254,1.50137,-3.96885,1.66587,0.857056,0.00745595,1,0.992352,-0.0723031,-0.000735277,-0.100048,-0.143867,-0.0159276,-0.199812,2.82873,0.866416,-0.0429774,-1.66528,0.859306,-1.59554
0.998995,0.0412958,-0.00144089,0.0173932,0.998995,0.0412958,-0.00144089,0.0173932,1,-0,-0,0,0.417712,-0.256592,-0.000258433,-0.871595,0.682315,0.23996,0.0955271,-0.683916,0.642366,0,0,0.766398,0.645689,0,0,0.763601,0.869626,0.0645307,0.0721727,-0.484126,0.727425,-0.0466272,0.135194,-0.67112,0.806421,0,0,-0.591341,0.974299,0,0,-0.225258,0.66037,0.0408351,0.0462786,0.748399,0.625551,0.000964806,0.00120318,0.780182,1.5529,0.213686,0.0887073,1.45939,0.101661,0.0317072,1.69708,0.350282,0.0835071,1.54832,0.274517,0.00784046,1.79729,0.64399,0.0816926,1.69756,0.616117,-0.0321284,1.75603,0.88644,0.00984691,1.7933,1.03834,-0.0128066,1.83043,1.2187,-0.0230074,1.75312,1.20538,0.207532,1.82613,1.15928,-0.253485,1.74505,1.04118,0.239505,1.92297,1.0249,-0.283465,1.87152,1.43458,-0.0273921,0.758228,-0.091736,1.13547,0.758228,-0.091736,1.13547,0,0,0,2.21505,-1.49399,-4.42706,-0.373491,0.194941,1.1397,0,0,1.17046,0,0,3.00195,1.06267,1.96092,3.16858,-0.159093,3.43544,-2.17047,0,0,7.18748,0,0,4.37512,-0.942898,-1.04564,0.218715,2.22213,3.65805,-7.91412,1.76196,0.88972,0.00288239,1,0.987441,-0.091841,0.0103887,-0.128132,-0.185093,-0.00301896,-0.2578,2.95786,1.06577,0.000916681,-1.11685,0.657718,-1.75108
0.997869,0.0537856,-0.00397572,0.0367225,0.997869,0.0537856,-0.00397572,0.0367225,1,-0,-0,0,0.3708,-0.209346,-0.032558,-0.904224,0.689245,0.246092,0.0896503,-0.675531,0.621223,0,0,0.783634,0.610414,0,0,0.792082,0.882268,0.0810818,0.0922674,-0.45444,0.711756,-0.043237,0.171132,-0.679888,0.887701,0,0,-0.460419,0.984236,0,0,-0.176863,0.665751,0.0296478,0.0331701,0.744846,0.734641,0.0211545,0.019519,0.677845,1.73545,0.169756,0.0756071,1.50109,0.138044,0.0252249,1.83203,0.343863,0.0742068,1.59943,0.316448,0.00509491,1.89338,0.679854,0.0803683,1.77009,0.652787,-0.0294189,1.85464,0.918408,0.0116177,1.89788,1.06785,-0.0151902,1.935,1.24801,-0.0252659,1.8441,1.24324,0.199048,1.93427,1.19084,-0.25611,1.82377,1.08652,0.234961,2.03474,1.06978,-0.281096,1.97263,1.46455,-0.027104,0.750853,-0.152231,1.16098,0.750853,-0.152231,1.16098,0,0,0,3.20747,-2.48558,-3.9632,0.367805,-0.411769,0.687164,0,0,1.63677,0,0,2.7205,1.0159,1.23513,1.99016,0.206934,2.44461,-0.850999,0,0,9.2552,0,0,2.96459,-0.763608,-0.894508,-0.348751,1.32859,1.20433,-8.99818,1.85974,0.919312,0.000857806,1,0.981063,-0.110394,0.0192471,-0.157981,-0.224571,0.00288505,-0.319645,2.95843,0.95906,0.0531244,-1.08507,0.507064,-1.85517
0.997435,0.0519886,-0.00512759,0.0489347,0.997435,0.0519886,-0.00512759,0.0489347,1,-0,-0,0,0.330299,-0.176693,-0.0619011,-0.925122,0.691204,0.258925,0.0839179,-0.669442,0.599179,0,0,0.800615,0.58342,0,0,0.81217,0.88623,0.0818825,0.08444,-0.448064,0.696576,-0.0557368,0.188174,-0.69012,0.949443,0,0,-0.313939,0.987805,0,0,-0.155694,0.663671,0.0179742,0.0202454,0.747534,0.796809,0.024283,0.0183906,0.603462,1.92673,0.137882,0.0547793,1.54949,0.173656,0.0127707,1.96847,0.332289,0.0608261,1.65981,0.351096,-0.00527716,1.9859,0.696901,0.0762025,1.84991,0.678912,-0.034965,1.95261,0.937386,0.0101711,1.99954,1.08601,-0.0144703,2.03663,1.26621,-0.0223536,1.93867,1.26884,0.198321,2.03619,1.21241,-0.254894,1.90997,1.12006,0.237186,2.13728,1.1006,-0.277303,2.0721,1.48312,-0.0217529,-0.107445,-0.0692057,0.733678,-0.107445,-0.0692057,0.733678,0,0,0,2.24496,-2.35134,-3.00779,0.847922,-0.388988,0.442982,0,0,1.66959,0,0,2.01898,0.0428822,-0.496348,0.437357,-0.853381,1.20746,-0.951192,0,0,9.5477,0,0,1.2881,-0.789643,-0.874252,0.223722,0.169458,-0.102311,-5.82074,1.95752,0.938005,-0.00116678,1,0.978686,-0.10134,0.0279281,-0.176423,-0.209787,0.0189095,-0.35869,2.93893,0.569318,-0.0433998,0.578233,0.305796,-1.17614
0.997765,0.0386893,-0.00423166,0.0543208,0.997765,0.0386893,-0.00423166,0.0543208,1,-0,-0,0,0.307785,-0.161461,-0.0837772,-0.933906,0.685079,0.276813,0.0795727,-0.669112,0.581138,0,0,0.813805,0.566284,0,0,0.82421,0.886192,0.0834973,0.0541769,-0.452501,0.68464,-0.0512649,0.160527,-0.709134,0.983473,0,0,-0.181053,0.983635,0,0,-0.180172,0.658634,-0.00780619,-0.00891721,0.75237,0.781881,-0.02142,-0.0170626,0.622825,2.11433,0.122927,0.0303126,1.598,0.215144,0.00155118,2.10549,0.32084,0.0430623,1.72336,0.38067,-0.0176147,2.07981,0.697568,0.0682665,1.93658,0.692215,-0.0449331,2.05027,0.943138,0.00663095,2.09883,1.09221,-0.0116387,2.13588,1.27258,-0.0166123,2.03954,1.27913,0.204984,2.12958,1.22246,-0.251964,2.00888,1.13641,0.246658,2.22842,1.11475,-0.275092,2.17042,1.48964,-0.0147322,-0.798901,0.0538295,0.323084,-0.798901,0.0538295,0.323084,0,0,0,1.05403,-1.78941,-1.50455,1.2439,-0.278589,-0.0853091,0,0,1.34097,0,0,1.25661,0.100812,-1.8879,-0.277151,0.283233,-1.79989,-1.49369,0,0,8.23691,0,0,-1.48989,-1.74858,-1.978,0.429754,-2.95209,-2.29019,1.46961,2.05531,0.945797,-0.00319137,1,0.979444,-0.0727369,0.0385563,-0.184152,-0.157521,0.0487576,-0.375543,2.92995,0.172563,-0.106203,1.78406,0.273108,-0.558498
0.998136,0.0260706,-0.00288902,0.0550976,0.998136,0.0260706,-0.00288902,0.0550976,1,-0,-0,0,0.309355,-0.168433,-0.095706,-0.931005,0.677092,0.284244,0.0702452,-0.675142,0.575092,0,0,0.818089,0.567657,0,0,0.823265,0.879513,0.111957,0.015615,-0.462254,0.676104,-0.0414869,0.131967,-0.723703,0.996969,0,0,-0.0778005,0.972359,0,0,-0.23349,0.639495,-0.0396446,-0.0475058,0.766301,0.759335,-0.0549204,-0.0467731,0.646689,2.28146,0.118976,0.00975422,1.65293,0.252987,-0.0100976,2.2346,0.309703,0.0250169,1.79622,0.400504,-0.0313626,2.17527,0.687163,0.0593466,2.03007,0.691562,-0.0558635,2.1483,0.937347,0.00310403,2.19666,1.08717,-0.00903964,2.23299,1.26781,-0.0113188,2.14276,1.27236,0.215119,2.2198,1.21969,-0.246682,2.11658,1.13117,0.259364,2.31641,1.10976,-0.271,2.26648,1.48502,-0.00836696,-0.757877,0.0806401,0.0462293,-0.757877,0.0806401,0.0462293,0,0,0,-0.542694,-0.940372,0.287562,0.559392,-0.612155,-0.547671,0,0,0.444566,0,0,-0.10003,1.79196,-2.40339,-0.676505,0.648006,-1.89031,-1.1426,0,0,6.2507,0,0,-3.27028,-2.18313,-2.6457,1.34525,-2.20032,-1.95034,1.90018,2.15309,0.942689,-0.00521596,1,0.98093,-0.0459281,0.0455384,-0.183286,-0.107285,0.0725676,-0.373337,2.94094,-0.173728,-0.105807,1.66131,0.114453,-0.0252121
0.998519,0.0210785,-0.00212228,0.0501186,0.998519,0.0210785,-0.00212228,0.0501186,1,-0,-0,0,0.333976,-0.194222,-0.100171,-0.916899,0.665677,0.283326,0.0557226,-0.68811,0.582931,0,0,0.812522,0.583216,0,0,0.812317,0.867427,0.152718,-0.0114952,-0.473409,0.667507,-0.0257241,0.117642,-0.734802,0.999337,0,0,-0.0363976,0.951067,0,0,-0.308986,0.625413,-0.056519,-0.0700451,0.775086,0.739206,-0.068152,-0.0615126,0.667192,2.41234,0.108189,-0.00317833,1.71804,0.286623,-0.0208448,2.35042,0.293446,0.0114188,1.88044,0.40982,-0.0439588,2.27575,0.668449,0.0523102,2.13083,0.675926,-0.0646507,2.24764,0.920666,0.000738474,2.29318,1.07166,-0.00825418,2.32789,1.25269,-0.00883975,2.24588,1.25009,0.224562,2.3091,1.20504,-0.241997,2.22953,1.10607,0.27118,2.40275,1.08739,-0.266405,2.36031,1.47005,-0.00482083,-0.299876,0.0460491,-0.299311,-0.299876,0.0460491,-0.299311,0,0,0,-1.85929,-0.258555,1.99082,0.0242413,-0.962282,-1.08357,0,0,-0.576913,0,0,-1.14147,2.58982,-1.69834,-0.824575,1.05736,-0.939295,-0.916827,0,0,2.48841,0,0,-4.70766,-1.17691,-1.56989,0.90308,-0.898404,-0.993607,1.67216,2.25088,0.928682,-0.00724055,1,0.983569,-0.0335364,0.0465193,-0.171184,-0.0822536,0.0801137,-0.347934,2.98024,-0.500433,-0.0709668,0.780492,-0.0524054,0.704791
