0.998526,0.00108651,0.000446856,-0.0542563,0.998526,0.00108651,0.000446856,-0.0542563,0.997836,-0.0425298,0.017035,-0.0471538,0.713144,-0.240493,-0.0188196,-0.658206,0.700621,0.299041,-0.0748235,-0.643511,0.951576,0,0,0.307413,0.9883,0,0,0.152525,0.753163,0.0286124,-0.0769359,-0.652693,0.761908,0.0327547,0.0340557,-0.64596,0.998836,0,0,-0.0482414,0.996933,0,0,-0.0782555,0.570867,-0.00973812,-0.0332206,0.820312,0.61564,0.0939065,-0.022868,0.782078,-0.0704577,0.0546961,0.135448,-0.0736733,0.0493481,-0.126208,-0.071494,0.245106,0.115175,-0.0673996,0.244426,-0.114192,-0.0274582,0.625642,0.0838688,-0.0223987,0.624013,-0.0817412,0,0.88831,0,0.0405323,1.04098,-0.00138963,0.108191,1.21245,-0.00258075,0.100943,1.15066,0.213168,0.102542,1.14481,-0.208733,0.100032,0.911255,0.273646,0.0689801,0.895867,-0.260063,0.205764,1.4087,-0.0117734,0,0,0,0,0,0,0,0,0,0,0,0,0,0,0,0,0,0,0,0,0,0,0,0,0,0,0,0,0,0,0,0,0,0,0,0,0,0,0,0.0359981,0.864574,-0.000447485,1,0.994728,-0.00491095,0.000505676,-0.102426,-0.00987388,-1.82913e-11,-0.205215,0,0,0,0,0,0
0.998483,0.00228933,-1.21171e-05,-0.0550167,0.998483,0.00228933,-1.21171e-05,-0.0550167,0.998104,-0.0409039,0.0150801,-0.0434503,0.682845,-0.229476,-0.0120545,-0.693482,0.682284,0.275597,-0.0636743,-0.674152,0.957739,0,0,0.287639,0.989356,0,0,0.145512,0.753517,0.029098,-0.0740491,-0.652596,0.764479,0.0462129,0.024976,-0.642505,0.998559,0,0,-0.0536679,0.996225,0,0,-0.0868107,0.567323,-0.0034122,-0.0284628,0.822996,0.611917,0.0865216,-0.0261972,0.785739,-0.0707972,0.0543407,0.135884,-0.0734482,0.0491745,-0.125091,-0.0703385,0.244572,0.116541,-0.0656199,0.243815,-0.112811,-0.0251816,0.624928,0.0859654,-0.0208575,0.623074,-0.0794249,0.000774699,0.88754,0.00216147,0.0413815,1.04018,6.00462e-05,0.109413,1.21148,-0.00177081,0.0916991,1.15326,0.212871,0.0906311,1.14771,-0.208498,0.0626561,0.914346,0.274834,0.0355032,0.90318,-0.263643,0.206891,1.40782,-0.0113937,0.0722065,-0.027552,-0.0456914,0.0722065,-0.027552,-0.0456914,0.0978445,-0.117464,0.222605,0.551934,0.440311,-2.89124,-1.43425,0.714369,-2.37025,0,0,-1.24277,0,0,-0.425549,0.0315438,0.189683,0.0120343,0.875473,-0.594175,0.26589,0,0,-0.326013,0,0,-0.515072,0.444933,0.331933,0.27483,-0.501256,-0.232809,0.335364,0.0343154,0.864389,0.000749622,1,0.994696,-0.00662442,0.00799538,-0.102337,-0.0148171,0.0145506,-0.205152,0.023241,-0.0230958,0.0648442,-0.0562453,0.457575,0.00296146
0.998414,0.00399563,0.000116959,-0.0561592,0.998414,0.00399563,0.000116959,-0.0561592,0.998364,-0.0389697,0.0125274,-0.039932,0.65791,-0.214991,0.00472895,-0.721741,0.651356,0.259901,-0.056474,-0.710631,0.963666,0,0,0.26711,0.99013,0,0,0.140151,0.758149,0.0284695,-0.0689223,-0.647804,0.765967,0.0518447,0.023424,-0.640357,0.997926,0,0,-0.0643788,0.996316,0,0,-0.0857522,0.56375,0.00715587,-0.0270694,0.825471,0.611942,0.0839271,-0.0274969,0.785956,-0.0711683,0.0535585,0.135646,-0.0738764,0.0479294,-0.124011,-0.0687486,0.243596,0.117244,-0.0666665,0.242547,-0.111324,-0.0237283,0.623826,0.0879865,-0.0226842,0.621862,-0.0771436,-0.000320339,0.886401,0.00450327,0.0410282,1.03882,0.0018658,0.110331,1.2096,-0.000130112,0.0830733,1.15408,0.210366,0.0765226,1.15269,-0.208207,0.027264,0.917103,0.267379,-0.00613538,0.917013,-0.268197,0.208882,1.40547,-0.00940792,0.102435,0.00774866,-0.0686673,0.102435,0.00774866,-0.0686673,0.116329,-0.153319,0.211442,0.831557,1.13225,-2.38094,-0.841143,0.437787,-3.04264,0,0,-1.28207,0,0,-0.325001,-0.0443943,0.34353,0.387632,0.365335,-0.10205,0.16329,0,0,-0.64378,0,0,0.0637513,0.745757,0.0953678,0.261587,-0.179623,-0.0899346,0.0144807,0.0314461,0.863833,0.00187655,1,0.994433,-0.00837796,0.0129673,-0.10423,-0.0193726,0.0240461,-0.209097,-0.0328511,-0.034179,0.0702538,-0.0751379,0.306875,-0.115706
0.998368,0.0047224,0.000926628,-0.0568987,0.998368,0.0047224,0.000926628,-0.0568987,0.998554,-0.0392787,0.00949001,-0.0354578,0.627845,-0.202206,0.0249438,-0.7512,0.620677,0.247418,-0.0465827,-0.742546,0.968792,0,0,0.247876,0.990424,0,0,0.138056,0.772156,0.0251142,-0.0668022,-0.631412,0.767775,0.0423869,0.0317114,-0.638529,0.996209,0,0,-0.0869971,0.997604,0,0,-0.0691797,0.556026,0.0140536,-0.0289156,0.830543,0.618094,0.0928879,-0.0219389,0.780289,-0.0724435,0.0532664,0.135536,-0.0754995,0.0465832,-0.124795,-0.0666119,0.24272,0.118033,-0.0723327,0.241809,-0.111078,-0.0234827,0.622605,0.0901438,-0.0298752,0.621683,-0.0756503,-0.00412666,0.885495,0.00730033,0.0398064,1.03719,0.00549898,0.112276,1.20665,0.00472793,0.0726594,1.15524,0.210642,0.0664559,1.15898,-0.205409,-0.0143311,0.924737,0.260506,-0.041984,0.93572,-0.271806,0.213888,1.40106,-0.00302259,0.0436333,0.0486067,-0.0444431,0.0436333,0.0486067,-0.0444431,-0.0184011,-0.182381,0.268729,0.702146,1.39393,-2.61965,-0.641141,0.634386,-2.80173,0,0,-1.19432,0,0,-0.126926,-0.227892,0.161413,1.28728,-0.618213,0.538679,0.1473,0,0,-1.36103,0,0,0.997358,0.490216,-0.136983,0.548816,0.604092,0.388459,-0.527208,0.0276733,0.863396,0.00428795,1,0.993583,-0.00604341,0.0123365,-0.112271,-0.0147838,0.0231597,-0.225208,-0.11419,-0.0271804,0.0839118,0.128666,-0.0556194,-0.486589
0.998446,0.00321216,0.000847897,-0.0556233,0.998446,0.00321216,0.000847897,-0.0556233,0.998702,-0.0394573,0.0058004,-0.0316696,0.599907,-0.192014,0.0353109,-0.775884,0.604588,0.231805,-0.0357421,-0.761224,0.973434,0,0,0.228968,0.989988,0,0,0.14115,0.793941,0.0193538,-0.065643,-0.604131,0.777204,0.0304587,0.0384976,-0.627331,0.992518,0,0,-0.1221,0.998005,0,0,-0.0631321,0.54563,0.0204116,-0.0267231,0.837352,0.620054,0.107711,-0.0180414,0.77692,-0.0737103,0.053569,0.133981,-0.0780082,0.0457988,-0.126487,-0.0629851,0.242126,0.11778,-0.0775821,0.241295,-0.111904,-0.023534,0.621075,0.091217,-0.0381301,0.621535,-0.0752734,-0.0109793,0.884227,0.00919569,0.0367093,1.03481,0.00849401,0.112895,1.20265,0.00836549,0.0634556,1.15749,0.21211,0.0594558,1.16107,-0.201641,-0.0506909,0.937342,0.26,-0.0650337,0.946859,-0.26926,0.217956,1.39526,0.00106701,-0.0906686,-0.00472772,0.0766545,-0.0906686,-0.00472772,0.0766545,-0.010602,-0.221501,0.227501,0.549805,0.740651,-2.30779,-0.971564,0.731384,-1.63344,0,0,-1.16819,0,0,0.187479,-0.384657,0.109724,2.09001,-0.783774,0.43314,0.872744,0,0,-2.11787,0,0,0.363651,0.456705,0.146965,0.743411,1.0174,0.270058,-0.275222,0.0235743,0.862352,0.00616055,1,0.992049,-0.00151779,0.012822,-0.125192,-0.00622386,0.0250627,-0.251141,-0.205578,-0.0380383,0.056861,0.262953,-0.00509184,-0.784188
0.998435,0.00160702,-0.000113991,-0.0559049,0.998435,0.00160702,-0.000113991,-0.0559049,0.998983,-0.0398494,0.000846216,-0.021086,0.568627,-0.179974,0.0441299,-0.801452,0.608373,0.227995,-0.0385405,-0.75922,0.977525,0,0,0.21082,0.989943,0,0,0.141465,0.819128,0.0126303,-0.0628008,-0.570022,0.797265,0.0248847,0.0396522,-0.601811,0.986481,0,0,-0.163876,0.996618,0,0,-0.0821785,0.535639,0.0340618,-0.0245024,0.843404,0.616103,0.117033,-0.0133286,0.778809,-0.0757937,0.0550751,0.132631,-0.0803706,0.0458442,-0.127585,-0.0592767,0.242578,0.117579,-0.0787298,0.241055,-0.112169,-0.0244355,0.619757,0.092725,-0.0441314,0.621085,-0.0740745,-0.0204691,0.882566,0.0119749,0.0321494,1.0315,0.0120339,0.113901,1.19669,0.0119976,0.055065,1.16065,0.21389,0.0584289,1.15633,-0.196344,-0.0885,0.956898,0.260724,-0.0724598,0.945027,-0.260935,0.223714,1.38669,0.00442858,-0.0963577,-0.0577432,-0.0169197,-0.0963577,-0.0577432,-0.0169197,-0.023312,-0.297385,0.635404,0.674115,0.653399,-2.50541,-0.288904,-0.190116,0.220684,0,0,-1.11624,0,0,0.0190881,-0.441107,0.220525,2.53763,-0.37368,0.055881,1.94511,0,0,-2.53282,0,0,-1.14583,0.981429,0.150561,0.686058,0.655982,0.32361,0.216539,0.0201435,0.860301,0.00860454,1,0.989819,0.00269971,0.0166277,-0.141331,0.000644796,0.0336863,-0.283642,-0.284694,-0.0498416,0.0833773,0.267018,0.195101,-0.981045
0.99837,-1.92905e-05,-0.00156731,-0.057048,0.99837,-1.92905e-05,-0.00156731,-0.057048,0.999094,-0.0416248,-0.00497152,-0.00731695,0.57488,-0.17808,0.0494837,-0.797089,0.617785,0.226203,-0.0438982,-0.751829,0.981748,0,0,0.190187,0.990342,0,0,0.138648,0.845407,0.00906017,-0.0670388,-0.529822,0.826595,0.0350918,0.0223415,-0.561257,0.978062,0,0,-0.208313,0.991668,0,0,-0.128817,0.523995,0.0402588,-0.0225574,0.850471,0.605639,0.101086,-0.0157397,0.789136,-0.0786689,0.0567616,0.131728,-0.0830083,0.0472161,-0.126431,-0.056293,0.242858,0.11768,-0.0754951,0.241266,-0.1109,-0.0269573,0.617337,0.0941825,-0.0472994,0.619837,-0.0721185,-0.0325237,0.879235,0.0146798,0.0259495,1.02595,0.0158145,0.114544,1.18756,0.0160736,0.0571255,1.15128,0.216679,0.0575197,1.14821,-0.190163,-0.096384,0.953269,0.262498,-0.0791526,0.939425,-0.251284,0.230206,1.37408,0.00816464,-0.0976298,-0.087247,-0.0686932,-0.0976298,-0.087247,-0.0686932,-0.106465,-0.349171,0.826442,0.166096,0.368119,0.453797,-0.184209,-0.359697,0.711661,0,0,-1.26367,0,0,-0.170705,-0.233615,-0.23028,2.88916,0.633385,-1.13041,2.99776,0,0,-2.71388,0,0,-2.8143,0.457116,0.130909,0.808489,-1.07193,-0.171236,0.94677,0.0176981,0.855388,0.0115534,1,0.986755,0.00886433,0.0235556,-0.160252,0.00995645,0.0493483,-0.321749,-0.361639,-0.0999242,0.0811463,0.40651,0.365319,-1.15479
0.998387,-0.00273351,-0.0025696,-0.0566472,0.998387,-0.00273351,-0.0025696,-0.0566472,0.998933,-0.0432074,-0.0125863,0.0103439,0.591702,-0.171819,0.0502182,-0.786031,0.628286,0.229335,-0.0520144,-0.741591,0.985578,0,0,0.169223,0.990551,0,0,0.137143,0.87562,0.00103932,-0.0682686,-0.478151,0.863638,0.0502693,0.00118038,-0.501598,0.964849,0,0,-0.262803,0.979404,0,0,-0.201911,0.50877,0.0440257,-0.0129539,0.859679,0.588438,0.0831949,-0.0223592,0.80394,-0.0822927,0.0582665,0.130699,-0.0860265,0.0500322,-0.125478,-0.0528897,0.242284,0.117568,-0.0682032,0.241812,-0.109281,-0.0305019,0.61219,0.0948596,-0.0480641,0.616062,-0.0696822,-0.0475925,0.871601,0.0167602,0.0178265,1.01535,0.0185374,0.113844,1.17267,0.018186,0.0602371,1.1346,0.216936,0.0553687,1.13307,-0.185989,-0.0990065,0.939712,0.262043,-0.0860549,0.926103,-0.242538,0.235189,1.35544,0.00875846,-0.162941,-0.060169,0.0240811,-0.162941,-0.060169,0.0240811,-0.0951246,-0.457067,1.06,0.523943,0.0270977,1.16095,0.149024,-0.545126,0.924216,0,0,-1.27865,0,0,-0.0911453,-0.508398,-0.0315362,3.59491,0.924866,-1.34955,4.2247,0,0,-3.3646,0,0,-4.44793,0.291314,0.683424,1.06811,-1.2004,-0.470321,1.42314,0.014768,0.846214,0.013415,1,0.98238,0.0145199,0.0299795,-0.183899,0.0175388,0.0642872,-0.369548,-0.452065,-0.229018,0.0624131,0.365551,0.344746,-1.44684
0.998481,-0.00276375,-0.00244106,-0.0549728,0.998481,-0.00276375,-0.00244106,-0.0549728,0.998255,-0.0461249,-0.0187871,0.0317151,0.605325,-0.174323,0.0562839,-0.774613,0.639707,0.233207,-0.0596798,-0.72995,0.985619,0,0,0.168981,0.990338,0,0,0.138672,0.908681,-0.0130157,-0.054331,-0.413735,0.90162,0.0647998,-0.00576463,-0.427608,0.944131,0,0,-0.32957,0.958401,0,0,-0.285426,0.489039,0.0516072,0.00440424,0.870723,0.564887,0.0846581,-0.0284641,0.82032,-0.0868094,0.0599225,0.131498,-0.0896932,0.0526375,-0.125434,-0.0484522,0.240774,0.118224,-0.0599866,0.240914,-0.107377,-0.0338551,0.603128,0.0963255,-0.0488604,0.607107,-0.0650615,-0.0646171,0.856875,0.0206672,0.00889196,0.996688,0.0211271,0.113153,1.14868,0.0190853,0.0629232,1.11002,0.217072,0.0535085,1.10809,-0.183026,-0.0995248,0.917591,0.26137,-0.0924033,0.902914,-0.23419,0.24044,1.32707,0.00722653,-0.00180993,0.00772102,0.100618,-0.00180993,0.00772102,0.100618,-0.175739,-0.372435,1.28316,-0.106892,0.40137,1.09857,0.192649,-0.508183,1.03047,0,0,-0.0147292,0,0,0.0925712,-0.870696,0.912003,4.33257,0.859534,-0.431915,5.01073,0,0,-4.19529,0,0,-5.16856,0.580206,1.25733,1.34231,0.160522,-0.446193,1.70929,0.0116698,0.830486,0.0154079,1,0.976411,0.0124939,0.0348285,-0.212728,0.00960635,0.0733953,-0.428678,-0.510737,-0.44178,0.117207,-0.112587,0.344073,-1.75752
0.998596,-0.000424937,-0.000183535,-0.0529783,0.998596,-0.000424937,-0.000183535,-0.0529783,0.997323,-0.0474647,-0.0227304,0.0507678,0.614989,-0.193706,0.0727435,-0.760904,0.651196,0.233754,-0.0651578,-0.719067,0.985634,0,0,0.168894,0.990597,0,0,0.136809,0.937611,-0.0285262,-0.029035,-0.345295,0.933464,0.0801761,-0.000789408,-0.349595,0.918084,0,0,-0.396386,0.928068,0,0,-0.372411,0.459817,0.0600987,0.0210405,0.885728,0.532168,0.0915219,-0.0316303,0.841083,-0.0916982,0.059291,0.134297,-0.0944672,0.0541046,-0.125059,-0.0442544,0.235629,0.119404,-0.0514003,0.236934,-0.104091,-0.0368877,0.588218,0.098435,-0.0474456,0.591078,-0.0581844,-0.0799847,0.833536,0.0261282,0.00159823,0.968808,0.0244474,0.114027,1.11486,0.0210415,0.065334,1.07603,0.219446,0.0551349,1.07287,-0.179251,-0.100592,0.886478,0.263287,-0.0959662,0.870349,-0.22608,0.247751,1.28815,0.00793037,0.140401,0.135521,0.119854,0.140401,0.135521,0.119854,-0.0813218,-0.237158,1.14477,-1.29219,1.12235,1.15917,-0.0358766,-0.354448,0.970405,0,0,-0.00529805,0,0,-0.112845,-0.942463,1.5836,4.44886,0.899454,0.309242,5.07874,0,0,-4.30371,0,0,-5.5293,0.676129,1.23278,1.93529,0.57442,-0.254556,2.29283,0.00984234,0.806901,0.0186565,1,0.969651,0.0042353,0.031208,-0.242455,-0.00693323,0.0626165,-0.490257,-0.461028,-0.700157,0.16383,-0.58719,-0.0702939,-1.81359
0.998777,5.17316e-05,0.00239999,-0.049374,0.998777,5.17316e-05,0.00239999,-0.049374,0.996541,-0.0470724,-0.0248299,0.0638178,0.623162,-0.220884,0.0941986,-0.744316,0.659544,0.233511,-0.0682213,-0.71121,0.986448,0,0,0.164077,0.991207,0,0,0.132324,0.960014,-0.0394553,-0.00636007,-0.277084,0.957738,0.0889921,0.00871297,-0.27339,0.885674,0,0,-0.464309,0.887999,0,0,-0.459846,0.4168,0.0647728,0.0342883,0.906039,0.492775,0.0959396,-0.0382154,0.864007,-0.0971641,0.0556614,0.134996,-0.0986815,0.0542951,-0.123072,-0.0396646,0.225596,0.118729,-0.0412271,0.22973,-0.099705,-0.0377458,0.565863,0.0993996,-0.0423822,0.568067,-0.0517839,-0.092026,0.801259,0.0306306,-0.00364669,0.932208,0.0278608,0.115032,1.07326,0.0238279,0.0670086,1.034,0.222774,0.0583274,1.02904,-0.175391,-0.100487,0.845436,0.266134,-0.0970104,0.828956,-0.219606,0.253786,1.24231,0.0102338,0.0286133,0.155076,0.216536,0.0286133,0.155076,0.216536,0.0228183,-0.12647,0.7847,-1.82797,1.46146,1.31702,-0.0692761,-0.193287,0.695785,0,0,-0.293124,0,0,-0.271569,-0.651305,1.39249,4.30935,0.495858,0.578713,4.81521,0,0,-4.51662,0,0,-5.77294,0.439413,1.02824,2.818,0.434088,-0.518176,2.70289,0.00946474,0.775965,0.0218751,1,0.962939,-0.00225824,0.0208453,-0.268904,-0.0155723,0.0389408,-0.544935,-0.36124,-0.968313,0.135074,-0.576443,-0.489217,-1.62711
0.998999,0.00183283,0.0036285,-0.0445499,0.998999,0.00183283,0.0036285,-0.0445499,0.995923,-0.0447559,-0.0230837,0.0748404,0.629677,-0.254467,0.118623,-0.72435,0.667295,0.236001,-0.0744613,-0.702479,0.988024,0,0,0.1543,0.992653,0,0,0.120997,0.978009,-0.0455648,0.0134416,-0.203081,0.974357,0.0998306,0.0152469,-0.20107,0.837132,0,0,-0.547,0.837535,0,0,-0.546384,0.380392,0.0725704,0.0439529,0.920925,0.453112,0.0905204,-0.0433144,0.885788,-0.0991447,0.0558469,0.134704,-0.101955,0.0550232,-0.119857,-0.0283121,0.217741,0.116405,-0.0295217,0.221109,-0.0934986,-0.0311503,0.539433,0.0994948,-0.034012,0.539625,-0.0444369,-0.100059,0.761838,0.0352002,-0.00664291,0.889269,0.0316867,0.116064,1.02689,0.0278742,0.0691209,0.98527,0.227361,0.0630028,0.980028,-0.170434,-0.0971147,0.794869,0.269917,-0.0943622,0.780818,-0.213585,0.257432,1.19366,0.0153447,0.106902,0.0737242,0.289761,0.106902,0.0737242,0.289761,0.1386,0.104604,0.66305,-2.26755,1.66116,1.50681,0.119968,-0.408183,0.738947,0,0,-0.594181,0,0,-0.685107,-0.35472,1.19924,4.57532,0.625524,0.392443,4.47003,0,0,-5.75539,0,0,-6.01313,0.680597,0.784368,2.30625,-0.277503,-0.42706,2.72929,0.0116256,0.740495,0.0257061,1,0.956955,-0.00823312,0.0126013,-0.289844,-0.0230687,0.0193464,-0.58842,-0.240988,-1.18263,0.137086,-0.505266,-0.375294,-1.29794
0.999067,0.00254939,0.00446596,-0.0428754,0.999067,0.00254939,0.00446596,-0.0428754,0.995178,-0.0451044,-0.022629,0.0841124,0.639088,-0.296633,0.144873,-0.694685,0.676814,0.251639,-0.0900877,-0.685919,0.9909,0,0,0.134603,0.994689,0,0,0.10293,0.988197,-0.0448717,0.0234874,-0.144575,0.983007,0.111178,0.0173501,-0.145036,0.783978,0,0,-0.620789,0.782342,0,0,-0.62285,0.340356,0.0742105,0.0462823,0.93622,0.411471,0.0851188,-0.0501812,0.906051,-0.100136,0.0550736,0.135017,-0.103779,0.0548384,-0.116939,-0.0159993,0.207302,0.115596,-0.016965,0.209842,-0.0874809,-0.0204673,0.508569,0.100025,-0.0219493,0.506813,-0.0382034,-0.102127,0.718558,0.037758,-0.00595278,0.843929,0.034038,0.119248,0.97931,0.0305524,0.0761373,0.932907,0.230691,0.071796,0.927618,-0.166858,-0.0846367,0.7371,0.274159,-0.0839105,0.726247,-0.209117,0.262093,1.14463,0.018421,0.0430042,0.0502581,0.100565,0.0430042,0.0502581,0.100565,-0.021614,0.026981,0.558336,-2.82029,1.76609,2.21878,0.994749,-1.03489,1.29472,0,0,-1.19438,0,0,-1.09093,0.0511598,0.602352,3.56616,0.667169,0.124232,3.41661,0,0,-5.4583,0,0,-5.66037,0.235359,0.246854,2.55594,-0.279451,-0.579774,2.78528,0.0172174,0.702125,0.0285833,1,0.953545,-0.0120484,0.00475497,-0.300973,-0.0258426,0.00181564,-0.611502,-0.0620518,-1.2984,0.0767365,-0.365631,-0.387098,-0.691574
0.99913,0.0021325,0.0046578,-0.0413889,0.99913,0.0021325,0.0046578,-0.0413889,0.994466,-0.0457001,-0.0225196,0.0918818,0.652886,-0.343745,0.170644,-0.653039,0.690684,0.28301,-0.114897,-0.655485,0.994525,0,0,0.1045,0.997705,0,0,0.0677129,0.993142,-0.0430232,0.0275979,-0.105146,0.986854,0.119454,0.0173064,-0.10747,0.730259,0,0,-0.68317,0.72743,0,0,-0.686182,0.301036,0.0702086,0.0504399,0.949686,0.373937,0.0858371,-0.0561957,0.921762,-0.0996087,0.0542326,0.134838,-0.103922,0.0545537,-0.114971,-0.00270812,0.195557,0.115019,-0.00380235,0.197744,-0.083512,-0.00562621,0.476194,0.100256,-0.00663171,0.473316,-0.0342627,-0.0978478,0.676139,0.0391654,-0.00138384,0.801296,0.0353275,0.123694,0.936802,0.0316718,0.0897513,0.882355,0.231642,0.0847624,0.877093,-0.164196,-0.0572507,0.675326,0.27734,-0.0622304,0.668253,-0.206157,0.26501,1.1032,0.0190929,-0.0250239,0.0115082,0.0892696,-0.0250239,0.0115082,0.0892696,-0.0364544,0.00625453,0.468226,-3.09548,1.69982,3.09664,2.0121,-1.63108,2.29163,0,0,-1.81932,0,0,-2.12085,0.115631,0.244858,2.38554,0.490099,-0.00398841,2.27522,0,0,-4.9408,0,0,-5.03081,-0.205573,0.401355,2.49669,0.168875,-0.529095,2.41723,0.0262541,0.665287,0.0301378,1,0.952982,-0.0135905,0.000993352,-0.302722,-0.0265081,-0.00633504,-0.615069,0.128387,-1.27259,0.0422202,-0.157061,-0.188469,-0.107036
0.999309,0.00199156,0.00588074,-0.0366398,0.999309,0.00199156,0.00588074,-0.0366398,0.99372,-0.0486373,-0.0239189,0.0978946,0.680877,-0.374358,0.175377,-0.604571,0.71509,0.312627,-0.133868,-0.610729,0.997799,0,0,0.0663141,0.999805,0,0,0.0197708,0.995382,-0.0419252,0.0364447,-0.0782814,0.988794,0.12137,0.0269329,-0.0826395,0.683028,0,0,-0.730392,0.677756,0,0,-0.735287,0.272161,0.0760014,0.0519178,0.95784,0.342924,0.0868146,-0.0558543,0.933674,-0.0984173,0.0540974,0.134846,-0.103482,0.0555849,-0.112977,0.00873917,0.185499,0.114172,0.00793841,0.1875,-0.0816172,0.00819237,0.448007,0.100336,0.00860088,0.443741,-0.0328307,-0.0912317,0.639815,0.0405187,0.00429426,0.765723,0.0365951,0.126956,0.903466,0.0329619,0.106372,0.839615,0.231283,0.1027,0.833015,-0.159724,-0.0161527,0.616804,0.279631,-0.0246815,0.611048,-0.201758,0.263689,1.0734,0.0197228,-0.00846626,0.0733766,0.285159,-0.00846626,0.0733766,0.285159,-0.177288,-0.0844731,0.362906,-1.80369,0.190915,3.75222,1.78917,-1.18789,3.3871,0,0,-2.29968,0,0,-2.87956,0.067922,0.530384,1.61912,0.110713,0.57908,1.49961,0,0,-4.00808,0,0,-4.19179,0.549591,0.178109,1.76468,0.174769,-0.0378958,1.98708,0.0360735,0.634362,0.0313535,1,0.953384,-0.0162534,-0.00597995,-0.301262,-0.0273979,-0.021197,-0.611836,0.198484,-1.08972,0.0406002,-0.278505,-0.349197,0.0966036
0.999437,0.00176222,0.00656444,-0.0328466,0.999437,0.00176222,0.00656444,-0.0328466,0.993206,-0.0496655,-0.0244392,0.102365,0.721307,-0.387054,0.161117,-0.551313,0.752425,0.321898,-0.127967,-0.560235,0.99946,0,0,0.0328581,0.999943,0,0,0.010677,0.996005,-0.0413459,0.0444033,-0.0655128,0.989493,0.121328,0.0324131,-0.0716401,0.646531,0,0,-0.762888,0.640104,0,0,-0.768289,0.249444,0.0822853,0.0585801,0.963107,0.321347,0.0846883,-0.0584426,0.941354,-0.096983,0.0548842,0.133198,-0.103182,0.0569279,-0.109954,0.0181931,0.17743,0.111678,0.0170313,0.179198,-0.0797924,0.0214327,0.425935,0.099263,0.0223326,0.420851,-0.032141,-0.0821756,0.613223,0.0416285,0.0120415,0.740135,0.0375455,0.132135,0.880148,0.0336798,0.129721,0.807498,0.229421,0.125386,0.800447,-0.155688,0.0395622,0.569525,0.278983,0.0305821,0.561865,-0.192723,0.264415,1.05339,0.019873,-0.0137677,0.0410146,0.227729,-0.0137677,0.0410146,0.227729,-0.0623336,-0.0315373,0.269816,-0.449525,-1.12882,4.16299,0.313962,0.512122,3.8803,0,0,-2.00993,0,0,-0.545696,0.0353284,0.477693,0.768115,-0.00424433,0.329592,0.663452,0,0,-2.93233,0,0,-3.0044,0.585336,0.59346,1.33664,-0.0960325,-0.249966,1.37434,0.047821,0.611429,0.032028,1,0.95435,-0.0175836,-0.00885545,-0.298041,-0.0282977,-0.0273871,-0.605013,0.271682,-0.797746,0.033294,-0.128286,-0.136955,0.204037
0.999514,0.000975168,0.00559374,-0.0306604,0.999514,0.000975168,0.00559374,-0.0306604,0.992599,-0.0507631,-0.0228338,0.107934,0.765657,-0.386928,0.13034,-0.497059,0.792235,0.322588,-0.108187,-0.506554,0.999648,0,0,0.0265191,0.999961,0,0,0.00880553,0.995623,-0.0421468,0.0471458,-0.068813,0.990028,0.116233,0.0284406,-0.0743287,0.62435,0,0,-0.781145,0.617456,0,0,-0.786606,0.237732,0.0966085,0.0629927,0.964459,0.311092,0.0683889,-0.064136,0.945744,-0.0954993,0.0569169,0.130982,-0.101834,0.059931,-0.105291,0.0258671,0.172365,0.10833,0.0246409,0.174844,-0.0765304,0.0348215,0.412252,0.0973565,0.0356185,0.407941,-0.0315344,-0.069767,0.59985,0.0420451,0.0229362,0.727898,0.0383491,0.140695,0.869899,0.0345661,0.159253,0.790943,0.228812,0.153156,0.78445,-0.153191,0.108713,0.541184,0.276849,0.0957904,0.533823,-0.187519,0.268808,1.04606,0.0205389,-0.0472336,-0.0582614,0.13124,-0.0472336,-0.0582614,0.13124,-0.0666249,0.0962665,0.336214,0.435707,-2.18383,4.14494,-0.266373,1.40006,4.00539,0,0,-0.380505,0,0,-0.112291,-0.0484411,0.165135,-0.198801,-0.308038,-0.239497,-0.161084,0,0,-1.72371,0,0,-1.74775,1.21843,0.391932,0.591298,-1.25707,-0.474221,0.723269,0.0621635,0.599853,0.0324782,1,0.955837,-0.0151108,-0.00685805,-0.29343,-0.0248709,-0.0219801,-0.595436,0.37226,-0.401193,0.0124967,0.176433,0.0758094,0.289853
0.999499,0.000855453,0.00562875,-0.0311306,0.999499,0.000855453,0.00562875,-0.0311306,0.992065,-0.0508399,-0.0226113,0.112741,0.804766,-0.380727,0.0893936,-0.446551,0.832067,0.313194,-0.0800235,-0.450744,0.998378,0,0,0.0569271,0.999671,0,0,0.0256304,0.993849,-0.0424673,0.0509028,-0.088708,0.98862,0.116809,0.0209607,-0.0924538,0.618071,0,0,-0.786122,0.610214,0,0,-0.792236,0.234373,0.107136,0.0674172,0.96387,0.312856,0.0591361,-0.0683004,0.945494,-0.0931171,0.0597519,0.129512,-0.0987374,0.0637457,-0.103341,0.0325075,0.17019,0.105672,0.0320327,0.173673,-0.0741583,0.0487743,0.407311,0.095615,0.0495922,0.403712,-0.0301445,-0.0537102,0.599124,0.0422935,0.0369345,0.728634,0.0385873,0.152554,0.872376,0.0346795,0.192206,0.790903,0.229895,0.184528,0.784708,-0.152769,0.185918,0.535924,0.274819,0.169294,0.527749,-0.184142,0.277253,1.05082,0.0205421,-0.00718382,0.00210292,-0.0282249,-0.00718382,0.00210292,-0.0282249,-0.00516766,0.0131387,0.290373,0.761292,-2.75257,3.71069,-0.898357,1.89218,4.02203,0,0,1.82614,0,0,1.00965,-0.0207746,0.227563,-1.1986,0.0379966,-0.449698,-1.09376,0,0,-0.480749,0,0,-0.550361,0.880873,0.373439,0.0907027,-0.736878,-0.325102,-0.0849908,0.0790823,0.599395,0.032619,1,0.958235,-0.0141696,-0.00439626,-0.285598,-0.0246503,-0.0165197,-0.579123,0.481704,-0.0217855,0.00745132,0.0962756,0.132702,0.489529
0.99954,0.000509596,0.00630713,-0.0296577,0.99954,0.000509596,0.00630713,-0.0296577,0.991686,-0.0489415,-0.021708,0.117015,0.840749,-0.359709,0.0456469,-0.402078,0.8684,0.293034,-0.0542088,-0.396326,0.99386,0,0,0.110648,0.997314,0,0,0.0732411,0.99028,-0.0423708,0.0529137,-0.121447,0.984813,0.120419,0.0129926,-0.124398,0.631123,0,0,-0.775683,0.622156,0,0,-0.782894,0.234687,0.110777,0.06893,0.963275,0.317161,0.059041,-0.0706794,0.943889,-0.0912309,0.0621036,0.12912,-0.0962301,0.0671523,-0.104848,0.036612,0.170036,0.105177,0.0367988,0.17426,-0.0738428,0.0624279,0.411366,0.0952593,0.0633355,0.407959,-0.0288705,-0.0332885,0.611144,0.042204,0.05561,0.741867,0.0385085,0.16883,0.887512,0.0344363,0.227236,0.807123,0.2313,0.219522,0.800664,-0.152106,0.266117,0.555413,0.271308,0.251485,0.545031,-0.175773,0.289581,1.06856,0.020473,-0.0207553,0.0407046,0.0884169,-0.0207553,0.0407046,0.0884169,0.113833,0.0541748,0.257992,1.65038,-2.84829,3.19248,-1.52339,1.68647,3.78729,0,0,3.23504,0,0,2.86042,0.00275822,0.124701,-1.97713,0.226679,-0.478904,-1.93352,0,0,1.00276,0,0,0.90971,0.298317,0.123639,-0.0620417,-0.0174286,-0.176381,-0.285337,0.0984333,0.609913,0.0328008,1,0.959934,-0.0136772,-0.00377509,-0.279865,-0.0241504,-0.0149038,-0.567186,0.612648,0.360586,-0.00268233,0.0388881,0.032598,0.358325
0.999618,0.000534865,0.00702147,-0.026733,0.999618,0.000534865,0.00702147,-0.026733,0.991711,-0.0460672,-0.0211833,0.118058,0.861234,-0.354024,0.0202082,-0.364052,0.884764,0.295887,-0.0416713,-0.357642,0.98548,0,0,0.169789,0.989028,0,0,0.147729,0.983097,-0.0447795,0.0554942,-0.168627,0.977428,0.121693,0.00745579,-0.172538,0.661822,0,0,-0.749661,0.651995,0,0,-0.758223,0.243786,0.110081,0.062226,0.96155,0.324473,0.0531842,-0.0722279,0.941633,-0.0659117,0.154615,0.132511,-0.0706158,0.160389,-0.106489,0.0624408,0.262737,0.108519,0.0629548,0.266883,-0.0734651,0.100844,0.514292,0.0972914,0.10218,0.510363,-0.027114,0.017064,0.725116,0.0429553,0.103996,0.857177,0.0394895,0.214097,1.00522,0.0357324,0.286542,0.928421,0.234002,0.279541,0.921301,-0.15085,0.364664,0.687264,0.267206,0.35374,0.676093,-0.164907,0.330379,1.18924,0.022646,0.00151556,0.0428556,0.175551,0.00151556,0.0428556,0.175551,0.172965,0.0315797,0.0627355,0.524595,-1.62225,2.57978,0.0718939,0.802193,2.55812,0,0,3.58445,0,0,4.49787,-0.151489,0.163392,-2.86447,0.0951058,-0.332784,-2.92902,0,0,2.41485,0,0,2.3232,-0.100169,-0.576195,-0.516473,-0.477507,-0.10184,-0.444638,0.144196,0.72113,0.0343753,1,0.961603,-0.0137753,-0.00670683,-0.274016,-0.022824,-0.0204494,-0.554967,1.51058,3.41916,0.0225387,-0.0548378,-0.162032,0.367295
0.999694,0.001657,0.00757107,-0.023472,0.999694,0.001657,0.00757107,-0.023472,0.9917,-0.0423983,-0.0183164,0.119994,0.873073,-0.354054,0.010264,-0.335087,0.885751,0.320456,-0.0349966,-0.333959,0.976191,0,0,0.216915,0.976936,0,0,0.213532,0.967343,-0.0431191,0.0587758,-0.242763,0.96067,0.122598,0.00303277,-0.249148,0.712206,0,0,-0.70197,0.701504,0,0,-0.712666,0.259555,0.0967853,0.0577141,0.959131,0.339428,0.0521328,-0.0788102,0.935874,-0.0432486,0.22379,0.134661,-0.0479553,0.229451,-0.108222,0.083724,0.335234,0.11343,0.084456,0.338383,-0.0734974,0.139672,0.603285,0.101293,0.141816,0.59776,-0.0253093,0.073915,0.828215,0.0435405,0.156214,0.963227,0.0400593,0.260045,1.11576,0.0368464,0.342064,1.04531,0.235759,0.338937,1.03635,-0.150592,0.452814,0.819086,0.262248,0.446832,0.807059,-0.155595,0.367789,1.30498,0.0251219,0.0673342,0.0329689,0.195716,0.0673342,0.0329689,0.195716,0.220731,0.17249,0.116478,0.0916778,-0.628594,1.91161,1.52658,0.417372,1.48545,0,0,2.88221,0,0,4.01507,0.0863244,0.216902,-4.5514,0.0968103,-0.266354,-4.71709,0,0,4.16336,0,0,4.03753,-1.15382,-0.408065,-0.835393,-0.11249,-0.472866,-0.987511,0.189958,0.821446,0.0359497,1,0.965706,-0.0163495,-0.0140053,-0.258745,-0.0243477,-0.0355181,-0.523137,1.70553,3.093,0.0175557,-0.27128,-0.364518,0.953601
0.999757,0.00249344,0.008639,-0.0201233,0.999757,0.00249344,0.008639,-0.0201233,0.992335,-0.0393153,-0.0166665,0.115962,0.877885,-0.347566,0.0106969,-0.329244,0.877857,0.347515,-0.0332102,-0.327868,0.966807,0,0,0.255509,0.965656,0,0,0.259824,0.935014,-0.0284175,0.051059,-0.349764,0.926204,0.119339,0.0016496,-0.357633,0.778877,0,0,-0.627176,0.766686,0,0,-0.642022,0.295933,0.0832859,0.0444465,0.950532,0.37423,0.0475191,-0.0859518,0.92212,-0.0216523,0.270583,0.134406,-0.0268811,0.276677,-0.108836,0.102068,0.389711,0.120501,0.102909,0.392192,-0.0740292,0.181463,0.678549,0.109868,0.184749,0.671253,-0.024209,0.13979,0.918839,0.0447953,0.212638,1.05917,0.0405215,0.304603,1.21914,0.0368211,0.390996,1.15744,0.236035,0.393878,1.1457,-0.151399,0.526486,0.947465,0.257933,0.527511,0.933781,-0.148145,0.397916,1.41602,0.0250273,0.0501883,0.0640713,0.200968,0.0501883,0.0640713,0.200968,0.186,0.0994814,-0.244073,0.443694,0.0259915,0.401331,1.74882,0.105678,0.323012,0,0,2.38328,0,0,2.85904,0.872713,-0.433763,-6.72615,-0.112018,-0.0829055,-6.85391,0,0,6.01424,0,0,5.76949,-1.2208,-1.14433,-2.10922,-0.421694,-0.446861,-2.26447,0.235721,0.910863,0.0375241,1,0.973417,-0.0210307,-0.0231417,-0.226894,-0.030492,-0.0546237,-0.457171,1.97626,2.7187,0.0376429,-0.432367,-0.419069,1.97061
0.999677,0.00103416,0.00956056,-0.0235217,0.999677,0.00103416,0.00956056,-0.0235217,0.994438,-0.0364457,-0.0177079,0.0972151,0.875303,-0.339388,0.024414,-0.343606,0.861878,0.376415,-0.0335049,-0.338165,0.960772,0,0,0.277338,0.955902,0,0,0.293686,0.875312,-0.0084381,0.0270451,-0.482728,0.866885,0.106056,-0.000820306,-0.487095,0.853887,0,0,-0.520459,0.838033,0,0,-0.545619,0.369207,0.0700086,0.019626,0.926499,0.455636,0.0330563,-0.0940849,0.884563,-0.00165633,0.301572,0.130554,-0.00589749,0.310105,-0.107405,0.115793,0.433825,0.126158,0.120457,0.437944,-0.0740409,0.223344,0.744247,0.119482,0.231096,0.736736,-0.0241897,0.212665,0.997866,0.0459897,0.271802,1.14448,0.0414972,0.349317,1.31191,0.0372199,0.432827,1.25734,0.235813,0.445464,1.24355,-0.152436,0.580569,1.05745,0.254924,0.594583,1.04557,-0.142931,0.429034,1.51512,0.0248389,-0.0875623,0.0553134,-0.203958,-0.0875623,0.0553134,-0.203958,0.174155,-0.0618999,-1.1318,0.492323,0.859654,-0.918305,1.94219,-0.0303581,-0.764606,0,0,1.35891,0,0,2.11446,1.21453,-1.43798,-8.77833,-0.68015,-0.15301,-8.59385,0,0,7.83208,0,0,7.20033,-1.25531,-2.03548,-4.5096,-1.2044,-0.358825,-5.38514,0.281483,0.98938,0.0390985,1,0.983082,-0.0222751,-0.0357241,-0.178264,-0.0311602,-0.0782609,-0.357546,2.18625,2.37081,0.0358316,-0.299429,-0.643432,2.98726
0.999142,-0.00432964,0.0102285,-0.0398962,0.999142,-0.00432964,0.0102285,-0.0398962,0.997212,-0.0346039,-0.0187524,0.0633911,0.863909,-0.341708,0.0469327,-0.367007,0.847412,0.389639,-0.0327184,-0.359171,0.957504,0,0,0.28842,0.949124,0,0,0.314902,0.785122,0.004017,-0.0258817,-0.618787,0.784788,0.0760035,-0.00858548,-0.615026,0.92435,0,0,-0.381545,0.905139,0,0,-0.425117,0.492982,0.0478082,-0.0312658,0.868162,0.598997,0.0181438,-0.103166,0.79387,0.0159862,0.325545,0.126858,0.016356,0.338064,-0.107026,0.123862,0.476643,0.12781,0.139492,0.484606,-0.0773349,0.260383,0.805078,0.124068,0.278126,0.800505,-0.0292975,0.286603,1.06637,0.0447928,0.330887,1.21811,0.0435009,0.397578,1.39007,0.0416295,0.47136,1.33542,0.239197,0.496849,1.32465,-0.14951,0.617313,1.13493,0.254446,0.648591,1.13097,-0.138313,0.47344,1.59554,0.0318311,-0.321909,0.0401903,-0.983002,-0.321909,0.0401903,-0.983002,0.112638,-0.0617381,-2.03674,-0.232047,1.42215,-1.55864,0.959282,0.0388095,-1.43904,0,0,0.693212,0,0,1.33637,0.788356,-3.36837,-9.80743,-1.74331,-0.504063,-9.20415,0,0,9.35526,0,0,8.2822,-1.91133,-3.78654,-8.15878,-1.18343,-0.216611,-10.2139,0.327246,1.057,0.0406729,1,0.991211,-0.0102212,-0.0519355,-0.121236,-0.00771285,-0.105633,-0.243006,2.21814,2.05506,-0.0359049,0.426497,-0.992127,3.50043
0.998659,-0.0095573,0.00991797,-0.0499143,0.998659,-0.0095573,0.00991797,-0.0499143,0.998792,-0.0381421,-0.00655795,0.0302678,0.841643,-0.355161,0.0762029,-0.399613,0.827717,0.394335,-0.0298196,-0.398114,0.953822,0,0,0.300373,0.941629,0,0,0.336652,0.697773,0.0011969,-0.0586385,-0.713914,0.709767,0.0426844,0.00455274,-0.703128,0.969975,0,0,-0.243203,0.953681,0,0,-0.300821,0.668232,0.00461353,-0.0542359,0.741959,0.753448,0.0601405,-0.165815,0.633407,0.0448657,0.349723,0.130695,0.0547724,0.361452,-0.100046,0.143734,0.522733,0.128864,0.17413,0.528487,-0.0801372,0.298402,0.86239,0.123746,0.326681,0.859106,-0.0343708,0.355156,1.12274,0.045867,0.387445,1.2774,0.0467038,0.444467,1.45272,0.046119,0.505207,1.39735,0.243207,0.542035,1.38732,-0.148311,0.643255,1.19226,0.255036,0.689519,1.19269,-0.138936,0.51673,1.65984,0.0370438,-0.313842,-0.0185414,-0.60174,-0.313842,-0.0185414,-0.60174,-0.211277,0.732553,-1.9902,-1.02462,1.87883,-2.25133,0.47489,0.169904,-2.64277,0,0,0.750471,0,0,1.38031,-0.179864,-2.24735,-7.71159,-2.07667,0.858687,-7.0107,0,0,8.74803,0,0,8.01225,-3.16707,-1.39439,-12.9772,2.67533,-3.6789,-13.7618,0.373008,1.11371,0.0422474,1,0.994779,-0.000800514,-0.0662981,-0.0775817,0.00877126,-0.132415,-0.156244,2.0566,1.69113,0.0322242,0.32207,-0.885146,2.66135
0.998504,-0.0153503,0.00674349,-0.0520537,0.998504,-0.0153503,0.00674349,-0.0520537,0.998549,-0.0480806,0.0213921,0.0114364,0.823352,-0.361047,0.0958316,-0.427263,0.809239,0.38866,-0.0179968,-0.440172,0.946498,0,0,0.322708,0.931566,0,0,0.363573,0.645882,-0.0211628,-0.0414215,-0.762019,0.666292,0.0219686,0.0180556,-0.745148,0.986779,0,0,-0.162073,0.972331,0,0,-0.233607,0.80007,-0.0289938,0.0410783,0.597795,0.812189,0.102439,-0.176731,0.546463,0.0890012,0.377612,0.127116,0.107632,0.392349,-0.0949932,0.184238,0.564774,0.128408,0.222102,0.569185,-0.07883,0.343872,0.90925,0.122386,0.37783,0.906427,-0.0339995,0.414087,1.16731,0.0495237,0.438244,1.32341,0.0507591,0.48715,1.50113,0.0489407,0.536405,1.44827,0.247034,0.58191,1.43316,-0.149581,0.670327,1.24274,0.259308,0.725375,1.23866,-0.142733,0.553794,1.70991,0.0361372,-0.347781,-0.190533,-0.12858,-0.347781,-0.190533,-0.12858,-0.596788,1.67778,-1.13028,-0.524974,1.28443,-1.93225,-0.194313,0.745392,-2.86853,0,0,1.41033,0,0,1.72449,-1.52476,1.09432,-4.27033,-1.35411,0.919532,-3.64694,0,0,4.97252,0,0,4.18606,-2.17787,6.31308,-11.7359,2.62483,-0.465168,-6.46422,0.41877,1.15953,0.0438218,1,0.995929,0.00409068,-0.0746767,-0.0503199,0.0158394,-0.148883,-0.102147,1.76793,1.33701,0.109703,0.144568,-0.517051,1.65261
0.998608,-0.0194132,0.0024394,-0.0489855,0.998608,-0.0194132,0.0024394,-0.0489855,0.998074,-0.0507112,0.0310974,-0.0175767,0.805309,-0.364267,0.0978957,-0.457388,0.794333,0.388347,-0.00982675,-0.467039,0.932555,0,0,0.361029,0.922624,0,0,0.385701,0.648596,-0.0296133,-0.0214724,-0.760254,0.670305,0.0226881,0.00829986,-0.741693,0.977468,0,0,-0.211083,0.964011,0,0,-0.265863,0.793192,-0.0215063,-0.00932033,0.60852,0.806261,0.125064,-0.144931,0.55973,0.134894,0.419578,0.119381,0.165489,0.429588,-0.0924239,0.240878,0.6002,0.12179,0.283749,0.603558,-0.0738914,0.402378,0.939895,0.12184,0.435941,0.93896,-0.0297167,0.462874,1.20086,0.0525559,0.481999,1.35767,0.0539436,0.524234,1.53709,0.0506804,0.564147,1.48668,0.252663,0.617187,1.46834,-0.151282,0.696,1.28431,0.268253,0.76041,1.27649,-0.146001,0.58776,1.74664,0.0355174,-0.243855,-0.258379,0.184283,-0.243855,-0.258379,0.184283,-0.158391,0.582897,-1.7418,-0.359078,0.172972,-2.11493,0.116714,0.520504,-1.88755,0,0,2.4469,0,0,1.43205,-0.574693,1.36344,0.176703,0.0462903,-0.661496,0.313503,0,0,-2.99351,0,0,-1.99882,0.478298,-3.24459,0.789498,1.46689,2.01702,0.92784,0.464533,1.19445,0.0453962,1,0.996625,0.00789811,-0.0734982,-0.0357001,0.0212194,-0.146459,-0.0731681,1.46359,1.00669,0.0909652,0.165404,0.0584617,0.893101
0.998522,-0.0203525,0.000189844,-0.0503906,0.998522,-0.0203525,0.000189844,-0.0503906,0.998021,-0.04716,0.0348662,-0.0226977,0.789375,-0.362978,0.0884259,-0.487151,0.789908,0.387565,-0.00701297,-0.475173,0.921551,0,0,0.388258,0.919528,0,0,0.393024,0.666995,-0.0247424,-0.00552049,-0.744631,0.689224,0.0354434,-0.0180956,-0.723455,0.963648,0,0,-0.267177,0.948926,0,0,-0.315498,0.783073,-0.0196302,-0.00258752,0.621615,0.791487,0.130205,-0.135563,0.581565,0.193831,0.448122,0.103667,0.228885,0.457575,-0.086916,0.3065,0.623521,0.11176,0.350702,0.627385,-0.0652062,0.460668,0.960671,0.1199,0.493162,0.960884,-0.022549,0.505666,1.22478,0.0545392,0.521943,1.3819,0.0557115,0.5615,1.56189,0.0519,0.592724,1.51174,0.258663,0.653937,1.49307,-0.151128,0.717818,1.30901,0.280401,0.797456,1.30242,-0.146348,0.623027,1.77205,0.036719,-0.0564218,-0.135036,-0.0844329,-0.0564218,-0.135036,-0.0844329,0.213157,0.226307,-0.307484,-0.0543644,-0.574775,-2.09566,-0.00954238,0.180706,-0.574662,0,0,1.76213,0,0,0.477001,0.344444,1.09054,1.43507,0.844633,-1.77549,1.59469,0,0,-3.46673,0,0,-3.11291,0.116278,0.433719,0.995195,0.375609,0.553992,1.60542,0.510295,1.21846,0.0469706,1,0.997116,0.00844564,-0.0708421,-0.0258823,0.0207176,-0.141308,-0.053369,1.28377,0.717408,0.0594984,-0.00509789,0.155172,0.591814
0.998223,-0.0213646,0.00107793,-0.0556205,0.998223,-0.0213646,0.00107793,-0.0556205,0.997553,-0.0506767,0.0415275,-0.024395,0.772329,-0.358264,0.0774962,-0.518796,0.789405,0.38162,-0.0107344,-0.480719,0.91833,0,0,0.395816,0.922255,0,0,0.386582,0.676844,-0.00497253,-0.0262663,-0.735641,0.696868,0.02882,-0.0197511,-0.716348,0.961489,0,0,-0.274844,0.947745,0,0,-0.319028,0.771177,-0.0189177,-0.0298968,0.635637,0.779254,0.114176,-0.125221,0.603363,0.270935,0.451918,0.0923088,0.304182,0.461883,-0.0786187,0.375819,0.630701,0.104691,0.417783,0.636083,-0.0583565,0.514271,0.973464,0.119985,0.546571,0.975081,-0.0196329,0.548284,1.23938,0.0550814,0.561458,1.39674,0.0566698,0.599544,1.57701,0.0533757,0.620319,1.52586,0.264355,0.691212,1.50781,-0.148485,0.733415,1.31821,0.294545,0.832383,1.31454,-0.143569,0.660667,1.78724,0.0381928,-0.0608855,0.0533178,-0.314283,-0.0608855,0.0533178,-0.314283,-0.211616,0.400335,-0.102131,0.157474,-0.674286,-2.25731,-0.379418,-0.240497,-0.363954,0,0,0.492992,0,0,-0.419695,1.33964,-1.39752,0.801459,-0.450231,-0.107158,0.619843,0,0,-0.477925,0,0,-0.22336,0.040697,-1.77697,1.09062,-1.00123,0.630851,1.58404,0.556058,1.23158,0.048545,1,0.997048,0.0105203,-0.0748476,-0.0134824,0.0232583,-0.149526,-0.0287852,1.27854,0.438222,0.0162671,0.0652294,-0.24944,0.748554
0.998249,-0.0223765,0.00139753,-0.054746,0.998249,-0.0223765,0.00139753,-0.054746,0.996911,-0.0561567,0.044539,-0.032098,0.752608,-0.358916,0.0718604,-0.547354,0.784672,0.374558,-0.0164499,-0.493686,0.923663,0,0,0.383206,0.926171,0,0,0.377104,0.683023,0.0257918,-0.0559424,-0.727795,0.705519,0.0204242,-0.00846641,-0.708346,0.971913,0,0,-0.23534,0.956161,0,0,-0.29284,0.739089,-0.00325191,-0.0514217,0.671635,0.760642,0.0924672,-0.116726,0.631861,0.364721,0.434894,0.0870676,0.389719,0.447197,-0.0683946,0.446497,0.622408,0.100725,0.48573,0.630117,-0.0519901,0.561596,0.977646,0.121475,0.595968,0.979459,-0.0175763,0.590423,1.24405,0.0565325,0.602248,1.40153,0.0577286,0.638547,1.58216,0.0536982,0.649361,1.5323,0.268475,0.72786,1.51087,-0.146823,0.748861,1.31812,0.30972,0.864399,1.3131,-0.141453,0.698912,1.79235,0.0366926,-0.0607366,0.0191869,0.0525304,-0.0607366,0.0191869,0.0525304,-0.329795,0.181411,-0.462975,-0.215624,-0.331711,-2.12081,-0.413729,-0.371098,-0.893658,0,0,-0.821532,0,0,-0.615351,2.07034,-1.99204,0.647894,-0.566322,0.756936,0.694028,0,0,2.45157,0,0,1.65046,1.01635,-1.44066,2.87237,-1.36587,0.498074,2.13386,0.60182,1.2338,0.0501195,1,0.996808,0.0098924,-0.0786448,-0.00948513,0.0214802,-0.157247,-0.0207228,1.26418,0.1401,0.0435329,-0.0584336,-0.230253,0.23372
0.998377,-0.0224653,0.00121772,-0.0523177,0.998377,-0.0224653,0.00121772,-0.0523177,0.996182,-0.0607605,0.0513409,-0.0359556,0.731288,-0.360788,0.0652936,-0.57514,0.777928,0.367855,-0.021039,-0.508988,0.928605,0,0,0.37107,0.928171,0,0,0.372153,0.690269,0.0587646,-0.07894,-0.716829,0.718209,0.0124814,0.00910456,-0.695656,0.982413,0,0,-0.186722,0.963585,0,0,-0.267402,0.703548,0.0121294,-0.0600421,0.708003,0.749681,0.0820135,-0.102671,0.648622,0.467654,0.409255,0.0867287,0.480391,0.422999,-0.0607497,0.522168,0.603557,0.0985686,0.557651,0.613768,-0.0471764,0.608349,0.97086,0.12247,0.645547,0.972631,-0.0159001,0.631301,1.23746,0.0584008,0.642197,1.39502,0.0588671,0.676543,1.57604,0.053965,0.677201,1.52825,0.272661,0.763238,1.50285,-0.145747,0.762788,1.30919,0.32538,0.894911,1.30119,-0.140021,0.734949,1.78654,0.0351765,-0.0052742,-0.0107985,0.145919,-0.0052742,-0.0107985,0.145919,-0.277401,0.409283,-0.232217,-0.314379,-0.39539,-2.12566,-0.374123,-0.300399,-1.07285,0,0,-0.786215,0,0,-0.320347,2.20692,-1.53204,0.874026,-0.533719,1.16874,1.07257,0,0,2.98463,0,0,1.59005,1.02353,-0.621732,3.03375,-0.66046,0.890015,1.26969,0.647583,1.22511,0.0516939,1,0.996587,0.00775027,-0.0818415,-0.00753311,0.0169076,-0.163738,-0.0165049,1.22634,-0.197855,0.0560472,-0.139017,-0.192177,0.104616
0.998469,-0.0219721,0.00162185,-0.0507341,0.998469,-0.0219721,0.00162185,-0.0507341,0.995693,-0.0637285,0.057215,-0.0354934,0.707679,-0.36568,0.0570026,-0.601846,0.769123,0.365255,-0.0267228,-0.52376,0.933254,0,0,0.359217,0.927145,0,0,0.374704,0.702393,0.0851025,-0.0906455,-0.700845,0.735627,0.00411233,0.0265947,-0.676852,0.989342,0,0,-0.145612,0.967568,0,0,-0.25261,0.688536,0.00999242,-0.0589453,0.722734,0.740836,0.0789935,-0.0864315,0.661401,0.571226,0.378077,0.0886064,0.570836,0.393149,-0.0561251,0.600564,0.576646,0.0976607,0.631126,0.589278,-0.0441365,0.655627,0.952534,0.122323,0.695431,0.954849,-0.0150156,0.670563,1.21929,0.0596941,0.681241,1.37689,0.0599331,0.714732,1.55808,0.0549867,0.705293,1.51207,0.277884,0.798145,1.48375,-0.144796,0.77489,1.28899,0.341607,0.92388,1.27866,-0.138807,0.771807,1.76887,0.0356945,0.0296519,0.024258,0.0951638,0.0296519,0.024258,0.0951638,-0.178928,0.353459,0.0274153,-0.542855,-0.513167,-2.12505,-0.0907692,-0.374449,-1.07016,0,0,-0.763947,0,0,0.164947,1.73991,-0.756614,1.29321,-0.557173,1.14892,1.54591,0,0,2.50156,0,0,0.919109,-0.138708,0.0501709,1.26539,-0.180645,1.04581,0.983313,0.693345,1.20553,0.0532683,1,0.996311,0.00671251,-0.0852156,-0.00756,0.0148803,-0.170526,-0.0164475,1.17784,-0.544957,0.0387994,-0.063318,-0.202624,-0.00839706
0.998428,-0.0216843,0.00211262,-0.0516362,0.998428,-0.0216843,0.00211262,-0.0516362,0.99531,-0.0660385,0.0625782,-0.0328901,0.681993,-0.374533,0.0480303,-0.626342,0.758643,0.366064,-0.0324956,-0.537961,0.93657,0,0,0.35048,0.923358,0,0,0.383941,0.719887,0.100271,-0.0920796,-0.68061,0.754405,-0.00110275,0.0383349,-0.655288,0.993015,0,0,-0.117988,0.970477,0,0,-0.241193,0.66575,-0.00218501,-0.0659947,0.743247,0.719953,0.0690902,-0.0624264,0.687748,0.673353,0.343291,0.0937668,0.663589,0.357018,-0.0550971,0.680285,0.542153,0.0990185,0.70582,0.555998,-0.0430315,0.70401,0.922833,0.122045,0.744948,0.926319,-0.0149033,0.708362,1.1895,0.0602119,0.719189,1.34708,0.0607742,0.75321,1.52818,0.0565101,0.73357,1.48422,0.283912,0.832936,1.45308,-0.144109,0.785347,1.25854,0.357871,0.9512,1.24471,-0.137966,0.81065,1.7389,0.0376862,0.0172586,0.029463,-0.0541986,0.0172586,0.029463,-0.0541986,-0.139312,0.322733,0.156173,-0.840428,-0.565675,-2.05126,0.146436,-0.384083,-1.06212,0,0,-0.560693,0,0,0.59902,0.967752,-0.0544249,1.6565,-0.343255,0.755994,1.7274,0,0,1.67209,0,0,0.706893,-0.818737,-0.513032,1.82557,-0.615155,1.54639,2.0953,0.739108,1.17505,0.0548427,1,0.995982,0.00729791,-0.0889312,-0.00764927,0.0161535,-0.177974,-0.0168013,1.13397,-0.893786,0.0155352,0.0338985,-0.224029,-0.00398952
0.998279,-0.0217579,0.0024521,-0.0543952,0.998279,-0.0217579,0.0024521,-0.0543952,0.994982,-0.0671782,0.0682965,-0.0288743,0.656279,-0.383568,0.0397599,-0.648531,0.74464,0.37434,-0.0385036,-0.55127,0.939458,0,0,0.342663,0.917796,0,0,0.397052,0.738465,0.103868,-0.0803516,-0.661381,0.769216,-0.00314991,0.0497644,-0.637041,0.995624,0,0,-0.0934472,0.975649,0,0,-0.219337,0.643646,-0.0133786,-0.0780974,0.761211,0.689515,0.0532664,-0.0512089,0.720492,0.773511,0.303195,0.102269,0.758806,0.31261,-0.054754,0.759544,0.499938,0.103002,0.780154,0.512303,-0.0427105,0.752449,0.882485,0.122643,0.792778,0.886464,-0.0145334,0.745848,1.1482,0.0610969,0.756912,1.30574,0.0615033,0.792306,1.48656,0.0574289,0.762116,1.44626,0.288995,0.868979,1.41013,-0.144663,0.794979,1.21983,0.373224,0.978683,1.19877,-0.137717,0.851211,1.69689,0.0387313,-0.00448524,0.0203867,-0.165787,-0.00448524,0.0203867,-0.165787,-0.0689303,0.344085,0.241136,-0.87135,-0.529284,-1.9384,0.67044,-0.405936,-1.06051,0,0,-0.500022,0,0,0.854493,0.189844,0.815422,1.58523,-0.132847,0.730024,1.42542,0,0,1.48077,0,0,1.34763,-0.766135,-0.866423,1.67202,-1.00749,0.703653,2.73744,0.78487,1.13366,0.0564171,1,0.99554,0.00635222,-0.0938741,-0.00693002,0.0141993,-0.187927,-0.0152601,1.12459,-1.23892,0.026549,-0.0624267,-0.297622,0.0355685
0.998133,-0.0223524,0.00240156,-0.0567882,0.998133,-0.0223524,0.00240156,-0.0567882,0.99457,-0.0688136,0.0740141,-0.0248328,0.634717,-0.383682,0.0289455,-0.670138,0.726265,0.387339,-0.0457389,-0.566052,0.944527,0,0,0.328432,0.910397,0,0,0.413737,0.756502,0.0969022,-0.0637494,-0.643623,0.779321,-0.00609116,0.0618769,-0.623533,0.997165,0,0,-0.0752425,0.982273,0,0,-0.187457,0.617456,-0.0225418,-0.0905675,0.781049,0.651086,0.0285252,-0.0429467,0.757251,0.869518,0.256819,0.113707,0.856596,0.260867,-0.0549261,0.837506,0.449252,0.10997,0.855098,0.458447,-0.0427957,0.802142,0.831054,0.124446,0.840412,0.835069,-0.0143472,0.784523,1.09522,0.0620402,0.795078,1.25277,0.0621741,0.83089,1.43347,0.0579898,0.79001,1.39737,0.292235,0.905039,1.35602,-0.146198,0.804231,1.1717,0.386867,1.00625,1.14261,-0.138105,0.890134,1.64368,0.0389138,-0.0357593,-0.0030268,-0.143828,-0.0357593,-0.0030268,-0.143828,-0.0988575,0.344242,0.242689,-0.2336,-0.718169,-1.86345,1.03247,-0.496388,-1.23201,0,0,-0.906381,0,0,1.09513,-0.502069,1.12173,1.45731,-0.189952,0.773249,1.03176,0,0,1.0962,0,0,1.95373,-0.642453,-0.917763,1.92222,-1.63091,0.510385,3.24244,0.830633,1.08138,0.0579915,1,0.995034,0.00548633,-0.0993013,-0.00396332,0.011941,-0.198882,-0.00915752,1.16026,-1.58948,0.0282983,-0.0704959,-0.327803,0.170053
0.997945,-0.0236503,0.00132345,-0.0595393,0.997945,-0.0236503,0.00132345,-0.0595393,0.994347,-0.0691241,0.0778716,-0.0208035,0.617732,-0.37435,0.0122107,-0.691463,0.707654,0.401581,-0.053331,-0.578891,0.949311,0,0,0.314339,0.903593,0,0,0.428392,0.777708,0.0800804,-0.0459722,-0.621807,0.790647,-0.00851954,0.0719382,-0.607972,0.997258,0,0,-0.0740033,0.986906,0,0,-0.161294,0.58956,-0.0244011,-0.105478,0.800436,0.613188,0.00866346,-0.0339164,0.789161,0.957476,0.202244,0.126091,0.951289,0.203195,-0.0571193,0.912892,0.389753,0.119086,0.929692,0.396425,-0.0442561,0.853114,0.768722,0.127435,0.88829,0.772781,-0.0148848,0.82318,1.03061,0.0627027,0.833383,1.18816,0.0629166,0.869967,1.36867,0.0587372,0.818595,1.33696,0.29447,0.941819,1.2904,-0.147734,0.814045,1.11371,0.398517,1.03433,1.07501,-0.139007,0.930044,1.57864,0.0395261,-0.0780117,-0.0647222,-0.165396,-0.0780117,-0.0647222,-0.165396,-0.0189757,0.232225,0.242101,0.463016,-1.14178,-1.78908,1.13285,-0.527583,-1.12426,0,0,-0.893001,0,0,0.969455,-1.14153,1.18639,1.74816,-0.155152,0.632871,1.17422,0,0,0.0745633,0,0,1.59424,-0.147762,-1.11334,1.97402,-1.34399,0.579634,3.00121,0.876395,1.0182,0.059566,1,0.994734,0.0061395,-0.102297,-0.00140376,0.0127691,-0.204931,-0.00413539,1.1597,-1.9382,0.0198772,0.0231319,-0.181647,0.155645
0.997811,-0.0239897,-0.000271861,-0.0616251,0.997811,-0.0239897,-0.000271861,-0.0616251,0.994167,-0.0693517,0.0810103,-0.0161143,0.603519,-0.359987,-0.00919375,-0.711399,0.694058,0.409521,-0.0597851,-0.589068,0.953331,0,0,0.301927,0.899028,0,0,0.437892,0.803305,0.0575317,-0.0239914,-0.592297,0.806614,-0.00586802,0.0832643,-0.585156,0.994327,0,0,-0.10637,0.98671,0,0,-0.16249,0.561747,-0.00927974,-0.112327,0.819596,0.597298,0.012001,-0.037103,0.801071,1.03309,0.137596,0.136521,1.03648,0.136658,-0.0607654,0.985195,0.32201,0.129217,1.00336,0.326897,-0.04693,0.907254,0.696589,0.13259,0.93919,0.699751,-0.014922,0.861997,0.954108,0.0639216,0.871839,1.11165,0.0635428,0.908851,1.29204,0.0588811,0.847539,1.26533,0.295394,0.979084,1.21266,-0.148645,0.825612,1.04628,0.40824,1.06463,0.995724,-0.138717,0.96909,1.50193,0.0391015,-0.020441,-0.0957848,-0.125398,-0.020441,-0.0957848,-0.125398,-0.0139274,0.188966,0.281827,0.847137,-1.48157,-1.66215,0.673315,-0.451084,-0.885575,0,0,-0.782812,0,0,0.632423,-1.49818,1.44084,2.27654,0.173435,0.699854,1.69468,0,0,-1.95004,0,0,-0.0726721,1.04863,-0.569753,2.00516,0.236282,-0.237172,1.18535,0.922158,0.944113,0.0611404,1,0.994592,0.00430523,-0.103765,0.00101646,0.00853689,-0.207912,0.0011533,1.16452,-2.29517,0.0365649,-0.124403,-0.0892331,0.132638
0.99764,-0.0232193,-0.00257816,-0.0645629,0.99764,-0.0232193,-0.00257816,-0.0645629,0.994069,-0.0701914,0.0829527,-0.00427649,0.590211,-0.342611,-0.0346767,-0.730114,0.684677,0.414153,-0.0676104,-0.595922,0.956677,0,0,0.29115,0.897272,0,0,0.441479,0.832269,0.0422286,-0.0111214,-0.552649,0.831683,0.0049232,0.0890982,-0.548034,0.981468,0,0,-0.191627,0.97329,0,0,-0.229577,0.529955,0.00141188,-0.104954,0.841505,0.574843,0.0235837,-0.0311501,0.81733,1.08696,0.0828461,0.141793,1.09827,0.0834707,-0.0664253,1.04998,0.267379,0.13793,1.07136,0.272724,-0.0501372,0.963984,0.635129,0.13808,0.994631,0.637641,-0.0152307,0.89802,0.884727,0.0636236,0.906418,1.04232,0.0622066,0.942833,1.22279,0.0569298,0.872533,1.2009,0.293806,1.01192,1.1426,-0.150587,0.834913,0.987239,0.414461,1.09247,0.924315,-0.139042,1.00087,1.43323,0.0363108,0.0461828,-0.138488,-0.176618,0.0461828,-0.138488,-0.176618,-0.0506192,0.116935,0.711646,1.07614,-1.78292,-1.57796,0.411935,-0.540755,-0.605478,0,0,-0.677068,0,0,0.239636,-1.01206,0.834687,2.92121,0.68986,0.322518,2.70271,0,0,-5.17488,0,0,-4.10579,0.756828,0.420337,2.35488,0.821771,0.394216,1.66341,0.964167,0.879068,0.0611979,1,0.994758,0.00099282,-0.101995,0.00732178,0.000491901,-0.204354,0.01467,1.08067,-2.08141,-0.00894028,-0.237079,0.104866,0.356101
0.997748,-0.0221647,-0.00471183,-0.0631291,0.997748,-0.0221647,-0.00471183,-0.0631291,0.994668,-0.0702167,0.0752431,0.00662378,0.576448,-0.325675,-0.0606673,-0.746969,0.681112,0.419573,-0.0792425,-0.594782,0.960705,0,0,0.277572,0.899217,0,0,0.437504,0.879455,0.0388832,-0.00507004,-0.474365,0.873406,0.0182007,0.0898044,-0.478295,0.941352,0,0,-0.337426,0.938863,0,0,-0.344291,0.569889,0.0175514,-0.0988037,0.815571,0.635195,0.0701358,-0.0271427,0.768682,1.12158,0.0560082,0.14036,1.13941,0.0524001,-0.0693221,1.10823,0.246931,0.142662,1.13032,0.248285,-0.0514615,1.01748,0.597617,0.141816,1.04405,0.597366,-0.0164682,0.92287,0.830554,0.0604501,0.932828,0.988069,0.0581717,0.970386,1.16829,0.0520696,0.893002,1.15201,0.289388,1.03842,1.08646,-0.153808,0.838742,0.945092,0.417385,1.11487,0.86639,-0.138799,1.02762,1.37883,0.0303145,0.0633734,-0.12811,0.0862343,0.0633734,-0.12811,0.0862343,-0.000677606,-0.464397,0.655232,1.05249,-1.83911,-1.47541,0.40379,-0.789433,0.0207604,0,0,-0.849763,0,0,-0.265555,-0.254116,0.39024,5.48324,0.827426,-0.0397809,4.88724,0,0,-9.08168,0,0,-7.19043,1.13485,0.558972,-2.8355,3.15115,0.328162,-4.73695,0.998783,0.832866,0.0590757,1,0.995242,-0.00245808,-0.0973861,0.0018437,-0.00535342,-0.195071,0.00422884,0.745497,-1.6252,-0.0952023,-0.1745,0.276844,-0.348022
0.998247,-0.0145324,-0.00388078,-0.0572427,0.998247,-0.0145324,-0.00388078,-0.0572427,0.997021,-0.0606249,0.0476853,-0.000410786,0.578825,-0.30741,-0.0820872,-0.750815,0.699492,0.418789,-0.0923215,-0.571667,0.972812,0,0,0.231596,0.913455,0,0,0.406941,0.940562,0.0347495,0.000406559,-0.33784,0.93621,0.0376632,0.0878769,-0.338187,0.837417,0,0,-0.546564,0.831349,0,0,-0.55575,0.501846,0.0428074,-0.0897213,0.859226,0.568385,0.0862692,-0.0385093,0.817321,1.1175,0.0490384,0.137767,1.13898,0.0489579,-0.0708341,1.14492,0.233059,0.147461,1.17114,0.236903,-0.0504599,1.05947,0.543776,0.145619,1.08768,0.543847,-0.0162208,0.933019,0.745098,0.0566034,0.950433,0.902057,0.0558964,0.993698,1.08118,0.0539358,0.914489,1.06097,0.290487,1.06433,1.0022,-0.147375,0.841609,0.855974,0.418441,1.14049,0.778157,-0.132265,1.05759,1.29062,0.0401005,0.458424,0.0499389,0.354021,0.458424,0.0499389,0.354021,0.579394,-1.65867,-0.422806,1.30404,-1.49857,-0.217964,-0.254116,-0.836103,1.83102,0,0,-2.85287,0,0,-2.0231,-0.304216,0.341936,8.98189,1.16851,-0.240141,9.23956,0,0,-14.0445,0,0,-14.2669,1.8673,0.453515,4.85601,1.2704,-0.85263,4.89132,1.02422,0.764512,0.0604182,1,0.9951,-0.00311813,-0.0954625,-0.0255597,-0.00135036,-0.191314,-0.0512302,0.304486,-2.5637,-0.115402,0.120489,0.109934,-1.64071
0.997772,-0.0166744,-0.00445879,-0.0644374,0.997772,-0.0166744,-0.00445879,-0.0644374,0.997445,-0.0618441,0.0356133,0.00322979,0.617337,-0.260773,-0.0826859,-0.737601,0.727584,0.398526,-0.0914086,-0.550856,0.989555,0,0,0.144156,0.933312,0,0,0.359066,0.949477,0.0188749,0.0157018,-0.312875,0.945322,0.0461586,0.0793531,-0.312952,0.78407,0,0,-0.620673,0.777795,0,0,-0.628518,0.439137,0.0426494,-0.0443166,0.896312,0.506102,0.101768,-0.0511007,0.854923,1.10951,0.0520144,0.132907,1.13008,0.0524055,-0.0686627,1.15803,0.226819,0.14265,1.18295,0.230875,-0.0490229,1.08659,0.519974,0.140981,1.11229,0.519817,-0.0156199,0.950138,0.712036,0.0553423,0.967404,0.86893,0.0537446,1.01334,1.04727,0.0501747,0.941364,1.02137,0.279384,1.08504,0.964369,-0.144089,0.856616,0.811548,0.400594,1.16366,0.735914,-0.126705,1.08109,1.2553,0.0338554,-0.128752,-0.0347433,-0.432547,-0.128752,-0.0347433,-0.432547,-0.0726961,-0.725341,0.218625,3.55923,0.0490902,1.73972,-1.64101,0.126756,1.78715,0,0,-5.34352,0,0,-3.11009,-0.975327,0.933415,1.58663,0.512019,-0.537762,1.60698,0,0,-5.48071,0,0,-5.42285,0.0758802,3.2008,4.52399,1.28503,-0.984104,4.27004,1.04292,0.736573,0.0575672,1,0.995829,-0.0046037,-0.0886045,-0.0212535,-0.00548906,-0.177598,-0.0421898,0.513581,-0.991839,-0.0378323,-0.10271,0.416731,0.248432
0.99726,-0.0169545,-0.00442604,-0.0718757,0.99726,-0.0169545,-0.00442604,-0.0718757,0.998037,-0.0582399,0.0230208,-0.000690148,0.638627,-0.225458,-0.0613034,-0.733189,0.762727,0.347827,-0.0823672,-0.538961,0.994331,0,0,0.106333,0.944895,0,0,0.327373,0.949866,0.0179623,0.020733,-0.311451,0.947364,0.065603,0.058366,-0.307881,0.749223,0,0,-0.662318,0.744185,0,0,-0.667974,0.407216,0.0643525,-0.0263935,0.910679,0.475408,0.100729,-0.0519056,0.872437,1.1047,0.0493474,0.131259,1.12634,0.0495142,-0.0678958,1.16872,0.216954,0.138287,1.19201,0.220937,-0.0460443,1.10998,0.499242,0.138402,1.13088,0.49861,-0.0116262,0.96697,0.687611,0.0571379,0.982926,0.844514,0.0529466,1.03011,1.02233,0.0457902,0.96843,0.992316,0.267612,1.09595,0.935364,-0.141526,0.881434,0.775473,0.376901,1.17833,0.705353,-0.120628,1.10097,1.22903,0.025714,-0.0169919,0.0019212,-0.447369,-0.0169919,0.0019212,-0.447369,0.217125,-0.756466,-0.235389,2.57205,1.51285,0.738223,-3.65617,0.669802,1.25747,0,0,-2.2875,0,0,-2.02471,-0.0558388,0.306893,0.0894106,1.1856,-1.28518,0.323089,0,0,-3.25849,0,0,-3.11022,1.68841,1.30704,2.07052,0.0235838,-0.109133,2.12281,1.05919,0.714358,0.0555272,1,0.997396,-0.0110608,-0.0700533,-0.0130968,-0.0204317,-0.140493,-0.0248228,0.504943,-0.732758,0.0538669,-0.405111,1.12733,0.449941
0.997391,-0.0146603,-0.00317606,-0.0706105,0.997391,-0.0146603,-0.00317606,-0.0706105,0.998321,-0.0546996,0.0177952,-0.00675648,0.648963,-0.219708,-0.025645,-0.727955,0.778522,0.31917,-0.0801233,-0.53443,0.993457,0,0,0.114204,0.946741,0,0,0.321995,0.950959,0.023046,0.0248477,-0.307456,0.949375,0.0747515,0.0549177,-0.30014,0.737195,0,0,-0.67568,0.730498,0,0,-0.682915,0.392812,0.079136,-0.0189281,0.916012,0.458792,0.0984414,-0.0477486,0.881782,1.10105,0.0493544,0.130679,1.12274,0.0501787,-0.0667716,1.17269,0.212935,0.136606,1.1954,0.217323,-0.0444565,1.12246,0.492152,0.138747,1.14164,0.490985,-0.00903959,0.980542,0.681147,0.0600272,0.99921,0.837721,0.054287,1.04882,1.01483,0.0456364,0.993984,0.980804,0.261586,1.11028,0.926332,-0.138088,0.913149,0.755991,0.358239,1.19299,0.696232,-0.114131,1.12304,1.22031,0.0246923,0.137814,0.0750756,0.0761675,0.137814,0.0750756,0.0761675,0.212868,-0.313841,-0.36418,0.45579,2.4486,0.564118,-1.99231,0.177159,0.500781,0,0,0.475158,0,0,-0.341175,0.309697,0.250524,0.250795,0.555612,-0.212908,0.485374,0,0,-1.0787,0,0,-1.21575,1.15844,0.555057,0.86896,-0.114208,0.278875,1.16537,1.07343,0.707203,0.0558334,1,0.997712,-0.0168497,-0.061558,-0.0223236,-0.0311174,-0.123903,-0.0428117,0.407161,-0.193935,0.0866792,-0.300774,0.508158,-0.581906
0.997435,-0.015397,-0.00291713,-0.0698421,0.997435,-0.015397,-0.00291713,-0.0698421,0.998025,-0.0579707,0.021172,-0.01173,0.660557,-0.229098,0.0125303,-0.714858,0.781032,0.318109,-0.0788603,-0.531579,0.988009,0,0,0.154396,0.945859,0,0,0.324579,0.945819,0.019528,0.0241357,-0.323207,0.944406,0.0687022,0.0559634,-0.316616,0.7445,0,0,-0.667622,0.738084,0,0,-0.674709,0.383251,0.0793776,-0.0168964,0.920072,0.451248,0.0985311,-0.0480108,0.885642,1.10104,0.049621,0.129618,1.12266,0.0504669,-0.0670137,1.17565,0.211135,0.135894,1.1985,0.215675,-0.0453732,1.13348,0.49452,0.138517,1.15299,0.493795,-0.00985213,0.997317,0.690039,0.0603561,1.017,0.846527,0.0555399,1.06751,1.02343,0.0476693,1.01734,0.984407,0.258497,1.12973,0.935362,-0.135975,0.95377,0.750127,0.340766,1.21346,0.705878,-0.111961,1.14352,1.22823,0.027016,-0.0442263,0.0155518,0.0462016,-0.0442263,0.0155518,0.0462016,-0.19672,0.202845,-0.298648,-0.568379,2.59895,1.11728,-0.0880634,0.0866878,0.217055,0,0,2.43373,0,0,0.163834,-0.212506,-0.040846,-0.995444,-0.362082,0.0696292,-1.03848,0,0,0.652581,0,0,0.67049,0.0455405,0.148928,0.623856,0.0313079,-0.0313926,0.507062,1.08866,0.712562,0.0559103,1,0.997586,-0.013838,-0.0628626,-0.0260586,-0.0245313,-0.12648,-0.050678,0.503257,0.266772,0.00986625,0.192212,-0.0863737,-0.211314
0.997476,-0.0151221,-0.00358299,-0.0692816,0.997476,-0.0151221,-0.00358299,-0.0692816,0.997936,-0.0578091,0.023826,-0.0146164,0.677182,-0.227505,0.0316959,-0.699043,0.779028,0.332324,-0.0796251,-0.525677,0.976679,0,0,0.214707,0.946648,0,0,0.322271,0.936276,0.0203476,0.0183591,-0.350194,0.935997,0.0678595,0.049056,-0.341903,0.767411,0,0,-0.641155,0.760065,0,0,-0.649847,0.385524,0.0736274,-0.0163215,0.919611,0.454538,0.0897674,-0.0497693,0.884794,1.10059,0.0496611,0.129415,1.12262,0.0510998,-0.0666969,1.17388,0.211875,0.136058,1.19712,0.217033,-0.0447687,1.13865,0.505084,0.138913,1.15786,0.504706,-0.00924962,1.01057,0.709611,0.0607218,1.03088,0.866029,0.0559872,1.08186,1.0428,0.0481217,1.0383,0.999696,0.255072,1.14523,0.955301,-0.137177,0.999187,0.759065,0.324179,1.2306,0.726025,-0.114944,1.15873,1.24728,0.0275069,0.0165181,-0.0399826,0.0337188,0.0165181,-0.0399826,0.0337188,0.00960377,0.159388,-0.173325,0.209141,1.28668,1.3836,0.937204,-0.0534046,0.357053,0,0,3.68254,0,0,-0.146354,0.0541566,-0.349317,-1.71924,-0.0395363,-0.41364,-1.6063,0,0,2.10051,0,0,1.99121,-0.445838,0.0453101,-0.110358,-0.659524,-0.124923,-0.159773,1.0998,0.726948,0.0555719,1,0.997748,-0.013488,-0.059217,-0.0284557,-0.0237157,-0.119217,-0.0556089,0.397438,0.587174,0.0109708,0.0358229,0.216287,-0.14493
0.997637,-0.0123634,-0.00409728,-0.0674558,0.997637,-0.0123634,-0.00409728,-0.0674558,0.997985,-0.0563303,0.0230495,-0.0179431,0.694907,-0.218097,0.0373741,-0.684209,0.774132,0.349563,-0.0846406,-0.520924,0.961128,0,0,0.276104,0.952046,0,0,0.305956,0.924017,0.0264308,0.013255,-0.381207,0.925482,0.0767905,0.0355583,-0.369218,0.800315,0,0,-0.59958,0.791614,0,0,-0.611021,0.400275,0.0754608,-0.0172863,0.913119,0.468039,0.0841688,-0.0568398,0.877852,1.09966,0.0495052,0.130232,1.12225,0.0511129,-0.0656746,1.16827,0.214908,0.135844,1.19163,0.220166,-0.0430201,1.13902,0.521483,0.139275,1.15661,0.520614,-0.0068268,1.02087,0.73564,0.0619818,1.04232,0.89189,0.0560417,1.09375,1.06852,0.0472613,1.0591,1.02205,0.251608,1.15533,0.981647,-0.14025,1.04535,0.779931,0.309782,1.23948,0.750061,-0.122325,1.17112,1.27276,0.0260756,0.165701,-0.0308703,0.10986,0.165701,-0.0308703,0.10986,0.088841,-0.0466468,-0.199722,0.735873,0.365455,1.31875,1.15936,-0.335274,0.24664,0,0,3.80077,0,0,-1.03108,0.37981,-0.309482,-2.00027,0.564675,-0.819681,-1.75695,0,0,3.18159,0,0,3.00202,0.100485,-0.0646487,-0.975201,-0.451908,-0.498088,-0.904632,1.10764,0.74685,0.0550343,1,0.998095,-0.0178351,-0.0488979,-0.0331384,-0.0325262,-0.0989529,-0.0647681,0.309134,0.780867,0.0378014,-0.225705,0.622627,-0.303541
0.997797,-0.00974142,-0.00398846,-0.0655023,0.997797,-0.00974142,-0.00398846,-0.0655023,0.99812,-0.0540668,0.020088,-0.0207454,0.709987,-0.217311,0.0404681,-0.668623,0.769168,0.361945,-0.0878119,-0.519293,0.941134,0,0,0.338034,0.957467,0,0,0.288544,0.910922,0.0311308,0.00869267,-0.411311,0.913876,0.0830746,0.0248448,-0.396626,0.837703,0,0,-0.546127,0.82782,0,0,-0.560993,0.422537,0.072289,-0.0201459,0.903234,0.489469,0.0714904,-0.0611469,0.866932,1.0981,0.0490569,0.131329,1.12098,0.0506753,-0.0645323,1.15894,0.219129,0.136034,1.18257,0.22423,-0.0414524,1.1344,0.540542,0.139564,1.15107,0.539147,-0.00511393,1.02888,0.764385,0.0628905,1.05261,0.920306,0.0563356,1.10575,1.09645,0.0474106,1.07909,1.04708,0.250748,1.16463,1.0103,-0.14242,1.08827,0.807877,0.299232,1.24461,0.775391,-0.130299,1.18505,1.30001,0.0267328,0.157476,0.00654717,0.11751,0.157476,0.00654717,0.11751,0.136048,-0.177864,-0.168194,0.13738,0.191382,1.30441,0.848034,-0.216616,0.043389,0,0,3.90532,0,0,-1.09423,0.298091,-0.278456,-1.96869,0.407289,-0.653114,-1.78489,0,0,3.91455,0,0,3.70589,-0.296748,-0.201375,-1.45065,-0.982459,-0.274518,-1.40469,1.11354,0.769015,0.0549838,1,0.99806,-0.0206234,-0.0415357,-0.0415436,-0.0378605,-0.0847252,-0.0815957,0.24033,0.862335,0.0272613,-0.127722,0.437347,-0.519495
0.997975,-0.00808213,-0.00275737,-0.0630252,0.997975,-0.00808213,-0.00275737,-0.0630252,0.998356,-0.0502708,0.0183817,-0.0204857,0.720386,-0.219609,0.0392153,-0.656718,0.757678,0.374581,-0.0923192,-0.526393,0.93884,0,0,0.344354,0.962558,0,0,0.271075,0.896892,0.0315633,0.00659412,-0.441073,0.900302,0.0842003,0.0203417,-0.426559,0.874645,0,0,-0.484765,0.865298,0,0,-0.501258,0.451189,0.0678095,-0.0237631,0.889531,0.515663,0.0613716,-0.0622247,0.852322,1.09745,0.0481324,0.131971,1.11979,0.0490137,-0.0651432,1.14833,0.223578,0.135494,1.17164,0.227753,-0.0424519,1.12725,0.559481,0.13861,1.14351,0.557526,-0.0058949,1.03602,0.792377,0.0627424,1.06205,0.947967,0.056406,1.1168,1.12368,0.0480968,1.09591,1.07191,0.251547,1.17117,1.0386,-0.144991,1.11292,0.833224,0.297447,1.24225,0.799206,-0.140807,1.19736,1.32695,0.0289442,0.0996596,0.0739296,0.148962,0.0996596,0.0739296,0.148962,0.228144,-0.102529,0.0156903,-0.0946391,-0.093815,0.967068,0.927759,-0.319322,-0.610048,0,0,0.403445,0,0,-1.09175,0.0363266,-0.127788,-1.97455,0.0942158,-0.272261,-1.97433,0,0,4.29835,0,0,4.23202,-0.402245,-0.248613,-1.89238,-0.788238,-0.027143,-1.76913,1.11741,0.790618,0.0545907,1,0.99776,-0.0206904,-0.0389844,-0.0502737,-0.0374969,-0.0799597,-0.0991879,0.21422,0.839753,-0.00444373,0.0237299,0.141401,-0.526868
0.998019,-0.00793933,-0.00189264,-0.0623738,0.998019,-0.00793933,-0.00189264,-0.0623738,0.998452,-0.0489152,0.0170442,-0.0202404,0.726247,-0.232591,0.0371164,-0.645824,0.743949,0.38877,-0.0924512,-0.535585,0.935459,0,0,0.353436,0.967691,0,0,0.25214,0.88191,0.0298794,0.00106683,-0.470468,0.884154,0.0806907,0.0185901,-0.459799,0.906859,0,0,-0.421435,0.900699,0,0,-0.434443,0.481128,0.0582313,-0.0294137,0.87422,0.541498,0.0597977,-0.0629474,0.836207,1.09722,0.0466732,0.133559,1.11815,0.0455804,-0.0665488,1.13745,0.227066,0.135897,1.15917,0.229311,-0.0452344,1.11934,0.575562,0.1376,1.13479,0.573102,-0.00854762,1.04281,0.81647,0.0617858,1.07086,0.971755,0.056489,1.12764,1.14689,0.0493844,1.11051,1.0936,0.254862,1.17836,1.06313,-0.148101,1.13341,0.856233,0.300423,1.23903,0.819581,-0.154736,1.21038,1.34944,0.0318717,0.00858117,0.0519206,0.0391632,0.00858117,0.0519206,0.0391632,0.0814715,-0.0803235,0.014765,-0.82614,-0.144686,0.81831,1.05957,-0.0400261,-0.782766,0,0,0.581481,0,0,-1.17711,-0.0948461,-0.343178,-1.98138,-0.189392,-0.102174,-2.22573,0,0,4.26403,0,0,4.53791,-0.767285,-0.390039,-1.99362,-0.16085,-0.00215361,-1.8245,1.12066,0.808963,0.0541431,1,0.997422,-0.0177416,-0.0395578,-0.0571874,-0.0309739,-0.0810294,-0.113289,0.203725,0.722801,-0.0286971,0.190555,-0.0525934,-0.407309
0.99807,-0.00729303,-0.00164083,-0.0616457,0.99807,-0.00729303,-0.00164083,-0.0616457,0.998499,-0.0473219,0.0154466,-0.0228274,0.729948,-0.248363,0.0315042,-0.636002,0.73222,0.39392,-0.0898165,-0.548283,0.932257,0,0,0.361798,0.973056,0,0,0.230568,0.865286,0.0316983,-0.00671155,-0.50023,0.86779,0.0780808,0.0170336,-0.490463,0.933309,0,0,-0.359073,0.929013,0,0,-0.370046,0.509559,0.0582471,-0.0416879,0.857449,0.567509,0.0568674,-0.0607788,0.819149,1.09662,0.0461909,0.135198,1.11738,0.0442262,-0.0682034,1.12699,0.230692,0.135504,1.14783,0.23222,-0.0485544,1.11263,0.589549,0.136277,1.1269,0.587196,-0.0117456,1.05007,0.837159,0.0609642,1.07946,0.992224,0.0562958,1.13745,1.16699,0.0499163,1.12546,1.11264,0.25867,1.18242,1.0849,-0.151933,1.15477,0.877109,0.305672,1.23198,0.838064,-0.17067,1.22182,1.36898,0.0335397,0.0388109,0.0151201,0.0437788,0.0388109,0.0151201,0.0437788,0.0956916,-0.0959252,-0.155283,-1.02017,-0.374215,0.709195,0.454013,0.146765,-0.995339,0,0,0.537206,0,0,-1.33376,0.12534,-0.488465,-2.04412,-0.134626,-0.0909948,-2.09216,0,0,4.06512,0,0,4.22167,-0.0514896,-0.860241,-2.00184,-0.253044,0.201809,-1.85254,1.12375,0.825135,0.0532828,1,0.997325,-0.0156895,-0.0353248,-0.0620357,-0.0269864,-0.0724707,-0.123266,0.217758,0.62066,-0.0246493,0.148739,0.240891,-0.290116
0.998057,-0.00717041,-0.00196581,-0.0618698,0.998057,-0.00717041,-0.00196581,-0.0618698,0.99847,-0.0466963,0.0146066,-0.0257823,0.732402,-0.263593,0.02317,-0.627351,0.718068,0.385062,-0.0840027,-0.573628,0.934966,0,0,0.354738,0.977081,0,0,0.212867,0.851,0.0302731,-0.0157642,-0.524055,0.852506,0.0721293,0.015612,-0.517481,0.95196,0,0,-0.306221,0.950462,0,0,-0.310841,0.530831,0.045371,-0.0449167,0.84507,0.590715,0.0577577,-0.0571566,0.802779,1.09662,0.0464927,0.136643,1.11702,0.0433346,-0.0704236,1.11857,0.233732,0.135484,1.1379,0.234643,-0.0523984,1.10773,0.59989,0.134495,1.12042,0.598117,-0.0156641,1.05741,0.852638,0.0595739,1.08815,1.00748,0.0564143,1.14773,1.18176,0.0517101,1.13913,1.12605,0.263884,1.18371,1.10215,-0.15457,1.17027,0.8908,0.314593,1.21526,0.852667,-0.186556,1.23444,1.3829,0.0374046,0.00736005,-0.0195117,-0.0134732,0.00736005,-0.0195117,-0.0134732,0.0375279,-0.0504125,-0.177394,-0.989807,-0.551999,0.610255,-0.446653,0.353628,-1.87847,0,0,-0.45368,0,0,-1.0892,-0.0798429,-0.574009,-1.66579,-0.348952,-0.0839115,-1.87414,0,0,3.36323,0,0,3.77887,-0.9602,-0.203695,-1.45112,0.0236779,0.293993,-1.69707,1.12699,0.837179,0.0528388,1,0.997185,-0.010812,-0.0330109,-0.0664473,-0.017216,-0.0673236,-0.132493,0.220328,0.464373,-0.0417072,0.309704,0.115863,-0.256353
0.998134,-0.00652922,-0.0021086,-0.0606825,0.998134,-0.00652922,-0.0021086,-0.0606825,0.998396,-0.0455979,0.0131407,-0.0308656,0.731146,-0.267918,0.0125907,-0.627285,0.715202,0.355919,-0.077463,-0.596496,0.937765,0,0,0.347271,0.981217,0,0,0.192907,0.839438,0.0297179,-0.0214444,-0.542219,0.840254,0.0679791,0.0158934,-0.53768,0.963995,0,0,-0.26592,0.964524,0,0,-0.263995,0.546329,0.0425029,-0.048171,0.835103,0.608386,0.0634393,-0.0552937,0.789167,1.0965,0.0479876,0.137037,1.11761,0.0440664,-0.0731059,1.1124,0.237009,0.134406,1.13083,0.237626,-0.0563608,1.10479,0.607875,0.132483,1.11581,0.60661,-0.0192095,1.06382,0.863982,0.058359,1.09535,1.01869,0.0561498,1.15537,1.19287,0.0525792,1.14819,1.13629,0.267216,1.18227,1.1152,-0.154037,1.17839,0.901089,0.321972,1.19788,0.864128,-0.193072,1.24317,1.39361,0.0398489,0.0385059,-0.00856951,0.0713768,0.0385059,-0.00856951,0.0713768,0.0658738,-0.0879797,-0.305199,-0.293932,-0.697834,-0.0154515,-1.90796,0.42832,-1.5612,0,0,-0.478496,0,0,-1.22305,-0.0272569,-0.364458,-1.28999,-0.243099,0.0221954,-1.42497,0,0,2.52374,0,0,2.93492,-0.22535,-0.210301,-1.10676,0.364638,0.157966,-1.3486,1.12934,0.846429,0.0522712,1,0.997099,-0.00770274,-0.0294467,-0.0697598,-0.0112728,-0.059833,-0.139361,0.192083,0.340322,-0.0364468,0.206745,0.198533,-0.194688
0.998217,-0.00675449,-0.00207757,-0.0592684,0.998217,-0.00675449,-0.00207757,-0.0592684,0.998389,-0.0441465,0.0120183,-0.0335554,0.723575,-0.252035,-0.010306,-0.642504,0.710892,0.329901,-0.0772064,-0.616309,0.945076,0,0,0.326851,0.984794,0,0,0.173724,0.832746,0.025986,-0.023277,-0.552555,0.833506,0.0608596,0.0182745,-0.548844,0.971127,0,0,-0.238564,0.972347,0,0,-0.23354,0.555813,0.0442764,-0.0493116,0.828662,0.620954,0.0688786,-0.0507148,0.779166,1.09585,0.0526033,0.136669,1.11803,0.0489881,-0.0751226,1.10758,0.242662,0.133028,1.12622,0.243932,-0.0590638,1.10204,0.616307,0.13075,1.11278,0.615981,-0.0216928,1.06788,0.874582,0.057778,1.10043,1.02911,0.0568098,1.16107,1.20311,0.0545134,1.1486,1.14709,0.271325,1.18035,1.12702,-0.150712,1.16629,0.911027,0.335439,1.17985,0.875023,-0.192775,1.24979,1.40354,0.0434913,-0.0135132,0.00186631,0.0850001,-0.0135132,0.00186631,0.0850001,0.0871212,-0.0673786,-0.161479,1.00052,-1.51386,-1.12787,-1.69209,0.00852759,-1.38433,0,0,-1.30141,0,0,-1.17088,-0.232739,-0.119818,-0.740438,-0.442065,0.153821,-0.792848,0,0,1.69633,0,0,1.88673,0.113538,-0.067091,-0.693855,0.352628,0.335295,-0.968674,1.13007,0.855826,0.0528591,1,0.996835,-0.00367294,-0.0292365,-0.0738411,-0.00301013,-0.0588642,-0.147792,0.122017,0.318004,-0.0174301,0.249057,-0.00664176,-0.238253
