0.99729,-0.000650187,0.0079097,-0.0731464,0.99729,-0.000650187,0.0079097,-0.0731464,0.957552,-0.0850738,0.187232,0.20199,0.640175,-0.291516,-0.0705625,-0.707259,0.764237,0.200296,0.406918,-0.458521,0.713706,0,0,0.700445,0.449243,0,0,0.89341,0.844234,0.0946399,-0.105607,-0.516874,0.949562,-0.0277278,0.150413,-0.273751,0.857826,0,0,-0.51394,0.906903,0,0,-0.42134,0.380783,0.033471,0.165526,0.909113,0.728164,0.0579525,-0.00185705,0.682946,-0.120661,0.0490846,0.0639159,0.27746,0.0438347,-0.171775,-0.0245935,0.195752,0.0899547,0.2561,0.246728,-0.160477,0.0457159,0.518255,0.0944717,0.125537,0.566331,-0.109496,0,0.769666,0,0.037432,0.922702,-0.00850164,0.10851,1.09222,-0.0189153,0.0938721,1.05762,0.221474,0.126329,1.05932,-0.299101,0.131027,0.881475,0.267374,0.217534,1.02112,-0.363824,0.167036,1.29775,-0.0385291,0,0,0,0,0,0,0,0,0,0,0,0,0,0,0,0,0,0,0,0,0,0,0,0,0,0,0,0,0,0,0,0,0,0,0,0,0,0,0,0.0878233,0.780259,-0.0207481,1,-0.996186,0.0263162,-0.0021969,0.0831625,-0.0528216,7.88121e-12,-0.166576,0,0,0,0,0,0
0.99736,-0.00238286,0.0050454,-0.0723999,0.99736,-0.00238286,0.0050454,-0.0723999,0.960175,-0.0864329,0.183612,0.192039,0.630938,-0.284117,-0.0744147,-0.718093,0.766553,0.203194,0.38848,-0.469246,0.717802,0,0,0.696247,0.450546,0,0,0.892753,0.833807,0.0951098,-0.121188,-0.530126,0.945015,-0.0413677,0.148078,-0.288633,0.86392,0,0,-0.503628,0.912036,0,0,-0.41011,0.379925,0.0323807,0.158663,0.910733,0.72718,0.072158,-0.00227964,0.68264,-0.121065,0.0506515,0.0638616,0.279717,0.0440156,-0.17358,-0.0248645,0.197319,0.0891072,0.257089,0.246857,-0.163808,0.0502487,0.521153,0.0929427,0.128725,0.56953,-0.113021,0.00720363,0.775044,-0.00108319,0.0428229,0.928588,-0.00823956,0.111574,1.0991,-0.0182694,0.0961465,1.06507,0.222102,0.126518,1.06441,-0.295935,0.130757,0.887886,0.270169,0.217938,1.0235,-0.359287,0.168815,1.30537,-0.0383073,-0.104051,-0.172021,0.0449309,-0.104051,-0.172021,0.0449309,-0.0780311,-0.230301,-0.616013,0.433938,-0.282527,-0.924132,0.17745,-1.22431,-0.672853,0,0,-0.351941,0,0,-0.0875236,0.0524366,-1.01553,-0.965566,-0.836358,-0.128464,-0.935614,0,0,0.71864,0,0,0.740841,-0.0824962,-0.520631,0.152306,0.940868,-0.0279925,-0.00326014,0.0910809,0.784982,-0.0211297,1,-0.996688,0.0196266,-0.0127152,0.0778803,-0.0411256,0.022291,-0.15642,0.216109,0.161325,-0.0324958,0.453829,0.603605,0.30075
0.997501,-0.00390591,0.00226841,-0.0705036,0.997501,-0.00390591,0.00226841,-0.0705036,0.963585,-0.0873562,0.175134,0.182209,0.620537,-0.2773,-0.0799895,-0.729136,0.767107,0.204446,0.370688,-0.482016,0.722054,0,0,0.691836,0.446715,0,0,0.894676,0.821784,0.0953219,-0.136627,-0.544901,0.939575,-0.055334,0.144442,-0.305407,0.872424,0,0,-0.488751,0.917998,0,0,-0.396585,0.381689,0.0311978,0.154104,0.91082,0.726091,0.0859094,-0.00267716,0.682205,-0.12135,0.0525934,0.0628221,0.281988,0.0443043,-0.175677,-0.0253498,0.199764,0.0867826,0.258288,0.247108,-0.167523,0.0555462,0.525585,0.089373,0.133089,0.573654,-0.117701,0.0166228,0.782127,-0.00404179,0.0506716,0.936109,-0.00975963,0.116914,1.10767,-0.0192082,0.100874,1.07423,0.221508,0.127981,1.07162,-0.294195,0.133106,0.896174,0.272207,0.218432,1.02867,-0.355752,0.17245,1.31478,-0.0394836,-0.0914523,-0.166773,0.114074,-0.0914523,-0.166773,0.114074,-0.050006,-0.527873,-0.610585,0.387885,-0.406017,-0.969513,0.0788651,-1.1642,-0.825532,0,0,-0.367596,0,0,0.257196,0.0399531,-1.01928,-1.09042,-0.859992,-0.205768,-1.06014,0,0,1.02819,0,0,0.886872,-0.0926017,-0.359019,-0.0513397,0.911766,-0.026362,-0.00995371,0.0959133,0.791158,-0.0229759,1,-0.996906,0.0128296,-0.0235852,0.0738727,-0.0290981,0.0451444,-0.14859,0.282574,0.212499,-0.0887579,0.460594,0.622852,0.222701
0.997597,-0.0061829,0.000429899,-0.0690084,0.997597,-0.0061829,0.000429899,-0.0690084,0.965739,-0.0916803,0.168053,0.175217,0.610979,-0.279215,-0.0859704,-0.735767,0.766795,0.202531,0.358548,-0.492393,0.726312,0,0,0.687366,0.440964,0,0,0.897525,0.809456,0.0918883,-0.149676,-0.560299,0.933482,-0.07008,0.140831,-0.322284,0.881289,0,0,-0.472578,0.922381,0,0,-0.386281,0.38323,0.0305628,0.15223,0.910509,0.72408,0.0973333,-0.00285536,0.682807,-0.121509,0.0543476,0.0606416,0.283628,0.0448462,-0.177997,-0.0256508,0.202012,0.0828714,0.260133,0.247675,-0.171695,0.0615031,0.529755,0.0837724,0.139218,0.577901,-0.123594,0.0274316,0.789005,-0.00853955,0.0600533,0.94337,-0.0123273,0.12405,1.11585,-0.0208398,0.109191,1.08284,0.221594,0.131021,1.07943,-0.293705,0.140532,0.90424,0.274932,0.21991,1.03576,-0.354249,0.177559,1.32365,-0.0414806,-0.136722,-0.110403,0.0899234,-0.136722,-0.110403,0.0899234,-0.258579,-0.437532,-0.432459,-0.207117,-0.435577,-0.654951,-0.123238,-0.788091,-0.679682,0,0,-0.370392,0,0,0.385066,-0.192756,-0.876081,-1.14423,-0.912014,-0.2031,-1.07483,0,0,1.10657,0,0,0.671829,-0.050303,-0.151898,-0.0742787,0.760742,-0.0119351,0.0745999,0.102202,0.797207,-0.0258609,1,-0.99702,0.00448929,-0.0321536,0.0699789,-0.0134796,0.0635301,-0.140575,0.324264,0.206337,-0.134933,0.54246,0.478396,0.215015
0.997622,-0.0088682,0.00075053,-0.0683529,0.997622,-0.0088682,0.00075053,-0.0683529,0.967132,-0.0974505,0.160128,0.17181,0.605932,-0.2926,-0.0940153,-0.733752,0.767581,0.196292,0.351439,-0.498778,0.730055,0,0,0.683388,0.437079,0,0,0.899423,0.798971,0.0853621,-0.16208,-0.57279,0.927399,-0.0858642,0.140114,-0.336044,0.887649,0,0,-0.46052,0.923933,0,0,-0.382554,0.385754,0.0297734,0.15047,0.909762,0.719812,0.106203,-0.00255506,0.685992,-0.120916,0.0556312,0.0582151,0.284942,0.0452882,-0.180766,-0.0247683,0.203547,0.0788657,0.263054,0.248092,-0.176803,0.068005,0.532285,0.0774511,0.146929,0.580997,-0.131008,0.0384045,0.793736,-0.014497,0.0698164,0.948395,-0.0160203,0.1321,1.12156,-0.0232585,0.121933,1.08831,0.222705,0.135235,1.08555,-0.294391,0.156092,0.909978,0.278558,0.222705,1.04205,-0.35524,0.183641,1.32986,-0.0440398,-0.161243,0.0192529,0.0393911,-0.161243,0.0192529,0.0393911,-0.347431,-0.48556,-0.211739,-0.968521,-0.570427,0.0346195,-0.410225,-0.469862,-0.406448,0,0,-0.327714,0,0,0.259463,-0.397407,-0.835498,-0.942645,-0.979681,-0.0259648,-0.887699,0,0,0.818018,0,0,0.242266,-0.0630782,-0.148277,-0.139646,0.598804,0.0196062,0.285196,0.109619,0.801438,-0.0296059,1,0.997134,0.00453609,0.0362798,-0.0662351,0.00425153,0.0730174,-0.132501,0.329189,0.141941,-0.178723,0.564498,0.20973,0.205919
0.997633,-0.00974642,0.00390728,-0.067963,0.997633,-0.00974642,0.00390728,-0.067963,0.968102,-0.104982,0.149796,0.171226,0.611944,-0.314651,-0.106181,-0.717805,0.772635,0.188277,0.34631,-0.497651,0.732145,0,0,0.681148,0.438299,0,0,0.898829,0.791344,0.0802262,-0.173225,-0.580802,0.923493,-0.107424,0.150121,-0.336281,0.891026,0,0,-0.453952,0.918923,0,0,-0.394436,0.385626,0.029137,0.146842,0.910429,0.715242,0.111725,-0.0020162,0.689885,-0.120028,0.0541015,0.0566402,0.28797,0.0456051,-0.181998,-0.023116,0.201685,0.0760532,0.26916,0.248438,-0.183053,0.0744525,0.530364,0.0718953,0.156615,0.580978,-0.140719,0.0487353,0.792979,-0.0212761,0.0795128,0.947775,-0.021206,0.140872,1.12132,-0.0271763,0.141253,1.0859,0.223223,0.14137,1.08653,-0.296977,0.185123,0.909419,0.280002,0.228698,1.04398,-0.359273,0.190854,1.32985,-0.0479316,-0.0527324,0.189554,0.0234326,-0.0527324,0.189554,0.0234326,-0.454809,-0.62983,-0.0388299,-1.47631,-0.825976,1.2285,-0.545138,-0.376639,0.134589,0,0,-0.183838,0,0,-0.0814132,-0.316076,-0.748867,-0.621061,-1.33478,0.627863,-0.0425105,0,0,0.443068,0,0,-0.773727,-0.0484874,-0.276509,0.0551639,0.379195,0.0355006,0.338635,0.118399,0.800888,-0.0343661,1,0.997205,0.0101597,0.036789,-0.0642327,0.0155807,0.0747471,-0.128065,0.309924,-0.0227329,-0.203372,0.342817,0.00741453,0.10798
0.997533,-0.00870809,0.0102396,-0.0688953,0.997533,-0.00870809,0.0102396,-0.0688953,0.96801,-0.113468,0.140326,0.174329,0.636197,-0.346696,-0.114261,-0.679706,0.778544,0.178486,0.343317,-0.494111,0.730032,0,0,0.683413,0.440697,0,0,0.897656,0.784951,0.0758643,-0.177688,-0.588662,0.918259,-0.145914,0.181122,-0.320474,0.89151,0,0,-0.453,0.906817,0,0,-0.421524,0.382937,0.0284709,0.140689,0.912554,0.708577,0.093066,-0.000601958,0.699469,-0.118831,0.0463493,0.0568436,0.299474,0.0439586,-0.177457,-0.0201988,0.19274,0.0750335,0.282167,0.245894,-0.188656,0.0819589,0.520168,0.0680074,0.169062,0.57405,-0.152735,0.0591619,0.782888,-0.0274025,0.0890285,0.937854,-0.0271387,0.149706,1.11165,-0.0327038,0.169799,1.07158,0.220492,0.146733,1.0778,-0.301296,0.233455,0.899902,0.27111,0.233749,1.03644,-0.365916,0.197898,1.32022,-0.0539316,0.0623311,0.380258,-0.0561193,0.0623311,0.380258,-0.0561193,-0.51484,-0.574054,0.188537,-1.98336,-0.481928,3.0964,-0.66194,-0.243609,0.300667,0,0,0.185874,0,0,-0.160225,-0.269984,-0.315321,-0.597398,-2.38641,1.92924,0.937591,0,0,0.06409,0,0,-1.78029,-0.0481418,-0.456514,0.250506,-1.22369,0.0938519,0.756243,0.12902,0.791925,-0.0399015,1,0.997523,0.0100042,0.0338881,-0.0608274,0.0158745,0.0688799,-0.121259,0.312798,-0.302719,-0.183792,-0.0131626,-0.175742,0.203546
0.997435,-0.00433312,0.0170993,-0.0693653,0.997435,-0.00433312,0.0170993,-0.0693653,0.969241,-0.118197,0.127718,0.174037,0.685381,-0.387167,-0.100076,-0.608555,0.780265,0.168609,0.343689,-0.494606,0.726522,0,0,0.687143,0.444164,0,0,0.895946,0.771352,0.0844198,-0.187987,-0.602121,0.912333,-0.182091,0.219473,-0.293809,0.89394,0,0,-0.448187,0.890647,0,0,-0.454695,0.376998,0.0248178,0.117146,0.918441,0.698355,0.0266896,0.000319037,0.715253,-0.118467,0.0438391,0.0620283,0.321937,0.0514734,-0.169387,-0.0182361,0.188842,0.0790655,0.303277,0.251057,-0.192465,0.0906795,0.514984,0.0688013,0.185143,0.571523,-0.16395,0.0725192,0.776484,-0.0320033,0.100597,0.931768,-0.0341925,0.159537,1.1061,-0.0411955,0.211506,1.05895,0.206546,0.150216,1.07214,-0.308603,0.30495,0.896996,0.234551,0.235948,1.0314,-0.376819,0.205432,1.31492,-0.0639709,0.262706,0.411954,-0.0283623,0.262706,0.411954,-0.0283623,-0.283859,-0.767829,-0.0221102,-2.2611,1.10454,5.68152,-0.647655,0.00989569,-0.0115707,0,0,0.307283,0,0,-0.231913,0.581316,-0.728129,-1.06851,-2.25492,2.39373,1.60766,0,0,0.323539,0,0,-2.21424,-0.274144,-1.77592,0.647258,-4.41398,0.0614275,1.2402,0.142596,0.787395,-0.0465397,1,0.997917,-8.59152e-06,0.0336399,-0.0550377,-0.0037285,0.0671894,-0.110319,0.400718,-0.192124,-0.138025,-0.588664,0.017411,0.368177
0.997555,0.000550216,0.0278823,-0.0640798,0.997555,0.000550216,0.0278823,-0.0640798,0.973786,-0.119871,0.10088,0.164907,0.751204,-0.410661,-0.0655306,-0.512597,0.773962,0.165286,0.336139,-0.510562,0.72453,0,0,0.689244,0.448471,0,0,0.893798,0.743833,0.111584,-0.220803,-0.620892,0.906015,-0.21454,0.248189,-0.267419,0.903526,0,0,-0.428534,0.883499,0,0,-0.468432,0.455262,0.0147216,0.0671086,0.887703,0.680342,-0.00949188,-0.000352573,0.732833,-0.121686,0.0438707,0.0717903,0.362234,0.0657208,-0.163261,-0.0184401,0.193744,0.0874856,0.334541,0.261353,-0.196044,0.102282,0.519474,0.0729012,0.20604,0.575293,-0.173266,0.0944324,0.778684,-0.0366535,0.120595,0.934237,-0.0432161,0.175479,1.10976,-0.05412,0.27173,1.05745,0.171527,0.147784,1.07407,-0.317912,0.395028,0.91545,0.157921,0.229122,1.03086,-0.391648,0.216722,1.3194,-0.0807015,0.29325,0.647468,0.317554,0.29325,0.647468,0.317554,-0.0903114,-1.6364,-0.568821,-0.889931,2.43172,7.30932,-0.190266,-0.438207,-1.112,0,0,0.17373,0,0,-0.288776,1.84214,-2.28361,-1.64089,-2.03508,1.80891,1.595,0,0,1.31194,0,0,-0.929165,-0.814478,-4.02076,-4.76688,-2.42392,-0.0450766,1.52123,0.16206,0.791455,-0.0559849,1,0.997582,-0.0152531,0.0434295,-0.052068,-0.0350895,0.0851634,-0.105789,0.657397,0.0659917,-0.139506,-0.874496,0.637203,0.207482
0.997002,-0.00380049,0.0496499,-0.0592273,0.997002,-0.00380049,0.0496499,-0.0592273,0.980296,-0.109099,0.0505646,0.156718,0.805065,-0.410522,-0.0259415,-0.427398,0.75265,0.161239,0.335763,-0.54294,0.716754,0,0,0.697326,0.449747,0,0,0.893156,0.697686,0.12969,-0.25025,-0.658627,0.881303,-0.263213,0.288952,-0.265575,0.921409,0,0,-0.388594,0.890703,0,0,-0.454586,0.547641,-0.00931478,0.0331747,0.836004,0.669128,-0.0369514,-0.00191379,0.742225,-0.123263,0.0690724,0.0777851,0.414556,0.0954874,-0.165223,-0.0155481,0.224662,0.0908389,0.373319,0.286931,-0.202946,0.123705,0.550245,0.0728858,0.236084,0.600321,-0.182101,0.13157,0.807955,-0.0401682,0.152789,0.964132,-0.050044,0.199615,1.14149,-0.0676689,0.340186,1.09426,0.121916,0.135125,1.10107,-0.322308,0.474853,0.980402,0.0610531,0.204223,1.05312,-0.405512,0.231502,1.35245,-0.10045,-0.261298,1.30767,0.290731,-0.261298,1.30767,0.290731,0.666484,-3.05229,-0.516438,0.542781,2.62802,6.1387,-0.178873,0.150545,-2.38673,0,0,0.672933,0,0,-0.0857306,1.342,-2.22874,-3.25262,-3.15746,2.68126,-0.0290197,0,0,2.6259,0,0,0.936523,-1.75154,-2.60801,-6.26655,-1.86016,-0.105704,0.85345,0.188756,0.82202,-0.0672684,1,0.997521,-0.0228093,0.0534304,-0.0397107,-0.0500454,0.104977,-0.0822066,1.11412,0.878135,-0.105441,-0.388908,0.633711,0.750028
0.995112,-0.0180204,0.0791055,-0.0563004,0.995112,-0.0180204,0.0791055,-0.0563004,0.984437,-0.0839106,-0.0259121,0.152222,0.828354,-0.406114,-0.0154576,-0.385568,0.725203,0.150534,0.354907,-0.570493,0.687387,0,0,0.726291,0.454075,0,0,0.890963,0.650904,0.120128,-0.25059,-0.706469,0.849304,-0.30361,0.308367,-0.302347,0.937284,0,0,-0.348567,0.9087,0,0,-0.417449,0.58355,-0.0100167,0.0192261,0.811788,0.657779,-0.0501291,-0.00333486,0.751534,-0.118219,0.0808003,0.0805182,0.458909,0.0868986,-0.168763,-0.00386608,0.235593,0.0851417,0.409644,0.27573,-0.205446,0.158072,0.556981,0.0612295,0.272769,0.597049,-0.188273,0.179337,0.814317,-0.0478929,0.194095,0.971173,-0.0587644,0.229996,1.15006,-0.0846948,0.407834,1.11576,0.0682757,0.115661,1.10306,-0.32008,0.531477,1.02717,-0.026139,0.163792,1.05117,-0.416252,0.249083,1.36208,-0.124322,-0.854732,1.7721,0.173655,-0.854732,1.7721,0.173655,1.52836,-4.6168,-0.284355,0.503649,0.681778,2.8962,-0.597814,1.49742,-2.19612,0,0,2.47504,0,0,-0.291114,-0.490276,-0.334151,-4.07791,-2.74176,1.43392,-2.5143,0,0,2.58379,0,0,2.47624,-0.0392615,-1.0119,-2.58292,-0.906595,-0.0971356,0.858533,0.220291,0.828522,-0.0810258,1,0.997011,-0.0179074,0.071644,-0.0226852,-0.0393676,0.142529,-0.0483092,1.43301,0.190866,-0.231742,0.390707,1.10348,0.977249
0.993422,-0.0381139,0.0964823,-0.0484867,0.993422,-0.0381139,0.0964823,-0.0484867,0.983643,-0.0484291,-0.107383,0.13627,0.822196,-0.418917,-0.0463519,-0.382562,0.693032,0.136558,0.396894,-0.586118,0.656149,0,0,0.754632,0.484925,0,0,0.874556,0.6168,0.100201,-0.229526,-0.746214,0.852103,-0.278493,0.247107,-0.367832,0.940258,0,0,-0.340462,0.914983,0,0,-0.403493,0.660306,0.00136624,0.0213319,0.750693,0.645446,-0.081417,-0.00660554,0.759426,-0.104199,0.100534,0.0843799,0.482301,0.0709745,-0.160026,0.0268775,0.24958,0.0762605,0.443771,0.26093,-0.199348,0.211799,0.558225,0.0381215,0.321705,0.591168,-0.195662,0.237208,0.815365,-0.066076,0.245975,0.972636,-0.0770794,0.266847,1.15246,-0.111382,0.476694,1.14078,0.0129881,0.103116,1.09516,-0.316412,0.587188,1.06691,-0.094617,0.123037,1.03725,-0.427963,0.269589,1.36501,-0.157702,-1.20887,1.04758,0.46794,-1.20887,1.04758,0.46794,2.13922,-4.91552,-0.959913,-0.875037,-1.97418,0.136931,-0.812009,3.10697,-1.51881,0,0,2.53089,0,0,-2.09658,-1.26325,1.21889,-3.41068,1.60527,-3.88778,-4.11585,0,0,0.518014,0,0,0.918327,0.794109,0.101691,-5.88831,-2.15307,-0.224433,0.790422,0.260063,0.830439,-0.0999922,1,0.992609,-0.00742202,0.120512,-0.0122374,-0.0182129,0.241398,-0.0268649,1.73612,0.031451,-0.545492,0.734262,2.94048,0.521652
0.993832,-0.0604794,0.0844926,-0.0387502,0.993832,-0.0604794,0.0844926,-0.0387502,0.980125,-0.0020758,-0.175276,0.0928921,0.801337,-0.42961,-0.100075,-0.404079,0.67021,0.140782,0.429091,-0.588965,0.637459,0,0,0.770484,0.554604,0,0,0.832114,0.610381,0.0933586,-0.202974,-0.759948,0.868708,-0.222384,0.152033,-0.415665,0.923341,0,0,-0.383982,0.912319,0,0,-0.40948,0.789519,-0.0289971,0.00364933,0.613029,0.650914,-0.0455981,-0.0034589,0.757773,-0.0634246,0.125334,0.0987956,0.50571,0.0615431,-0.170309,0.0927733,0.261339,0.0695707,0.476691,0.252831,-0.212362,0.28506,0.553592,0.00744434,0.367267,0.58641,-0.213854,0.294762,0.812476,-0.0913927,0.297242,0.969808,-0.103174,0.299251,1.14916,-0.144829,0.530901,1.17072,-0.0385677,0.104614,1.07307,-0.31977,0.640691,1.10607,-0.145323,0.0991345,1.00001,-0.444925,0.285731,1.36096,-0.198323,-1.34439,-0.721659,0.585793,-1.34439,-0.721659,0.585793,2.79631,-4.10841,-2.61034,-0.892444,-3.47805,-1.57089,0.367809,2.41578,-0.545309,0,0,1.47047,0,0,-4.89661,-0.455707,1.79734,-1.08599,3.62588,-6.06013,-2.86545,0,0,-2.80181,0,0,-0.393215,-1.96592,-1.21217,-11.3523,2.45245,0.215362,-0.225721,0.303085,0.828791,-0.125409,1,0.977651,-0.000266414,0.210151,-0.00585104,-0.00326885,0.423448,-0.0126721,1.72662,-0.0866643,-0.759502,0.532238,5.45195,0.278096
0.994359,-0.0689343,0.0713487,-0.0375079,0.994359,-0.0689343,0.0713487,-0.0375079,0.96973,0.0382847,-0.239081,0.0315978,0.761681,-0.383857,-0.165477,-0.495088,0.707352,0.185476,0.398415,-0.55364,0.597867,0,0,0.801595,0.658749,0,0,0.752363,0.637766,0.0977191,-0.150099,-0.749117,0.857129,-0.182531,0.130887,-0.463552,0.882324,0,0,-0.470643,0.914204,0,0,-0.405254,0.881954,-0.200374,0.0709538,0.420682,0.639681,0.0108502,0.000993028,0.768563,0.0281859,0.157997,0.112772,0.523805,0.0510154,-0.183207,0.203864,0.273482,0.055829,0.49598,0.24057,-0.229043,0.374849,0.554276,-0.029027,0.399311,0.578805,-0.232619,0.346424,0.814419,-0.114829,0.336753,0.971053,-0.130487,0.317814,1.14783,-0.178059,0.555608,1.19574,-0.0725219,0.116962,1.04673,-0.338338,0.670683,1.13602,-0.159436,0.108338,0.952289,-0.481445,0.290277,1.35682,-0.239397,-0.507608,-0.791019,0.07509,-0.507608,-0.791019,0.07509,2.44592,-3.90461,-3.69552,2.57651,-4.36447,-6.32597,2.84125,-2.46176,2.92712,0,0,3.02153,0,0,-7.87607,0.227365,3.77629,1.32202,2.45432,-1.29341,-3.12624,0,0,-5.75487,0,0,0.277664,-10.6459,4.19733,-13.3177,3.84911,0.303612,0.970904,0.342967,0.827956,-0.151549,1,0.953232,-0.0177016,0.301117,0.0190972,-0.0271884,0.612292,0.0314687,1.54988,0.0582738,-0.703081,-0.677719,5.65963,1.67599
0.995728,-0.0628609,0.0482187,-0.0474351,0.995728,-0.0628609,0.0482187,-0.0474351,0.961165,0.0743434,-0.265015,-0.0200449,0.704097,-0.319197,-0.226065,-0.592669,0.75814,0.266934,0.337659,-0.489853,0.576302,0,0,0.817237,0.746716,0,0,0.665143,0.685621,0.1298,-0.165882,-0.696821,0.840725,-0.127953,0.153639,-0.503194,0.796244,0,0,-0.604976,0.915538,0,0,-0.402231,0.891357,-0.28405,0.131239,0.327987,0.620302,0.0998123,0.0112507,0.777906,0.174352,0.218926,0.107255,0.540724,0.0508433,-0.19704,0.357262,0.312531,0.0291894,0.509001,0.23798,-0.245572,0.480827,0.576603,-0.0651031,0.423194,0.579673,-0.247741,0.388114,0.827235,-0.134735,0.360126,0.981076,-0.155265,0.320699,1.15279,-0.208472,0.549971,1.22655,-0.0911761,0.130966,1.03145,-0.373344,0.677535,1.17144,-0.149153,0.1435,0.9255,-0.535676,0.281379,1.35689,-0.27797,0.366817,-1.39174,-0.595448,0.366817,-1.39174,-0.595448,2.19872,-1.61859,-3.13375,3.75826,-4.28212,-7.22762,5.0871,-4.47991,4.87628,0,0,1.59845,0,0,-7.43739,2.03017,-0.867527,4.47825,3.39253,1.49124,-2.68586,0,0,-9.58296,0,0,0.198291,-5.16929,3.7394,-5.85919,6.14184,0.70804,1.05725,0.378465,0.838371,-0.17686,1,0.916891,-0.0565717,0.389804,0.064523,-0.0773243,0.806857,0.107493,1.2507,0.384484,-0.597201,-1.54593,5.74487,3.25472
0.996376,-0.05288,0.00994997,-0.065877,0.996376,-0.05288,0.00994997,-0.065877,0.959942,0.113654,-0.252307,-0.0439835,0.645653,-0.262248,-0.270558,-0.664196,0.793795,0.331512,0.274421,-0.429745,0.592055,0,0,0.805898,0.778412,0,0,0.627754,0.761375,0.122304,-0.189077,-0.607947,0.837443,-0.0464114,0.149118,-0.523736,0.692968,0,0,-0.720968,0.91878,0,0,-0.39477,0.920054,-0.188682,0.0886807,0.331717,0.620298,0.16671,0.0175475,0.766244,0.373264,0.29448,0.104161,0.556222,0.0615206,-0.208374,0.53622,0.387717,-0.010561,0.521066,0.249381,-0.255216,0.583259,0.630283,-0.110941,0.441753,0.593917,-0.252657,0.415819,0.850423,-0.148635,0.370339,0.999229,-0.17388,0.315177,1.16363,-0.235261,0.524513,1.26302,-0.102554,0.148873,1.02543,-0.408153,0.668722,1.2127,-0.126476,0.196778,0.923553,-0.576343,0.267919,1.36144,-0.314321,0.600397,-2.29953,-1.10724,0.600397,-2.29953,-1.10724,2.39251,0.766106,-1.45631,3.39271,-3.38845,-5.80307,3.93502,-4.36975,4.29914,0,0,-1.16459,0,0,-2.94122,-0.738825,-1.19537,7.14093,5.16654,-0.275424,-1.34176,0,0,-9.32775,0,0,0.488045,6.05576,-2.70514,0.0265872,4.61415,0.434312,-0.804243,0.409613,0.861788,-0.198953,1,0.867179,-0.102361,0.475753,0.105749,-0.145091,1.00989,0.162397,0.831124,0.695649,-0.416983,-2.06102,5.86704,3.24701
0.994815,-0.0358749,-0.0247399,-0.0918913,0.994815,-0.0358749,-0.0247399,-0.0918913,0.959646,0.160316,-0.225673,-0.0494984,0.594742,-0.215545,-0.286537,-0.719527,0.824973,0.385246,0.201971,-0.36085,0.641805,0,0,0.766868,0.787704,0,0,0.616053,0.77708,0.0670592,-0.164283,-0.603872,0.83955,0.0470091,0.162475,-0.516283,0.637357,0,0,-0.770569,0.921094,0,0,-0.389339,0.910951,-0.228318,0.107923,0.326177,0.625161,0.217414,0.0196426,0.749345,0.528135,0.395122,0.174889,0.570086,0.0560721,-0.21671,0.657295,0.46526,0.0111742,0.533118,0.246121,-0.258701,0.646669,0.668722,-0.125449,0.462224,0.593179,-0.246163,0.440329,0.856758,-0.14946,0.376095,0.996898,-0.181372,0.307874,1.15051,-0.255538,0.490422,1.27396,-0.113331,0.176095,0.997314,-0.434057,0.649817,1.22617,-0.0956807,0.26739,0.911438,-0.595999,0.256077,1.33974,-0.347715,1.02042,-2.08469,-1.56563,1.02042,-2.08469,-1.56563,2.83872,1.61833,-0.335688,2.88141,-1.49924,-4.8029,3.18373,-4.8207,4.70762,0,0,-3.79462,0,0,-0.896511,-3.63198,1.68134,0.496769,5.92792,0.840022,0.498031,0,0,-4.4721,0,0,0.354212,-2.48821,1.20737,-0.277877,3.46776,0.141839,-1.2673,0.431782,0.867712,-0.205612,1,0.811686,-0.163282,0.540982,0.147798,-0.283183,1.18495,0.168907,0.735317,0.190025,-0.0247403,-2.72998,4.86005,3.88665
0.991044,-0.0157835,-0.0547566,-0.120764,0.991044,-0.0157835,-0.0547566,-0.120764,0.951712,0.218436,-0.203309,-0.0720812,0.550353,-0.184211,-0.264999,-0.770035,0.84474,0.441665,0.12226,-0.276403,0.719006,0,0,0.695004,0.802843,0,0,0.59619,0.791041,0.019082,-0.126741,-0.598186,0.846024,0.123571,0.219059,-0.470092,0.635479,0,0,-0.772118,0.921952,0,0,-0.387303,0.908198,-0.174655,0.0728998,0.373307,0.631372,0.294131,0.0187377,0.71729,0.723959,0.507354,0.211449,0.582886,0.0756087,-0.227029,0.789204,0.56455,0.0101904,0.540932,0.268512,-0.262137,0.707038,0.734905,-0.14489,0.483635,0.617646,-0.235884,0.471615,0.886283,-0.145184,0.386666,1.01286,-0.182827,0.303572,1.1506,-0.270614,0.456386,1.29829,-0.1302,0.211555,0.986705,-0.447883,0.625156,1.2534,-0.062958,0.34371,0.927723,-0.598215,0.248899,1.32723,-0.378467,1.20638,-1.80827,-1.74452,1.20638,-1.80827,-1.74452,3.57079,1.32679,-1.38535,1.94389,1.15592,-4.5235,3.3972,-5.13823,5.51022,0,0,-6.33126,0,0,-1.49849,-3.12003,2.47884,0.569503,4.83812,3.5568,2.9993,0,0,-0.14604,0,0,0.132575,3.30854,-2.16175,2.93698,5.23027,-0.0655254,-2.33028,0.45767,0.89312,-0.211087,1,0.742495,-0.234623,0.597712,0.19077,-0.601459,1.35645,0.0132414,0.938564,0.885777,0.128271,-3.26866,4.80903,4.47736
0.986562,0.0113351,-0.0772949,-0.143501,0.986562,0.0113351,-0.0772949,-0.143501,0.938911,0.279655,-0.174294,-0.0993014,0.512847,-0.16881,-0.220744,-0.812258,0.845436,0.499689,0.0513203,-0.181424,0.782747,0,0,0.62234,0.819662,0,0,0.572848,0.801385,-0.0130471,-0.11165,-0.587491,0.870165,0.151963,0.308738,-0.352705,0.667765,0,0,-0.744372,0.922495,0,0,-0.386008,0.905959,-0.124748,0.0481049,0.4017,0.659916,0.334689,0.00320325,0.672669,0.929443,0.612261,0.213414,0.606758,0.0719647,-0.242195,0.925661,0.650096,-0.00175035,0.55364,0.267861,-0.262754,0.76938,0.778913,-0.159968,0.509253,0.617258,-0.218409,0.511469,0.886036,-0.139235,0.405819,0.992634,-0.183771,0.307888,1.10885,-0.285209,0.430877,1.28002,-0.155714,0.252406,0.941446,-0.455831,0.595973,1.2456,-0.0418145,0.412956,0.918988,-0.593983,0.251061,1.26889,-0.409002,1.63301,-1.36334,-1.3813,1.63301,-1.36334,-1.3813,3.80826,1.72283,-1.68659,0.899695,2.88873,-3.93022,3.66571,-4.49216,6.01619,0,0,-5.80182,0,0,-1.72627,-2.07115,1.00173,0.834796,1.71416,5.50749,7.62012,0,0,2.55438,0,0,0.0842632,3.08356,-1.53263,1.7771,2.52412,-1.06917,-3.58814,0.489851,0.886979,-0.216616,1,0.662085,-0.32485,0.63717,0.223899,-1.72846,1.42361,-0.929199,1.19563,-0.00743085,0.178467,-4.4278,4.08695,5.09124
0.983719,0.0454963,-0.0841112,-0.152161,0.983719,0.0454963,-0.0841112,-0.152161,0.926618,0.327446,-0.14053,-0.120041,0.47744,-0.163982,-0.17586,-0.845124,0.840551,0.533859,-0.00932046,-0.0915514,0.822822,0,0,0.568299,0.828683,0,0,0.559718,0.807398,-0.0292687,-0.122111,-0.576491,0.891087,0.160389,0.370051,-0.208091,0.735279,0,0,-0.677765,0.928926,0,0,-0.370264,0.924566,-0.131354,0.0587959,0.352798,0.689991,0.326994,-0.0108544,0.645655,1.11757,0.761426,0.195692,0.635818,0.0977138,-0.253219,1.05465,0.777711,-0.0141918,0.579607,0.296051,-0.254321,0.82902,0.8567,-0.165598,0.548617,0.647181,-0.194952,0.555031,0.911039,-0.135024,0.43262,0.992233,-0.188118,0.324085,1.08503,-0.301452,0.419574,1.27537,-0.185607,0.297386,0.922178,-0.462841,0.570804,1.25797,-0.0354754,0.469544,0.940419,-0.590858,0.266799,1.22796,-0.438841,2.06152,-0.415659,-0.5307,2.06152,-0.415659,-0.5307,3.01235,2.03161,-1.3015,0.163679,3.04033,-3.32272,2.22228,-3.83936,5.67839,0,0,-4.03746,0,0,-0.955823,-1.03918,-0.655457,0.789192,0.454581,3.67588,9.16904,0,0,5.69253,0,0,1.02039,-0.356912,0.638905,-3.17041,-0.783483,-0.945654,-2.34937,0.528309,0.905991,-0.222004,1,0.590093,-0.426164,0.640421,0.245021,-2.34114,1.30413,-1.34245,1.30687,0.750107,0.126333,-4.67649,1.93716,5.63104
0.982793,0.124986,-0.0866212,-0.104849,0.982793,0.124986,-0.0866212,-0.104849,0.92864,0.334807,-0.106482,-0.119134,0.456749,-0.131949,-0.161713,-0.864765,0.832984,0.551755,-0.0412613,0.00122738,0.851811,0,0,0.523849,0.815216,0,0,0.579157,0.803316,0.0689269,-0.250289,-0.535992,0.907152,0.247585,0.338965,0.0296654,0.943947,0,0,-0.330096,0.942462,0,0,-0.334313,0.912867,-0.18333,0.0802117,0.355851,0.735146,0.191659,-0.0111575,0.650156,1.3931,1.00357,0.0606395,0.632932,0.162744,-0.27894,1.20772,1.00427,-0.0569794,0.595266,0.364931,-0.260982,0.858189,0.999868,-0.155726,0.585293,0.71786,-0.178105,0.578174,0.953819,-0.142887,0.446999,0.986024,-0.221099,0.336605,1.0502,-0.351033,0.408549,1.24858,-0.24602,0.326667,0.897523,-0.509446,0.539263,1.2488,-0.0674986,0.490819,0.956085,-0.629883,0.279874,1.17738,-0.502611,4.79778,-0.153047,2.85226,4.79778,-0.153047,2.85226,0.438417,2.09895,0.0608619,2.25775,0.926935,-2.02547,1.23042,-2.03244,5.88307,0,0,-3.18443,0,0,1.41892,6.30839,-8.24998,2.54748,5.34397,-2.05428,14.7966,0,0,24.4988,0,0,2.30508,-3.24523,1.33832,0.276871,-9.30105,-0.00742208,-0.450294,0.558689,0.942955,-0.250897,1,0.492087,-0.620903,0.573411,0.208638,-2.42708,0.967419,-1.10404,0.694288,1.28339,-0.235884,-9.90194,-2.42136,9.43296
0.985358,0.12792,-0.0674694,-0.0902935,0.985358,0.12792,-0.0674694,-0.0902935,0.932534,0.335657,-0.0672412,-0.114862,0.469087,-0.103687,-0.158306,-0.862639,0.820297,0.569375,-0.0343868,0.0417438,0.87835,0,0,0.478017,0.778486,0,0,0.627662,0.794291,0.121591,-0.339007,-0.489278,0.889195,0.252911,0.370608,0.0895423,0.992482,0,0,-0.12239,0.956361,0,0,-0.292186,0.881602,-0.106993,0.037471,0.458177,0.750259,0.0674032,-0.00440899,0.657685,1.46154,1.18709,-0.09614,0.647166,0.189157,-0.297975,1.24998,1.15003,-0.124752,0.622338,0.392221,-0.272358,0.87693,1.07679,-0.16114,0.619261,0.749587,-0.184533,0.607326,0.979994,-0.159122,0.479267,0.993974,-0.247548,0.369335,1.0418,-0.384976,0.427798,1.24235,-0.289805,0.368002,0.886887,-0.541032,0.550587,1.25643,-0.0981069,0.514757,0.965517,-0.656143,0.309557,1.1547,-0.546428,0.170433,1.15925,0.883073,0.170433,1.15925,0.883073,0.024599,2.41762,0.272064,2.13215,0.316269,0.50757,1.28726,0.427003,2.58831,0,0,-3.17803,0,0,3.65111,3.41082,-5.77453,2.89783,0.428612,2.10428,3.74306,0,0,12.8224,0,0,2.66182,4.64527,-2.61613,6.63607,-8.21762,0.446594,0.248684,0.589068,0.969018,-0.27979,1,0.489813,-0.672369,0.516773,0.202357,-2.34352,0.892052,-0.912671,0.874549,0.785242,-0.487056,-1.11245,-2.47473,3.72736
0.990122,0.116277,-0.055985,-0.0548096,0.990122,0.116277,-0.055985,-0.0548096,0.938589,0.323167,-0.0427888,-0.113062,0.49025,-0.0946406,-0.152455,-0.85291,0.807115,0.587282,-0.0104833,0.0596332,0.899827,0,0,0.436247,0.752458,0,0,0.65864,0.810405,0.146579,-0.399217,-0.402969,0.877067,0.222081,0.394081,0.161658,0.989658,0,0,-0.143444,0.957198,0,0,-0.289433,0.832322,0.0356305,-0.00648775,0.553108,0.76571,-0.0405473,0.00389299,0.641895,1.45167,1.31551,-0.107338,0.678107,0.209384,-0.318411,1.25209,1.24828,-0.136103,0.653596,0.413543,-0.292211,0.893438,1.12634,-0.175164,0.647601,0.770091,-0.199972,0.638337,0.994762,-0.180472,0.519185,0.996618,-0.282516,0.409264,1.03298,-0.424365,0.461778,1.2349,-0.336174,0.410494,0.873178,-0.581511,0.588035,1.25857,-0.14105,0.541469,0.960263,-0.698001,0.340289,1.13457,-0.590841,-0.713211,0.697833,2.14476,-0.713211,0.697833,2.14476,-0.807944,1.50652,0.124915,0.73009,0.534601,1.29899,1.32481,1.52358,1.16105,0,0,-2.81836,0,0,2.42779,1.55556,-3.73079,5.719,-1.86203,1.5681,4.53736,0,0,-1.27456,0,0,0.172641,8.9515,-2.75401,6.54572,-7.06118,0.542749,-1.27882,0.619447,0.984182,-0.308683,1,0.509183,-0.7117,0.453159,0.169891,-2.20939,0.780036,-0.726128,0.930341,0.443036,-0.640493,-0.609462,-4.26237,2.59957
0.992471,0.0993652,-0.0486865,-0.0525111,0.992471,0.0993652,-0.0486865,-0.0525111,0.939628,0.317769,-0.0469617,-0.117971,0.50584,-0.0901653,-0.150213,-0.844649,0.801093,0.596037,-0.0177445,0.0517275,0.916275,0,0,0.400549,0.751882,0,0,0.659298,0.80971,0.194122,-0.434398,-0.34349,0.883161,0.172834,0.401675,0.16974,0.897742,0,0,-0.440521,0.954362,0,0,-0.298652,0.830599,0.0378172,0.00240979,0.55558,0.748421,-0.084845,0.00518704,0.657754,1.42905,1.21559,-0.00922316,0.732327,0.221843,-0.352211,1.25455,1.20984,-0.130229,0.700565,0.423837,-0.326014,0.930459,1.14286,-0.229342,0.686972,0.779465,-0.235392,0.678044,1.00728,-0.217501,0.554729,1.00904,-0.314975,0.435742,1.03976,-0.451189,0.493149,1.24332,-0.374577,0.432693,0.87379,-0.599817,0.633346,1.27581,-0.185211,0.557568,0.959023,-0.72388,0.353239,1.13255,-0.616981,-1.02277,0.441661,0.140852,-1.02277,0.441661,0.140852,-0.337634,-0.254607,-0.298146,0.370631,0.23755,1.01927,0.646549,-0.468562,-0.500061,0,0,-2.35846,0,0,0.0524977,3.05095,-2.26233,3.80733,-3.10543,0.421228,0.483016,0,0,-18.7343,0,0,-0.578742,0.140563,0.565943,0.179252,-2.92315,0.0865438,1.31332,0.649827,0.988446,-0.337577,1,0.510483,-0.703108,0.458701,0.186115,-2.21337,0.818375,-0.728572,1.19122,0.375577,-1.11088,0.702655,0.914382,0.0121467
0.986724,0.118639,-0.0797099,-0.0771114,0.986724,0.118639,-0.0797099,-0.0771114,0.944686,0.295206,-0.0730355,-0.12283,0.509433,-0.0984449,-0.160452,-0.839668,0.805119,0.59228,-0.0269821,0.0161156,0.925609,0,0,0.378481,0.749123,0,0,0.66243,0.820236,0.236475,-0.408605,-0.323008,0.916641,0.210439,0.314506,0.128728,0.769137,0,0,-0.639084,0.957062,0,0,-0.289884,0.857504,0.0582898,-0.0147105,0.510953,0.718247,-0.184408,0.0058235,0.670881,1.4097,1.04343,-0.119073,0.77961,0.234491,-0.396278,1.26657,1.09349,-0.270896,0.751313,0.435191,-0.36582,0.978818,1.10755,-0.338813,0.741002,0.790589,-0.269812,0.725414,1.01477,-0.249323,0.586052,1.01791,-0.320698,0.452651,1.04959,-0.441568,0.525531,1.25504,-0.375969,0.435252,0.875587,-0.579484,0.684749,1.2927,-0.200042,0.557848,0.947007,-0.713062,0.354961,1.14048,-0.601867,1.17311,-1.87533,-1.48867,1.17311,-1.87533,-1.48867,-1.41296,-1.58894,-0.28452,-0.588078,-0.722835,0.455143,-0.297916,-0.591641,-2.29224,0,0,-1.43769,0,0,0.250431,2.65756,1.75434,1.39275,2.19555,-5.67248,-2.65485,0,0,-14.2276,0,0,0.550499,1.26708,-1.08045,-3.15287,-6.67114,0.0461687,1.36993,0.680206,0.98181,-0.36647,1,0.417533,-0.68927,0.551791,0.214708,-2.59703,0.858352,-1.09597,1.42109,0.224816,-0.954649,-3.76142,6.79094,-2.40155
0.987231,0.0932015,-0.0964599,-0.0859283,0.987231,0.0932015,-0.0964599,-0.0859283,0.952208,0.268532,-0.084785,-0.118331,0.515605,-0.118553,-0.146579,-0.83583,0.785985,0.616324,0.0319088,-0.0368018,0.915889,0,0,0.401431,0.730864,0,0,0.682524,0.831385,0.267232,-0.39468,-0.285681,0.921973,0.191082,0.315508,0.117936,0.659505,0,0,-0.7517,0.939465,0,0,-0.342646,0.839254,0.101674,-0.0224176,0.533678,0.691828,-0.159101,-0.000975583,0.704316,1.36103,0.900697,-0.183158,0.791711,0.225082,-0.409283,1.26091,0.988039,-0.35026,0.762816,0.424305,-0.388106,1.02367,1.05965,-0.405152,0.769774,0.77601,-0.304757,0.775241,1.00335,-0.284482,0.630531,1.01885,-0.343166,0.486621,1.05408,-0.450821,0.565206,1.26164,-0.391945,0.451996,0.860424,-0.585298,0.744692,1.2968,-0.240052,0.565612,0.909538,-0.729685,0.369185,1.14217,-0.601509,-1.53402,-1.00848,-0.530488,-1.53402,-1.00848,-0.530488,-1.67275,-0.704968,0.293622,-1.43009,1.03062,0.438365,1.82451,3.79703,-3.41558,0,0,1.49544,0,0,1.6291,1.89567,0.991225,2.45797,-1.21661,0.0258946,-0.679572,0,0,-9.4398,0,0,-3.33761,2.77628,-0.495004,1.6531,1.57087,-0.451838,2.69878,0.710585,0.964274,-0.395363,1,0.408436,-0.646636,0.604508,0.222736,-2.7133,0.897651,-1.29476,1.49481,-0.34268,-1.05479,0.278698,2.50508,-3.276
0.989105,0.0679603,-0.0967212,-0.0877363,0.989105,0.0679603,-0.0967212,-0.0877363,0.953079,0.247291,-0.131263,-0.115145,0.502292,-0.12359,-0.1397,-0.844341,0.76796,0.632316,0.0569619,-0.0846736,0.87694,0,0,0.480599,0.712236,0,0,0.70194,0.849034,0.282663,-0.34001,-0.289199,0.920714,0.1523,0.336282,0.12651,0.608069,0,0,-0.793884,0.911114,0,0,-0.412155,0.833671,0.0564724,-0.0112516,0.549251,0.671886,-0.0691106,-0.0031477,0.737417,1.33917,0.785982,-0.241021,0.796604,0.210007,-0.410782,1.26466,0.876863,-0.418361,0.762852,0.406603,-0.398968,1.0634,0.985424,-0.468248,0.790056,0.750628,-0.337061,0.82492,0.978668,-0.326335,0.677191,1.00793,-0.371489,0.523385,1.04865,-0.462874,0.611018,1.25669,-0.417924,0.465173,0.839782,-0.579691,0.806177,1.28276,-0.303508,0.567169,0.865297,-0.732394,0.387039,1.13549,-0.599545,-1.52352,-0.012083,-0.105622,-1.52352,-0.012083,-0.105622,-1.29967,-2.8316,0.196343,-0.414484,0.437462,-0.965551,1.30979,1.64533,-3.1334,0,0,5.29556,0,0,1.61447,0.867765,3.61506,-0.107208,-2.38528,1.28895,0.531653,0,0,-3.99201,0,0,-4.50516,-2.86021,0.706897,1.05819,5.99657,-0.147273,2.6069,0.740965,0.935838,-0.424256,1,0.398609,-0.599851,0.655394,0.227484,-2.84,0.919675,-1.50901,1.49038,-0.740511,-1.25558,0.257635,2.41486,-3.42628
0.987529,0.0573836,-0.0856699,-0.118968,0.987529,0.0573836,-0.0856699,-0.118968,0.944186,0.234737,-0.205949,-0.104865,0.485002,-0.12631,-0.145287,-0.85306,0.759355,0.635626,0.0357408,-0.13447,0.812592,0,0,0.582832,0.681832,0,0,0.731509,0.838904,0.310531,-0.288043,-0.341823,0.92548,0.164739,0.335605,0.0609688,0.677606,0,0,-0.735426,0.884317,0,0,-0.466887,0.86317,-0.0871743,0.0257384,0.496665,0.642565,-0.0180135,-0.000940087,0.766019,1.37242,0.609379,-0.365473,0.814763,0.179293,-0.426434,1.27673,0.721876,-0.521964,0.774817,0.372389,-0.421955,1.07721,0.888477,-0.5431,0.812651,0.708018,-0.380419,0.868109,0.93999,-0.373107,0.72066,0.99044,-0.390554,0.56032,1.04375,-0.460862,0.667391,1.24844,-0.440455,0.47791,0.828286,-0.543885,0.867235,1.25617,-0.372647,0.570639,0.830224,-0.69534,0.411775,1.1364,-0.581495,-0.635091,0.662768,-1.88454,-0.635091,0.662768,-1.88454,-0.721687,-4.59078,0.607186,-0.266726,-0.484955,-1.10165,0.349248,-1.37439,-3.27099,0,0,7.25234,0,0,2.54487,1.83324,3.21864,-3.40541,0.74997,-0.0758179,-4.04602,0,0,5.45254,0,0,-3.65693,-9.07256,2.33404,-3.675,3.43814,0.148414,2.53894,0.771344,0.896502,-0.453149,1,0.355739,-0.512346,0.736788,0.260949,-3.17434,0.913424,-1.94245,1.29565,-1.16035,-1.40314,0.757041,6.04865,-4.99936
0.98503,0.0396184,-0.0755686,-0.149785,0.98503,0.0396184,-0.0755686,-0.149785,0.917587,0.244986,-0.288957,-0.120495,0.489831,-0.126424,-0.136747,-0.851694,0.745442,0.639988,-0.0246594,-0.184727,0.753507,0,0,0.65744,0.659335,0,0,0.751849,0.830114,0.321041,-0.224717,-0.39667,0.926009,0.172859,0.334474,-0.0274518,0.805501,0,0,-0.592595,0.860408,0,0,-0.509605,0.873233,-0.243009,0.0886689,0.412976,0.617362,0.0463369,0.00563737,0.785293,1.37362,0.382708,-0.54241,0.836337,0.136717,-0.43386,1.25432,0.535794,-0.641575,0.789012,0.326181,-0.43601,1.06671,0.78034,-0.608576,0.831129,0.65413,-0.418567,0.907635,0.891118,-0.421094,0.770154,0.964862,-0.411761,0.606912,1.03181,-0.45808,0.732228,1.22524,-0.470138,0.515162,0.817961,-0.500814,0.926313,1.20701,-0.449838,0.602907,0.804663,-0.647951,0.451346,1.13219,-0.560682,-1.06837,0.604793,-1.86428,-1.06837,0.604793,-1.86428,0.764466,-5.23789,-1.02344,0.0112404,0.644843,0.231563,0.504888,-3.9544,-3.34675,0,0,5.7124,0,0,1.81976,0.731598,3.97235,-3.55983,0.497722,-0.0733406,-5.44077,0,0,11.5211,0,0,-2.93753,-9.74682,3.93816,-5.35633,4.43117,0.453554,1.86614,0.801723,0.846266,-0.482043,1,0.307052,-0.40718,0.814185,0.277536,-3.43955,0.812501,-2.34308,1.18579,-1.46615,-1.43962,0.270431,5.98043,-5.93153
0.984791,0.010547,-0.0939174,-0.145794,0.984791,0.010547,-0.0939174,-0.145794,0.903009,0.230801,-0.337119,-0.132879,0.511587,-0.141841,-0.105527,-0.840847,0.729379,0.633032,-0.0675996,-0.250415,0.701452,0,0,0.712716,0.628919,0,0,0.777471,0.839982,0.285712,-0.195678,-0.417744,0.939577,0.131595,0.302976,-0.0899029,0.902672,0,0,-0.43033,0.847703,0,0,-0.530471,0.855211,-0.269562,0.0881265,0.433802,0.604903,0.0655055,0.00883653,0.793551,1.32358,0.178545,-0.683334,0.852835,0.07949,-0.430625,1.21296,0.36251,-0.716769,0.802619,0.267139,-0.438355,1.06119,0.665803,-0.641694,0.847655,0.59023,-0.438675,0.942365,0.826507,-0.46184,0.819733,0.922601,-0.447012,0.660454,1.00693,-0.476709,0.803542,1.18205,-0.51398,0.561669,0.796873,-0.488019,0.977604,1.1294,-0.530849,0.642943,0.771476,-0.628223,0.501279,1.11907,-0.560746,-1.75298,-1.10691,0.23997,-1.75298,-1.10691,0.23997,-0.802828,-3.07756,-0.805897,-1.02593,2.34774,1.3687,-0.202222,-2.84722,-4.41471,0,0,4.55678,0,0,2.38639,-2.31328,1.89253,-1.24669,-2.57646,-2.02471,-3.81654,0,0,11.3651,0,0,-1.46582,-1.77283,0.00155032,1.48016,1.34675,0.224029,0.849407,0.832103,0.78513,-0.510936,1,0.268619,-0.337177,0.874969,0.220421,-3.40503,0.667096,-2.4977,1.04188,-1.93834,-1.22238,-3.45931,2.77386,-5.32878
0.984046,-0.0116795,-0.106213,-0.14225,0.984046,-0.0116795,-0.106213,-0.14225,0.893092,0.212197,-0.370471,-0.141811,0.535628,-0.155918,-0.0724044,-0.82677,0.715589,0.629533,-0.106386,-0.283377,0.680555,0,0,0.732697,0.608627,0,0,0.793457,0.851975,0.224205,-0.177407,-0.438631,0.945514,0.108304,0.272263,-0.141939,0.940063,0,0,-0.341002,0.838185,0,0,-0.545386,0.849433,-0.220355,0.0622049,0.475434,0.60079,0.0751152,0.0104886,0.795801,1.24375,0.123644,-0.779763,0.845019,0.0999368,-0.440218,1.15176,0.318861,-0.775061,0.793382,0.286605,-0.453657,1.03662,0.648089,-0.679086,0.841466,0.605221,-0.468229,0.949801,0.837924,-0.507369,0.841925,0.950212,-0.49089,0.689517,1.04946,-0.50873,0.844338,1.20389,-0.568228,0.585648,0.847637,-0.49958,0.997683,1.12339,-0.606035,0.661119,0.817385,-0.636031,0.530421,1.17227,-0.578386,-1.34057,-0.743092,0.211548,-1.34057,-0.743092,0.211548,-1.10803,-2.14832,-0.584516,-0.90056,2.44476,1.62957,-0.0108128,-2.6001,-2.27717,0,0,1.73482,0,0,1.54997,-3.96189,1.20715,-1.20509,-1.43979,-1.91472,-3.16895,0,0,5.81255,0,0,-1.06162,3.07497,-1.62687,2.68803,0.675782,0.115896,0.249377,0.838165,0.803387,-0.547673,1,0.234861,-0.278855,0.914997,0.172805,-3.36119,0.554089,-2.61263,0.223097,0.342504,-1.36589,-2.77598,2.22848,-4.19846
0.984918,-0.0197297,-0.10296,-0.137644,0.984918,-0.0197297,-0.10296,-0.137644,0.882761,0.194686,-0.402332,-0.144774,0.565767,-0.166738,-0.0403274,-0.806523,0.712169,0.626423,-0.144558,-0.28198,0.681536,0,0,0.731784,0.592676,0,0,0.805441,0.850058,0.239213,-0.20129,-0.423865,0.943722,0.116465,0.262109,-0.164691,0.918928,0,0,-0.394426,0.822075,0,0,-0.56938,0.795051,-0.085762,0.0119685,0.60033,0.599961,0.0903246,0.0126185,0.794814,1.17707,0.104971,-0.799895,0.837455,0.11309,-0.448846,1.10068,0.300386,-0.805887,0.784527,0.298793,-0.469512,1.01854,0.635023,-0.726437,0.839088,0.608895,-0.500191,0.960445,0.834352,-0.551649,0.864512,0.956617,-0.531861,0.720036,1.06844,-0.5392,0.88097,1.19773,-0.623166,0.61083,0.879659,-0.516876,1.01259,1.09088,-0.675823,0.677221,0.850957,-0.653691,0.56355,1.20203,-0.595822,-0.485252,0.198031,0.280265,-0.485252,0.198031,0.280265,-1.04568,-2.07401,-0.217195,-0.622268,2.32824,2.17598,-0.151731,-2.54826,0.0681023,0,0,-0.0804047,0,0,1.19709,0.958085,-1.51692,0.914043,0.503143,-0.6107,-1.39664,0,0,-3.44764,0,0,-1.7341,8.39871,-3.1601,8.65181,1.05956,0.148378,-0.049849,0.846769,0.808997,-0.581931,1,0.209489,-0.234879,0.936786,0.152898,-3.35555,0.482864,-2.70314,0.319308,-0.107145,-1.3284,-1.12427,1.82392,-2.79792
0.984472,-0.0265373,-0.097312,-0.143672,0.984472,-0.0265373,-0.097312,-0.143672,0.874058,0.182706,-0.427731,-0.140311,0.596919,-0.196996,-0.00459926,-0.777727,0.721089,0.615364,-0.175386,-0.2657,0.699989,0,0,0.714154,0.582486,0,0,0.81284,0.864717,0.196297,-0.171832,-0.429192,0.937125,0.133005,0.25113,-0.202584,0.917484,0,0,-0.397773,0.809256,0,0,-0.587457,0.674438,0.00371188,0.00016785,0.738323,0.597283,0.0883516,0.0126581,0.797049,1.09902,0.0650494,-0.856266,0.830074,0.0943912,-0.45994,1.03987,0.255722,-0.848135,0.776355,0.278693,-0.487719,0.992369,0.595147,-0.763381,0.835562,0.581338,-0.531156,0.969271,0.80135,-0.589804,0.887245,0.93253,-0.56621,0.75188,1.05517,-0.565878,0.913431,1.1612,-0.67384,0.638574,0.88009,-0.537559,1.02459,1.03051,-0.735343,0.695327,0.856481,-0.676742,0.599973,1.19857,-0.612506,-0.410759,0.339722,-0.364822,-0.410759,0.339722,-0.364822,-0.713117,-1.66876,0.251778,-1.95589,2.52448,2.73613,-0.875644,-2.01052,1.14338,0,0,-1.53133,0,0,0.755566,-2.77671,1.91822,-0.195002,1.02982,-0.636598,-2.3453,0,0,-0.218757,0,0,-1.32966,5.77941,-0.760247,11.1332,-0.130457,0.00372304,0.216462,0.853886,0.784442,-0.614074,1,0.190365,-0.180709,0.95442,0.142087,-3.36592,0.427644,-2.81625,0.264775,-0.990057,-1.14464,-0.358261,1.64219,-3.25569
0.985385,-0.0223999,-0.0886467,-0.143726,0.985385,-0.0223999,-0.0886467,-0.143726,0.872236,0.183303,-0.434592,-0.129361,0.642071,-0.243823,0.0317508,-0.726145,0.73326,0.603625,-0.190204,-0.248574,0.73442,0,0,0.678696,0.57855,0,0,0.815647,0.870293,0.191971,-0.158379,-0.425034,0.928803,0.155556,0.265311,-0.206729,0.894375,0,0,-0.447319,0.802793,0,0,-0.596258,0.679162,-0.00846538,-0.000328169,0.73394,0.598435,0.077411,0.0110318,0.797346,1.10924,0.0729622,-0.861696,0.832372,0.0987261,-0.468031,1.04405,0.262185,-0.866079,0.77978,0.282282,-0.502193,0.998967,0.594726,-0.789686,0.843662,0.580096,-0.553865,0.98385,0.797182,-0.612776,0.905324,0.930092,-0.586966,0.773838,1.0569,-0.585613,0.932701,1.14337,-0.711816,0.657723,0.890136,-0.560944,1.02664,0.991624,-0.780123,0.711454,0.872654,-0.70113,0.626564,1.20622,-0.629849,0.249952,0.524261,-0.000564147,0.249952,0.524261,-0.000564147,0.0448256,-0.447422,0.680833,-2.95244,2.49109,4.5102,-0.963846,-0.9237,1.21162,0,0,-2.96575,0,0,0.290084,-0.295824,0.86538,0.314243,1.40952,0.915744,-0.290382,0,0,-3.28058,0,0,-0.655141,-0.820876,-0.033439,-0.387689,-0.764285,-0.113595,-0.00554245,0.868187,0.784165,-0.635821,1,0.200058,-0.165992,0.953735,0.151039,-3.38991,0.446428,-2.8536,0.437398,-0.125051,-0.689175,0.79173,-0.340393,-0.815775
0.986297,-0.0259258,-0.0845655,-0.139266,0.986297,-0.0259258,-0.0845655,-0.139266,0.869901,0.1904,-0.433945,-0.136793,0.68173,-0.278541,0.0728408,-0.672572,0.73533,0.599108,-0.203971,-0.242395,0.773635,0,0,0.633631,0.581587,0,0,0.813484,0.872198,0.198725,-0.15021,-0.42097,0.918986,0.163188,0.28647,-0.216262,0.887318,0,0,-0.461158,0.807491,0,0,-0.58988,0.66853,-0.0257738,-0.00136387,0.743237,0.600374,0.0848156,0.0118364,0.795121,1.11093,0.0715003,-0.866979,0.837277,0.0968057,-0.469829,1.04957,0.260822,-0.878497,0.787422,0.280125,-0.51004,1.01074,0.592834,-0.808846,0.853843,0.577479,-0.571135,0.996646,0.794606,-0.63288,0.91959,0.92856,-0.60751,0.790321,1.05776,-0.605692,0.94256,1.12895,-0.741415,0.674158,0.89508,-0.586559,1.02152,0.958903,-0.814319,0.730462,0.882501,-0.7271,0.647451,1.21062,-0.649819,-0.212112,0.247635,0.271456,-0.212112,0.247635,0.271456,0.454804,0.0180031,-0.473041,-2.07681,2.7317,4.37981,-0.329198,-0.897696,0.42034,0,0,-3.58484,0,0,-0.223749,0.415342,0.518857,0.272821,0.503219,1.36045,-0.631107,0,0,-0.932086,0,0,0.475295,-1.17339,-0.070163,0.836334,0.510603,0.0553388,-0.198907,0.880646,0.782377,-0.654891,1,0.217639,-0.16016,0.950891,0.150959,-3.38926,0.480538,-2.86883,0.383871,-0.0772857,-0.603096,0.26627,-0.988214,-0.465716
0.986703,-0.0286269,-0.0838729,-0.136245,0.986703,-0.0286269,-0.0838729,-0.136245,0.86775,0.195942,-0.433604,-0.143541,0.70831,-0.278961,0.102379,-0.640309,0.734567,0.598415,-0.223077,-0.229233,0.799715,0,0,0.60038,0.5897,0,0,0.807623,0.868633,0.205777,-0.152268,-0.424201,0.913583,0.166442,0.291631,-0.229378,0.885617,0,0,-0.464417,0.818542,0,0,-0.574446,0.65701,-0.0360607,-0.00245527,0.753015,0.606648,0.0947192,0.0123882,0.789211,1.11353,0.0696314,-0.868822,0.83889,0.0941967,-0.471616,1.05491,0.258457,-0.885871,0.793498,0.278241,-0.516381,1.01869,0.591628,-0.82399,0.862636,0.577746,-0.585229,1.005,0.795899,-0.65081,0.929582,0.930988,-0.626203,0.802078,1.06201,-0.62366,0.946436,1.12049,-0.762605,0.687521,0.904437,-0.607697,1.01314,0.937487,-0.83518,0.74672,0.896399,-0.749633,0.662104,1.21698,-0.667537,-0.162578,0.0424357,0.183206,-0.162578,0.0424357,0.183206,0.357119,0.000606714,-0.430329,0.16488,1.9172,2.6147,-0.0341836,-1.26386,0.863267,0,0,-2.53571,0,0,-0.600497,0.458437,-0.141104,-0.236212,0.219918,0.352007,-0.835439,0,0,-0.220578,0,0,1.13895,-0.707119,-0.074598,0.894487,0.67175,0.0361578,-0.551866,0.889497,0.783483,-0.670783,1,0.22027,-0.155651,0.951862,0.145647,-3.37952,0.483266,-2.87632,0.250522,0.0387903,-0.537913,-0.227682,-0.147657,-0.359805
0.986698,-0.0300859,-0.0863586,-0.134403,0.986698,-0.0300859,-0.0863586,-0.134403,0.87109,0.196959,-0.429609,-0.133582,0.724076,-0.270089,0.119623,-0.623263,0.731731,0.603231,-0.234091,-0.214205,0.808513,0,0,0.588479,0.591886,0,0,0.806022,0.867831,0.206442,-0.159449,-0.42288,0.91354,0.162254,0.281994,-0.244126,0.887006,0,0,-0.461758,0.832941,0,0,-0.553362,0.654121,-0.0442388,-0.00316964,0.755089,0.615147,0.0911761,0.0109486,0.783046,1.11576,0.0692925,-0.869231,0.840714,0.0903814,-0.4736,1.05897,0.258231,-0.888719,0.800298,0.275523,-0.52133,1.02405,0.59287,-0.831222,0.871064,0.579728,-0.593405,1.0104,0.800382,-0.660994,0.935766,0.936408,-0.639102,0.809178,1.06839,-0.638358,0.948748,1.11767,-0.777299,0.69475,0.914722,-0.623924,1.006,0.927456,-0.845818,0.756632,0.909075,-0.765438,0.670227,1.22459,-0.682399,-0.0879325,-0.149816,0.111004,-0.0879325,-0.149816,0.111004,0.0492623,0.282823,0.635291,0.699732,1.10047,1.38645,0.360575,-0.743018,0.975803,0,0,-0.888006,0,0,-0.162557,0.0454192,-0.453674,0.0753688,-0.25863,-0.595226,-0.911564,0,0,0.180017,0,0,1.53189,-0.559275,-0.0487996,0.199925,-0.267625,-0.102473,-0.615536,0.895391,0.786901,-0.681494,1,0.217619,-0.155941,0.954117,0.134106,-3.35461,0.474724,-2.8693,0.162096,0.134505,-0.30551,-0.707439,0.0709182,-0.13387
0.987216,-0.0303963,-0.086671,-0.130267,0.987216,-0.0303963,-0.086671,-0.130267,0.875587,0.195825,-0.424851,-0.120425,0.726836,-0.265759,0.131632,-0.619479,0.729605,0.607793,-0.240342,-0.201246,0.803606,0,0,0.595162,0.588705,0,0,0.808348,0.87102,0.207588,-0.161387,-0.414952,0.913395,0.156141,0.27713,-0.254024,0.889053,0,0,-0.457804,0.846727,0,0,-0.532028,0.657909,-0.0477109,-0.00317064,0.751578,0.624661,0.084632,0.00915742,0.776243,1.11647,0.0696391,-0.868404,0.843696,0.0866819,-0.472837,1.06181,0.259374,-0.88945,0.807667,0.272735,-0.523349,1.02901,0.595526,-0.834929,0.878994,0.581703,-0.598331,1.01424,0.80522,-0.66779,0.938758,0.941396,-0.649393,0.812346,1.07367,-0.651389,0.950831,1.11793,-0.788539,0.697537,0.922938,-0.637825,1.00212,0.925132,-0.850371,0.761136,0.919021,-0.777741,0.673711,1.23056,-0.696004,-0.0183857,-0.0179224,0.250621,-0.0183857,-0.0179224,0.250621,-0.0906765,0.340852,0.837225,0.305226,0.785898,0.293796,0.333716,-0.425525,0.84468,0,0,0.49748,0,0,0.236407,0.0572412,-0.110209,0.527257,-0.377222,-0.299655,-0.612377,0,0,0.267139,0,0,1.52409,-0.231359,0.000256773,-0.315843,-0.474853,-0.126244,-0.67697,0.899227,0.79039,-0.68951,1,0.22002,-0.162905,0.953882,0.123134,-3.32646,0.477844,-2.84844,0.115107,0.145121,-0.203903,-0.694717,-0.299259,0.238321
0.986829,-0.0376876,-0.0838209,-0.133128,0.986829,-0.0376876,-0.0838209,-0.133128,0.881317,0.193741,-0.416891,-0.109302,0.723052,-0.271404,0.140594,-0.619491,0.728653,0.611092,-0.245176,-0.188468,0.794231,0,0,0.607616,0.587264,0,0,0.809396,0.872712,0.189349,-0.158533,-0.421174,0.906443,0.143317,0.275328,-0.286384,0.890852,0,0,-0.454294,0.860309,0,0,-0.509773,0.659991,-0.0469365,-0.00299003,0.7498,0.630857,0.076983,0.00774693,0.772032,1.11354,0.0695196,-0.866942,0.84458,0.0821365,-0.469363,1.05988,0.259678,-0.888293,0.811637,0.268499,-0.522474,1.02852,0.596944,-0.835481,0.880766,0.582704,-0.600578,1.01426,0.810273,-0.671856,0.941794,0.948377,-0.656894,0.816639,1.08161,-0.661592,0.955987,1.12365,-0.797593,0.70142,0.933612,-0.649344,1.00379,0.930591,-0.852991,0.766551,0.931368,-0.788184,0.678034,1.23875,-0.707189,-0.439648,0.171084,-0.173417,-0.439648,0.171084,-0.173417,-0.155095,0.551285,0.710355,-0.399355,0.606251,-0.0602141,0.232615,-0.325284,0.839765,0,0,0.935274,0,0,0.10693,-1.15109,0.184967,-0.374373,-0.771015,-0.0701601,-2.04252,0,0,0.236672,0,0,1.56439,0.0552427,0.0124387,-0.162862,-0.539902,-0.0984479,-0.422785,0.9015,0.795047,-0.694916,1,0.230482,-0.151675,0.954984,0.108986,-3.29917,0.493004,-2.8663,0.000719637,0.151598,-0.121964,-0.567405,-0.639572,-0.917644
0.986054,-0.0443055,-0.0843973,-0.136426,0.986054,-0.0443055,-0.0843973,-0.136426,0.886143,0.192989,-0.408196,-0.104316,0.719045,-0.280387,0.148322,-0.618352,0.729978,0.610449,-0.248025,-0.18157,0.790688,0,0,0.612219,0.587715,0,0,0.809068,0.870766,0.174821,-0.160947,-0.430465,0.899636,0.130734,0.272704,-0.314955,0.893667,0,0,-0.448732,0.86994,0,0,-0.493158,0.658499,-0.0450258,-0.00296169,0.751228,0.633382,0.0735086,0.00717045,0.770306,1.10964,0.0684074,-0.865498,0.843989,0.0783316,-0.466626,1.05702,0.258763,-0.886464,0.81266,0.264836,-0.520861,1.02574,0.597265,-0.834481,0.878845,0.583149,-0.600652,1.01105,0.813876,-0.673327,0.941815,0.953747,-0.660863,0.818137,1.08809,-0.667716,0.959354,1.12939,-0.802071,0.702465,0.941973,-0.65798,1.00598,0.935899,-0.853435,0.76927,0.941281,-0.796166,0.680328,1.2457,-0.714743,-0.39952,-0.036056,-0.200874,-0.39952,-0.036056,-0.200874,-0.0674401,0.586732,0.322713,-0.623519,0.526964,0.0124999,-0.0628315,-0.180008,0.461951,0,0,0.348498,0,0,-0.0334782,-0.903116,-0.15826,-0.600989,-0.760155,-0.122367,-1.81625,0,0,0.374004,0,0,1.1523,0.127895,0.00180468,0.127154,-0.243754,-0.0400935,-0.172324,0.901201,0.798579,-0.697662,1,0.238228,-0.13942,0.956188,0.0975349,-3.27916,0.503825,-2.88748,-0.0963791,0.108096,-0.0441253,-0.424067,-0.45128,-0.922196
0.98645,-0.041887,-0.0850789,-0.133882,0.98645,-0.041887,-0.0850789,-0.133882,0.888973,0.191416,-0.403546,-0.101176,0.717427,-0.279378,0.151923,-0.619811,0.731094,0.609619,-0.248466,-0.179252,0.790009,0,0,0.613095,0.587922,0,0,0.808918,0.871628,0.17633,-0.156963,-0.429574,0.898655,0.130613,0.276744,-0.314281,0.895823,0,0,-0.44441,0.871084,0,0,-0.491135,0.660179,-0.049714,-0.00314855,0.749455,0.63265,0.0703107,0.00693955,0.771209,1.11044,0.0689431,-0.865478,0.845041,0.0787038,-0.465683,1.05817,0.259604,-0.886046,0.81338,0.264854,-0.520645,1.02605,0.598876,-0.834095,0.878153,0.583711,-0.601265,1.00896,0.815444,-0.673884,0.938674,0.954932,-0.662128,0.8152,1.08949,-0.670379,0.958354,1.13026,-0.801785,0.698776,0.944352,-0.662867,1.0048,0.936393,-0.851124,0.767073,0.944317,-0.800383,0.678283,1.24775,-0.718487,0.146119,-0.0404097,0.154428,0.146119,-0.0404097,0.154428,-0.110021,0.315116,0.202149,0.0553682,0.245164,-0.122325,-0.0720127,-0.0221254,0.1582,0,0,0.0665211,0,0,-0.0153381,0.091299,0.252873,0.0640789,-0.0047657,0.256762,0.0351422,0,0,0.289798,0,0,0.139451,-0.316193,-0.0125502,-0.154346,-0.21798,-0.0157012,0.07751,0.899651,0.799834,-0.698844,1,0.2428,-0.144566,0.954188,0.0983596,-3.27696,0.514147,-2.8765,-0.0627361,0.0470472,-0.0167229,0.0237207,-0.314117,0.296983
0.987422,-0.0350032,-0.0875479,-0.126918,0.987422,-0.0350032,-0.0875479,-0.126918,0.889782,0.186732,-0.404106,-0.100586,0.716975,-0.273045,0.150295,-0.623542,0.734226,0.60543,-0.24685,-0.182845,0.788819,0,0,0.614625,0.589552,0,0,0.80773,0.875762,0.184587,-0.155289,-0.418155,0.902813,0.134959,0.281018,-0.296216,0.895341,0,0,-0.445382,0.864949,0,0,-0.501859,0.664271,-0.0592897,-0.00340146,0.745129,0.629274,0.0695056,0.00717001,0.774036,1.112,0.0707911,-0.866307,0.846314,0.0816303,-0.465103,1.05958,0.261827,-0.886694,0.812076,0.26696,-0.520304,1.02639,0.600517,-0.832884,0.875853,0.583741,-0.600118,1.00608,0.814659,-0.671399,0.93281,0.95286,-0.660195,0.809487,1.08775,-0.669902,0.955587,1.12807,-0.797403,0.69161,0.943252,-0.664707,1.00164,0.934467,-0.846904,0.761268,0.942652,-0.802004,0.674097,1.24723,-0.719195,0.415591,-0.147089,0.422235,0.415591,-0.147089,0.422235,-0.295267,-0.027734,0.0385795,0.417241,-0.106331,-0.254884,-0.324298,0.12614,-0.222865,0,0,0.116327,0,0,-0.120988,0.500799,0.119272,0.754463,0.257786,0.240122,1.14879,0,0,-0.0650861,0,0,-0.74131,-0.64347,-0.0167933,-0.375557,-0.0487604,0.0164861,0.266416,0.896361,0.799366,-0.697846,1,0.245732,-0.158973,0.950696,0.102567,-3.27697,0.523418,-2.84654,-0.0862961,-0.0235494,0.0745679,0.0770566,-0.267256,0.899138
0.987427,-0.034681,-0.0861844,-0.127897,0.987427,-0.034681,-0.0861844,-0.127897,0.89021,0.186289,-0.404349,-0.0965656,0.715977,-0.267275,0.146454,-0.628086,0.739049,0.60116,-0.243862,-0.181505,0.790746,0,0,0.612144,0.592353,0,0,0.805678,0.874972,0.179232,-0.156129,-0.421809,0.899696,0.129594,0.288065,-0.301282,0.894372,0,0,-0.447325,0.85899,0,0,-0.511992,0.66483,-0.0647147,-0.00364433,0.744177,0.622096,0.0628946,0.00709822,0.780378,1.10884,0.0715906,-0.866646,0.845597,0.0826618,-0.464823,1.05608,0.262656,-0.886647,0.807194,0.26671,-0.519369,1.0213,0.600427,-0.830503,0.866823,0.582279,-0.59765,0.998827,0.813668,-0.667395,0.926841,0.952536,-0.656381,0.804962,1.08861,-0.667408,0.95401,1.1285,-0.791662,0.684997,0.945537,-0.664994,1.0014,0.934783,-0.841477,0.755151,0.944908,-0.802844,0.671674,1.2497,-0.717619,0.0194202,0.0821583,-0.0589731,0.0194202,0.0821583,-0.0589731,-0.0293485,-0.0113435,0.251379,0.376241,-0.251279,-0.317687,-0.354309,0.226507,0.110287,0,0,-0.188518,0,0,-0.20836,-0.332164,-0.055326,-0.23623,-0.323994,0.456536,-0.334578,0,0,-0.130275,0,0,-0.705291,-0.366672,-0.0164042,-0.0756775,-0.441761,-0.00351534,0.591753,0.8912,0.799618,-0.695381,1,0.255249,-0.153435,0.948958,0.103843,-3.28071,0.542535,-2.85974,-0.21762,-0.0297535,0.12011,0.255908,-0.522274,-0.339102
