0.996151,-0.0121534,-0.0109418,-0.0861136,0.996151,-0.0121534,-0.0109418,-0.0861136,0.929886,-0.104786,0.291304,0.198678,0.387104,-0.331255,0.0753813,-0.857169,0.773735,0.333947,0.164207,-0.512689,0.63683,0,0,0.771005,0.879845,0,0,0.47526,0.852576,0.112157,-0.21141,-0.464586,0.926712,-0.0529478,0.168555,-0.331649,0.815875,0,0,-0.578229,0.883897,0,0,-0.467681,0.570877,0.195259,0.0322574,0.796827,0.713467,-0.00107315,9.70348e-06,0.700688,-0.0673871,0.0653146,0.0537586,0.210062,0.0570189,-0.200327,0.0319592,0.225783,0.0958701,0.218082,0.259387,-0.186864,0.0707589,0.537086,0.108653,0.122882,0.580243,-0.12618,0,0.78302,0,0.0283942,0.938009,0.00314842,0.0942946,1.10971,0.00268554,0.0126141,1.11776,0.238836,0.144799,1.05431,-0.245439,-0.0448673,0.962965,0.2565,0.257502,0.872245,-0.325117,0.148373,1.3168,-0.00849345,0,0,0,0,0,0,0,0,0,0,0,0,0,0,0,0,0,0,0,0,0,0,0,0,0,0,0,0,0,0,0,0,0,0,0,0,0,0,0,0.0794645,0.795211,-0.0117579,1,-0.998754,-0.0156329,0.000741753,0.047389,0.0313023,-7.65136e-11,-0.0948251,0,0,0,0,0,0
0.996234,-0.00956502,-0.0112231,-0.0854421,0.996234,-0.00956502,-0.0112231,-0.0854421,0.929797,-0.105218,0.293334,0.195863,0.386769,-0.331091,0.0760954,-0.85732,0.773919,0.333874,0.161911,-0.513188,0.637205,0,0,0.770694,0.880703,0,0,0.473668,0.846394,0.115874,-0.219771,-0.471052,0.928781,-0.0509261,0.168499,-0.326161,0.818538,0,0,-0.574453,0.876348,0,0,-0.481679,0.563833,0.189029,0.0331082,0.803284,0.708448,-0.00491943,9.39393e-06,0.705746,-0.0680324,0.063931,0.0538592,0.212569,0.058893,-0.200085,0.031636,0.223558,0.0953362,0.224175,0.26084,-0.189305,0.0744799,0.535455,0.105696,0.131006,0.579742,-0.13145,0.00700363,0.78179,-0.00598031,0.0352196,0.936844,-0.00386823,0.100647,1.10874,-0.00459428,0.0190403,1.11629,0.231531,0.151036,1.05345,-0.25236,-0.0381596,0.961259,0.248925,0.26387,0.871058,-0.331735,0.154476,1.31602,-0.0157219,0.155521,-0.0168818,0.0404857,0.155521,-0.0168818,0.0404857,-0.026763,0.125302,-0.172583,0.00853338,0.0554373,-0.0218402,-0.00618332,-0.149913,-0.0301479,0,0,-0.0292477,0,0,-0.10847,0.250864,-0.558692,-0.474234,0.126593,-0.0108023,0.351916,0,0,0.277246,0,0,-0.954259,-0.399295,0.0667667,0.621449,-0.256334,-1.93693e-05,0.427151,0.0852422,0.794253,-0.0172179,1,-0.998823,-0.0112808,-0.00136157,0.0471494,0.0224087,0.0037837,-0.0942975,0.210109,-0.036888,-0.179409,-0.254898,0.138195,0.0163347
0.996297,-0.00942109,-0.00979271,-0.0848976,0.996297,-0.00942109,-0.00979271,-0.0848976,0.929658,-0.105244,0.294803,0.194294,0.388431,-0.329759,0.0756247,-0.857124,0.773925,0.333507,0.161821,-0.513446,0.638088,0,0,0.769964,0.881484,0,0,0.472214,0.845034,0.108429,-0.215382,-0.477254,0.929119,-0.054239,0.172342,-0.322636,0.819658,0,0,-0.572853,0.870651,0,0,-0.491901,0.558422,0.183348,0.0335264,0.808347,0.702623,-0.00738233,-4.64911e-05,0.711524,-0.0698771,0.064155,0.0549228,0.214844,0.0607041,-0.200087,0.0316041,0.222666,0.0937629,0.229291,0.262111,-0.191804,0.0786043,0.534483,0.101174,0.13827,0.579763,-0.136434,0.0134258,0.781353,-0.0110259,0.0416671,0.936414,-0.00924712,0.106926,1.10838,-0.0102467,0.0255665,1.11569,0.225651,0.157012,1.0529,-0.257974,-0.0311317,0.960256,0.243203,0.269735,0.870276,-0.337566,0.16071,1.31573,-0.0216529,0.00865866,0.0859433,0.0328181,0.00865866,0.0859433,0.0328181,-0.001894,0.0911205,-0.0958808,0.121356,-0.0404443,0.0659796,-0.0239182,-0.00584567,-0.0167168,0,0,-0.0687292,0,0,-0.0990282,-0.467715,0.271092,-0.407179,-0.20324,0.234921,0.218949,0,0,0.117182,0,0,-0.702146,-0.371564,0.0349157,0.48726,-0.16516,-0.00372942,0.491775,0.0907654,0.793932,-0.0219365,1,-0.998821,-0.00991602,0.000806506,0.0475107,0.0198866,-0.000668876,-0.0950685,0.192666,-0.0131048,-0.151367,-0.0879518,-0.125826,-0.0230131
0.996192,-0.00774004,-0.0107613,-0.0861721,0.996192,-0.00774004,-0.0107613,-0.0861721,0.929201,-0.105528,0.296401,0.193898,0.390287,-0.329169,0.0752212,-0.856543,0.773087,0.332085,0.162272,-0.515485,0.640436,0,0,0.768012,0.881011,0,0,0.473096,0.84038,0.109201,-0.217101,-0.484462,0.929275,-0.0527168,0.170839,-0.323239,0.82177,0,0,-0.56982,0.866398,0,0,-0.499354,0.557047,0.187407,0.0344898,0.808324,0.697527,-0.0149026,-0.000199029,0.716404,-0.068491,0.0639239,0.0536271,0.21755,0.0616599,-0.199266,0.0339192,0.222107,0.0911786,0.234407,0.262547,-0.193085,0.083777,0.534338,0.0969599,0.145308,0.579508,-0.140583,0.0200327,0.781472,-0.0163405,0.047729,0.936624,-0.0154796,0.112835,1.10863,-0.0169105,0.0314055,1.11584,0.218731,0.162409,1.05275,-0.264585,-0.025261,0.959784,0.236613,0.274323,0.869771,-0.344141,0.16671,1.31595,-0.0285511,0.100972,-0.0582092,-0.0767421,0.100972,-0.0582092,-0.0767421,-0.0184673,0.101042,-0.0224123,0.0668118,-0.0357715,0.10112,-0.0856638,0.0326154,-0.142928,0,0,-0.183205,0,0,0.060057,0.0604446,-0.131845,-0.507688,0.0937252,-0.0929157,-0.035963,0,0,0.221745,0,0,-0.514908,0.294891,0.0695784,0.0315134,-0.504016,-0.0102096,0.420406,0.0963461,0.79398,-0.0270951,1,-0.99896,-0.00636948,-0.00136492,0.0451303,0.0126029,0.00330191,-0.0902725,0.198206,0.00356812,-0.159438,-0.20655,0.138833,0.144168
0.996198,-0.00574038,-0.0124122,-0.0860377,0.996198,-0.00574038,-0.0124122,-0.0860377,0.929239,-0.104646,0.295918,0.194929,0.39264,-0.328609,0.0752995,-0.855675,0.773065,0.329764,0.162767,-0.516849,0.643901,0,0,0.765109,0.881815,0,0,0.471595,0.836597,0.112762,-0.218429,-0.48957,0.931309,-0.0493351,0.169149,-0.318777,0.824648,0,0,-0.565647,0.860669,0,0,-0.509165,0.557704,0.191776,0.0350121,0.806823,0.692812,-0.0183663,-0.000364633,0.720884,-0.0680393,0.0641855,0.052977,0.218907,0.0645332,-0.198708,0.0353737,0.222207,0.0891137,0.238693,0.264827,-0.194642,0.0883646,0.535069,0.0933622,0.151759,0.580441,-0.144392,0.0265992,0.782408,-0.0209424,0.054694,0.937494,-0.021441,0.120172,1.10935,-0.0237639,0.0389791,1.11693,0.211614,0.169044,1.0524,-0.271162,-0.0180326,0.960124,0.230165,0.279772,0.868427,-0.350691,0.174325,1.31654,-0.0359391,0.120133,-0.0991817,0.00808011,0.120133,-0.0991817,0.00808011,0.0542865,-0.0299219,0.0631717,0.0702412,-0.000345226,0.137926,-0.150672,0.0321936,-0.0889253,0,0,-0.271233,0,0,-0.102214,0.23555,-0.10316,-0.366258,0.209947,-0.111163,0.287893,0,0,0.304158,0,0,-0.681674,0.305508,0.0362928,-0.122074,-0.233945,-0.0111222,0.388214,0.10234,0.794758,-0.0320829,1,-0.998902,-0.00148328,-0.00542758,0.0465058,0.00245863,0.0109814,-0.0930332,0.196994,0.0280713,-0.138056,-0.281958,0.257269,-0.0806486
0.996339,-0.00595185,-0.0122614,-0.0843973,0.996339,-0.00595185,-0.0122614,-0.0843973,0.929415,-0.104259,0.295379,0.195115,0.394696,-0.326014,0.076322,-0.855631,0.772145,0.329549,0.162888,-0.518322,0.647585,0,0,0.761993,0.882073,0,0,0.471114,0.837188,0.110211,-0.218167,-0.489258,0.932966,-0.051822,0.169328,-0.313397,0.825461,0,0,-0.564459,0.855113,0,0,-0.518442,0.558648,0.193035,0.0349738,0.80587,0.684652,-0.0227444,-0.000705912,0.728514,-0.0681201,0.0649941,0.0523206,0.218149,0.0668747,-0.198909,0.0366562,0.222582,0.0869082,0.241257,0.266186,-0.197069,0.0923907,0.535308,0.0888889,0.157476,0.580819,-0.149415,0.0328729,0.782816,-0.026372,0.0622509,0.937684,-0.0272215,0.128549,1.10925,-0.0300421,0.047397,1.11724,0.204619,0.176507,1.05147,-0.277436,-0.0105868,0.959806,0.223365,0.285796,0.866556,-0.356955,0.183374,1.31623,-0.042785,-0.0126875,0.00909617,0.0987894,-0.0126875,0.00909617,0.0987894,0.0241689,-0.0342132,0.0106954,0.221517,0.0722881,0.065854,-0.00660327,0.0115138,-0.107283,0,0,-0.289501,0,0,-0.0327334,-0.16343,0.019625,0.0264366,-0.15091,0.0050679,0.341415,0,0,0.0863942,0,0,-0.648793,0.0837367,-0.00369489,-0.0900847,-0.298257,-0.0230213,0.667063,0.108469,0.794939,-0.0372631,1,-0.99866,-0.000502664,-0.00542715,0.0514562,0.000445487,0.0108917,-0.102957,0.188211,0.0122372,-0.162891,-0.0603646,0.00323013,-0.297052
0.996402,-0.00512912,-0.0124156,-0.0836762,0.996402,-0.00512912,-0.0124156,-0.0836762,0.930333,-0.104975,0.292247,0.195071,0.395347,-0.324073,0.0779138,-0.855925,0.772422,0.328826,0.161874,-0.518686,0.650484,0,0,0.75952,0.882585,0,0,0.470153,0.834295,0.111169,-0.225569,-0.490625,0.934088,-0.058164,0.172685,-0.307045,0.826903,0,0,-0.562345,0.84752,0,0,-0.530764,0.556772,0.192814,0.0354017,0.807202,0.67441,-0.0251853,-0.00113264,0.737927,-0.0682203,0.0648277,0.0516512,0.218019,0.069246,-0.198687,0.0375822,0.221764,0.0852289,0.244624,0.267281,-0.201054,0.0969419,0.534391,0.0844118,0.164217,0.580275,-0.157015,0.0404365,0.782027,-0.0333469,0.0708195,0.936708,-0.0347382,0.137956,1.10795,-0.0379945,0.0573819,1.11619,0.196319,0.184651,1.04966,-0.285251,-0.00195759,0.958455,0.214985,0.292564,0.863806,-0.36484,0.193615,1.31466,-0.0512771,0.0494304,-0.0092473,0.0434246,0.0494304,-0.0092473,0.0434246,-0.0419242,-0.198129,-0.00645991,0.155077,0.119301,-0.00255023,-0.0492319,-0.0669918,-0.0202233,0,0,-0.228596,0,0,-0.0653151,0.0681823,-0.484882,-0.119337,-0.387878,0.201981,0.39713,0,0,0.153518,0,0,-0.868443,-0.0048985,0.0322542,0.139353,-0.170911,-0.0289948,0.83254,0.115496,0.794058,-0.0437979,1,-0.99845,0.00129617,-0.00784479,0.0550804,-0.00345292,0.0155231,-0.110247,0.226908,-0.0236687,-0.209246,-0.101495,0.150596,-0.217148
0.996541,-0.00424191,-0.0121383,-0.0820973,0.996541,-0.00424191,-0.0121383,-0.0820973,0.930132,-0.105979,0.292673,0.194847,0.396006,-0.322527,0.0796358,-0.856045,0.77204,0.327249,0.162289,-0.520119,0.652444,0,0,0.757837,0.883473,0,0,0.468481,0.832259,0.112444,-0.23589,-0.488934,0.934429,-0.0695016,0.182788,-0.297659,0.826763,0,0,-0.56255,0.837151,0,0,-0.546972,0.557663,0.189323,0.034642,0.807446,0.659591,-0.0349362,-0.0022595,0.750809,-0.0676559,0.0654686,0.0513981,0.217207,0.0725371,-0.19823,0.0393134,0.221674,0.084708,0.248234,0.268583,-0.206431,0.102339,0.533498,0.0802951,0.172331,0.579176,-0.166998,0.0496428,0.78062,-0.0416944,0.081447,0.93503,-0.043683,0.149577,1.1059,-0.0472664,0.0687896,1.11453,0.186466,0.195496,1.04706,-0.29444,0.00824324,0.956677,0.204818,0.301717,0.860129,-0.374435,0.206123,1.31233,-0.060945,0.0533083,0.0166949,0.0950784,0.0533083,0.0166949,0.0950784,-0.0621636,0.0273812,-0.012953,0.125186,0.129115,0.0108169,-0.0994763,0.0285015,-0.0979507,0,0,-0.155063,0,0,-0.113604,0.0862747,-0.666974,0.0845413,-0.695111,0.61856,0.577982,0,0,-0.0149218,0,0,-1.15443,-0.252232,-0.0547112,-0.00417786,-0.672014,-0.0769565,1.16706,0.124121,0.792761,-0.0514314,1,-0.998135,0.00364417,-0.00758365,0.060464,-0.00819281,0.0146989,-0.121066,0.276189,-0.042217,-0.250426,-0.144085,-0.00815453,-0.322436
0.996578,-0.00147665,-0.0128418,-0.0816393,0.996578,-0.00147665,-0.0128418,-0.0816393,0.929184,-0.107688,0.294052,0.196353,0.397403,-0.320854,0.0802862,-0.855966,0.772197,0.324242,0.164551,-0.521058,0.652653,0,0,0.757657,0.883245,0,0,0.468911,0.827026,0.11683,-0.249036,-0.490264,0.933841,-0.0805363,0.197511,-0.287131,0.827742,0,0,-0.561109,0.824788,0,0,-0.565442,0.559752,0.179013,0.0325383,0.808439,0.646144,-0.0800687,-0.00642962,0.758977,-0.067168,0.0668022,0.0521686,0.216316,0.0767027,-0.199509,0.0410031,0.222269,0.0849051,0.252556,0.27061,-0.214291,0.108993,0.533333,0.0758125,0.181661,0.578051,-0.179691,0.0608916,0.779482,-0.0517187,0.0939911,0.933601,-0.0551982,0.163378,1.10396,-0.0594396,0.0822668,1.11323,0.173682,0.208659,1.04442,-0.306616,0.0208094,0.95564,0.191764,0.313283,0.856838,-0.38702,0.220977,1.30995,-0.0735813,0.166108,-0.0422522,0.0275702,0.166108,-0.0422522,0.0275702,-0.107139,0.0906496,0.096454,0.143095,0.0454735,0.0484003,-0.196742,0.14641,-0.0590793,0,0,-0.0165168,0,0,0.029196,0.293055,-0.866097,-0.143718,-0.677945,0.905667,0.642303,0,0,0.104562,0,0,-1.33355,-0.740881,-0.150929,0.0200284,-3.09345,-0.285473,0.831298,0.134398,0.791774,-0.0611797,1,-0.997797,0.00952237,-0.00959375,0.0649441,-0.0202535,0.0179093,-0.130173,0.337466,-0.0341343,-0.300727,-0.346857,0.140881,-0.267295
0.996608,-0.000400462,-0.010222,-0.0816588,0.996608,-0.000400462,-0.010222,-0.0816588,0.927816,-0.111243,0.293809,0.201141,0.400465,-0.319616,0.0810107,-0.854933,0.772619,0.322152,0.167698,-0.520726,0.654676,0,0,0.755909,0.882848,0,0,0.469659,0.823843,0.115897,-0.262065,-0.489053,0.929211,-0.0993592,0.223029,-0.277403,0.828167,0,0,-0.560482,0.812896,0,0,-0.582409,0.560546,0.165457,0.0301999,0.810863,0.636636,-0.140698,-0.0122552,0.758122,-0.0660455,0.0677654,0.0525609,0.214131,0.0788128,-0.204343,0.0429249,0.222573,0.0847817,0.255987,0.270746,-0.226586,0.115675,0.532506,0.0699897,0.191249,0.575317,-0.1965,0.0734006,0.77729,-0.0639277,0.108199,0.931017,-0.0681138,0.179467,1.10059,-0.0725837,0.0985074,1.11002,0.159997,0.224105,1.04074,-0.320104,0.0356746,0.95236,0.177694,0.326937,0.852686,-0.40144,0.238276,1.30591,-0.0871248,0.0646452,0.157372,-0.00112064,0.0646452,0.157372,-0.00112064,-0.22173,-0.0064163,0.30012,0.128584,0.0462886,0.171007,-0.139214,0.202915,0.0268928,0,0,-0.160427,0,0,0.0508003,-0.0509045,-0.849461,0.0411409,-1.16468,1.58757,0.569771,0,0,0.0453981,0,0,-1.24324,-0.962524,-0.166081,0.15231,-4.1752,-0.400841,0.139206,0.145941,0.789523,-0.0726835,1,-0.997423,0.0129062,-0.00486398,0.0704039,-0.0264347,0.00788567,-0.141042,0.375267,-0.0657417,-0.36627,-0.224374,-0.272882,-0.323681
0.99674,0.00258976,-0.00819731,-0.0802213,0.99674,0.00258976,-0.00819731,-0.0802213,0.925382,-0.114323,0.294977,0.208774,0.404871,-0.318487,0.0817714,-0.853205,0.771578,0.322386,0.172023,-0.520714,0.659364,0,0,0.751824,0.882182,0,0,0.470908,0.81991,0.116582,-0.275556,-0.488083,0.923137,-0.121023,0.255033,-0.261016,0.830838,0,0,-0.556514,0.797188,0,0,-0.603731,0.567834,0.140256,0.0247121,0.810729,0.628934,-0.188323,-0.0170453,0.754113,-0.0663099,0.0710451,0.054376,0.211627,0.0848439,-0.208716,0.0437768,0.225652,0.0848587,0.259246,0.273958,-0.242021,0.123155,0.534539,0.0622034,0.20155,0.57429,-0.217758,0.0886761,0.777167,-0.079347,0.126142,0.930234,-0.0850816,0.199815,1.09879,-0.0899986,0.118727,1.10824,0.141821,0.244199,1.03881,-0.338317,0.0540443,0.950001,0.159283,0.345005,0.850421,-0.420903,0.259715,1.30334,-0.104617,0.17961,0.121643,0.0865585,0.17961,0.121643,0.0865585,-0.195291,0.0870686,0.480095,0.135079,0.0450438,0.263342,0.023406,0.285472,-0.0123253,0,0,-0.373106,0,0,0.0849541,0.0543109,-0.88579,0.0172838,-1.34701,1.99977,0.9734,0,0,0.286991,0,0,-1.58902,-1.81189,-0.393298,-0.184349,-3.30334,-0.331846,-0.114125,0.160005,0.789281,-0.0875784,1,-0.996616,0.0198798,-0.00116213,0.0797467,-0.039821,-0.000854306,-0.159678,0.458267,-0.00370867,-0.46258,-0.436336,-0.199085,-0.557645
0.996923,0.00583697,-0.00701085,-0.0778512,0.996923,0.00583697,-0.00701085,-0.0778512,0.92322,-0.117076,0.292998,0.219339,0.410025,-0.314155,0.082307,-0.852298,0.770766,0.320371,0.176656,-0.521608,0.668332,0,0,0.743864,0.880196,0,0,0.474611,0.811032,0.120574,-0.295196,-0.490457,0.914124,-0.149975,0.286257,-0.244829,0.839182,0,0,-0.543851,0.78246,0,0,-0.622701,0.572232,0.109006,0.0189202,0.812595,0.629026,-0.199244,-0.0176378,0.75121,-0.0678601,0.0733786,0.0550936,0.212576,0.0906215,-0.209875,0.0427107,0.228197,0.0823422,0.263437,0.275809,-0.258289,0.131587,0.537016,0.0504026,0.212726,0.572231,-0.24295,0.107956,0.777559,-0.0989708,0.148694,0.929741,-0.106438,0.225108,1.09708,-0.112108,0.144478,1.10662,0.1186,0.267678,1.03687,-0.361259,0.0767255,0.947184,0.136314,0.365696,0.848251,-0.445263,0.28582,1.30079,-0.126944,0.195023,0.0712911,0.142644,0.195023,0.0712911,0.142644,-0.174763,-0.108351,0.66026,0.384667,0.0257131,0.222424,-0.12478,0.304766,-0.068469,0,0,-0.719432,0,0,0.252121,0.280056,-1.31586,-0.253262,-1.81193,1.97813,0.94974,0,0,0.90992,0,0,-1.44105,-2.21662,-0.41066,0.0263443,-0.750149,-0.0406846,-0.201448,0.177139,0.788965,-0.106361,1,-0.995427,0.0270205,-0.00141132,0.0916088,-0.0540789,-0.0021409,-0.183484,0.57839,0.0117807,-0.588714,-0.428058,0.0350025,-0.714828
0.997045,0.00855031,-0.00618149,-0.0760873,0.997045,0.00855031,-0.00618149,-0.0760873,0.923966,-0.115572,0.28455,0.227949,0.412125,-0.303754,0.0817222,-0.855107,0.768696,0.322044,0.175936,-0.523871,0.675172,0,0,0.73766,0.879865,0,0,0.475224,0.790163,0.125876,-0.326124,-0.503428,0.898007,-0.190551,0.315688,-0.24003,0.85469,0,0,-0.519138,0.769976,0,0,-0.638073,0.583478,0.0692588,0.0112208,0.809093,0.63089,-0.201535,-0.0172558,0.749042,-0.0686684,0.0771497,0.0546174,0.220403,0.0988269,-0.205278,0.0425102,0.233088,0.0762267,0.270955,0.277847,-0.273821,0.145025,0.542574,0.0327967,0.227139,0.570905,-0.272759,0.134595,0.781449,-0.124008,0.17704,0.933094,-0.133117,0.25475,1.09981,-0.140146,0.176955,1.10932,0.0897517,0.291811,1.04014,-0.390387,0.106512,0.949197,0.10807,0.386002,0.850715,-0.476696,0.315186,1.30317,-0.155187,0.162947,0.0498275,0.106129,0.162947,0.0498275,0.106129,0.0944509,-0.524735,0.526607,0.807911,-0.0501562,-0.14963,0.125099,-0.0379867,-0.173576,0,0,-0.554048,0,0,0.0417594,0.401902,-2.14317,-1.07985,-2.57307,1.92811,0.212936,0,0,1.75061,0,0,-1.18814,-2.819,-0.545344,-0.511961,-0.147043,0.0271491,-0.187693,0.198683,0.791995,-0.129924,1,-0.994586,0.0320983,-0.010273,0.0982962,-0.0659229,0.014125,-0.197489,0.799187,0.116692,-0.751109,-0.256502,0.546424,-0.417982
0.997196,0.0108056,-0.00650909,-0.0737612,0.997196,0.0108056,-0.00650909,-0.0737612,0.92894,-0.104178,0.270116,0.23077,0.409048,-0.2875,0.0793533,-0.862396,0.763047,0.327494,0.175109,-0.529002,0.674377,0,0,0.738387,0.876838,0,0,0.480785,0.757648,0.134337,-0.358459,-0.528612,0.877201,-0.232414,0.340417,-0.246206,0.876195,0,0,-0.481957,0.76412,0,0,-0.645074,0.607431,0.0365291,0.00485208,0.793517,0.625526,-0.197483,-0.0184657,0.754571,-0.0681899,0.0830874,0.0529075,0.23937,0.107592,-0.200273,0.0453227,0.240483,0.0654562,0.283848,0.278751,-0.288745,0.165441,0.550502,0.00936151,0.244856,0.569833,-0.303737,0.168753,0.788021,-0.152484,0.211282,0.93949,-0.164176,0.288395,1.10634,-0.174412,0.216525,1.11738,0.0553248,0.314771,1.04753,-0.426728,0.145179,0.958104,0.0755113,0.404576,0.858501,-0.51644,0.347784,1.3101,-0.190244,0.135416,-0.0196554,0.139928,0.135416,-0.0196554,0.139928,0.712499,-0.917265,0.149308,1.19582,-0.170263,-0.642595,0.399928,-0.0296519,-0.406952,0,0,0.0645836,0,0,0.379931,0.652268,-2.37063,-2.04289,-2.7069,1.69173,-0.496082,0,0,2.57736,0,0,-0.54762,-2.31692,-0.449291,-1.63575,0.248929,-0.085843,0.492114,0.225105,0.797881,-0.157902,1,-0.993739,0.0379432,-0.0308675,0.100446,-0.0818216,0.0537519,-0.203674,1.02473,0.197156,-0.8543,-0.230308,1.25993,-0.169362
0.99748,0.0119382,-0.00867583,-0.0693959,0.99748,0.0119382,-0.00867583,-0.0693959,0.940036,-0.0872085,0.240396,0.225691,0.402594,-0.261834,0.0686868,-0.874439,0.754445,0.334689,0.17379,-0.537209,0.667518,0,0,0.744594,0.868363,0,0,0.49593,0.728736,0.123249,-0.364801,-0.56628,0.862467,-0.259393,0.337246,-0.2741,0.895031,0,0,-0.446005,0.769057,0,0,-0.63918,0.653644,0.0305274,0.00222024,0.756183,0.614366,-0.189257,-0.0207543,0.765706,-0.0668192,0.0943759,0.0499356,0.258625,0.110033,-0.202469,0.0564623,0.249483,0.0466798,0.297983,0.273866,-0.303953,0.19709,0.55545,-0.0256654,0.265669,0.566462,-0.334574,0.207976,0.793669,-0.186953,0.249734,0.945226,-0.200739,0.324605,1.11288,-0.214819,0.263452,1.12502,0.0155398,0.332721,1.0572,-0.469771,0.193629,0.967533,0.0394866,0.41685,0.870925,-0.565065,0.382468,1.31763,-0.231748,0.0679542,-0.130077,0.262557,0.0679542,-0.130077,0.262557,1.06341,-1.88291,-0.365007,1.8805,-0.79058,-1.10799,0.540099,-0.0493459,-0.648865,0,0,0.555047,0,0,1.0413,-0.636051,-0.677299,-2.87023,-1.77357,-0.0878036,-1.83564,0,0,2.43539,0,0,0.461303,-0.45522,-0.185324,-3.55684,0.507025,-0.164003,1.00561,0.255517,0.803031,-0.19153,1,-0.991716,0.0389473,-0.068342,0.101546,-0.0920105,0.127991,-0.209978,1.17669,0.169448,-1.03405,0.159372,2.24222,-0.16129
0.997691,0.0105541,-0.0143955,-0.0655355,0.997691,0.0105541,-0.0143955,-0.0655355,0.954011,-0.0765086,0.201255,0.208581,0.392749,-0.234245,0.0537177,-0.887689,0.742059,0.338774,0.172936,-0.551973,0.662949,0,0,0.748664,0.856617,0,0,0.515954,0.717382,0.0713375,-0.326015,-0.611545,0.859593,-0.250023,0.282034,-0.345028,0.897483,0,0,-0.441048,0.783099,0,0,-0.621897,0.740861,0.0715139,-0.00370751,0.66783,0.597437,-0.151512,-0.0207648,0.787199,-0.0518215,0.114634,0.0409369,0.260289,0.10606,-0.213088,0.0915734,0.259441,0.0149759,0.307749,0.262946,-0.318214,0.24732,0.553399,-0.0778019,0.294045,0.560254,-0.365554,0.251982,0.796897,-0.231122,0.291221,0.949274,-0.243712,0.361812,1.11869,-0.259333,0.314818,1.12864,-0.0277449,0.345209,1.07049,-0.515903,0.247513,0.972002,0.000161623,0.420556,0.889121,-0.620464,0.417526,1.32504,-0.276852,-0.0831633,-0.343408,0.232098,-0.0831633,-0.343408,0.232098,0.677462,-2.45526,-1.10848,2.00968,-1.11597,-1.31363,0.37137,-0.00279366,-1.13582,0,0,0.36715,0,0,1.39292,-3.41039,2.4695,-3.16783,0.573389,-3.45527,-4.48444,0,0,0.331806,0,0,1.33613,2.62717,-0.395006,-7.52746,2.53685,-0.0107028,1.86425,0.290626,0.80631,-0.231446,1,0.987647,-0.0266164,0.120656,-0.0963668,-0.078059,0.235369,-0.203762,1.32017,0.0968406,-1.32507,1.06472,3.068,0.110652
0.997766,0.00545472,-0.0197897,-0.063573,0.997766,0.00545472,-0.0197897,-0.063573,0.967441,-0.0700383,0.154906,0.187504,0.385675,-0.207456,0.0369718,-0.898248,0.736642,0.335049,0.178801,-0.559581,0.658656,0,0,0.752444,0.85312,0,0,0.521715,0.729513,-0.0112436,-0.225521,-0.64562,0.849053,-0.232749,0.206876,-0.426777,0.872267,0,0,-0.48903,0.805457,0,0,-0.592655,0.85109,0.0759438,-0.0183956,0.519173,0.582025,-0.115545,-0.0185541,0.804706,-0.0166362,0.121075,0.0205843,0.257032,0.0722593,-0.227448,0.151039,0.241067,-0.0374217,0.314155,0.223964,-0.332256,0.307642,0.516475,-0.14831,0.321148,0.527098,-0.396592,0.294448,0.771264,-0.2792,0.331373,0.924517,-0.287884,0.397842,1.09564,-0.303338,0.366887,1.10134,-0.0712947,0.356359,1.05608,-0.55918,0.303484,0.944905,-0.0400924,0.421761,0.880383,-0.677318,0.452054,1.30339,-0.321439,-0.306204,-0.32387,0.117935,-0.306204,-0.32387,0.117935,0.413702,-2.86734,-1.33635,1.98754,-1.26585,-1.0311,-0.199593,0.40985,-0.57609,0,0,0.343228,0,0,0.404369,-5.47826,6.74014,-2.06323,1.03245,-4.68392,-5.24973,0,0,-3.25267,0,0,2.20868,0.092478,-0.918101,-11.1399,2.45267,0.145659,1.57657,0.327463,0.780644,-0.275135,1,0.980736,-0.00450291,0.173739,-0.0891664,-0.0423504,0.346898,-0.188758,1.27399,-0.768994,-1.44236,1.65938,3.08107,0.141946
0.997889,0.00165808,-0.0194675,-0.0619376,0.997889,0.00165808,-0.0194675,-0.0619376,0.976899,-0.0583957,0.106712,0.175702,0.391446,-0.182745,0.0299856,-0.901374,0.750538,0.33168,0.192665,-0.538109,0.650533,0,0,0.759478,0.854725,0,0,0.519081,0.775569,-0.0511709,-0.0930246,-0.622271,0.840367,-0.21638,0.165818,-0.468473,0.800027,0,0,-0.599964,0.817025,0,0,-0.576602,0.86033,-0.0982027,0.0260572,0.499509,0.581817,-0.0948012,-0.0154071,0.807629,0.0528778,0.152101,-0.0352705,0.265189,0.0582106,-0.237401,0.228776,0.241063,-0.121239,0.325411,0.206482,-0.344928,0.368825,0.494741,-0.225267,0.344177,0.511187,-0.420158,0.331813,0.759486,-0.313497,0.36796,0.912902,-0.322892,0.431794,1.08462,-0.342577,0.419687,1.08766,-0.112979,0.371527,1.04803,-0.596788,0.36256,0.931416,-0.0801416,0.434789,0.880341,-0.727814,0.485141,1.29285,-0.364772,-0.227972,0.0193901,0.0983506,-0.227972,0.0193901,0.0983506,0.717534,-2.94405,-0.749881,1.92567,-0.539952,-0.0528109,-0.336725,0.846868,1.60108,0,0,0.644676,0,0,-0.185094,-2.57987,8.86017,2.2506,0.992001,-2.56267,-2.72837,0,0,-7.9487,0,0,1.18726,-10.98,2.80255,-1.34616,1.45287,0.2204,0.209688,0.36528,0.769276,-0.316718,1,0.971681,0.00157011,0.219012,-0.0886981,-0.0395791,0.439955,-0.190913,1.12096,-0.353344,-1.02888,0.602225,2.72707,-0.0964635
0.997396,-0.00258639,-0.030285,-0.0654016,0.997396,-0.00258639,-0.030285,-0.0654016,0.982098,-0.048557,0.0700716,0.167977,0.405957,-0.166432,0.0277683,-0.898181,0.774082,0.337918,0.19829,-0.497283,0.634457,0,0,0.772958,0.853302,0,0,0.521417,0.825127,-0.00660794,-0.0720813,-0.560291,0.830587,-0.188555,0.125928,-0.50864,0.719347,0,0,-0.694651,0.825266,0,0,-0.564744,0.843406,-0.13372,0.0317917,0.519399,0.584487,-0.0617848,-0.009954,0.808986,0.137428,0.187418,-0.134587,0.275575,0.0642987,-0.249277,0.316026,0.26306,-0.225303,0.33636,0.209889,-0.360026,0.435492,0.501836,-0.298489,0.365033,0.5152,-0.442626,0.369127,0.765964,-0.3442,0.40329,0.919727,-0.35468,0.464085,1.09175,-0.380105,0.471377,1.09267,-0.154282,0.392735,1.05445,-0.632768,0.423913,0.937484,-0.122031,0.463192,0.896751,-0.771664,0.516012,1.29999,-0.408637,-0.254873,-0.649805,-0.208633,-0.254873,-0.649805,-0.208633,0.600041,-2.22294,-0.484849,1.32834,-0.183184,0.703939,0.214112,0.254424,2.96261,0,0,1.25885,0,0,0.164143,2.90143,1.44448,4.6817,1.7221,-2.50127,-2.66119,0,0,-7.46875,0,0,0.866454,-2.2873,0.373213,1.45107,2.31828,0.382879,0.032378,0.404348,0.7773,-0.358708,1,0.955914,0.0083647,0.281622,-0.08275,-0.0363786,0.570196,-0.183365,1.11941,0.194348,-0.921109,0.809552,3.82336,0.179611
0.99714,-0.00436728,-0.0352317,-0.0667249,0.99714,-0.00436728,-0.0352317,-0.0667249,0.985274,-0.0367425,0.0209585,0.16567,0.431174,-0.15525,0.0172684,-0.888644,0.810635,0.352671,0.176338,-0.432896,0.584875,0,0,0.811124,0.83588,0,0,0.548913,0.8919,0.0493213,-0.0727117,-0.443616,0.825742,-0.148654,0.0925126,-0.536183,0.650894,0,0,-0.759169,0.834302,0,0,-0.551307,0.846312,-0.0175693,0.00400069,0.532382,0.583521,-0.00703751,-0.00115252,0.812067,0.250175,0.206068,-0.250914,0.27745,0.0733098,-0.26125,0.422291,0.295331,-0.340531,0.340425,0.216822,-0.37303,0.507571,0.528903,-0.371003,0.382648,0.522984,-0.459986,0.404589,0.77622,-0.370968,0.43845,0.929732,-0.385218,0.497222,1.10117,-0.418144,0.528988,1.09784,-0.197578,0.421234,1.06137,-0.666499,0.499106,0.950369,-0.171204,0.512388,0.919131,-0.802948,0.548079,1.30874,-0.453941,-0.106968,-0.297238,-0.0798105,-0.106968,-0.297238,-0.0798105,0.715498,-2.96585,-0.149922,0.981608,-0.809721,1.49626,0.651319,-1.57979,4.56033,0,0,3.7548,0,0,1.95314,3.49208,0.069011,8.1057,2.52249,-2.11604,-1.81272,0,0,-5.64598,0,0,0.97154,7.35837,-1.76061,0.78718,3.83176,0.616014,0.238379,0.446193,0.789956,-0.400404,1,0.936778,0.00645696,0.339105,-0.086099,-0.0600572,0.689879,-0.204889,1.06387,0.307681,-0.803029,0.129078,3.63365,-0.226146
0.996941,-0.00567435,-0.0301181,-0.071904,0.996941,-0.00567435,-0.0301181,-0.071904,0.98606,-0.0187809,-0.0384484,0.160792,0.485585,-0.157875,-0.0207204,-0.859566,0.850237,0.374197,0.124195,-0.348782,0.503922,0,0,0.863749,0.793687,0,0,0.608327,0.93385,0.102806,-0.0671842,-0.335918,0.811375,-0.111611,0.0900054,-0.566667,0.646736,0,0,-0.762714,0.843659,0,0,-0.536879,0.799655,0.0876692,-0.0129453,0.593884,0.582844,0.0555107,0.00907425,0.810635,0.369858,0.195527,-0.383343,0.28197,0.0830234,-0.27189,0.520476,0.32349,-0.455153,0.346042,0.22417,-0.386194,0.574176,0.565883,-0.437254,0.404332,0.530048,-0.478088,0.445783,0.786303,-0.397108,0.47688,0.939948,-0.415088,0.531618,1.11091,-0.456058,0.599826,1.09624,-0.24365,0.456196,1.06906,-0.695914,0.599275,0.964927,-0.229333,0.576689,0.954198,-0.817797,0.580725,1.31773,-0.49956,-0.0785214,0.306984,-0.311331,-0.0785214,0.306984,-0.311331,1.08332,-3.5814,-0.296695,0.0877872,-2.8047,3.72273,1.03836,-3.45569,5.70996,0,0,5.79553,0,0,4.37324,3.23735,0.404674,7.00796,2.3241,-0.129721,-2.13283,0,0,-0.3279,0,0,1.0318,6.75395,-1.08629,4.53428,4.38081,0.716272,-0.0843521,0.491013,0.802923,-0.441416,1,0.919212,0.00109435,0.385285,-0.0812672,-0.0859907,0.787363,-0.212097,1.23582,0.30249,-0.784192,0.0422832,2.98014,0.30796
0.996652,-0.00659161,-0.0211296,-0.0787029,0.996652,-0.00659161,-0.0211296,-0.0787029,0.983802,0.0112923,-0.0976759,0.149884,0.585597,-0.173097,-0.124179,-0.782108,0.875837,0.39064,0.0443824,-0.279894,0.411193,0,0,0.911548,0.730753,0,0,0.682642,0.95951,0.121534,-0.062303,-0.246349,0.79268,-0.0754984,0.10747,-0.595322,0.69624,0,0,-0.717809,0.851671,0,0,-0.524076,0.789712,0.0353432,-0.0044683,0.612443,0.596501,0.122134,0.0172772,0.793077,0.515384,0.174715,-0.524695,0.291689,0.094714,-0.284588,0.627317,0.347035,-0.563944,0.356109,0.234267,-0.403376,0.638705,0.606144,-0.49662,0.430905,0.538235,-0.500448,0.492668,0.796665,-0.42646,0.519086,0.950697,-0.447609,0.567547,1.12142,-0.49632,0.69275,1.08952,-0.300699,0.491772,1.07579,-0.719393,0.730235,0.987708,-0.303711,0.631398,0.990772,-0.816523,0.614877,1.32752,-0.546639,-0.05513,0.539741,-0.408802,-0.05513,0.539741,-0.408802,1.81334,-3.57472,-0.650704,-0.5834,-7.17487,8.04085,0.814962,-5.06858,4.51332,0,0,6.26223,0,0,5.84527,1.08399,0.332896,5.62787,2.28083,1.16664,-2.0992,0,0,4.011,0,0,0.906187,-3.35925,0.544511,1.33922,4.61824,0.56774,-1.54215,0.540599,0.816362,-0.483797,1,0.901379,-0.00568006,0.4272,-0.0705998,-0.110676,0.877802,-0.208326,1.40655,0.310847,-0.880564,0.0785527,2.75734,0.660984
0.996386,-0.003225,-0.0159816,-0.0833649,0.996386,-0.003225,-0.0159816,-0.0833649,0.975877,0.0344228,-0.169133,0.133691,0.698639,-0.16958,-0.299615,-0.627198,0.855022,0.401156,-0.0576913,-0.323548,0.389737,0,0,0.920926,0.629999,0,0,0.776596,0.965691,0.122007,-0.0991043,-0.206721,0.781867,-0.0254753,0.119846,-0.611287,0.781069,0,0,-0.624445,0.856658,0,0,-0.515885,0.768347,-0.0339413,0.00311614,0.639126,0.63702,0.218044,0.0161866,0.739189,0.671892,0.156752,-0.659187,0.302009,0.110008,-0.307072,0.733387,0.354901,-0.657653,0.367476,0.250636,-0.431843,0.699459,0.632647,-0.547849,0.459557,0.551719,-0.529544,0.543882,0.809265,-0.461407,0.566016,0.963585,-0.48483,0.608075,1.13424,-0.539168,0.809082,1.09415,-0.381018,0.506481,1.07564,-0.72521,0.884256,1.02765,-0.404629,0.633061,0.995357,-0.792525,0.65362,1.33961,-0.595404,0.202205,0.309141,-0.280481,0.202205,0.309141,-0.280481,1.40092,-4.33799,-0.955309,0.771625,-11.3452,12.7815,0.845125,-6.41804,-2.88389,0,0,1.405,0,0,8.27234,0.0132349,-2.22575,2.43664,3.22109,0.82956,-1.18829,0,0,7.57375,0,0,0.575371,-4.4929,0.49152,2.05283,6.43173,-0.094376,-4.59435,0.591942,0.829503,-0.528144,1,0.872494,-0.00988986,0.484564,-0.0620826,-0.145002,1.00531,-0.221885,1.53642,0.378013,-1.04843,0.223942,3.8662,0.426939
0.996619,0.000616575,-0.0105639,-0.0814815,0.996619,0.000616575,-0.0105639,-0.0814815,0.959409,0.0410795,-0.246239,0.131201,0.745321,-0.177269,-0.475378,-0.432536,0.764828,0.412032,-0.147658,-0.472721,0.503446,0,0,0.864027,0.506327,0,0,0.862341,0.963888,0.0844009,-0.162643,-0.193243,0.796298,0.0242105,0.118073,-0.592775,0.869853,0,0,-0.493311,0.856604,0,0,-0.515974,0.746861,-0.0820601,0.005074,0.659878,0.700456,0.335976,-0.0179487,0.629411,0.837871,0.144758,-0.772532,0.312322,0.121892,-0.346334,0.840329,0.347574,-0.736536,0.378811,0.267541,-0.477956,0.754171,0.638862,-0.59591,0.486992,0.566234,-0.565938,0.596131,0.816612,-0.499664,0.619221,0.970326,-0.526119,0.658255,1.14016,-0.585184,0.928469,1.11481,-0.484617,0.50028,1.07645,-0.706144,1.04565,1.08302,-0.536328,0.585946,0.98327,-0.746009,0.701863,1.34465,-0.646058,0.23077,0.325505,0.113521,0.23077,0.325505,0.113521,0.416529,-4.74716,-0.106232,-0.303951,-11.1882,13.5284,1.55821,-5.98755,-10.4103,0,0,-7.63417,0,0,9.0379,-2.27941,-3.86258,0.810892,3.21043,-0.155559,1.40361,0,0,9.51172,0,0,-0.00623153,-3.17636,0.130156,1.69977,7.51026,-2.30818,-8.58714,0.644439,0.837372,-0.574809,1,0.828899,-0.00706965,0.554427,-0.0740811,-0.239067,1.16321,-0.335876,1.56745,0.220403,-1.14771,0.0331992,4.91284,-0.915017
0.996667,0.00710505,0.0115379,-0.0804427,0.996667,0.00710505,0.0115379,-0.0804427,0.927707,0.0425799,-0.339937,0.148288,0.692486,-0.221855,-0.631302,-0.269632,0.63731,0.420562,-0.164303,-0.624475,0.735596,0,0,0.677421,0.480368,0,0,0.877067,0.951266,0.0260912,-0.232232,-0.201197,0.821203,0.0460422,0.145588,-0.549827,0.927903,0,0,-0.372821,0.856277,0,0,-0.516516,0.717698,-0.0514769,0.000847516,0.694449,0.713321,0.294483,-0.0169355,0.63574,0.991613,0.140655,-0.855596,0.338224,0.114851,-0.404198,0.943726,0.329977,-0.798559,0.396386,0.269419,-0.529078,0.811076,0.621826,-0.641321,0.51528,0.567734,-0.602914,0.65244,0.805406,-0.537842,0.676726,0.958184,-0.56839,0.71269,1.12656,-0.633321,1.02398,1.12929,-0.607894,0.496577,1.09266,-0.667651,1.19785,1.136,-0.687608,0.535308,0.975435,-0.693296,0.753024,1.33003,-0.697843,0.389741,1.32759,0.0624814,0.389741,1.32759,0.0624814,0.119524,-5.92481,1.13775,-3.22681,-11.0902,10.336,1.94633,-1.6283,-11.958,0,0,-17.9378,0,0,1.79079,-3.5345,-4.28698,-0.535627,1.37986,1.68787,3.08913,0,0,8.03069,0,0,-0.0379725,1.96966,-0.276796,2.77871,-2.86995,0.0733078,0.212193,0.698342,0.830603,-0.621312,1,0.775716,-0.00433661,0.624813,-0.0886221,-0.492003,1.31948,-0.61222,1.68929,-0.336179,-1.14534,-0.0575696,5.25841,-1.08178
0.996033,0.0133576,0.0311267,-0.0822899,0.996033,0.0133576,0.0311267,-0.0822899,0.897836,0.0499765,-0.406689,0.161234,0.608866,-0.333282,-0.705542,-0.142885,0.548524,0.403879,-0.106251,-0.724371,0.957252,0,0,0.289256,0.586845,0,0,0.809699,0.929327,-0.0036894,-0.302564,-0.211641,0.833496,0.000838217,0.246899,-0.494292,0.932371,0,0,-0.361502,0.870924,0,0,-0.491418,0.691625,0.0142354,0.000307075,0.722116,0.70524,0.126252,-0.000684579,0.697636,1.08961,0.125475,-0.900742,0.384849,0.0807613,-0.482655,1.02663,0.309172,-0.848074,0.423259,0.254121,-0.581163,0.878225,0.598016,-0.695528,0.545224,0.561445,-0.635939,0.716614,0.781762,-0.581464,0.738236,0.934572,-0.613631,0.766977,1.10283,-0.682242,1.08028,1.1427,-0.742682,0.53195,1.10711,-0.637308,1.30523,1.19044,-0.836576,0.518937,0.954587,-0.644826,0.801807,1.30619,-0.748597,0.37574,1.17703,-0.112008,0.37574,1.17703,-0.112008,0.486877,-4.36546,0.899481,-8.22562,-6.57934,8.17018,-0.11122,3.70527,-8.69311,0,0,-27.0481,0,0,-7.56497,-1.81814,-4.42922,-0.734507,-2.88665,6.39887,3.68644,0,0,0.730115,0,0,1.74365,4.37102,-0.0356634,2.32228,-11.1584,1.08028,4.25995,0.75306,0.814396,-0.669249,1,0.719482,-0.00158362,0.688953,-0.0876713,-1.18018,1.43729,-1.30228,1.92522,-0.709333,-1.30866,0.490794,5.08522,-0.375116
0.995367,0.0199044,0.038764,-0.0857043,0.995367,0.0199044,0.038764,-0.0857043,0.891579,0.0685877,-0.417315,0.16196,0.557667,-0.343638,-0.748182,-0.105558,0.475267,0.395623,-0.0734515,-0.782438,0.979214,0,0,0.202828,0.613676,0,0,0.789558,0.91051,-0.0113218,-0.312221,-0.270854,0.825177,-0.0475639,0.373486,-0.421105,0.92555,0,0,-0.378625,0.871101,0,0,-0.491104,0.702972,-0.0754763,-0.000226453,0.707201,0.677513,0.132191,0.00434078,0.723521,1.13668,0.0865458,-0.938892,0.445757,0.0653961,-0.555934,1.07965,0.276643,-0.899241,0.465533,0.252524,-0.626269,0.944609,0.574968,-0.759181,0.592528,0.56032,-0.665034,0.791812,0.764384,-0.630501,0.803946,0.918902,-0.658971,0.819281,1.08967,-0.725479,1.11722,1.15416,-0.826607,0.59118,1.1115,-0.624882,1.3363,1.23524,-0.926469,0.559532,0.95581,-0.604836,0.844689,1.29488,-0.789503,0.393593,0.459361,-0.206279,0.393593,0.459361,-0.206279,1.16568,-0.717136,0.067197,-1.22849,-4.067,2.42961,0.318997,2.16241,-5.91719,0,0,-5.35226,0,0,-2.01306,-0.473595,-0.718859,-3.74776,-3.086,8.11863,4.57162,0,0,-1.1059,0,0,0.021572,-5.99245,-0.0357035,-1.20851,0.49184,0.338293,2.25059,0.808614,0.803273,-0.713455,1,0.6711,-0.00586169,0.739059,-0.0581621,-2.34893,1.43866,-2.42307,2.25594,-0.521333,-1.47109,1.29536,4.19232,1.1926
0.995921,0.00781942,0.0213495,-0.0873162,0.995921,0.00781942,0.0213495,-0.0873162,0.881634,0.0912668,-0.430706,0.169955,0.572887,-0.319799,-0.749669,-0.0867522,0.413299,0.361527,-0.0530743,-0.834065,0.96982,0,0,0.243822,0.603112,0,0,0.797656,0.924303,-0.0185873,-0.317974,-0.210265,0.822692,-0.0632483,0.405534,-0.393344,0.870632,0,0,-0.491934,0.871175,0,0,-0.490972,0.788225,-0.0553133,0.00692345,0.612857,0.667558,0.0928279,0.00469831,0.738734,1.15377,0.0860994,-0.97816,0.491539,0.0589132,-0.580475,1.11415,0.290803,-0.961589,0.511685,0.246999,-0.644351,1.00238,0.573891,-0.821528,0.647236,0.550711,-0.686461,0.858091,0.745635,-0.669867,0.868042,0.900024,-0.699865,0.874736,1.07081,-0.767749,1.16724,1.14836,-0.875483,0.653285,1.09985,-0.646615,1.37369,1.24239,-0.984357,0.625259,0.951253,-0.60284,0.890746,1.27653,-0.830859,-0.726306,-1.04672,-0.0958929,-0.726306,-1.04672,-0.0958929,1.4321,-0.9279,0.534911,1.8313,0.232079,1.37017,-1.74795,1.38405,-5.52326,0,0,2.52356,0,0,0.798663,-0.443932,-0.262027,3.80988,-1.00369,2.06678,1.74739,0,0,-7.56001,0,0,0.00912995,1.46313,0.46258,-7.59658,-2.6291,0.0253479,1.22128,0.863239,0.792306,-0.75304,1,0.642089,-0.00555556,0.763983,-0.0634023,-2.58564,1.37241,-2.66788,1.98835,-0.562471,-1.181,-0.143301,2.2877,-0.334665
0.995244,0.0199359,0.0179588,-0.0936411,0.995244,0.0199359,0.0179588,-0.0936411,0.877189,0.10571,-0.44555,0.144396,0.577271,-0.351381,-0.729768,-0.103582,0.418739,0.332016,-0.0563343,-0.843356,0.981532,0,0,0.191297,0.611314,0,0,0.791388,0.933247,-0.00914838,-0.260902,-0.246771,0.817029,0.0572042,0.392521,-0.418471,0.850161,0,0,-0.526522,0.877314,0,0,-0.479917,0.765116,-0.0125125,0.00107772,0.64377,0.680437,0.132824,0.00381324,0.720658,1.18134,0.0901075,-1.00446,0.50952,0.0748773,-0.575806,1.14264,0.293622,-1.00241,0.548211,0.254311,-0.658024,1.04698,0.577191,-0.870221,0.706207,0.545736,-0.721944,0.913405,0.745181,-0.706701,0.91129,0.900707,-0.731298,0.908196,1.07252,-0.796428,1.1949,1.16357,-0.910426,0.692985,1.08909,-0.672038,1.40157,1.25903,-1.02452,0.675056,0.937072,-0.627123,0.917303,1.27858,-0.861693,0.728251,-0.203476,-0.38128,0.728251,-0.203476,-0.38128,0.912835,-0.97125,-1.58285,-2.17612,1.49334,-1.17035,-2.28856,-0.235273,-0.541741,0,0,-3.22923,0,0,-0.619359,0.582805,3.56285,-2.20055,7.69462,-0.778798,-1.65868,0,0,-2.41165,0,0,0.758708,2.75924,-0.377209,2.35746,2.66153,-0.061207,-1.46997,0.903578,0.793886,-0.785236,1,0.635704,-0.0245879,0.771302,-0.0192217,-2.83291,1.36893,-2.82528,1.65944,-0.0136164,-1.10502,1.31821,0.662063,2.54879
0.996064,0.0110571,0.0170099,-0.0862862,0.996064,0.0110571,0.0170099,-0.0862862,0.859514,0.129669,-0.484429,0.0987435,0.605922,-0.331904,-0.713565,-0.116293,0.418962,0.359408,-0.0608204,-0.831624,0.981986,0,0,0.188955,0.626455,0,0,0.779457,0.935754,-0.00166802,-0.247774,-0.250937,0.796814,0.0925585,0.375317,-0.46439,0.826938,0,0,-0.562293,0.901659,0,0,-0.432447,0.741152,0.0132806,-0.000657725,0.671205,0.714643,0.0562312,-0.000693629,0.697225,1.19962,0.0850774,-1.02256,0.533187,0.0690192,-0.578396,1.16822,0.287473,-1.03562,0.587597,0.24231,-0.669542,1.08639,0.570993,-0.9165,0.756737,0.533695,-0.752456,0.95947,0.740026,-0.749812,0.954857,0.895952,-0.772255,0.945784,1.06981,-0.831548,1.22966,1.16511,-0.949302,0.726463,1.07228,-0.706585,1.43682,1.25494,-1.06729,0.71208,0.914401,-0.667,0.951634,1.27729,-0.894625,-0.533755,-0.0573042,0.443411,-0.533755,-0.0573042,0.443411,1.55057,-2.62415,-2.8182,1.64112,1.72611,-0.796483,2.05815,-0.337061,0.88909,0,0,-0.143148,0,0,-1.15667,0.459171,0.818797,-0.242441,2.30493,-0.921706,-3.15735,0,0,-2.55913,0,0,3.20132,1.68927,-0.11352,2.18546,-5.20765,-0.30287,-2.19769,0.942636,0.787607,-0.8206,1,0.630371,-0.0259057,0.775714,-0.0151471,-2.87396,1.3568,-2.85866,1.38193,-0.154653,-1.29333,0.135525,0.422622,0.203741
0.996435,0.00732777,0.0108813,-0.0833424,0.996435,0.00732777,0.0108813,-0.0833424,0.84577,0.142442,-0.503724,0.103179,0.598975,-0.335545,-0.711296,-0.150653,0.425382,0.377641,-0.0625161,-0.820079,0.98123,0,0,0.192843,0.631228,0,0,0.775597,0.937457,0.00893843,-0.240927,-0.251096,0.796951,0.108038,0.343795,-0.48477,0.807235,0,0,-0.590231,0.90502,0,0,-0.425369,0.722076,0.0143938,-0.000309662,0.691664,0.736754,-0.0584502,0.00261629,0.673625,1.21021,0.0743633,-1.026,0.579015,0.0517323,-0.589778,1.18583,0.274844,-1.05247,0.634826,0.222355,-0.688818,1.11577,0.558162,-0.946047,0.798538,0.516522,-0.777991,0.994324,0.729368,-0.778326,0.98811,0.885177,-0.801496,0.975937,1.05911,-0.860178,1.26038,1.15748,-0.973187,0.752289,1.05326,-0.739778,1.47108,1.24406,-1.08683,0.739982,0.892949,-0.704405,0.978862,1.26717,-0.919813,-0.224111,-0.36828,0.177483,-0.224111,-0.36828,0.177483,0.848667,-1.37161,0.311361,-0.31901,0.0166918,-2.41366,1.28823,-0.113751,1.04979,0,0,0.237661,0,0,-0.368289,0.650055,0.428479,-0.000743531,0.996908,-2.03191,-1.3114,0,0,-2.05128,0,0,0.470125,0.0801399,0.0227469,1.67792,-7.58785,0.218479,-1.94528,0.974751,0.774808,-0.846732,1,0.623719,-0.0308935,0.78086,-0.0166988,-2.85762,1.33807,-2.83741,1.04563,-0.319747,-0.855393,-0.266534,0.506348,0.159416
0.996409,0.00767487,0.00703377,-0.08403,0.996409,0.00767487,0.00703377,-0.08403,0.836696,0.149306,-0.515565,0.108813,0.602603,-0.329084,-0.711261,-0.150604,0.424199,0.397296,-0.0742033,-0.810373,0.983147,0,0,0.182815,0.628876,0,0,0.777506,0.933963,0.029105,-0.244074,-0.259412,0.804266,0.0977436,0.33781,-0.479047,0.795374,0,0,-0.606118,0.891379,0,0,-0.453259,0.709784,0.0165273,-6.49824e-05,0.704225,0.717222,-0.0763899,0.00133156,0.692644,1.21774,0.0728021,-1.03031,0.641096,0.0464508,-0.612452,1.20103,0.271547,-1.06642,0.682921,0.217543,-0.714493,1.14082,0.555977,-0.970698,0.829747,0.514341,-0.80401,1.02165,0.73015,-0.802952,1.01383,0.885954,-0.825603,0.999592,1.05984,-0.88393,1.28312,1.16009,-0.997337,0.773459,1.04966,-0.765727,1.49546,1.24649,-1.10915,0.765175,0.88932,-0.732177,1.00057,1.2681,-0.941644,0.020855,-0.231124,-0.0413509,0.020855,-0.231124,-0.0413509,0.465318,-0.85621,0.379129,0.48359,0.076032,0.0190268,1.49046,-0.87966,0.69509,0,0,-0.612621,0,0,0.181761,1.23801,-0.210808,-0.528704,-0.68009,-0.444048,0.45156,0,0,-1.1896,0,0,-1.86291,0.146556,0.0161922,1.05343,-1.21977,-0.083993,1.59524,1.00121,0.774097,-0.870104,1,0.616568,-0.0331644,0.786502,-0.0126139,-2.8931,1.32126,-2.86381,0.819638,0.0234648,-0.73878,0.0987973,0.556033,0.241648
0.996084,0.00822497,0.00146593,-0.0880189,0.996084,0.00822497,0.00146593,-0.0880189,0.82565,0.162004,-0.53095,0.100741,0.61008,-0.32885,-0.705628,-0.147477,0.42097,0.395314,-0.0698513,-0.813408,0.986441,0,0,0.164113,0.632444,0,0,0.774606,0.926152,0.044224,-0.248906,-0.279881,0.808661,0.075512,0.353219,-0.464329,0.788299,0,0,-0.615292,0.877778,0,0,-0.479067,0.69819,0.00409356,5.12653e-05,0.715901,0.686883,-0.0676265,-0.00176098,0.723612,1.22813,0.0749408,-1.03462,0.699619,0.0462168,-0.640653,1.21583,0.271309,-1.07916,0.724528,0.219706,-0.73911,1.16213,0.557481,-0.994003,0.854451,0.519301,-0.825488,1.04571,0.735497,-0.825291,1.03592,0.891464,-0.845537,1.01867,1.06544,-0.902559,1.29934,1.16916,-1.02001,0.793413,1.05267,-0.781762,1.51157,1.25568,-1.13385,0.786164,0.891647,-0.746777,1.01808,1.27358,-0.959789,0.0330992,-0.334462,-0.240195,0.0330992,-0.334462,-0.240195,0.847513,-1.11194,-0.486894,0.0860575,0.541004,0.24849,-0.104789,0.318856,-0.318092,0,0,-1.13938,0,0,-0.275848,0.934963,-0.337618,-1.30221,-1.43617,0.953461,0.993637,0,0,-0.695115,0,0,-1.75041,-0.826543,0.00775447,0.991731,0.528662,-0.206678,2.62386,1.02358,0.778495,-0.890081,1,0.60496,-0.0312477,0.795639,-0.00247361,-2.9871,1.29609,-2.94601,0.722062,0.160409,-0.670186,0.533275,0.904575,0.257727
0.996016,0.00748445,-0.00633137,-0.0886376,0.996016,0.00748445,-0.00633137,-0.0886376,0.810584,0.171694,-0.552966,0.0877768,0.61389,-0.330043,-0.700911,-0.151444,0.41327,0.393713,-0.0632329,-0.818657,0.987179,0,0,0.159619,0.629094,0,0,0.777329,0.919863,0.0508499,-0.253374,-0.295074,0.81814,0.0793671,0.331378,-0.463182,0.786416,0,0,-0.617697,0.871802,0,0,-0.489859,0.68592,-0.00686577,-0.000202656,0.727645,0.661181,-0.0347379,-0.00217296,0.749419,1.2396,0.0744916,-1.03594,0.737352,0.0480217,-0.661793,1.22785,0.268265,-1.08702,0.756143,0.22047,-0.758865,1.17756,0.556914,-1.01123,0.877725,0.521498,-0.843426,1.06519,0.739965,-0.842876,1.05413,0.895862,-0.862946,1.03443,1.06963,-0.919775,1.31302,1.17554,-1.04009,0.809371,1.05644,-0.796009,1.52423,1.26155,-1.15661,0.802492,0.896751,-0.758947,1.03241,1.27742,-0.977923,-0.0444794,-0.468458,-0.0372902,-0.0444794,-0.468458,-0.0372902,0.677943,-1.59752,-0.795674,-0.0471865,0.402085,-0.25845,-0.0154179,0.480595,-0.612748,0,0,-0.273293,0,0,0.258958,0.41445,-0.308861,-0.974207,0.229691,-1.47445,0.17631,0,0,-0.183235,0,0,-0.740184,-0.735093,-0.0170456,1.01849,2.18537,-0.0291562,2.24515,1.04168,0.781442,-0.906867,1,0.590459,-0.0328134,0.8064,-0.00123545,-3.00781,1.26039,-2.9626,0.584333,0.134044,-0.527537,-0.0233153,1.08547,0.0973647
0.996176,0.00958854,-0.00878591,-0.0863933,0.996176,0.00958854,-0.00878591,-0.0863933,0.798426,0.177859,-0.57054,0.0732601,0.613291,-0.3242,-0.70114,-0.164837,0.406757,0.396824,-0.0661781,-0.820183,0.987025,0,0,0.160567,0.630164,0,0,0.776462,0.911939,0.0684237,-0.255017,-0.314088,0.821995,0.0929826,0.310842,-0.468034,0.79267,0,0,-0.609651,0.873109,0,0,-0.487526,0.6663,-0.00624382,-0.000350928,0.745657,0.647027,-0.00643278,-0.0005267,0.76244,1.24698,0.0755092,-1.03509,0.761684,0.0544887,-0.675713,1.23696,0.266693,-1.08991,0.779812,0.225405,-0.773169,1.19043,0.560815,-1.02373,0.897775,0.52803,-0.859137,1.07982,0.7504,-0.859357,1.06655,0.906141,-0.879528,1.04483,1.07989,-0.935789,1.32303,1.18518,-1.05677,0.820721,1.06617,-0.808956,1.53605,1.26803,-1.1722,0.8154,0.906564,-0.770088,1.04236,1.28747,-0.994728,0.126383,-0.14744,0.135119,0.126383,-0.14744,0.135119,0.446172,-1.29005,-0.909536,0.398621,-0.0276953,-0.928925,0.324796,-0.237191,-0.301526,0,0,0.0576535,0,0,-0.0825969,1.09514,-0.144556,-1.22568,0.862027,-1.34062,-0.268225,0,0,0.611442,0,0,0.16045,0.038543,-0.0101456,1.59827,1.91809,0.1115,1.17572,1.05508,0.789299,-0.921209,1,0.581237,-0.0396634,0.812765,0.00176532,-3.00905,1.23747,-2.94963,0.438966,0.313051,-0.494445,-0.115177,0.6781,0.424539
0.996071,0.00909786,-0.00853721,-0.0876774,0.996071,0.00909786,-0.00853721,-0.0876774,0.791509,0.184858,-0.578886,0.0650581,0.614343,-0.318424,-0.701251,-0.17157,0.407151,0.394909,-0.0681041,-0.820753,0.986914,0,0,0.16125,0.633222,0,0,0.773971,0.905618,0.0778506,-0.262138,-0.324159,0.816698,0.0971339,0.295168,-0.486256,0.793364,0,0,-0.608748,0.879229,0,0,-0.476399,0.667128,-0.0127689,-0.000702699,0.744833,0.638608,-0.0046122,-0.000428758,0.769518,1.24943,0.0790847,-1.03873,0.77795,0.0567064,-0.683917,1.243,0.26961,-1.09657,0.796735,0.226441,-0.781935,1.19943,0.565626,-1.03581,0.911176,0.532029,-0.871348,1.08859,0.758417,-0.873472,1.0755,0.914244,-0.892948,1.0534,1.08806,-0.948775,1.33159,1.19161,-1.07069,0.831066,1.07406,-0.81985,1.54592,1.27136,-1.18584,0.82662,0.913793,-0.780303,1.05184,1.29536,-1.00819,-0.029459,0.0149232,-0.0773308,-0.029459,0.0149232,-0.0773308,0.48107,-0.632542,-0.517411,0.408963,0.0131188,-0.460693,-0.150269,-0.144776,-0.0318097,0,0,0.0415031,0,0,-0.236651,0.593429,-0.475982,-0.666802,0.276968,-0.964165,-1.22314,0,0,0.0682829,0,0,0.761955,-0.441559,-0.0238045,-0.0722818,0.123164,0.00658429,0.660352,1.06485,0.795514,-0.933249,1,0.578465,-0.0370278,0.81486,0.00304424,-3.02757,1.23142,-2.97006,0.26298,0.240507,-0.423452,0.147465,0.211571,-0.0886202
0.995911,0.0098631,-0.00764701,-0.0894732,0.995911,0.0098631,-0.00764701,-0.0894732,0.787912,0.190677,-0.58246,0.0598074,0.600758,-0.318205,-0.702393,-0.210903,0.409122,0.395736,-0.0689527,-0.819303,0.985265,0,0,0.171036,0.63305,0,0,0.774111,0.900101,0.0773114,-0.262218,-0.339239,0.808609,0.0983214,0.284397,-0.505571,0.795722,0,0,-0.605663,0.888172,0,0,-0.45951,0.667406,-0.0241804,-0.00131714,0.7443,0.635472,-0.00307162,-0.000298237,0.772118,1.25275,0.083212,-1.03987,0.788363,0.0580275,-0.689538,1.2461,0.272804,-1.10082,0.808346,0.227693,-0.786929,1.20267,0.570888,-1.04577,0.919927,0.537089,-0.879874,1.09303,0.767253,-0.885323,1.08041,0.923212,-0.903816,1.0586,1.09717,-0.959209,1.33915,1.19567,-1.07788,0.837453,1.08375,-0.828557,1.5587,1.26683,-1.18773,0.832867,0.923362,-0.789688,1.05873,1.30419,-1.01903,0.0460064,0.0534572,-0.108176,0.0460064,0.0534572,-0.108176,0.391982,-0.280761,-0.333806,-0.107352,-0.349351,-2.80069,0.0352594,-0.0594366,0.166161,0,0,0.595438,0,0,0.013326,-0.0241709,-0.0362664,-0.974884,0.0945655,-0.635036,-1.33105,0,0,0.233012,0,0,1.14663,-0.772292,-0.041583,-0.0416123,0.105212,0.00891042,0.244653,1.07088,0.802183,-0.942283,1,0.575659,-0.0332619,0.816996,0.00518528,-3.05338,1.22548,-2.99818,0.133158,0.265082,-0.355509,0.228763,0.216768,-0.114044
0.995785,0.00947551,-0.00963199,-0.090721,0.995785,0.00947551,-0.00963199,-0.090721,0.78509,0.198216,-0.584578,0.0511199,0.605042,-0.305031,-0.703429,-0.214636,0.406916,0.391803,-0.0683681,-0.822335,0.984666,0,0,0.174451,0.63188,0,0,0.775066,0.892115,0.0754861,-0.267663,-0.356075,0.799518,0.0959982,0.276277,-0.52462,0.80117,0,0,-0.598437,0.897771,0,0,-0.440463,0.661401,-0.0241155,-0.0015081,0.749643,0.630782,0.00740872,0.000764409,0.775924,1.25333,0.0860615,-1.04046,0.792892,0.0606824,-0.692084,1.24573,0.274524,-1.10319,0.813816,0.230642,-0.787995,1.20152,0.575627,-1.05378,0.923006,0.54369,-0.885108,1.09296,0.776504,-0.895757,1.08158,0.932661,-0.913201,1.06055,1.10697,-0.967742,1.34217,1.20154,-1.08582,0.840849,1.09513,-0.834945,1.56391,1.2678,-1.19397,0.835822,0.935164,-0.795648,1.06322,1.3137,-1.02769,-0.0232633,-0.119286,-0.0752043,-0.0232633,-0.119286,-0.0752043,0.500736,-0.176395,-0.558084,0.953127,0.0137657,-0.233303,-0.266978,0.0389084,-0.292571,0,0,0.208049,0,0,0.0906008,-0.100189,-0.384603,-1.10714,-0.128447,-0.461648,-1.33443,0,0,0.542978,0,0,1.27974,0.000511986,-0.0131682,0.482329,0.719408,0.0729455,0.361492,1.07277,0.809603,-0.94948,1,0.570433,-0.027165,0.820878,0.00528823,-3.07778,1.21336,-3.03114,-0.00210831,0.277515,-0.313029,0.203994,0.3924,-0.301436
0.995862,0.00844198,-0.0120185,-0.0896841,0.995862,0.00844198,-0.0120185,-0.0896841,0.781985,0.204041,-0.587394,0.0428371,0.601804,-0.306818,-0.703592,-0.220572,0.400123,0.395755,-0.0695397,-0.823677,0.985001,0,0,0.172551,0.633063,0,0,0.774101,0.883847,0.0738169,-0.27851,-0.368507,0.790059,0.0888398,0.270478,-0.542914,0.808094,0,0,-0.589053,0.90876,0,0,-0.417318,0.653168,-0.0204653,-0.001506,0.756935,0.632144,0.0172842,0.00175108,0.774656,1.25026,0.087127,-1.0398,0.790314,0.0626986,-0.690979,1.2424,0.274661,-1.10313,0.813014,0.233483,-0.785255,1.19694,0.579102,-1.05889,0.92077,0.550176,-0.887167,1.08822,0.784774,-0.904582,1.07894,0.9411,-0.921907,1.05983,1.11586,-0.975773,1.34254,1.20788,-1.09301,0.839266,1.10709,-0.842186,1.56586,1.27156,-1.19966,0.832201,0.947268,-0.801395,1.06603,1.32239,-1.03553,-0.0621119,-0.143374,0.0624443,-0.0621119,-0.143374,0.0624443,0.392074,-0.226058,-0.532746,-0.152328,-0.0761531,-0.4323,0.393409,-0.105238,-0.298198,0,0,-0.115778,0,0,-0.0916105,-0.0905295,-0.725783,-0.84079,-0.440749,-0.312372,-1.29951,0,0,0.699729,0,0,1.53734,0.243097,-0.000192394,0.662923,0.677612,0.0677002,-0.116286,1.07076,0.816379,-0.95517,1,0.566323,-0.021313,0.823907,0.000660874,-3.07739,1.20328,-3.04578,-0.142277,0.248102,-0.264741,-0.0352795,0.300399,-0.450242
0.995816,0.00955566,-0.0131016,-0.0899342,0.995816,0.00955566,-0.0131016,-0.0899342,0.781508,0.206318,-0.58742,0.0402024,0.594426,-0.312999,-0.704001,-0.230375,0.398076,0.395271,-0.0667522,-0.82513,0.98486,0,0,0.17335,0.634596,0,0,0.772844,0.877068,0.0671253,-0.285801,-0.380216,0.777554,0.0829486,0.26966,-0.561972,0.812526,0,0,-0.582924,0.919152,0,0,-0.393903,0.653025,-0.0321362,-0.00236232,0.75665,0.640675,0.0143559,0.00129467,0.767677,1.24919,0.0885785,-1.04061,0.784044,0.0618848,-0.688854,1.23965,0.275796,-1.1047,0.808834,0.23376,-0.782041,1.19034,0.581883,-1.06407,0.915314,0.553728,-0.888745,1.08019,0.79014,-0.912078,1.07274,0.94665,-0.928551,1.05602,1.12187,-0.98169,1.34047,1.21103,-1.09673,0.834783,1.11644,-0.8482,1.56551,1.27227,-1.20107,0.824373,0.956497,-0.807008,1.06574,1.32835,-1.04089,0.0669218,-0.0650883,-0.0151129,0.0669218,-0.0650883,-0.0151129,0.149916,-0.00840027,-0.170211,-0.4956,-0.176966,-0.729904,-0.008091,0.206717,-0.169936,0,0,0.0486693,0,0,-0.118909,-0.407762,-0.498017,-0.787943,-0.355586,0.0281064,-1.3996,0,0,0.453801,0,0,1.53713,-0.79454,-0.058297,-0.0164414,-0.204385,-0.0316338,-0.659517,1.06597,0.820795,-0.959577,1,0.565122,-0.0151422,0.824868,5.11459e-05,-3.09449,1.20073,-3.07263,-0.240698,0.160985,-0.224882,0.177967,0.0914954,-0.326954
0.995772,0.0088733,-0.0138858,-0.0903658,0.995772,0.0088733,-0.0138858,-0.0903658,0.782874,0.206015,-0.586076,0.0343664,0.596612,-0.313681,-0.702974,-0.226906,0.393788,0.395247,-0.0652907,-0.827313,0.984972,0,0,0.172714,0.63216,0,0,0.774838,0.872972,0.0577682,-0.290516,-0.387536,0.763501,0.0692955,0.276004,-0.57973,0.816229,0,0,-0.577728,0.928808,0,0,-0.37056,0.65796,-0.0346627,-0.00231764,0.752251,0.64949,0.00105091,8.2693e-05,0.760369,1.24596,0.088663,-1.04259,0.775667,0.0592425,-0.686441,1.23505,0.276289,-1.10654,0.802285,0.232456,-0.77812,1.18215,0.583421,-1.06736,0.907104,0.55571,-0.888865,1.07015,0.793262,-0.917438,1.0649,0.949935,-0.933152,1.05071,1.12558,-0.985591,1.33706,1.21251,-1.09788,0.827642,1.12299,-0.853985,1.5632,1.27228,-1.20075,0.81476,0.963893,-0.812717,1.06355,1.33197,-1.0447,-0.0409911,-0.0471302,-0.0260079,-0.0409911,-0.0471302,-0.0260079,-0.0264432,0.106357,-0.379257,-0.0278721,0.115679,0.256031,0.0582455,0.101085,-0.291596,0,0,-0.0387529,0,0,0.188868,-0.580377,-0.321435,-0.493337,-0.862242,0.505883,-1.35022,0,0,0.382855,0,0,1.51569,-0.167357,0.00335061,-0.399874,-0.910431,-0.0829302,-0.682992,1.05929,0.823324,-0.962474,1,0.5688,-0.00789595,0.822436,-0.00170879,-3.10819,1.20989,-3.0993,-0.301199,0.0936719,-0.160817,0.161948,-0.266042,-0.416113
0.995856,0.00793444,-0.015391,-0.0892773,0.995856,0.00793444,-0.015391,-0.0892773,0.781483,0.205797,-0.588185,0.0311584,0.593132,-0.317824,-0.701234,-0.235483,0.389886,0.400083,-0.0650601,-0.826855,0.984641,0,0,0.174592,0.631525,0,0,0.775356,0.869786,0.0507505,-0.29802,-0.389976,0.753946,0.0566927,0.277384,-0.592798,0.819691,0,0,-0.572805,0.934705,0,0,-0.355425,0.65726,-0.0431184,-0.0029108,0.752424,0.646852,0.0118389,0.000971598,0.762523,1.24289,0.0917889,-1.04268,0.771006,0.0609823,-0.683313,1.23104,0.279495,-1.10614,0.797356,0.234526,-0.773994,1.17418,0.587484,-1.06856,0.898697,0.560044,-0.88862,1.05935,0.798682,-0.921442,1.05585,0.955387,-0.93749,1.04381,1.13122,-0.989894,1.33251,1.2159,-1.09754,0.817718,1.13079,-0.8615,1.5608,1.273,-1.19692,0.802422,0.972117,-0.820084,1.05913,1.33755,-1.04878,-0.0564246,-0.0904124,0.0655504,-0.0564246,-0.0904124,0.0655504,-0.00723178,-0.156283,-0.206702,-0.320291,0.0510849,-0.620847,0.423644,0.00850916,-0.0800452,0,0,0.114456,0,0,0.0491394,-0.436251,-0.491461,-0.180551,-0.808748,0.155134,-0.991522,0,0,0.361076,0,0,0.974567,-0.575283,-0.040353,0.0259631,0.736246,0.0606647,0.201618,1.05188,0.828076,-0.964788,1,0.57217,-0.00437526,0.820101,-0.00612021,-3.09803,1.21803,-3.10054,-0.323979,0.162589,-0.120109,-0.0961765,-0.248458,-0.322836
0.995826,0.00654354,-0.014081,-0.0899418,0.995826,0.00654354,-0.014081,-0.0899418,0.783763,0.205366,-0.585213,0.0326628,0.592752,-0.320838,-0.69894,-0.239146,0.38915,0.401669,-0.0615875,-0.826699,0.98458,0,0,0.174936,0.631841,0,0,0.775098,0.871051,0.0415803,-0.293064,-0.391987,0.742182,0.0381622,0.288755,-0.603598,0.823516,0,0,-0.567293,0.93909,0,0,-0.343673,0.659823,-0.0404616,-0.00259677,0.750326,0.645843,0.0192957,0.00160739,0.763224,1.23874,0.0928964,-1.04392,0.768155,0.0615229,-0.680565,1.22579,0.281148,-1.10616,0.793418,0.235453,-0.770662,1.16638,0.590157,-1.06852,0.890772,0.562761,-0.888895,1.0497,0.80225,-0.924381,1.0476,0.958933,-0.940799,1.03735,1.13467,-0.99388,1.32839,1.21788,-1.09622,0.807902,1.13571,-0.87026,1.55869,1.27309,-1.19191,0.790014,0.977255,-0.828697,1.05435,1.34083,-1.05293,-0.0835652,0.0786988,-0.0399826,-0.0835652,0.0786988,-0.0399826,-0.0391495,0.224666,0.0956857,-0.213718,0.15241,-0.258086,0.131508,0.263176,-0.0098351,0,0,0.0209617,0,0,-0.0244782,-0.576588,0.319211,-0.11516,-1.20193,0.828581,-0.883039,0,0,0.40258,0,0,0.75266,0.183344,0.02152,-0.194406,0.509386,0.0434309,0.0688479,1.04488,0.83099,-0.966813,1,0.582931,-0.00157083,0.812469,-0.00913252,-3.08958,1.24438,-3.10042,-0.289498,0.107036,-0.0881805,-0.0519263,-0.793379,-0.23546
0.995816,0.00587016,-0.0134783,-0.0901933,0.995816,0.00587016,-0.0134783,-0.0901933,0.787359,0.202707,-0.581194,0.0344793,0.595523,-0.320378,-0.697712,-0.236451,0.390394,0.403365,-0.0593013,-0.825453,0.984353,0,0,0.176208,0.631775,0,0,0.775151,0.874232,0.0343456,-0.290154,-0.387749,0.732073,0.0195216,0.302265,-0.610184,0.8236,0,0,-0.567171,0.941428,0,0,-0.337214,0.665864,-0.0436332,-0.00244136,0.744793,0.641903,0.0276149,0.00243912,0.766284,1.23465,0.0956138,-1.04596,0.766006,0.06229,-0.678093,1.2217,0.284581,-1.10762,0.789339,0.236152,-0.768185,1.15983,0.593045,-1.06921,0.882458,0.564417,-0.889879,1.04007,0.804475,-0.927299,1.03904,0.961092,-0.94442,1.03066,1.13661,-0.998515,1.32429,1.2185,-1.09447,0.797472,1.13854,-0.881378,1.5565,1.27259,-1.18595,0.777386,0.980236,-0.840319,1.04919,1.34259,-1.05812,-0.0404579,0.0362129,-0.0151274,-0.0404579,0.0362129,-0.0151274,-0.189645,0.310269,0.114622,0.0576164,0.14119,0.206822,0.111431,0.177019,0.13174,0,0,0.0774849,0,0,0.00508643,-0.456181,0.203027,0.293168,-1.22076,0.964871,-0.587576,0,0,0.00882755,0,0,0.412118,-0.208236,0.0109464,-0.496454,0.570901,0.0570427,0.291479,1.03789,0.833001,-0.969499,1,0.594521,-0.000819689,0.803988,-0.0121673,-3.07156,1.2729,-3.08779,-0.288952,0.0667749,-0.0875362,-0.125227,-0.862333,-0.135615
0.99576,0.00699142,-0.012133,-0.090914,0.99576,0.00699142,-0.012133,-0.090914,0.789347,0.200252,-0.579258,0.035927,0.597712,-0.32029,-0.697493,-0.231642,0.397954,0.404227,-0.0561406,-0.821633,0.983818,0,0,0.179171,0.632527,0,0,0.774538,0.879896,0.0355465,-0.290017,-0.374713,0.721105,0.00324021,0.318738,-0.615145,0.818754,0,0,-0.574145,0.942742,0,0,-0.333523,0.680367,-0.0369233,-0.00134835,0.73194,0.638135,0.0343485,0.00319787,0.769151,1.22745,0.100298,-1.05164,0.76412,0.0629391,-0.675137,1.21773,0.290811,-1.11286,0.785523,0.236237,-0.76617,1.15579,0.59697,-1.07157,0.874832,0.564556,-0.892009,1.0312,0.805287,-0.93067,1.03069,0.961817,-0.948488,1.0244,1.13699,-1.00395,1.32092,1.21756,-1.09223,0.78738,1.13888,-0.895429,1.55493,1.27129,-1.17881,0.764919,0.980145,-0.856579,1.04501,1.34258,-1.06452,0.0673771,0.0808171,-0.0434022,0.0673771,0.0808171,-0.0434022,-0.168209,0.152695,0.0918851,0.0262248,0.0589218,0.349551,-0.0427983,0.256026,0.511801,0,0,0.180702,0,0,-0.0582,0.0707749,0.044981,0.863707,-1.0738,1.17574,-0.498108,0,0,-0.5095,0,0,0.235063,0.468676,0.0745454,-1.15277,0.463968,0.0522104,0.275541,1.0315,0.834086,-0.973303,1,0.608666,-0.00214007,0.793316,-0.0131036,-3.05141,1.30802,-3.06704,-0.266185,0.0243569,-0.10114,-0.0993677,-1.06219,0.0411481
0.994322,-0.00251806,-0.0123768,-0.10566,0.994322,-0.00251806,-0.0123768,-0.10566,0.794046,0.195065,-0.574144,0.0424248,0.60268,-0.310974,-0.702023,-0.217336,0.417532,0.403891,-0.0547549,-0.812121,0.981857,0,0,0.189621,0.633139,0,0,0.774038,0.87771,0.0193248,-0.316937,-0.358892,0.682759,-0.0265053,0.309167,-0.661479,0.805035,0,0,-0.593227,0.953067,0,0,-0.302759,0.700969,-0.0364867,-0.000291443,0.712257,0.648983,0.0162799,0.00128943,0.760628,1.21035,0.10964,-1.06624,0.758174,0.0594006,-0.675963,1.21088,0.302726,-1.12565,0.781468,0.233916,-0.766001,1.15002,0.602804,-1.07847,0.865079,0.566164,-0.896858,1.01836,0.806699,-0.935848,1.02585,0.96321,-0.949842,1.02554,1.138,-1.00598,1.32615,1.21513,-1.08309,0.784801,1.13893,-0.910536,1.56226,1.26867,-1.16231,0.760385,0.979078,-0.877126,1.04953,1.34291,-1.06821,-0.571449,-0.0150065,-0.889045,-0.571449,-0.0150065,-0.889045,-0.356949,0.39472,0.415028,0.692597,-0.215784,1.02672,-0.302141,0.142766,1.27886,0,0,0.637897,0,0,-0.0474557,-1.0133,-1.69846,0.971831,-1.99799,-0.327603,-3.72769,0,0,-1.41014,0,0,1.94715,0.0490566,0.0713297,-1.70919,-1.24214,-0.13107,-0.809334,1.02733,0.835874,-0.977263,1,0.627953,0.0322056,0.777401,-0.016902,-3.20871,1.35794,-3.27857,-0.385142,0.0423442,-0.155326,1.06379,-1.52717,-1.75686
0.995496,0.00781082,-0.0100157,-0.0939458,0.995496,0.00781082,-0.0100157,-0.0939458,0.798378,0.191265,-0.5691,0.0462029,0.619099,-0.278159,-0.709281,-0.190429,0.440864,0.412748,-0.0577124,-0.794951,0.97509,0,0,0.221811,0.618253,0,0,0.785979,0.89082,0.0720813,-0.324359,-0.309896,0.688176,-0.0428279,0.351375,-0.633337,0.795931,0,0,-0.605387,0.949476,0,0,-0.313839,0.715646,0.0047638,-5.79287e-05,0.698447,0.63532,0.0439052,0.0042356,0.770988,1.19639,0.11777,-1.0801,0.759454,0.0642339,-0.668339,1.21125,0.313325,-1.13309,0.779409,0.236442,-0.761336,1.15838,0.609809,-1.07721,0.861748,0.565047,-0.898193,1.01505,0.80625,-0.940533,1.01846,0.962415,-0.960674,1.02001,1.13627,-1.02027,1.32478,1.20864,-1.08318,0.774701,1.13321,-0.941968,1.56135,1.26268,-1.1547,0.752729,0.975024,-0.91933,1.04746,1.34057,-1.0835,0.620724,0.142169,0.706379,0.620724,0.142169,0.706379,-0.264719,0.383777,0.238903,2.40863,-0.175287,1.95754,0.337838,-0.17665,1.92604,0,0,1.97373,0,0,1.14503,3.28029,-0.370899,3.15516,-1.09205,2.78963,1.9835,0,0,-0.911452,0,0,-0.698848,2.75381,0.0156211,-1.18627,1.89998,0.202461,0.994936,1.02413,0.836087,-0.98551,1,0.646507,-0.000127651,0.762584,-0.0222215,-2.93571,1.40343,-2.96706,-0.0994338,-0.0134799,-0.140539,-1.51764,-1.38102,1.29827
0.995372,0.0079081,-0.00818392,-0.0954199,0.995372,0.0079081,-0.00818392,-0.0954199,0.804014,0.184487,-0.563368,0.0462763,0.63807,-0.230121,-0.715653,-0.166589,0.473489,0.429084,-0.0725238,-0.76579,0.95711,0,0,0.289726,0.597067,0,0,0.802192,0.88825,0.108195,-0.342166,-0.286755,0.659254,-0.0685093,0.368969,-0.651577,0.79359,0,0,-0.608453,0.957865,0,0,-0.287219,0.710134,0.0443339,-0.000234173,0.702669,0.642096,0.0414468,0.00363359,0.765495,1.17686,0.119873,-1.10322,0.75885,0.0643052,-0.665503,1.20759,0.315913,-1.14505,0.781435,0.236231,-0.759551,1.16367,0.611295,-1.0811,0.861654,0.565009,-0.905597,1.01151,0.806268,-0.952466,1.01736,0.96231,-0.97283,1.0237,1.13573,-1.03328,1.33267,1.1994,-1.07806,0.775714,1.12547,-0.977146,1.56649,1.25344,-1.142,0.762118,0.970409,-0.968825,1.0556,1.33941,-1.09738,0.00586522,0.110052,-0.0888148,0.00586522,0.110052,-0.0888148,-0.461015,0.444151,-0.00143743,3.43614,-0.0628549,1.73282,0.753057,-1.02483,2.99952,0,0,4.21614,0,0,1.60075,2.25538,-1.12832,1.42518,-1.77678,1.46483,-1.72535,0,0,-0.231474,0,0,1.67466,2.63467,-0.0117399,0.379681,-0.176258,-0.0419482,-0.519193,1.02549,0.835176,-0.996295,1,0.66903,0.00306608,0.742791,-0.0255056,-2.82603,1.46171,-2.8665,-0.106186,0.000564831,-0.357994,-0.0526064,-1.80291,-0.243379
0.995414,0.00662871,-0.00805711,-0.0950941,0.995414,0.00662871,-0.00805711,-0.0950941,0.809443,0.17984,-0.557352,0.0426318,0.657182,-0.171743,-0.715945,-0.161364,0.504241,0.44467,-0.0934926,-0.734349,0.916979,0,0,0.398934,0.569587,0,0,0.821931,0.877166,0.162009,-0.355917,-0.278669,0.625862,-0.0912719,0.383074,-0.673217,0.804926,0,0,-0.593375,0.968434,0,0,-0.249268,0.689958,0.116642,0.00202911,0.714386,0.661575,0.0370889,0.00229766,0.748958,1.15493,0.109688,-1.13127,0.759466,0.0637438,-0.663336,1.20118,0.30425,-1.1576,0.78793,0.235695,-0.759009,1.1709,0.603931,-1.08531,0.868839,0.563544,-0.916623,1.01414,0.804228,-0.970018,1.02191,0.960148,-0.990718,1.03233,1.13332,-1.05135,1.34374,1.18592,-1.07235,0.784801,1.1134,-1.02012,1.56896,1.23941,-1.12777,0.784758,0.964589,-1.02375,1.06819,1.33662,-1.11529,-0.0768878,0.00762674,0.0196583,-0.0768878,0.00762674,0.0196583,-0.321583,0.457761,-0.239626,4.08724,0.352854,0.441849,0.706341,-1.44713,3.03071,0,0,6.98487,0,0,2.03018,3.3943,-0.944111,0.43607,-1.62912,1.30805,-2.08504,0,0,1.13192,0,0,2.36387,4.87426,0.151718,1.15361,-0.317558,-0.0925517,-1.52654,1.03131,0.830647,-1.01078,1,0.692663,0.0039613,0.720664,-0.0290797,-2.38705,1.51759,-2.4338,0.0790155,-0.0612163,-0.526565,-0.16159,-1.94249,-0.151299
0.995685,0.00391378,-0.0127746,-0.0918292,0.995685,0.00391378,-0.0127746,-0.0918292,0.816754,0.176937,-0.547352,0.0448494,0.676298,-0.108547,-0.705548,-0.181772,0.524039,0.455411,-0.110199,-0.711224,0.844668,0,0,0.53529,0.54418,0,0,0.838969,0.863323,0.211637,-0.357311,-0.286725,0.606764,-0.0953233,0.370372,-0.696832,0.827042,0,0,-0.56214,0.9755,0,0,-0.220001,0.644507,0.182797,0.0128916,0.742314,0.695394,0.016859,0.000274797,0.718431,1.13883,0.0838684,-1.15366,0.758468,0.0603663,-0.663087,1.19356,0.274747,-1.16656,0.794728,0.231345,-0.763391,1.17745,0.583244,-1.08998,0.881113,0.555198,-0.932397,1.0236,0.794485,-0.99071,1.03342,0.950058,-1.01344,1.04765,1.12271,-1.07494,1.35758,1.16066,-1.06718,0.802455,1.09445,-1.06879,1.56672,1.20898,-1.11273,0.814581,0.952864,-1.07729,1.08644,1.32589,-1.13787,-0.163167,-0.28341,0.196694,-0.163167,-0.28341,0.196694,-0.216423,0.734899,0.13454,4.35024,1.06744,-1.29391,0.496864,-1.14188,2.11353,0,0,9.26979,0,0,1.83551,3.1712,-0.197379,-0.592554,-0.329951,-0.675436,-1.99906,0,0,2.29642,0,0,1.80656,4.66042,0.744414,2.77588,-1.38751,-0.13748,-2.71381,1.04155,0.817068,-1.02835,1,0.713986,0.000561881,0.699102,-0.038469,-1.16905,1.5132,-1.22427,0.28369,-0.292285,-0.62075,-0.590058,-1.81027,-0.211181
0.996158,0.00208864,-0.0144163,-0.0863565,0.996158,0.00208864,-0.0144163,-0.0863565,0.828635,0.169684,-0.531153,0.0494702,0.695761,-0.0493384,-0.681622,-0.221073,0.53063,0.472721,-0.130612,-0.691309,0.746725,0,0,0.665133,0.517924,0,0,0.855426,0.886672,0.188716,-0.299632,-0.297353,0.596886,-0.0938726,0.3595,-0.711108,0.821195,0,0,-0.570648,0.976566,0,0,-0.215219,0.637532,0.166188,0.0137081,0.752162,0.73695,0.00119718,-5.1607e-05,0.675947,1.14241,0.0786212,-1.15202,0.757117,0.0673412,-0.665584,1.19866,0.267392,-1.17357,0.79995,0.235279,-0.774852,1.18787,0.57579,-1.10544,0.895851,0.551125,-0.954458,1.03929,0.788726,-1.01273,1.05068,0.943779,-1.0386,1.06899,1.11574,-1.10124,1.37148,1.13699,-1.06143,0.827744,1.08012,-1.12245,1.55899,1.17461,-1.09545,0.850934,0.946615,-1.1289,1.11018,1.31895,-1.16328,-0.109686,-0.0985128,0.329651,-0.109686,-0.0985128,0.329651,-0.510615,1.18241,0.281895,4.01876,1.96218,-2.5378,1.14704,-1.43922,1.57002,0,0,9.76923,0,0,1.85931,-1.53929,3.78269,-0.514488,0.074181,-0.652794,-1.19029,0,0,-0.619403,0,0,0.29399,-1.10271,0.058399,0.816534,-1.04977,-0.0217969,-3.56152,1.05682,0.809841,-1.04871,1,0.743982,-0.00956633,0.666345,-0.0488307,-0.61706,1.4333,-0.672726,0.470799,-0.172783,-0.66062,-0.945482,-2.63877,0.0491013
0.996176,0.00643195,-0.0179634,-0.0852593,0.996176,0.00643195,-0.0179634,-0.0852593,0.84033,0.163986,-0.514482,0.0475669,0.718619,-0.00548437,-0.639259,-0.273687,0.526975,0.491499,-0.148898,-0.677167,0.647828,0,0,0.761786,0.498875,0,0,0.866674,0.897498,0.185617,-0.23378,-0.324638,0.603131,-0.0588193,0.34451,-0.716998,0.828695,0,0,-0.5597,0.96834,0,0,-0.249636,0.640089,0.176112,0.0136584,0.747719,0.788028,-0.0201142,0.0024757,0.615306,1.15007,0.0800968,-1.16133,0.756059,0.0917049,-0.679355,1.20643,0.268726,-1.18688,0.805274,0.252428,-0.803602,1.20328,0.581104,-1.12278,0.915672,0.556825,-0.987995,1.06191,0.796221,-1.03639,1.07082,0.951136,-1.06408,1.09109,1.12269,-1.12725,1.37998,1.12957,-1.05757,0.85593,1.079,-1.17584,1.54546,1.1525,-1.08227,0.887234,0.952001,-1.17542,1.13407,1.3259,-1.18889,0.260931,-0.21309,0.0659473,0.260931,-0.21309,0.0659473,-0.406892,1.1998,-0.133975,2.93869,3.21195,-3.36072,1.39965,-1.32595,0.936527,0,0,8.30367,0,0,1.32738,-0.237211,4.16278,-1.62508,2.45147,-1.10531,-0.282318,0,0,0.796236,0,0,-2.12332,0.667407,-0.00436622,-0.356836,-1.37896,0.163417,-4.76463,1.07446,0.815433,-1.07244,1,0.772318,-0.0263277,0.633267,-0.0424719,-0.447976,1.35095,-0.470947,0.678713,0.224871,-0.709941,-0.574837,-2.55764,1.05638
0.996341,0.0045535,-0.0336995,-0.0784149,0.996341,0.0045535,-0.0336995,-0.0784149,0.857453,0.153011,-0.489738,0.0389709,0.744902,0.0230654,-0.572222,-0.342275,0.518914,0.48473,-0.140942,-0.689855,0.559461,0,0,0.828857,0.492488,0,0,0.870319,0.904171,0.187673,-0.187182,-0.334986,0.642127,-0.00968763,0.270218,-0.717329,0.835843,0,0,-0.548968,0.951462,0,0,-0.307768,0.630253,0.185988,0.0165778,0.753601,0.854104,-0.0326398,0.0079651,0.519016,1.15226,0.0819672,-1.16751,0.756157,0.113578,-0.709732,1.21168,0.268855,-1.19412,0.816307,0.263204,-0.850744,1.21802,0.584729,-1.13375,0.9403,0.558778,-1.02769,1.08438,0.80378,-1.05739,1.09422,0.957942,-1.08917,1.11743,1.12882,-1.15346,1.3837,1.12398,-1.05112,0.889518,1.07801,-1.22986,1.5291,1.12861,-1.06631,0.921473,0.953068,-1.22244,1.16193,1.33194,-1.21592,-0.112866,-0.945259,0.411452,-0.112866,-0.945259,0.411452,-0.755407,1.75921,-0.560229,1.87897,4.82639,-4.32423,-0.364735,0.535454,-1.08158,0,0,6.65969,0,0,0.441208,0.100569,2.92261,-0.594531,3.42313,-5.45434,0.758049,0,0,0.773696,0,0,-3.63251,0.726196,0.204258,0.606891,-0.759475,0.342578,-7.02057,1.094,0.819644,-1.09677,1,0.795425,-0.0412057,0.602332,-0.0528934,-0.445096,1.26584,-0.461819,0.674123,0.226768,-0.629877,-1.12808,-2.29069,0.190187
0.996247,-0.000125634,-0.0371854,-0.0781575,0.996247,-0.000125634,-0.0371854,-0.0781575,0.86111,0.14666,-0.485199,0.039537,0.748248,0.0334908,-0.522515,-0.407409,0.521986,0.486198,-0.13979,-0.686732,0.499681,0,0,0.866209,0.497579,0,0,0.867419,0.91041,0.173142,-0.152662,-0.343322,0.692689,0.0247401,0.182391,-0.697354,0.83805,0,0,-0.545593,0.912649,0,0,-0.408744,0.623857,0.183897,0.0180178,0.759381,0.861667,0.0285725,-0.00741386,0.506614,1.15431,0.0820364,-1.17423,0.770598,0.136825,-0.761076,1.21613,0.26739,-1.20199,0.841851,0.268453,-0.915114,1.2275,0.584652,-1.14522,0.968158,0.553646,-1.07652,1.09953,0.806758,-1.07713,1.11288,0.960354,-1.11037,1.14077,1.13012,-1.17576,1.38477,1.11567,-1.05067,0.921678,1.07448,-1.27183,1.51502,1.10392,-1.05843,0.954631,0.948831,-1.25955,1.18817,1.33239,-1.2395,-0.281091,-0.209479,0.0153157,-0.281091,-0.209479,0.0153157,-0.412295,0.325973,0.0324287,0.682028,3.30848,-4.2446,0.0593523,0.0962334,0.290039,0,0,4.2303,0,0,-0.351534,-0.924107,2.1606,-0.470546,2.32034,-6.25125,2.3085,0,0,0.241955,0,0,-6.49386,-0.110929,0.102123,0.53213,3.85761,-0.969144,-0.86877,1.11209,0.819573,-1.12157,1,0.818531,-0.0416444,0.569498,-0.0628084,-0.3819,1.18653,-0.412392,0.454427,0.0893421,-0.592228,-0.426465,-2.42591,-0.302916
0.996025,-0.000697685,-0.0367491,-0.0811377,0.996025,-0.000697685,-0.0367491,-0.0811377,0.864828,0.133871,-0.48211,0.0414848,0.749946,0.0294522,-0.467829,-0.466743,0.521606,0.476357,-0.131634,-0.695474,0.462985,0,0,0.886366,0.506978,0,0,0.861959,0.912355,0.156948,-0.116005,-0.359887,0.741453,0.0402858,0.117832,-0.659349,0.840232,0,0,-0.542226,0.858352,0,0,-0.513061,0.620588,0.175601,0.018189,0.764005,0.824223,0.176905,-0.0373869,0.536622,1.15981,0.080877,-1.18273,0.801863,0.158719,-0.831608,1.22298,0.265201,-1.21143,0.884919,0.273335,-0.991094,1.23637,0.58397,-1.15893,1.00534,0.547493,-1.13053,1.1117,0.807983,-1.09997,1.127,0.961472,-1.13268,1.16006,1.13061,-1.19714,1.37976,1.1079,-1.05159,0.9494,1.07398,-1.3109,1.49833,1.08068,-1.0533,0.979382,0.945526,-1.29492,1.2113,1.33229,-1.26109,-0.0343692,0.0260442,-0.179401,-0.0343692,0.0260442,-0.179401,-0.816096,0.234542,0.119143,-0.266187,3.60728,-3.87292,-0.70158,0.58455,-0.636384,0,0,2.51227,0,0,-0.652207,-1.00834,2.27236,-1.00964,0.991696,-4.4732,3.3675,0,0,0.240704,0,0,-7.0602,-0.555384,0.0134541,0.388187,9.48549,-1.91809,2.3464,1.12993,0.818852,-1.1485,1,0.845133,-0.0420923,0.529283,-0.0619467,-0.303756,1.09606,-0.332646,0.365051,0.0367519,-0.685192,-0.0776637,-2.88128,0.258453
0.995907,0.00214749,-0.0321244,-0.0844527,0.995907,0.00214749,-0.0321244,-0.0844527,0.878684,0.124739,-0.459189,0.0387177,0.745582,0.0182988,-0.414381,-0.521595,0.515831,0.464364,-0.118615,-0.710082,0.44745,0,0,0.894309,0.519602,0,0,0.854409,0.908161,0.14804,-0.0779607,-0.383732,0.785307,0.0417931,0.104346,-0.608817,0.843409,0,0,-0.537272,0.803939,0,0,-0.594711,0.618643,0.157414,0.0171122,0.769551,0.799811,0.236883,-0.0438852,0.549784,1.16788,0.0785856,-1.19064,0.843743,0.171722,-0.91582,1.23289,0.261718,-1.21977,0.937458,0.277969,-1.07414,1.24817,0.582499,-1.17278,1.04693,0.544681,-1.18638,1.12548,0.807867,-1.12509,1.14008,0.961538,-1.15703,1.17662,1.13073,-1.21931,1.37086,1.10299,-1.0561,0.973766,1.07456,-1.34946,1.48097,1.06154,-1.05204,0.998593,0.941962,-1.33154,1.23218,1.33211,-1.28151,0.170942,0.27778,-0.199364,0.170942,0.27778,-0.199364,-0.612483,1.58226,-0.185861,-0.729253,3.45933,-3.65266,-0.778884,0.914552,-1.17713,0,0,1.04685,0,0,-0.882547,-0.537277,2.34475,-1.50861,0.0543127,-0.998955,3.97657,0,0,0.353101,0,0,-5.88957,-1.2457,-0.0733292,0.424404,3.96096,-0.439571,1.15376,1.14842,0.817953,-1.17714,1,0.872291,-0.0483939,0.483777,-0.052215,-0.250574,0.995323,-0.25621,0.413365,-0.00348194,-0.753442,-0.111091,-3.1235,0.909908
0.996083,0.00129274,-0.0221736,-0.0855916,0.996083,0.00129274,-0.0221736,-0.0855916,0.895931,0.12813,-0.423597,0.0381649,0.735032,0.0093818,-0.373873,-0.565561,0.508003,0.456698,-0.105359,-0.722675,0.445316,0,0,0.895373,0.530253,0,0,0.847839,0.906441,0.130927,-0.0451398,-0.398981,0.829238,0.0356333,0.101646,-0.548418,0.844181,0,0,-0.536058,0.760122,0,0,-0.64978,0.616156,0.145155,0.0164776,0.773958,0.786053,0.205331,-0.030582,0.582258,1.1754,0.0767303,-1.19883,0.889813,0.173537,-1.01269,1.24209,0.258727,-1.22872,0.993219,0.283295,-1.15992,1.25746,0.580593,-1.18749,1.0878,0.547904,-1.24121,1.13691,0.807277,-1.15131,1.15264,0.960967,-1.18255,1.19276,1.13011,-1.24266,1.36439,1.09952,-1.06651,0.995991,1.07594,-1.38613,1.46814,1.04593,-1.0567,1.01484,0.939639,-1.36785,1.25305,1.33118,-1.30101,-0.0513597,0.597937,-0.0681219,-0.0513597,0.597937,-0.0681219,0.163651,2.38664,-0.049023,-0.58311,2.56165,-3.03623,-0.440689,0.92941,-1.08413,0,0,0.143062,0,0,-0.750865,-1.05456,2.03017,-0.958862,-0.435355,-0.279648,4.47446,0,0,0.086331,0,0,-4.22334,-0.835983,-0.0426529,0.358145,-1.96322,0.846105,2.28064,1.16644,0.817326,-1.207,1,0.897714,-0.0508426,0.43483,-0.0494755,-0.21445,0.887783,-0.212398,0.343062,-0.0177169,-0.786772,-0.128239,-3.28577,0.436452
0.996226,-0.00294174,-0.0206115,-0.0842576,0.996226,-0.00294174,-0.0206115,-0.0842576,0.915156,0.132813,-0.378959,0.0352098,0.729463,-0.00870808,-0.323878,-0.602421,0.489212,0.440416,-0.0808418,-0.748445,0.452234,0,0,0.891899,0.531876,0,0,0.846822,0.904098,0.110515,-0.0235088,-0.412117,0.865697,0.0363891,0.105315,-0.48801,0.843189,0,0,-0.537617,0.737684,0,0,-0.675146,0.609097,0.123546,0.0154543,0.783262,0.773798,0.122737,-0.0134182,0.621283,1.18341,0.0731937,-1.20638,0.936032,0.162114,-1.12201,1.25253,0.253193,-1.23728,1.04716,0.285916,-1.24778,1.26788,0.575559,-1.20365,1.12735,0.554228,-1.29442,1.14937,0.804369,-1.17959,1.16689,0.958192,-1.20928,1.20999,1.12776,-1.26611,1.35666,1.0972,-1.07729,1.0206,1.07645,-1.42593,1.45513,1.03209,-1.06277,1.03072,0.93862,-1.40913,1.27369,1.32915,-1.31909,-0.254392,0.0939115,0.080387,-0.254392,0.0939115,0.080387,0.235941,2.93269,-0.198355,-1.19395,3.25092,-2.5147,-0.915038,1.72444,-2.30871,0,0,-0.464462,0,0,-0.114938,-1.25881,1.33872,-0.834554,0.0179982,0.146379,4.24995,0,0,-0.110883,0,0,-2.03205,-1.46838,-0.0676212,0.798704,-5.30616,1.10623,2.70766,1.18501,0.815184,-1.23785,1,0.919476,-0.048873,0.386919,-0.0496988,-0.182388,0.784776,-0.183652,0.3736,-0.0872168,-0.848487,0.0244367,-3.15638,0.147413
0.996187,-0.00992691,-0.019489,-0.0844572,0.996187,-0.00992691,-0.019489,-0.0844572,0.935201,0.136588,-0.325274,0.0306548,0.72193,-0.0264,-0.276692,-0.633689,0.462184,0.424731,-0.0573939,-0.776334,0.461302,0,0,0.887243,0.534354,0,0,0.845261,0.897233,0.083715,-0.00572996,-0.43351,0.886077,0.0466172,0.112436,-0.447272,0.844661,0,0,-0.535302,0.744287,0,0,-0.66786,0.59803,0.106447,0.0150007,0.794232,0.761502,0.0277036,-0.00224018,0.647567,1.19062,0.0693117,-1.21548,0.980297,0.142361,-1.24167,1.2617,0.24721,-1.24734,1.09605,0.28584,-1.33561,1.27782,0.570913,-1.22263,1.16414,0.563913,-1.34483,1.16278,0.803361,-1.21073,1.18142,0.957696,-1.2368,1.22651,1.12814,-1.28925,1.34766,1.09865,-1.0901,1.04552,1.08104,-1.46543,1.4408,1.02337,-1.07119,1.04558,0.941932,-1.45097,1.29271,1.33011,-1.33634,-0.419646,0.0674196,-0.0120588,-0.419646,0.0674196,-0.0120588,0.174964,3.45398,-0.294358,-1.174,3.06498,-2.18682,-0.770622,1.65888,-2.71418,0,0,-0.611625,0,0,-0.175753,-1.64898,1.10134,-1.39085,0.621674,0.396699,2.76189,0,0,0.164628,0,0,0.590015,-1.15122,-0.0267045,1.01015,-6.16671,0.725648,1.90183,1.20266,0.814866,-1.26953,1,0.939562,-0.0401397,0.336947,-0.0455907,-0.137045,0.680916,-0.145586,0.402447,-0.0302418,-0.934056,0.487307,-3.23878,0.23044
0.996501,-0.0128774,-0.0213635,-0.0797761,0.996501,-0.0128774,-0.0213635,-0.0797761,0.949489,0.138483,-0.27991,0.0307177,0.711478,-0.0473366,-0.23425,-0.660822,0.433699,0.408555,-0.0376297,-0.802229,0.471157,0,0,0.88205,0.538233,0,0,0.842796,0.892287,0.0664254,-0.00486912,-0.446529,0.899282,0.0743272,0.118317,-0.414449,0.847546,0,0,-0.530722,0.77578,0,0,-0.631003,0.59254,0.0726793,0.0109245,0.802181,0.749045,-0.0658976,0.00420313,0.659221,1.19795,0.0637032,-1.22231,1.02502,0.115362,-1.36942,1.27133,0.239914,-1.25385,1.13892,0.278877,-1.42189,1.28744,0.565376,-1.24002,1.19422,0.570461,-1.38945,1.17493,0.80106,-1.24406,1.19541,0.955494,-1.26844,1.24263,1.12669,-1.31663,1.33808,1.09856,-1.10876,1.07227,1.08499,-1.5085,1.42544,1.01395,-1.0859,1.06233,0.944929,-1.49748,1.31001,1.32963,-1.35715,-0.177174,-0.112481,0.281725,-0.177174,-0.112481,0.281725,0.074737,2.86602,-0.00534122,-1.39997,2.74992,-1.97424,-0.804015,1.4222,-2.67492,0,0,-0.668352,0,0,-0.275688,-1.06728,0.0529704,-0.857222,1.70733,0.332763,2.16731,0,0,0.324738,0,0,2.90903,-2.3389,-0.282003,0.679682,-6.13023,0.42189,0.96306,1.21897,0.812544,-1.30286,1,0.954353,-0.0382504,0.29221,-0.0485837,-0.122108,0.587192,-0.138686,0.364528,-0.069036,-0.999811,-0.0407749,-2.83448,-0.0587399
0.99648,-0.0242021,-0.015386,-0.0787665,0.99648,-0.0242021,-0.015386,-0.0787665,0.963813,0.139797,-0.22482,0.0312668,0.694696,-0.0664571,-0.199037,-0.688016,0.406223,0.393349,-0.0279165,-0.824306,0.481796,0,0,0.876283,0.547538,0,0,0.836781,0.883143,0.0223808,0.00464917,-0.468547,0.887556,0.0892301,0.13012,-0.43284,0.850649,0,0,-0.525735,0.835458,0,0,-0.549555,0.58731,0.0382764,0.00606407,0.808434,0.729764,-0.106763,0.0041385,0.675299,1.20723,0.0700248,-1.23383,1.07595,0.0960717,-1.50395,1.28202,0.244857,-1.26605,1.17651,0.274462,-1.50866,1.29792,0.571815,-1.26438,1.2208,0.584146,-1.43451,1.19086,0.812241,-1.28249,1.2123,0.967427,-1.30023,1.26063,1.13999,-1.34191,1.32915,1.11373,-1.12699,1.1033,1.10335,-1.5476,1.40996,1.02044,-1.09945,1.08439,0.961596,-1.53981,1.32803,1.34421,-1.37503,-0.680284,0.359063,0.0606139,-0.680284,0.359063,0.0606139,0.0387319,3.42889,0.0242304,-1.30094,2.25639,-2.10767,-0.763304,0.699355,-2.43121,0,0,-0.72613,0,0,-0.664837,-2.73736,0.593461,-1.4646,0.948295,0.766304,-1.25288,0,0,0.352457,0,0,6.06085,-2.3942,-0.33815,0.55812,-2.73158,-0.00224441,1.3799,1.23655,0.822692,-1.33723,1,0.972019,-0.0189804,0.230029,-0.0436516,-0.0636898,0.461764,-0.104733,0.477668,0.335438,-1.15285,1.04998,-3.91811,0.138874
0.99667,-0.0303062,-0.0119363,-0.0747563,0.99667,-0.0303062,-0.0119363,-0.0747563,0.975955,0.136959,-0.166002,0.0345922,0.676337,-0.0880783,-0.170784,-0.711086,0.387432,0.379165,-0.0249359,-0.839946,0.495347,0,0,0.868695,0.561694,0,0,0.827345,0.874352,-0.0214393,0.013685,-0.484625,0.867431,0.119079,0.126682,-0.466193,0.857066,0,0,-0.515206,0.898236,0,0,-0.439513,0.588953,0.0140796,0.00220803,0.808041,0.725589,-0.0768765,0.00227838,0.683817,1.21484,0.0724772,-1.24452,1.13685,0.0798619,-1.63223,1.28943,0.246962,-1.2794,1.21158,0.265503,-1.59141,1.30529,0.576154,-1.29204,1.23978,0.590325,-1.47664,1.20532,0.820724,-1.3241,1.22776,0.976298,-1.33665,1.27717,1.15007,-1.37159,1.31945,1.12494,-1.15123,1.13566,1.11798,-1.58931,1.39353,1.02312,-1.11927,1.10975,0.9735,-1.58545,1.34413,1.35562,-1.39688,-0.366563,0.207269,0.241177,-0.366563,0.207269,0.241177,-0.206484,3.61357,0.193361,-1.49035,1.80953,-1.88799,-0.821009,0.208956,-1.74256,0,0,-0.931844,0,0,-1.02074,-2.74082,0.566967,-1.09828,1.91426,-0.158006,-2.28728,0,0,0.7398,0,0,7.60652,-1.69231,-0.269688,-0.0658175,1.96639,-0.12265,0.634866,1.25224,0.829356,-1.37404,1,0.983758,-0.00581162,0.1742,-0.0428983,-0.0280793,0.349302,-0.0921128,0.434027,0.254487,-1.24841,0.645932,-3.45365,-0.0435209
0.996826,-0.0342852,-0.0093613,-0.0712416,0.996826,-0.0342852,-0.0093613,-0.0712416,0.983823,0.130432,-0.117805,0.0346655,0.654607,-0.10822,-0.153114,-0.732348,0.378801,0.366226,-0.0253801,-0.849556,0.510151,0,0,0.860085,0.582676,0,0,0.812705,0.861733,-0.0648713,0.0192331,-0.50283,0.834119,0.147235,0.116669,-0.51861,0.864266,0,0,-0.503035,0.949725,0,0,-0.313085,0.592698,-0.00160259,-0.000243833,0.805423,0.743209,-0.0253212,0.00133844,0.668579,1.22243,0.087972,-1.25824,1.20346,0.0832319,-1.73879,1.29696,0.262087,-1.29652,1.24469,0.270989,-1.66637,1.31427,0.593058,-1.32431,1.25427,0.606359,-1.52147,1.22183,0.841507,-1.36963,1.24349,0.997564,-1.37655,1.29238,1.17288,-1.40382,1.30836,1.14847,-1.17937,1.16927,1.14388,-1.63168,1.37556,1.03907,-1.14216,1.1393,0.994665,-1.63315,1.35755,1.38005,-1.42082,-0.2389,0.154703,0.21134,-0.2389,0.154703,0.21134,-0.415658,2.93411,-0.00111133,-1.42151,1.10271,-1.86033,-0.874079,-0.0417911,-0.997426,0,0,-1.02759,0,0,-1.53515,-2.73912,0.352979,-1.28201,1.87924,-0.540788,-3.68296,0,0,0.848507,0,0,8.19699,-1.09545,-0.171271,-0.269816,3.42269,-0.0627893,-1.30409,1.26758,0.848481,-1.41284,1,0.991879,0.00761961,0.121263,-0.0375834,0.006183,0.243529,-0.0749894,0.495235,0.623479,-1.36589,0.715281,-3.24389,0.212803
0.996977,-0.0351036,-0.00464561,-0.0691656,0.996977,-0.0351036,-0.00464561,-0.0691656,0.990482,0.117593,-0.0614752,0.0365706,0.633506,-0.12644,-0.149174,-0.748619,0.380619,0.354546,-0.028258,-0.853597,0.523916,0,0,0.85177,0.606411,0,0,0.795151,0.852083,-0.096086,0.0091534,-0.514431,0.805553,0.143848,0.12045,-0.562035,0.86594,0,0,-0.500148,0.970722,0,0,-0.240205,0.603153,-0.00221545,-0.00030756,0.797623,0.748118,0.024682,-0.00148677,0.663105,1.23066,0.0924143,-1.28086,1.25641,0.0811008,-1.80845,1.30785,0.266241,-1.31938,1.27613,0.269003,-1.72681,1.32664,0.596468,-1.35988,1.27353,0.609033,-1.57221,1.23881,0.846558,-1.42023,1.25792,1.00312,-1.42115,1.30502,1.18013,-1.43919,1.29507,1.15431,-1.21188,1.20316,1.15441,-1.67546,1.35579,1.0391,-1.16875,1.17255,0.999353,-1.68392,1.3672,1.38911,-1.4467,-0.049046,0.283255,0.1249,-0.049046,0.283255,0.1249,-0.790306,3.40637,0.110007,-1.31243,0.181973,-1.53884,-0.918528,-0.218735,-0.253703,0,0,-0.964893,0,0,-1.77132,-1.98516,-0.632303,-0.841789,-0.119706,0.320276,-3.13327,0,0,0.200252,0,0,4.55173,-0.0420882,-0.00435337,-0.782722,3.28364,-0.185516,-0.440714,1.28266,0.853359,-1.45383,1,0.997334,0.0206955,0.0644332,-0.027291,0.0380944,0.130018,-0.0522339,0.509371,0.151536,-1.51805,0.722847,-3.458,0.504013
