0.996393,-0.0080686,-0.0132749,-0.0834214,0.996393,-0.0080686,-0.0132749,-0.0834214,0.980368,-0.006684,0.1966,0.013469,0.858869,-0.110742,-0.279881,-0.414423,0.65005,0.218392,0.164016,-0.709111,0.736983,0,0,0.675911,0.950493,0,0,0.310747,0.733567,-0.00830214,-0.0399551,-0.67839,0.774695,0.00568254,0.149828,-0.614301,0.983974,0,0,-0.178313,0.960718,0,0,-0.277525,0.638521,-0.0308362,0.0493398,0.767402,0.630095,-0.00977151,0.0647646,0.773751,-0.0330534,0.0432383,0.173559,0.0478843,0.0559936,-0.142721,-0.0164347,0.238909,0.158489,0.0708542,0.248694,-0.113873,0.0103086,0.614708,0.120757,0.06901,0.615018,-0.0641419,0,0.874341,0.0246421,0.00709134,1.03163,0.0168838,0.0478853,1.21095,0.0118342,0.050033,1.19293,0.269512,0.081194,1.14495,-0.222616,0.17727,1.13225,0.399501,0.0999869,0.919844,-0.321661,0.109426,1.42187,0.00661524,0,0,0,0,0,0,0,0,0,0,0,0,0,0,0,0,0,0,0,0,0,0,0,0,0,0,0,0,0,0,0,0,0,0,0,0,0,0,0,0.0408385,0.868201,0.0206864,1,0.995211,-0.026977,-0.091386,0.021806,-0.0586805,-0.181719,0.0491628,0,0,0,0,0,0
0.996393,-0.0080686,-0.0132749,-0.0834214,0.996393,-0.0080686,-0.0132749,-0.0834214,0.980368,-0.006684,0.1966,0.013469,0.858869,-0.110742,-0.279881,-0.414423,0.65005,0.218392,0.164016,-0.709111,0.736983,0,0,0.675911,0.91472,0,0,0.404089,0.733567,-0.00830214,-0.0399551,-0.67839,0.774695,0.00568254,0.149828,-0.614301,0.983974,0,0,-0.178313,0.960718,0,0,-0.277525,0.638521,-0.0308362,0.0493398,0.767402,0.630095,-0.00977151,0.0647646,0.773751,-0.0330534,0.0432383,0.173559,0.0478843,0.0559936,-0.142721,-0.0164347,0.238909,0.158489,0.0708542,0.248694,-0.113873,0.0103086,0.614708,0.120757,0.06901,0.615018,-0.0641419,0,0.874341,0.0246421,0.00709134,1.03163,0.0168838,0.0478853,1.21095,0.0118342,0.050033,1.19293,0.269512,0.081194,1.14495,-0.222616,0.17727,1.13225,0.399501,0.118411,0.926707,-0.308424,0.109426,1.42187,0.00661524,0,0,0,0,0,0,0,0,1.04083e-16,1.66533e-15,3.33067e-15,6.66134e-15,-3.33067e-15,-1.66533e-15,6.66134e-15,0,0,0,0,0,6.00024,0,0,0,1.04083e-16,1.66533e-15,0,0,0,0,0,0,0,0,0,0,0,0,0,0.0413298,0.868384,0.0210394,1,0.995211,-0.026977,-0.091386,0.021806,-0.0586805,-0.181719,0.0491628,0,0,0,0,0,0
0.995677,-0.0110896,-0.0147935,-0.0910286,0.995677,-0.0110896,-0.0147935,-0.0910286,0.981253,-0.00668449,0.189673,0.0334853,0.865296,-0.155593,-0.243364,-0.409668,0.655867,0.221356,0.159469,-0.703853,0.734952,0,0,0.678119,0.862307,0,0,0.506386,0.773869,-0.00052827,-0.0368223,-0.632274,0.806917,-0.0301762,0.186393,-0.559672,0.971508,0,0,-0.237005,0.951959,0,0,-0.306224,0.636337,-0.034286,0.0668584,0.767743,0.630686,-0.0196701,0.0477814,0.774316,-0.0174847,0.0328169,0.171487,0.0645695,0.0448805,-0.129235,-0.00516734,0.228774,0.158298,0.07498,0.240069,-0.111353,-0.00928304,0.600419,0.118063,0.0387786,0.602553,-0.0728134,-0.0502366,0.854247,0.0186137,-0.0441163,1.01133,0.00846736,-0.00124453,1.18985,-0.00110298,0.0165662,1.17651,0.254704,0.02507,1.11786,-0.234356,0.157907,1.1125,0.366482,0.0770849,0.909982,-0.299464,0.0606878,1.4003,-0.0125058,-0.18164,-0.0914368,-0.458294,-0.18164,-0.0914368,-0.458294,9.10331e-05,-0.421764,1.2083,-2.80283,2.33537,0.358551,0.167065,-0.335053,0.469332,0,0,0.180019,0,0,6.90038,0.513368,0.243283,3.67097,-2.30603,2.23174,3.97879,0,0,-3.60062,0,0,-1.80043,-0.238259,1.20348,0.0694583,-0.679715,-1.16754,0.026121,0.00718648,0.850895,0.0130286,1,0.996516,-0.0319972,-0.0714261,0.0288248,-0.0686232,-0.140976,0.062682,-1.5071,-0.602815,-0.180852,-0.362287,1.2039,0.357597
0.994464,-0.016892,-0.0180912,-0.102117,0.994464,-0.016892,-0.0180912,-0.102117,0.98208,0.00749166,0.177786,0.0620928,0.871086,-0.228551,-0.179727,-0.395817,0.650534,0.227111,0.153164,-0.708355,0.730992,0,0,0.682386,0.818111,0,0,0.57506,0.836565,0.028869,-0.0483367,-0.544968,0.84656,-0.0857543,0.234545,-0.470075,0.945723,0,0,-0.324973,0.930516,0,0,-0.366252,0.633966,0.0125048,0.0416669,0.772136,0.629177,-0.0410937,0.0149284,0.776032,-0.0359553,0.0321218,0.154487,0.0125156,0.0388941,-0.123488,-0.0188791,0.227539,0.142831,0.0230119,0.23485,-0.124133,-0.0482899,0.588569,0.107748,-0.029123,0.587949,-0.0955396,-0.120963,0.831546,0.00923967,-0.10344,0.987313,-0.00449707,-0.0433961,1.15987,-0.0228834,0.00500444,1.14928,0.224949,-0.0450088,1.07969,-0.254992,0.158456,1.06467,0.298934,-0.0119788,0.875902,-0.305729,0.0359457,1.36334,-0.0437375,-0.349053,-0.19859,-0.668755,-0.349053,-0.19859,-0.668755,0.855798,-0.720701,1.72621,-4.5558,4.02266,0.921585,0.424178,-0.406559,-0.408519,0,0,0.349241,0,0,4.90132,1.86746,-0.67675,6.47789,-3.48879,2.87579,6.18179,0,0,-5.5021,0,0,-3.82524,3.2073,-1.7236,0.35157,-1.47318,-2.25586,0.150339,-0.0405762,0.82889,-0.0050914,1,0.998932,-0.0390174,-0.024518,-0.00324292,-0.0779659,-0.0492566,-0.00457122,-2.12179,-0.681029,-0.281222,-0.359,2.74283,-2.0428
0.993241,-0.0220877,-0.0208673,-0.112021,0.993241,-0.0220877,-0.0208673,-0.112021,0.982307,0.0102908,0.164205,0.0894619,0.867367,-0.297644,-0.114648,-0.382019,0.615917,0.233403,0.14739,-0.737865,0.725192,0,0,0.688547,0.794196,0,0,0.607661,0.896094,0.0943818,-0.0984069,-0.422402,0.875561,-0.136911,0.271071,-0.375723,0.916652,0,0,-0.399685,0.907864,0,0,-0.419265,0.625489,0.0436645,0.0335995,0.778285,0.620911,-0.0621892,-0.019967,0.781156,-0.0277392,0.0485674,0.135057,-0.0387264,0.0411986,-0.124883,-0.0162254,0.244113,0.132509,-0.0300798,0.235889,-0.142141,-0.0809804,0.589761,0.104968,-0.0926922,0.578764,-0.118329,-0.180475,0.814531,0.00010691,-0.146908,0.967069,-0.0173909,-0.0659896,1.12961,-0.0433809,-0.000607845,1.11509,0.194234,-0.0973128,1.0507,-0.274828,0.144816,1.00205,0.235345,-0.105908,0.84901,-0.318027,0.0350771,1.32142,-0.0737763,-0.312865,-0.167385,-0.598076,-0.312865,-0.167385,-0.598076,0.168913,-0.820553,1.65162,-4.35811,4.0722,0.833781,0.651962,-0.252495,-2.71663,0,0,0.507712,0,0,2.42609,4.03444,-3.0485,8.34455,-3.14763,2.13463,6.21417,0,0,-4.8114,0,0,-3.45943,2.14762,-0.545476,0.604703,-1.46413,-2.40282,0.531991,-0.0765942,0.811358,-0.0223976,1,0.997603,-0.0460861,0.00266813,-0.0515421,-0.0923577,0.000572713,-0.103267,-1.78537,-0.51046,-0.273983,-0.350623,1.51656,-2.97071
0.993116,-0.0136926,-0.0180994,-0.114915,0.993116,-0.0136926,-0.0180994,-0.114915,0.982593,0.0109122,0.176225,0.0577641,0.872385,-0.336245,-0.0704122,-0.347744,0.693138,0.268773,0.14599,-0.652693,0.735031,0,0,0.678034,0.819379,0,0,0.573252,0.931897,0.0973801,-0.0692994,-0.342464,0.926811,-0.0496798,0.261665,-0.264736,0.815799,0,0,-0.578336,0.789931,0,0,-0.613196,0.524036,0.0684042,0.102624,0.842719,0.577298,-0.0796411,-0.0220973,0.81234,-0.0569647,0.037164,0.116613,-0.0605139,0.0396286,-0.127383,0.00154218,0.215613,0.122584,-0.0100552,0.22248,-0.158983,-0.0396928,0.526445,0.107004,-0.0574788,0.52111,-0.127636,-0.164722,0.730466,0.00764815,-0.126226,0.880711,-0.0175871,-0.0394199,1.03877,-0.0509235,0.046729,1.02062,0.174059,-0.0566237,0.941282,-0.280113,0.192366,0.897477,0.188289,-0.0343501,0.732758,-0.316949,0.0744069,1.22249,-0.0888823,0.504812,0.166404,-0.174352,0.504812,0.166404,-0.174352,0.0374406,0.724478,-1.9135,-2.38662,2.78595,2.19137,1.88197,-0.401993,7.24985,0,0,-0.863945,0,0,-2.55859,0.111593,1.86281,5.2327,5.51764,-0.879905,7.24429,0,0,-12.3308,0,0,-13.6479,1.90614,5.05595,6.94002,-1.30268,-0.174435,3.16281,-0.0489679,0.737082,-0.0288623,1,0.994739,-0.07101,0.0271727,-0.0686518,-0.145661,0.0443241,-0.141046,0.472607,-2.52193,0.226237,-1.42709,1.49736,-1.09703
0.990191,-0.0201707,-0.0198155,-0.136827,0.990191,-0.0201707,-0.0198155,-0.136827,0.980727,0.0168227,0.180637,0.0725452,0.880562,-0.364902,-0.00682241,-0.302341,0.784049,0.311487,0.132966,-0.520157,0.766176,0,0,0.642631,0.867687,0,0,0.497111,0.959702,0.0907628,-0.076505,-0.25472,0.950293,-0.0214601,0.248706,-0.186088,0.713587,0,0,-0.700566,0.706812,0,0,-0.707401,0.483936,0.0688766,0.14271,0.860637,0.570922,-0.0887527,-0.0209384,0.815924,-0.0707382,0.0601565,0.106184,-0.0791727,0.0526233,-0.13614,0.0196296,0.221075,0.114487,-0.00701919,0.226109,-0.175054,-0.00897949,0.49404,0.104914,-0.0440871,0.492848,-0.136693,-0.152507,0.681049,0.013041,-0.103395,0.827343,-0.0140622,0.000820167,0.972219,-0.0539212,0.101894,0.938871,0.150624,0.00193169,0.854412,-0.276015,0.230099,0.787042,0.136089,0.0484212,0.635489,-0.302303,0.136319,1.13833,-0.0997103,-0.390769,-0.104372,-1.32577,-0.390769,-0.104372,-1.32577,0.357337,0.273111,0.894798,-1.73043,3.98769,2.90111,2.15342,-1.17516,10.064,0,0,-2.82943,0,0,-5.41221,-0.459049,-0.397972,5.53555,1.74633,-0.919868,4.92936,0,0,-9.57023,0,0,-7.54288,0.120928,3.05847,2.3737,-0.656235,0.0774419,0.404096,-0.0201525,0.688802,-0.0336283,1,0.991484,-0.0669407,0.0564292,-0.0964056,-0.144836,0.0991528,-0.201057,0.366437,-1.48253,0.161784,0.30435,1.6169,-1.80166
0.988949,-0.0246749,-0.0229447,-0.144373,0.988949,-0.0246749,-0.0229447,-0.144373,0.981032,0.0097163,0.173134,0.0866449,0.838449,-0.492591,-0.0100293,-0.23293,0.836564,0.362046,0.1023,-0.398268,0.811925,0,0,0.583762,0.917341,0,0,0.398101,0.972917,0.101847,-0.0937153,-0.185141,0.961375,-0.0093626,0.245703,-0.123693,0.636448,0,0,-0.77132,0.653103,0,0,-0.757269,0.446125,0.0557814,0.161676,0.878477,0.541034,-0.0565235,-0.0246574,0.838737,-0.0894052,0.0770667,0.0968992,-0.102042,0.0568904,-0.140468,0.0231126,0.219347,0.109977,-0.0171473,0.219994,-0.185501,0.00874539,0.463862,0.106786,-0.0410641,0.466427,-0.142113,-0.139517,0.642505,0.0181466,-0.0778499,0.783221,-0.0116254,0.0399089,0.914959,-0.0578749,0.166378,0.879993,0.140855,0.0574479,0.783331,-0.269816,0.27908,0.703374,0.115819,0.120531,0.554069,-0.282483,0.189554,1.06486,-0.113451,-0.271758,-0.188947,-0.457899,-0.271758,-0.188947,-0.457899,-0.429203,-0.454171,0.850923,-8.44789,-0.209949,4.11836,2.82677,-2.11101,8.38051,0,0,-4.47438,0,0,-6.64919,0.64647,-1.02126,4.282,0.740273,-0.239662,3.83539,0,0,-6.28331,0,0,-4.39841,-0.887525,1.58649,2.39438,2.21817,-0.283772,2.35392,0.00457445,0.647353,-0.0359438,1,0.984834,-0.0649884,0.0809673,-0.139007,-0.152635,0.141887,-0.291311,0.389694,-1.15632,0.153169,0.0871649,1.3004,-2.67906
0.989384,-0.0240445,-0.0284984,-0.140461,0.989384,-0.0240445,-0.0284984,-0.140461,0.98275,0.000488012,0.158093,0.0959659,0.764845,-0.621351,-0.0316485,-0.167132,0.848505,0.434103,0.0628288,-0.296051,0.853043,0,0,0.52184,0.948186,0,0,0.317717,0.982759,0.0850897,-0.118606,-0.113479,0.971629,-0.0187153,0.226928,-0.0639624,0.561378,0,0,-0.827559,0.60538,0,0,-0.795936,0.402841,0.0546198,0.17991,0.89575,0.516712,-0.02943,-0.0170406,0.855484,-0.110676,0.0898021,0.0877989,-0.12904,0.0628749,-0.151311,0.0220995,0.20882,0.100293,-0.0318337,0.215478,-0.199863,0.0236608,0.424896,0.101933,-0.041235,0.442859,-0.149832,-0.124181,0.603104,0.023348,-0.0472454,0.737018,-0.00247626,0.0825494,0.857469,-0.047687,0.23469,0.806826,0.138626,0.109283,0.731728,-0.258342,0.331451,0.611245,0.100134,0.180615,0.496518,-0.269876,0.243334,0.994684,-0.104248,0.0381726,-0.334204,0.236846,0.0381726,-0.334204,0.236846,-0.557242,-0.91368,0.559477,-9.25158,-1.42692,3.88442,4.45735,-2.52348,6.57121,0,0,-4.46086,0,0,-5.16754,-1.03166,-1.48331,4.36168,-0.564555,-1.18902,3.64417,0,0,-5.63,0,0,-3.68584,-0.00513795,1.6223,2.61486,1.9093,0.530215,1.83233,0.0295393,0.605233,-0.0342665,1,0.972797,-0.0361877,0.117359,-0.196429,-0.119563,0.215788,-0.411451,0.460087,-1.18204,0.156041,1.68104,1.7464,-3.77876
0.987863,-0.0317258,-0.0322205,-0.148599,0.987863,-0.0317258,-0.0322205,-0.148599,0.98168,-0.000456244,0.147969,0.120038,0.697717,-0.70473,-0.0892166,-0.0926674,0.868502,0.451698,0.0594829,-0.195284,0.877807,0,0,0.479014,0.957185,0,0,0.289476,0.985817,0.0881858,-0.120625,-0.0764041,0.975363,-0.0166282,0.219191,-0.0186106,0.533772,0,0,-0.845629,0.588153,0,0,-0.80875,0.370168,0.0382218,0.193861,0.907707,0.500771,-0.015069,-0.0228709,0.865147,-0.135892,0.0968093,0.0858264,-0.152653,0.0667638,-0.153822,0.00866654,0.197427,0.0967462,-0.0463936,0.211364,-0.203106,0.026881,0.402054,0.100526,-0.0420142,0.431197,-0.149218,-0.109897,0.586445,0.0270937,-0.0174109,0.708877,-0.00300776,0.126001,0.808013,-0.0569678,0.303946,0.751984,0.115608,0.153593,0.671346,-0.258781,0.393357,0.545375,0.0798567,0.233108,0.436045,-0.25755,0.299807,0.921113,-0.125038,-0.463486,-0.225104,-0.494588,-0.463486,-0.225104,-0.494588,-0.0569933,-0.6078,1.45532,-6.62748,-3.90402,4.69808,0.909297,-0.238299,6.45893,0,0,-2.96848,0,0,-1.77845,0.181377,-0.114347,2.24212,0.12769,-0.485395,2.74856,0,0,-1.97974,0,0,-1.28822,-1.19809,1.28439,1.96915,1.02686,-0.431367,1.12826,0.052454,0.57326,-0.0386754,1,0.956622,-0.032512,0.136118,-0.255517,-0.136286,0.246295,-0.538914,0.428526,-0.499757,0.112373,-0.0155795,1.0379,-3.70865
0.985929,-0.0390784,-0.0299489,-0.159748,0.985929,-0.0390784,-0.0299489,-0.159748,0.981676,0.00632547,0.128784,0.14031,0.654566,-0.740049,-0.148377,-0.0430748,0.847941,0.507611,0.118747,-0.096051,0.889828,0,0,0.456296,0.961058,0,0,0.276348,0.986552,0.104807,-0.110341,-0.0596361,0.975463,-0.0066798,0.220028,0.00385525,0.524763,0,0,-0.851249,0.591065,0,0,-0.806624,0.359492,0.0315711,0.201902,0.910497,0.482581,0.00845218,-0.0407962,0.87486,-0.162791,0.108289,0.0839056,-0.179215,0.069923,-0.152684,-0.00846217,0.191759,0.0938975,-0.0641751,0.205828,-0.201862,0.0289822,0.390147,0.100743,-0.0411969,0.424896,-0.144948,-0.0914721,0.583399,0.0307788,0.0141837,0.692152,-0.00609704,0.167458,0.766532,-0.070509,0.363638,0.699654,0.0878014,0.193632,0.622277,-0.281182,0.444425,0.485726,0.0548195,0.282905,0.389768,-0.293708,0.351282,0.850933,-0.150938,-0.444477,0.13568,-0.677872,-0.444477,0.13568,-0.677872,0.409407,-1.15813,1.22377,-3.20915,-4.12681,3.26777,3.74478,3.77532,6.18511,0,0,-1.54219,0,0,-0.821222,1.00044,0.6216,1.01175,0.601868,0.0502285,1.35912,0,0,-0.637113,0,0,0.216281,-0.499479,0.698115,0.571787,1.71084,-1.32376,1.21237,0.0740612,0.549268,-0.0461785,1,0.938129,-0.0397003,0.146516,-0.311241,-0.17198,0.252875,-0.662597,0.552745,-0.0913901,0.110553,-0.744812,0.749768,-3.44559
0.984376,-0.0464965,-0.030999,-0.166974,0.984376,-0.0464965,-0.030999,-0.166974,0.984173,0.00662561,0.116252,0.133587,0.640569,-0.748979,-0.169234,-0.00781298,0.814503,0.55127,0.174934,-0.0456477,0.905448,0,0,0.424457,0.957333,0,0,0.288986,0.987405,0.117561,-0.0985919,-0.0386118,0.975893,-0.00417189,0.217257,0.0203701,0.533255,0,0,-0.845955,0.613794,0,0,-0.789466,0.365954,0.0233412,0.21441,0.905296,0.473752,0.0262358,-0.0535864,0.878635,-0.191871,0.122343,0.0836301,-0.214054,0.0749051,-0.151872,-0.0297902,0.190798,0.0920612,-0.0895279,0.202178,-0.19872,0.0292927,0.387191,0.100766,-0.0422974,0.425761,-0.138789,-0.0683991,0.58993,0.0339782,0.0512706,0.679614,-0.00973864,0.211369,0.724145,-0.0836291,0.409322,0.634162,0.0610801,0.219246,0.571223,-0.301171,0.466019,0.408147,0.0301717,0.295447,0.335744,-0.322446,0.402793,0.770116,-0.176976,-0.448648,-0.0642788,-0.440859,-0.448648,-0.0642788,-0.440859,0.0177837,-0.762435,-0.412624,-0.893217,-1.48341,2.39589,3.18548,3.68789,3.15231,0,0,-2.128,0,0,0.790513,0.766689,0.709814,1.26781,0.151754,-0.169595,0.9989,0,0,0.600412,0,0,1.70873,-0.642187,0.916493,-0.617705,1.30762,-0.950388,0.527098,0.0933038,0.526906,-0.0530472,1,0.909571,-0.0451625,0.157243,-0.381988,-0.21056,0.254276,-0.82221,0.692191,0.195926,0.095981,-0.797871,0.789166,-4.49749
0.979118,-0.0570741,-0.0344239,-0.192058,0.979118,-0.0570741,-0.0344239,-0.192058,0.982585,0.0103287,0.12368,0.13829,0.648214,-0.741948,-0.167404,0.0361711,0.793931,0.575846,0.193861,-0.0222179,0.92821,0,0,0.372057,0.954038,0,0,0.299684,0.984968,0.129826,-0.0936855,-0.0648619,0.975395,-0.0114994,0.220107,-0.0051104,0.57782,0,0,-0.816164,0.663777,0,0,-0.74793,0.378206,0.00886023,0.210505,0.901427,0.470812,0.0539099,-0.0733432,0.877525,-0.23151,0.133561,0.0877765,-0.254427,0.0794513,-0.148398,-0.0642253,0.190823,0.0962707,-0.123055,0.20027,-0.193413,0.0262689,0.393849,0.103851,-0.0435875,0.43544,-0.133044,-0.0381163,0.611079,0.034856,0.091163,0.680789,-0.0146399,0.25237,0.689047,-0.0963799,0.437336,0.570191,0.0372032,0.22586,0.520891,-0.303933,0.45723,0.331332,0.0128771,0.265629,0.276611,-0.309786,0.444057,0.687455,-0.199629,-0.644075,-0.210248,-1.53343,-0.644075,-0.210248,-1.53343,0.223699,0.451995,0.288123,0.636077,0.160156,3.00147,1.85238,1.30557,1.48894,0,0,-3.42828,0,0,0.671655,0.745375,0.29101,-1.58485,-0.443333,0.174652,-1.54129,0,0,3.21674,0,0,3.90005,-1.12069,-0.395126,-0.700819,2.03628,-1.45705,0.00266921,0.107284,0.511371,-0.0570972,1,0.882846,-0.0486328,0.16343,-0.437617,-0.23842,0.248553,-0.95031,0.908484,0.634469,0.0263353,-0.645276,0.518885,-3.63482
0.976196,-0.0633473,-0.0370694,-0.204094,0.976196,-0.0633473,-0.0370694,-0.204094,0.982216,0.0144591,0.136485,0.128117,0.629782,-0.756096,-0.174343,0.0360217,0.781506,0.590251,0.200699,-0.0239329,0.928715,0,0,0.370795,0.952594,0,0,0.304245,0.978964,0.149876,-0.0987909,-0.0969866,0.973593,-0.0300087,0.221796,-0.0449815,0.641348,0,0,-0.76725,0.73493,0,0,-0.678143,0.402775,-0.00383362,0.20718,0.891535,0.486679,0.0870802,-0.0861482,0.864951,-0.275111,0.147479,0.089364,-0.303764,0.0869135,-0.146897,-0.104425,0.199128,0.101713,-0.167361,0.206228,-0.186868,0.0226387,0.410616,0.109391,-0.04835,0.455341,-0.125423,-0.00211869,0.638162,0.0354152,0.133902,0.687896,-0.0185203,0.290587,0.667001,-0.105503,0.460568,0.524421,0.0260875,0.227684,0.497106,-0.305167,0.439329,0.284589,0.0145582,0.225831,0.249955,-0.300963,0.474879,0.626349,-0.214651,-0.382804,-0.162048,-0.739401,-0.382804,-0.162048,-0.739401,0.249381,0.773851,-0.612949,-1.34787,-0.561569,0.00805138,1.10449,0.500663,-0.117725,0,0,-0.0815268,0,0,0.287062,1.22734,-0.319904,-1.94901,-1.12087,0.11033,-2.41373,0,0,4.81189,0,0,5.98235,-0.969895,-0.436499,-1.53986,2.39297,-0.896813,-1.36821,0.118646,0.507687,-0.0584253,1,0.850298,-0.0477407,0.172582,-0.494903,-0.263039,0.248796,-1.08729,1.07993,0.812498,0.0167737,-0.369425,0.613805,-3.92744
0.975567,-0.0676795,-0.04022,-0.205112,0.975567,-0.0676795,-0.04022,-0.205112,0.980584,0.0194338,0.158297,0.114104,0.652684,-0.735134,-0.182819,0.0125817,0.800499,0.558881,0.213487,-0.0357293,0.893744,0,0,0.448577,0.934592,0,0,0.355721,0.96882,0.18297,-0.110688,-0.125134,0.970432,-0.056827,0.220983,-0.0787302,0.727412,0,0,-0.686201,0.819299,0,0,-0.573367,0.45571,-0.0244109,0.188675,0.86956,0.547652,0.112908,-0.0850949,0.824674,-0.324885,0.1574,0.0953693,-0.359426,0.0986614,-0.148517,-0.15187,0.213313,0.112881,-0.21807,0.223174,-0.177101,0.017672,0.435986,0.119335,-0.0547081,0.485066,-0.112816,0.0393647,0.664732,0.0361184,0.179414,0.690588,-0.0236931,0.326328,0.642343,-0.116475,0.480314,0.480037,0.0199074,0.222061,0.481764,-0.310234,0.41714,0.256795,0.0156644,0.185081,0.242267,-0.299816,0.495855,0.566623,-0.231404,-0.262881,-0.191065,-0.0641748,-0.262881,-0.191065,-0.0641748,0.300907,1.32177,-0.842042,1.90186,-0.467591,-1.61844,-2.28575,0.731837,-0.748115,0,0,5.11845,0,0,3.27234,2.03763,-0.741783,-1.72674,-1.62708,-0.034913,-2.04803,0,0,7.09731,0,0,8.07737,-1.51551,-1.74375,-3.23792,1.67093,0.238096,-4.50174,0.128045,0.507078,-0.0590934,1,0.803549,-0.0497585,0.185469,-0.563413,-0.302397,0.244424,-1.26042,1.2445,0.797091,0.0210975,-0.564249,1.00641,-4.90514
0.97516,-0.0733195,-0.0451041,-0.204091,0.97516,-0.0733195,-0.0451041,-0.204091,0.977434,0.0271813,0.181846,0.104,0.68823,-0.704081,-0.174953,0.000584599,0.7942,0.565648,0.221642,-0.0127777,0.881916,0,0,0.471406,0.935475,0,0,0.353393,0.958584,0.216446,-0.135266,-0.126378,0.970897,-0.0954565,0.200732,-0.0891851,0.814918,0,0,-0.579576,0.895971,0,0,-0.444113,0.556148,-0.0775169,0.155787,0.812663,0.679874,0.140117,-0.0718071,0.716227,-0.372747,0.160911,0.112195,-0.408934,0.115228,-0.155327,-0.195878,0.229542,0.132033,-0.258847,0.248957,-0.166798,0.0156967,0.461022,0.131332,-0.0535993,0.517152,-0.0973734,0.0851298,0.678346,0.0359985,0.225056,0.672648,-0.0291039,0.353664,0.593186,-0.127355,0.476774,0.40695,0.01047,0.213172,0.450867,-0.312993,0.369421,0.204711,0.0146576,0.138267,0.22046,-0.297267,0.496985,0.479922,-0.247349,-0.34179,-0.295831,0.060074,-0.34179,-0.295831,0.060074,0.469623,1.43377,-0.603553,2.78136,0.701354,-0.817334,0.519952,0.55778,1.47476,0,0,1.54273,0,0,-0.149382,2.07529,-1.51872,-0.102011,-2.33998,-1.22909,-0.632702,0,0,8.28272,0,0,9.02555,-3.68421,-2.92553,-6.77735,1.41169,1.21222,-10.3787,0.135186,0.493644,-0.0587893,1,0.733203,-0.0425817,0.199673,-0.648638,-0.337307,0.239854,-1.48959,1.37295,0.408433,-0.00359697,-0.332927,0.972624,-6.62305
0.967662,-0.081411,-0.0499076,-0.233479,0.967662,-0.081411,-0.0499076,-0.233479,0.973566,0.0343874,0.195554,0.112896,0.70421,-0.68789,-0.175148,0.0148076,0.784723,0.570677,0.24136,0.016841,0.883378,0,0,0.468661,0.938556,0,0,0.345127,0.931611,0.268976,-0.181933,-0.163259,0.970369,-0.101864,0.181473,-0.12278,0.882493,0,0,-0.470326,0.944988,0,0,-0.327104,0.684372,-0.20104,0.149491,0.684741,0.781597,0.159541,-0.0356177,0.601984,-0.411412,0.148439,0.148818,-0.445878,0.124559,-0.162729,-0.22418,0.224915,0.165478,-0.284016,0.257713,-0.156571,0.0282115,0.451308,0.14621,-0.0389752,0.515772,-0.0817864,0.138152,0.652628,0.034372,0.26895,0.624481,-0.0404399,0.36513,0.518317,-0.147747,0.455717,0.309758,-0.0182123,0.179635,0.404555,-0.315649,0.307048,0.136091,0.000560892,0.0639554,0.191596,-0.291202,0.463873,0.372066,-0.276265,-0.502043,-0.29828,-1.81384,-0.502043,-0.29828,-1.81384,0.43836,0.844163,0.546742,1.37297,0.0596872,0.948687,0.453491,1.32623,1.91385,0,0,-0.186632,0,0,-0.529252,3.34776,-2.94194,-2.33601,-0.389322,-1.1649,-2.03683,0,0,7.71293,0,0,7.61678,-8.02661,-0.982884,-11.5199,0.899139,2.52882,-9.23838,0.139971,0.453503,-0.0616321,1,0.676754,-0.0355074,0.234284,-0.697033,-0.399382,0.270907,-1.65547,1.59066,-0.771549,-0.0487949,0.935275,1.80199,-4.50418
0.96126,-0.0894595,-0.0405066,-0.257555,0.96126,-0.0894595,-0.0405066,-0.257555,0.970307,0.0410545,0.201728,0.126982,0.7103,-0.677212,-0.190654,0.0225374,0.760223,0.590527,0.266364,0.0488802,0.877518,0,0,0.479543,0.941675,0,0,0.336523,0.918711,0.298969,-0.177281,-0.187507,0.962771,-0.0999886,0.214546,-0.130552,0.909518,0,0,-0.415666,0.95423,0,0,-0.299073,0.78993,-0.255129,0.173729,0.529848,0.788735,0.129707,0.0302062,0.600135,-0.429516,0.168371,0.178823,-0.469701,0.167317,-0.162081,-0.227834,0.233479,0.191846,-0.291905,0.277727,-0.149073,0.0544973,0.437705,0.159039,-0.0103202,0.5015,-0.0751369,0.191197,0.61505,0.035136,0.312232,0.566863,-0.043575,0.378636,0.440151,-0.149076,0.437636,0.221714,-0.0130351,0.167266,0.350156,-0.303695,0.26324,0.0793028,0.0220446,0.0217763,0.157164,-0.267504,0.437498,0.270546,-0.272538,-0.499971,0.564883,-1.49431,-0.499971,0.564883,-1.49431,0.406328,0.387203,0.861132,0.818589,-1.00463,0.512182,1.63548,1.77638,2.10244,0,0,0.741614,0,0,-0.549153,1.92375,0.236998,-1.54042,0.0980405,2.03769,-0.491346,0,0,3.65913,0,0,1.77098,-2.96179,1.17005,-11.8159,-1.95514,4.25951,-0.22255,0.15365,0.411764,-0.0556222,1,0.633396,-0.0531585,0.230513,-0.736782,-0.429746,0.21534,-1.76859,1.59136,-1.12733,0.0229188,-1.52653,1.11058,-3.17319
0.960795,-0.0947057,-0.0349369,-0.258232,0.960795,-0.0947057,-0.0349369,-0.258232,0.971918,0.0371754,0.200783,0.116959,0.702002,-0.679608,-0.212885,0.00218949,0.72527,0.625845,0.278164,0.0701869,0.864831,0,0,0.502062,0.9453,0,0,0.326201,0.924579,0.295368,-0.197876,-0.136952,0.968226,-0.0685653,0.224115,-0.0872307,0.858678,0,0,-0.512516,0.913764,0,0,-0.406245,0.746045,-0.168338,0.0229854,0.643857,0.757393,0.0967811,0.0255713,0.645241,-0.378508,0.336687,0.207322,-0.44336,0.350705,-0.140779,-0.171853,0.346321,0.213381,-0.243373,0.403389,-0.146918,0.126097,0.483179,0.172344,0.0675174,0.554983,-0.0836154,0.27563,0.637133,0.0342957,0.383437,0.563538,-0.0437764,0.420469,0.423714,-0.146878,0.441078,0.197336,-0.00304272,0.196936,0.368916,-0.299961,0.247355,0.0933369,0.0428359,0.0208845,0.203047,-0.259056,0.438433,0.242802,-0.267506,-0.31981,0.338227,-0.0435959,-0.31981,0.338227,-0.0435959,-0.236306,-0.0638745,-0.611222,-0.304845,-1.52524,-1.35391,2.85175,1.01292,1.45264,0,0,1.55085,0,0,-0.656377,-0.25908,-1.2455,3.13539,1.91684,0.556253,2.64182,0,0,-6.56624,0,0,-6.87718,5.42588,-9.71189,8.05198,-2.05406,-0.280065,3.40498,0.204953,0.441264,-0.0507865,1,-0.556549,0.0482796,-0.221755,0.799216,-0.42707,0.170489,-1.96208,2.53297,0.662487,-0.0252094,-1.31253,0.315716,-5.81901
0.962571,-0.096329,-0.0389028,-0.250327,0.962571,-0.096329,-0.0389028,-0.250327,0.974949,0.0347234,0.194034,0.103051,0.716378,-0.657914,-0.228158,-0.0435403,0.700913,0.653657,0.26799,0.0981542,0.856016,0,0,0.516949,0.948045,0,0,0.318137,0.926709,0.279944,-0.24493,-0.0533988,0.981832,-0.0447039,0.184036,-0.0117574,0.783255,0,0,-0.6217,0.848001,0,0,-0.529994,0.740032,-0.117585,0.0937655,0.655541,0.76832,0.0663084,0.0483488,0.634784,-0.289702,0.505728,0.216639,-0.358646,0.538957,-0.110433,-0.0938445,0.443837,0.230709,-0.15374,0.520587,-0.137676,0.198371,0.503606,0.187185,0.159885,0.593023,-0.0839785,0.360113,0.637177,0.0422153,0.445326,0.539759,-0.0382542,0.447377,0.399413,-0.147682,0.418675,0.167027,-0.00414097,0.22277,0.398958,-0.300967,0.212375,0.105581,0.0515418,0.0183018,0.2679,-0.261675,0.419474,0.225598,-0.277163,-0.095161,-0.239683,0.489737,-0.095161,-0.239683,0.489737,-0.150663,-0.42082,-0.8488,1.69177,-0.935558,-3.03752,2.24829,-0.506116,1.91208,0,0,1.03805,0,0,-0.511139,-0.962066,-2.88537,5.14558,1.45945,-2.48168,4.58024,0,0,-7.96798,0,0,-8.41517,3.31473,4.66135,0.865385,-2.00997,1.47622,-0.853403,0.256257,0.459863,-0.0459507,1,-0.440063,0.0020267,-0.238324,0.865761,-0.437363,0.207736,-2.24739,2.53449,0.00131523,0.237589,1.11999,-0.308626,-8.50036
0.953654,-0.094817,-0.0324724,-0.283723,0.953654,-0.094817,-0.0324724,-0.283723,0.97897,0.0359596,0.167115,0.111339,0.764891,-0.589772,-0.252916,-0.0560796,0.689067,0.651231,0.28361,0.143701,0.859259,0,0,0.511541,0.940897,0,0,0.338693,0.909641,0.286677,-0.297683,-0.041886,0.986403,-0.0143286,0.162261,0.0217983,0.706643,0,0,-0.707571,0.788551,0,0,-0.614969,0.745959,-0.101603,0.117841,0.647562,0.748303,0.0511817,0.0489302,0.659567,-0.146649,0.665103,0.232723,-0.220269,0.710232,-0.0738831,0.00470839,0.526281,0.250684,-0.0385513,0.625659,-0.120767,0.270933,0.494297,0.205281,0.260832,0.607411,-0.0746602,0.455457,0.599915,0.0552079,0.509147,0.49251,-0.0362755,0.459652,0.371913,-0.155004,0.36,0.149262,-0.0183853,0.24482,0.454051,-0.298408,0.14781,0.139909,0.0501368,0.0149845,0.38023,-0.261646,0.365406,0.231611,-0.29321,0.0743785,0.384718,-2.08149,0.0743785,0.384718,-2.08149,0.0718509,-1.64241,0.492372,5.2394,-1.3377,-0.764747,0.0388962,1.13097,3.08703,0,0,-0.378327,0,0,1.30584,0.518732,-3.35351,0.692864,1.83496,-1.32949,2.02361,0,0,-6.90856,0,0,-6.22519,1.06677,1.56698,-0.62074,-0.959736,0.0619204,1.93804,0.30756,0.467562,-0.0411149,1,-0.324378,-0.0553917,-0.28394,0.900605,-0.518891,0.287942,-2.52709,2.86031,-1.11786,0.389777,3.38463,-0.128614,-7.78186
0.946909,-0.0923701,-0.0173635,-0.307458,0.946909,-0.0923701,-0.0173635,-0.307458,0.981227,0.0601625,0.140296,0.117863,0.805081,-0.504493,-0.306619,-0.0575785,0.693724,0.630307,0.294997,0.185572,0.870227,0,0,0.492651,0.917257,0,0,0.398296,0.911715,0.276805,-0.299739,-0.0480686,0.985293,0.0195892,0.167359,0.0283573,0.655788,0,0,-0.754945,0.746059,0,0,-0.66588,0.723429,-0.131875,0.0722462,0.673825,0.743322,0.0443975,0.063175,0.664463,0.0251508,0.778802,0.244562,-0.0412401,0.858516,-0.0514116,0.108805,0.592371,0.257157,0.0928426,0.714148,-0.109411,0.331745,0.483609,0.210551,0.355019,0.604367,-0.068815,0.537767,0.542561,0.062053,0.5578,0.429706,-0.0344367,0.468402,0.339174,-0.154641,0.30254,0.149064,-0.0159265,0.292286,0.489433,-0.295218,0.092431,0.177395,0.0623443,0.0573925,0.474582,-0.25923,0.326411,0.243646,-0.28955,0.136151,0.918369,-1.48969,0.136151,0.918369,-1.48969,1.45968,-1.62697,0.388789,6.04601,-3.2055,-0.0422159,-1.48098,0.7283,2.78746,0,0,-1.31064,0,0,3.84785,-0.623162,-0.113827,-0.380403,2.04478,0.311052,0.395967,0,0,-4.17095,0,0,-3.97956,-2.06227,-2.95293,2.10555,-0.439564,0.942308,0.403382,0.358863,0.464361,-0.0362791,1,-0.199999,-0.0977961,-0.294517,0.929352,-0.561872,0.304253,-2.80608,2.46931,-1.72061,0.205355,1.32445,0.129372,-7.99199
0.94828,-0.087206,-0.0026786,-0.30521,0.94828,-0.087206,-0.0026786,-0.30521,0.980772,0.101617,0.0407895,0.161542,0.810427,-0.422329,-0.398305,-0.0787367,0.71917,0.610479,0.273586,0.187776,0.872715,0,0,0.48823,0.900422,0,0,0.435018,0.926219,0.249949,-0.281893,-0.0134013,0.985232,0.0528511,0.155445,0.0485919,0.607439,0,0,-0.794366,0.709192,0,0,-0.705015,0.709118,-0.155311,0.0284499,0.687183,0.73764,0.0358208,0.0756341,0.669988,0.225928,0.835438,0.253916,0.189529,0.953013,-0.0348207,0.229477,0.631657,0.256917,0.250923,0.767257,-0.0956561,0.391453,0.469952,0.209184,0.448403,0.582212,-0.0602349,0.603711,0.472201,0.0664201,0.582893,0.36003,-0.0309951,0.467558,0.305658,-0.151226,0.245294,0.163798,-0.00717491,0.359532,0.506591,-0.293673,0.0413823,0.217707,0.0757597,0.137673,0.569463,-0.255306,0.306279,0.254488,-0.285272,0.31794,0.897099,0.146035,0.31794,0.897099,0.146035,2.50392,-6.00766,2.63875,5.33052,-5.83898,-1.3491,-1.72857,-1.6137,0.0244876,0,0,-0.304371,0,0,2.42403,-1.73797,1.19081,2.14765,2.00562,-0.718153,1.22012,0,0,-3.7436,0,0,-3.22632,-1.60883,-2.89006,1.13575,-0.558635,0.829618,0.458206,0.410166,0.45026,-0.0314433,1,-0.0347049,-0.135193,-0.279898,0.949829,-0.574573,0.279888,-3.15174,1.97832,-2.11081,0.131012,0.242872,0.784211,-10.2596
0.95742,-0.0540789,0.0226571,-0.282681,0.95742,-0.0540789,0.0226571,-0.282681,0.985382,0.0650927,0.0216525,0.155937,0.738953,-0.405532,-0.527374,-0.106624,0.777346,0.561758,0.262502,0.10609,0.869953,0,0,0.493135,0.881854,0,0,0.471522,0.929428,0.212566,-0.291703,0.0767341,0.986512,0.0498596,0.112608,0.107835,0.548851,0,0,-0.83592,0.673299,0,0,-0.73937,0.702488,-0.161102,0.0296696,0.692587,0.747016,0.0102852,0.0805021,0.659834,0.445721,0.809685,0.269241,0.452428,0.95538,-0.00552973,0.366781,0.622359,0.262413,0.431034,0.762399,-0.0731885,0.456193,0.438571,0.208912,0.547109,0.531903,-0.049796,0.654684,0.385904,0.0684636,0.5846,0.291601,-0.0271891,0.452823,0.278283,-0.144533,0.183097,0.230897,0.00949196,0.459158,0.491605,-0.317151,-0.00724342,0.329178,0.0812842,0.31341,0.666933,-0.29587,0.282299,0.283254,-0.278193,2.03289,1.5426,1.42922,2.03289,1.5426,1.42922,-2.21173,-1.15766,-0.353033,0.374929,-9.18662,-1.97223,-4.04232,-1.114,-5.57164,0,0,0.337734,0,0,2.45746,-2.31432,-0.583697,5.53996,-0.181668,-2.58591,3.56939,0,0,-4.31065,0,0,-2.98137,-0.413195,0.0862918,0.478259,-1.68438,0.30183,-0.823029,0.461469,0.42526,-0.0266076,1,0.186715,-0.182144,-0.250877,0.932213,-0.585641,0.248458,-3.6122,1.52919,-2.58892,0.0613052,0.540492,0.846827,-13.7259
0.973409,-0.00626439,0.0556167,-0.222131,0.973409,-0.00626439,0.0556167,-0.222131,0.980662,0.0491779,-0.0257794,0.187668,0.653274,-0.418568,-0.613117,-0.14873,0.836768,0.503846,0.209259,-0.0465746,0.887196,0,0,0.461394,0.864883,0,0,0.501974,0.906982,0.211206,-0.318322,0.177331,0.974444,0.0324615,0.0842758,0.205675,0.479779,0,0,-0.877389,0.627216,0,0,-0.778845,0.693734,-0.148901,0.0409176,0.703483,0.746338,-0.0262893,0.106608,0.656447,0.65374,0.690704,0.292164,0.717209,0.852241,0.0443557,0.499956,0.559659,0.278101,0.618561,0.69446,-0.0430866,0.512628,0.386085,0.216219,0.64062,0.454088,-0.0395406,0.681881,0.290705,0.0695422,0.573625,0.244014,-0.0299158,0.438066,0.274601,-0.144446,0.172334,0.341175,0.021226,0.55165,0.426402,-0.339432,0.0109696,0.489183,0.0927912,0.549749,0.650913,-0.332633,0.27085,0.317981,-0.273663,2.91236,1.98784,3.75851,2.91236,1.98784,3.75851,-0.954862,-2.86233,1.93118,-1.79175,-7.01226,-3.10378,-4.46228,-3.74751,-9.84155,0,0,-2.16743,0,0,2.09179,0.0177997,-1.78858,6.26707,-1.04064,-1.68693,5.94737,0,0,-4.83516,0,0,-3.64131,0.780733,0.760249,0.887384,-2.40098,1.71522,-0.21122,0.512772,0.389359,-0.0217718,1,0.432629,-0.226878,-0.246125,0.837127,-0.664972,0.167675,-4.15361,0.81591,-2.85595,0.0323575,3.39239,0.216208,-15.7333
0.975817,-0.00719802,0.0570214,-0.210897,0.975817,-0.00719802,0.0570214,-0.210897,0.974004,0.0786562,-0.00293085,0.212417,0.641179,-0.433073,-0.613327,-0.158645,0.832123,0.492437,0.14673,-0.208681,0.912312,0,0,0.409496,0.930752,0,0,0.365651,0.920727,0.17988,-0.316926,0.139508,0.971171,-0.00174143,0.160586,0.176169,0.409307,0,0,-0.912397,0.562089,0,0,-0.827077,0.71228,-0.136316,0.0492172,0.68677,0.764861,-0.0509638,0.105794,0.633402,0.825343,0.476598,0.313097,0.961599,0.636234,0.109536,0.623563,0.450275,0.300841,0.808541,0.575862,-0.0164556,0.564112,0.326606,0.223287,0.723522,0.379659,-0.0494432,0.680738,0.19525,0.0525726,0.560708,0.199018,-0.0448516,0.438367,0.282267,-0.148257,0.208314,0.407642,0.0359893,0.617213,0.378619,-0.317155,0.0933823,0.58647,0.140379,0.778245,0.553093,-0.272611,0.284783,0.382828,-0.258694,-0.0561661,0.0822333,0.690445,-0.0561661,0.0822333,0.690445,1.79086,1.37942,1.52336,-1.13006,-0.216483,-0.727118,-0.671839,-3.95457,-10.315,0,0,-3.45984,0,0,-9.09287,-1.99315,0.179933,-2.38362,-2.06996,4.62877,-1.77382,0,0,-4.72249,0,0,-4.86382,0.908459,0.532385,-1.44888,-1.59666,-0.101695,-1.80193,0.564075,0.342558,-0.016936,1,0.586772,-0.216708,-0.249315,0.739309,-0.672827,0.0278499,-4.49308,-0.0342869,-2.86366,-0.509088,3.98931,1.3805,-10.1444
0.966167,0.0105949,0.0777689,-0.245684,0.966167,0.0105949,0.0777689,-0.245684,0.978254,0.0870572,0.0810609,0.169908,0.665504,-0.458133,-0.57434,-0.131725,0.781259,0.489299,0.0614278,-0.382685,0.926698,0,0,0.375807,0.96923,0,0,0.246157,0.960497,0.0905565,-0.262374,-0.0201206,0.957581,0.0211719,0.286941,0.015983,0.369599,0,0,-0.929191,0.529233,0,0,-0.848477,0.757964,-0.109088,0.0848486,0.637488,0.750226,-0.103128,0.091038,0.646712,0.912258,0.244857,0.314705,1.12615,0.373521,0.127812,0.724623,0.332748,0.312023,0.975924,0.421731,-0.0054648,0.628709,0.276621,0.223058,0.813859,0.309969,-0.0578904,0.677358,0.124805,0.0295477,0.557084,0.155862,-0.0603604,0.451083,0.275978,-0.140326,0.293952,0.436864,0.0847298,0.636547,0.296132,-0.311618,0.258662,0.631863,0.22105,0.88386,0.308304,-0.267699,0.323242,0.434622,-0.211636,1.07836,1.27035,-2.15275,1.07836,1.27035,-2.15275,0.500928,5.07661,-2.58761,-1.41198,3.04509,1.92797,0.385982,-5.35174,-11.5248,0,0,-2.19802,0,0,-7.53709,-5.58127,3.58151,-9.82234,1.39409,7.73525,-9.70011,0,0,-2.58705,0,0,-2.35283,1.93601,2.27258,-4.00858,-3.43793,-0.929255,1.10047,0.615378,0.284857,-0.0121002,1,0.639549,-0.194153,-0.262931,0.695808,-0.663132,-0.0661766,-4.60539,-0.101415,-2.11334,-0.690746,2.73749,0.745615,-3.36121
0.9661,0.0374649,0.080616,-0.242382,0.9661,0.0374649,0.080616,-0.242382,0.975809,0.0812617,0.157328,0.128224,0.691449,-0.499723,-0.508681,-0.115839,0.737401,0.405105,-3.9572e-05,-0.54049,0.933906,0,0,0.357519,0.975153,0,0,0.221531,0.963034,0.0330982,-0.207783,-0.168217,0.935247,0.060061,0.310514,-0.15902,0.36877,0,0,-0.929521,0.592206,0,0,-0.805786,0.722993,0.0350359,0.0996592,0.682732,0.726776,-0.17157,0.0731924,0.661062,0.959745,0.102424,0.322078,1.25577,0.178414,0.13176,0.825955,0.255766,0.314939,1.11722,0.273305,0.0131299,0.716589,0.243554,0.22514,0.901764,0.224263,-0.0428231,0.69678,0.073538,0.0311957,0.576244,0.108206,-0.0570707,0.472264,0.231287,-0.135228,0.371849,0.421441,0.0924327,0.620518,0.180734,-0.316736,0.399192,0.630451,0.212085,0.851749,0.0818019,-0.289268,0.353836,0.401646,-0.199878,1.63069,0.172894,0.200095,1.63069,0.172894,0.200095,-0.346221,4.61732,-2.51289,-2.47412,4.79661,1.15556,-5.01943,-3.98297,-10.8072,0,0,-1.17946,0,0,-1.51977,-3.49536,3.33011,-8.99588,2.39493,1.5796,-10.7254,0,0,-0.0535314,0,0,4.56589,9.45107,1.05511,3.5535,-4.58737,-1.12693,1.32852,0.666682,0.218393,-0.00726446,1,0.663404,-0.22732,-0.224358,0.676672,-0.650108,0.00996237,-4.69594,0.582674,-1.53801,0.0494395,-2.30466,0.249094,-2.70433
0.965604,0.0451879,0.0776504,-0.244004,0.965604,0.0451879,0.0776504,-0.244004,0.971938,0.0887484,0.162406,0.145208,0.694333,-0.520863,-0.483908,-0.111521,0.707674,0.379989,-0.0327335,-0.594757,0.939527,0,0,0.342474,0.9754,0,0,0.220443,0.965341,0.0335216,-0.16768,-0.197169,0.927677,0.0446513,0.305329,-0.210227,0.400883,0,0,-0.916129,0.670924,0,0,-0.741526,0.705059,0.0761327,0.132224,0.69254,0.698391,-0.224744,0.0644362,0.676452,0.994317,0.0942508,0.335194,1.32939,0.13227,0.144105,0.889812,0.265846,0.312636,1.18925,0.230039,0.0319817,0.767188,0.269849,0.218934,0.939369,0.208585,-0.0294731,0.702672,0.0984775,0.0377,0.586355,0.14727,-0.049339,0.498214,0.282509,-0.126561,0.440204,0.488274,0.0991062,0.618215,0.196,-0.307414,0.512444,0.691808,0.21228,0.812439,0.0365713,-0.27739,0.399917,0.465658,-0.187738,0.469146,-0.179184,-0.100929,0.469146,-0.179184,-0.100929,0.459875,0.319994,1.03881,-1.37822,1.69745,0.297945,-1.36773,-2.17838,-4.0236,0,0,-0.963698,0,0,-0.0669092,0.02413,2.44428,-1.74949,-0.937921,-0.269129,-3.1741,0,0,2.08773,0,0,6.09959,2.75707,2.21767,0.967466,-3.68044,-0.532288,1.50986,0.699982,0.242339,0.00017227,1,0.707199,-0.250076,-0.190963,0.633139,-0.638716,0.0465852,-4.83819,0.176755,0.748186,0.195129,-1.07927,0.401531,-4.27662
0.964115,0.0464038,0.0747542,-0.250482,0.964115,0.0464038,0.0747542,-0.250482,0.971891,0.0871468,0.159375,0.149774,0.684076,-0.538591,-0.480105,-0.10705,0.696386,0.417399,-0.050616,-0.581604,0.943334,0,0,0.331844,0.962977,0,0,0.269583,0.968721,0.0294318,-0.145169,-0.199094,0.920677,0.00732414,0.301665,-0.247584,0.438545,0,0,-0.898709,0.740854,0,0,-0.671666,0.690923,0.0488986,0.0951621,0.714967,0.649537,-0.349401,0.11067,0.666162,1.03011,0.126478,0.350211,1.38321,0.111853,0.152535,0.944559,0.303872,0.309698,1.24096,0.213616,0.046786,0.80796,0.31947,0.211668,0.963813,0.219849,-0.019872,0.706841,0.154586,0.0444184,0.596003,0.218611,-0.0393597,0.528037,0.365397,-0.115158,0.511832,0.580866,0.107584,0.630827,0.262541,-0.30001,0.621429,0.771906,0.214467,0.804071,0.0857778,-0.265734,0.458265,0.561427,-0.175183,0.0752265,-0.173501,-0.400899,0.0752265,-0.173501,-0.400899,-0.0969263,-0.183427,0.27666,-1.33197,0.125762,0.270654,2.6145,-1.20627,0.706442,0,0,-0.677465,0,0,3.04147,-0.250307,1.37652,-0.103012,-2.29414,-0.180374,-2.33394,0,0,2.4899,0,0,5.93322,-1.79845,-2.43694,1.75831,-8.78924,3.23526,0.176751,0.731618,0.298156,0.00775356,1,0.751626,-0.260527,-0.150406,0.586993,-0.606541,0.0798423,-4.98213,0.125079,1.68326,0.201552,-0.789591,1.14162,-4.37832
0.965483,0.0557176,0.0780205,-0.242181,0.965483,0.0557176,0.0780205,-0.242181,0.970504,0.083275,0.169754,0.14957,0.674692,-0.569685,-0.461377,-0.0859153,0.689239,0.452165,-0.0612248,-0.562803,0.947154,0,0,0.320781,0.963194,0,0,0.268807,0.975055,0.057962,-0.119651,-0.177741,0.918425,-0.0320073,0.329174,-0.217063,0.479021,0,0,-0.877803,0.763511,0,0,-0.645794,0.68369,-0.0147443,0.082653,0.724927,0.64503,-0.371688,0.0713272,0.66385,1.06818,0.16104,0.357206,1.39617,0.110378,0.164017,0.989985,0.338687,0.30685,1.25706,0.208707,0.0506353,0.836138,0.364595,0.208513,0.972365,0.236727,-0.0164532,0.709904,0.212735,0.0536171,0.609505,0.292302,-0.030471,0.559989,0.447357,-0.104779,0.585126,0.664875,0.11132,0.648475,0.336896,-0.294913,0.731116,0.840477,0.20223,0.804994,0.144079,-0.266899,0.514136,0.651177,-0.162117,0.564037,0.196158,0.510944,0.564037,0.196158,0.510944,-0.232141,0.633441,-0.00810113,-2.23216,1.14484,1.39988,2.41093,-0.721368,1.15323,0,0,-0.70223,0,0,-0.0483604,1.72238,1.56278,1.31774,-2.42588,1.71147,1.87082,0,0,2.73364,0,0,2.06355,-4.27089,-0.823211,0.805532,-1.56491,-2.6731,-0.0760674,0.758276,0.354949,0.0133632,1,0.793309,-0.275044,-0.133582,0.526467,-0.617246,0.0777374,-5.13618,0.0918831,1.74446,0.275962,-0.0494711,-0.322879,-4.59615
0.968942,0.0584945,0.0670668,-0.230719,0.968942,0.0584945,0.0670668,-0.230719,0.967102,0.083839,0.182663,0.155945,0.664442,-0.604485,-0.43806,-0.0348951,0.69561,0.439338,-0.0569898,-0.565563,0.949342,0,0,0.314245,0.963,0,0,0.269502,0.972932,0.0766935,-0.145308,-0.1625,0.929038,-0.066856,0.30513,-0.198277,0.514276,0,0,-0.857625,0.769908,0,0,-0.638155,0.67618,-0.0703772,0.0737888,0.729645,0.633066,-0.35497,0.103994,0.680006,1.10707,0.189201,0.352535,1.39093,0.114845,0.163681,1.03045,0.36737,0.302741,1.257,0.215421,0.0484015,0.861414,0.405395,0.20695,0.971746,0.259558,-0.0184611,0.713137,0.266095,0.0580997,0.620178,0.357206,-0.0235505,0.58361,0.515965,-0.0986798,0.645543,0.738506,0.096812,0.653294,0.394813,-0.288971,0.820323,0.903745,0.150098,0.792353,0.188869,-0.262781,0.553393,0.722146,-0.157097,0.164401,-0.669652,0.712114,0.164401,-0.669652,0.712114,0.0400283,0.795001,0.3972,-2.51403,1.45391,3.43385,-0.933886,0.293678,-0.0911476,0,0,-0.413557,0,0,0.0433108,1.13665,-1.55864,0.915079,-2.13459,-1.55211,1.20361,0,0,2.43743,0,0,0.597792,-3.75544,-0.581508,0.462048,1.02499,2.26502,1.3268,0.777221,0.4051,0.013913,1,0.830117,-0.284295,-0.0853111,0.472021,-0.590801,0.127092,-5.28785,0.096978,1.60079,0.134477,-0.922347,1.40352,-4.63017
0.971557,0.0502817,0.0614238,-0.223104,0.971557,0.0502817,0.0614238,-0.223104,0.968055,0.0855612,0.164056,0.16922,0.659363,-0.620015,-0.425191,0.00592581,0.700321,0.445833,-0.0568704,-0.554571,0.946726,0,0,0.322039,0.965431,0,0,0.260659,0.974428,0.111712,-0.136318,-0.139382,0.939823,-0.110562,0.294703,-0.132884,0.538105,0,0,-0.842878,0.753574,0,0,-0.657363,0.659197,-0.0908496,0.0675517,0.743399,0.631804,-0.352777,0.135457,0.676774,1.13285,0.159441,0.331346,1.37218,0.113951,0.164531,1.06233,0.341455,0.292335,1.24482,0.215247,0.0426634,0.882383,0.399157,0.207516,0.9663,0.261726,-0.0234626,0.717224,0.283172,0.0618626,0.637566,0.388463,-0.0174255,0.62015,0.551853,-0.0904425,0.705409,0.768375,0.0969486,0.684466,0.426766,-0.280218,0.899396,0.915103,0.131587,0.805403,0.208981,-0.253888,0.610008,0.759926,-0.147207,-0.500626,-0.345419,0.473649,-0.500626,-0.345419,0.473649,0.102805,-1.132,0.80201,-1.13701,0.814049,2.76701,0.380236,0.0149497,0.803661,0,0,0.493305,0,0,-0.550246,2.11688,0.548466,1.40404,-2.66108,-0.707921,4.04933,0,0,1.68139,0,0,-1.51289,-1.42214,-0.390034,1.26521,0.138194,2.16363,-0.19813,0.799552,0.421533,0.0157143,1,0.866492,-0.275039,-0.0741139,0.409942,-0.57038,0.0972146,-5.42791,0.122631,0.512325,0.112888,1.08313,-0.0529382,-4.26962
0.971467,0.047232,0.056668,-0.225412,0.971467,0.047232,0.056668,-0.225412,0.971704,0.0782329,0.121055,0.187127,0.661988,-0.623576,-0.414459,0.0338915,0.707311,0.462545,-0.062184,-0.530939,0.938049,0,0,0.346504,0.970424,0,0,0.241406,0.977002,0.118627,-0.13092,-0.119397,0.95386,-0.122522,0.266507,-0.0641375,0.553997,0,0,-0.832518,0.717657,0,0,-0.696397,0.715603,-0.149901,0.0224477,0.681864,0.682774,-0.297818,0.130053,0.654378,1.1438,0.112656,0.318406,1.34367,0.103893,0.146204,1.08563,0.305486,0.284438,1.22343,0.214637,0.0220098,0.902736,0.383338,0.207216,0.957967,0.26637,-0.0339784,0.723429,0.292021,0.0649638,0.658334,0.410682,-0.00839798,0.663754,0.577839,-0.0742442,0.779212,0.773972,0.11494,0.719591,0.454274,-0.267215,0.992637,0.88905,0.136719,0.81825,0.223363,-0.248732,0.678582,0.786648,-0.124788,-0.184649,-0.287984,-0.14025,-0.184649,-0.287984,-0.14025,-0.450294,-2.61693,1.07203,-0.197755,0.75792,1.8965,1.03315,-0.343817,1.67496,0,0,1.55751,0,0,-1.19344,0.412235,0.333574,1.21564,-0.696408,-1.80467,4.2284,0,0,1.13829,0,0,-3.18301,-3.78807,-3.09602,-5.18771,4.18298,-0.549956,-2.43817,0.823899,0.428974,0.0199889,1,0.899068,-0.256827,-0.0571515,0.349928,-0.527416,0.0770524,-5.56165,0.186144,0.26548,0.0930352,1.33521,0.48473,-4.12389
0.96833,0.046892,0.0553325,-0.238905,0.96833,0.046892,0.0553325,-0.238905,0.968959,0.0782649,0.0735318,0.222679,0.685063,-0.615703,-0.385879,0.0519284,0.725573,0.473452,-0.0650184,-0.495136,0.930143,0,0,0.367197,0.981899,0,0,0.189407,0.989761,0.0847565,-0.0959813,-0.0630666,0.956714,-0.117519,0.265638,0.0179808,0.529062,0,0,-0.848583,0.667077,0,0,-0.744989,0.685228,-0.132177,0.0594555,0.713763,0.741759,-0.190177,0.113495,0.633044,1.1222,0.0923032,0.309466,1.30571,0.0856598,0.116115,1.08437,0.287143,0.273873,1.19703,0.212466,-0.00650508,0.914857,0.373491,0.201164,0.951119,0.274539,-0.0463891,0.732808,0.299721,0.0688499,0.687264,0.431615,0.00502567,0.722927,0.599958,-0.0448452,0.865717,0.750018,0.161105,0.777118,0.48593,-0.242074,1.09705,0.814549,0.185603,0.84505,0.240418,-0.243142,0.769093,0.806224,-0.0766669,-0.0175837,-0.0773431,-0.832709,-0.0175837,-0.0773431,-0.832709,0.0063447,-2.87448,2.16599,0.911698,2.17528,1.1916,0.506083,-0.158566,2.61669,0,0,1.32918,0,0,-3.19537,-2.06988,2.13734,3.42231,0.311863,-0.0686585,5.00324,0,0,-1.77981,0,0,-4.20923,1.07332,2.50505,2.68071,7.52929,-1.28557,-2.39239,0.852922,0.434934,0.0303637,1,0.928873,-0.226111,-0.0634381,0.286434,-0.473978,0.01168,-5.68778,0.281362,0.230991,0.116583,2.46842,-0.570986,-3.85251
0.965613,0.0303414,0.0423119,-0.254717,0.965613,0.0303414,0.0423119,-0.254717,0.9649,0.0824008,0.0473503,0.244819,0.732554,-0.592314,-0.331593,0.0507535,0.733773,0.481751,-0.0451988,-0.476917,0.929117,0,0,0.369785,0.988604,0,0,0.150538,0.992427,0.0787283,-0.0752157,-0.0568586,0.96119,-0.0764921,0.257084,0.0645816,0.51595,0,0,-0.856619,0.629389,0,0,-0.777091,0.671368,-0.100384,0.061849,0.731685,0.788383,-0.110479,0.107158,0.595621,1.10559,0.0594379,0.301224,1.27842,0.0627008,0.0873205,1.08961,0.256327,0.269076,1.18153,0.210619,-0.0253003,0.932394,0.35777,0.202424,0.951801,0.283886,-0.048461,0.744712,0.304175,0.0738264,0.71373,0.441288,0.0136541,0.772401,0.603653,-0.0319075,0.920518,0.721463,0.182807,0.834468,0.480651,-0.225453,1.15835,0.736285,0.219823,0.878684,0.228092,-0.231222,0.843339,0.801717,-0.0620665,-1.00196,-0.787227,-0.973053,-1.00196,-0.787227,-0.973053,0.25762,-1.58341,1.36276,2.29547,4.05389,-0.140956,0.449529,1.32084,1.30418,0,0,0.166997,0,0,-2.36673,-0.367162,1.25425,0.376813,2.50481,-0.544541,2.83113,0,0,-0.922703,0,0,-2.97068,2.10004,0.183559,1.47293,5.36713,-0.538775,-3.13933,0.879401,0.429828,0.0360806,1,0.944014,-0.210934,-0.064725,0.245263,-0.444575,-0.018735,-5.77057,0.35712,0.133625,0.149294,1.23051,-0.311925,-2.48042
0.964092,0.00674861,0.0206957,-0.264674,0.964092,0.00674861,0.0206957,-0.264674,0.954412,0.101193,0.0345725,0.278679,0.765632,-0.581618,-0.272217,0.0377742,0.734868,0.476675,-0.0689698,-0.477487,0.933832,0,0,0.357711,0.993601,0,0,0.11295,0.992567,0.084906,-0.0716938,-0.0496182,0.966086,-0.0668216,0.235816,0.0812642,0.515766,0,0,-0.85673,0.623014,0,0,-0.782211,0.660166,-0.0231546,0.00851597,0.750714,0.791305,-0.102788,0.138245,0.586651,1.09119,0.044483,0.293531,1.26075,0.0490627,0.0796579,1.09458,0.241141,0.265513,1.17918,0.213484,-0.0218636,0.947386,0.360567,0.20641,0.957992,0.303997,-0.0414392,0.755408,0.33147,0.0784256,0.741894,0.472508,0.0218696,0.823813,0.624573,-0.0217518,0.96886,0.715397,0.198057,0.88051,0.48331,-0.197666,1.20149,0.675561,0.25316,0.878946,0.225847,-0.185565,0.916636,0.810585,-0.0527003,-1.43181,-1.3114,-0.612644,-1.43181,-1.3114,-0.612644,1.16282,-0.768274,2.11607,1.18253,4.14166,-0.887534,-0.347934,-1.56616,-0.0244559,0,0,-0.777723,0,0,-2.27526,0.371366,0.212046,0.435663,0.594594,-1.31664,1.00591,0,0,-0.0128895,0,0,-0.490578,5.21217,-3.60165,1.51117,0.504232,1.99941,-0.620592,0.905481,0.441184,0.04488,1,0.960407,-0.194437,-0.0578056,0.190977,-0.406964,-0.0367763,-5.88302,0.320884,0.818856,0.137976,1.25163,0.0113081,-3.34154
0.96398,-0.00742715,0.0106581,-0.265657,0.96398,-0.00742715,0.0106581,-0.265657,0.950624,0.108464,0.0421915,0.287697,0.756521,-0.608217,-0.240156,0.0085101,0.719368,0.490867,-0.0925563,-0.482692,0.934756,0,0,0.35529,0.995326,0,0,0.0965689,0.99383,0.0887279,-0.0621516,-0.0237982,0.966751,-0.0916538,0.22193,0.0879737,0.520379,0,0,-0.853935,0.640409,0,0,-0.768034,0.639693,0.0190945,-0.00172176,0.768391,0.743091,-0.197487,0.236616,0.593993,1.07266,0.0580552,0.283438,1.24413,0.0491199,0.0877861,1.09259,0.25282,0.261495,1.18206,0.224062,-0.0047201,0.95524,0.388988,0.209317,0.965127,0.338074,-0.0310639,0.764588,0.385329,0.0832052,0.772803,0.528939,0.0325258,0.877372,0.667948,-0.00570185,1.02013,0.728822,0.220591,0.917165,0.518572,-0.176726,1.23316,0.63454,0.288317,0.868057,0.26541,-0.163965,0.995658,0.838772,-0.0319619,-0.860892,-0.609549,-0.0603299,-0.860892,-0.609549,-0.0603299,0.451579,0.467538,0.572107,-1.86941,2.03598,-1.90542,1.12813,-1.5915,-0.532349,0,0,-0.155459,0,0,-0.988339,0.22763,0.575537,1.55366,-1.50576,-0.84575,0.40598,0,0,0.323606,0,0,1.34643,2.87846,-0.695887,1.6276,-6.34551,6.62853,1.17198,0.930937,0.475234,0.0565708,1,0.97572,-0.17457,-0.0580868,0.118834,-0.363329,-0.0719251,-6.02758,0.275407,1.61576,0.143389,1.57841,-0.577642,-4.26461
0.963629,-0.0158914,0.00873879,-0.266628,0.963629,-0.0158914,0.00873879,-0.266628,0.955555,0.112461,0.0664076,0.264304,0.739801,-0.633356,-0.225775,-0.0240585,0.72888,0.480122,-0.0589111,-0.484506,0.927069,0,0,0.374891,0.995654,0,0,0.0931255,0.993211,0.105875,-0.0473213,-0.00916432,0.968311,-0.0911893,0.209172,0.101519,0.531635,0,0,-0.846974,0.654276,0,0,-0.756256,0.608659,0.0176261,0.014555,0.793102,0.660801,-0.247,0.226489,0.671592,1.05236,0.0805898,0.275429,1.22911,0.0665675,0.0963855,1.08658,0.271493,0.260681,1.18052,0.244366,0.0129689,0.959807,0.425181,0.213875,0.970473,0.379782,-0.0179134,0.773861,0.444729,0.0882706,0.803067,0.586186,0.0394995,0.927184,0.708827,0.00414794,1.06433,0.748205,0.237378,0.954295,0.551161,-0.168521,1.24718,0.612604,0.31534,0.876614,0.30487,-0.164569,1.07337,0.859128,-0.0174955,-0.514156,-0.116496,-0.0609049,-0.514156,-0.116496,-0.0609049,0.232299,1.47056,-1.45423,-1.90669,0.846888,-2.13994,-0.828514,2.24587,-0.00353145,0,0,1.26331,0,0,-0.207543,1.03226,0.891063,0.879728,0.0311065,-0.780768,0.81857,0,0,0.794101,0,0,1.09162,-0.0852416,1.12651,2.37731,-3.78076,-0.183163,6.53141,0.954353,0.512753,0.0653596,1,0.981679,-0.172115,-0.0643756,0.0503827,-0.353812,-0.109266,-6.16108,0.27818,1.78199,0.151962,0.489943,-1.0477,-3.97859
0.962039,-0.0224532,0.00412836,-0.271954,0.962039,-0.0224532,0.00412836,-0.271954,0.962686,0.102634,0.111194,0.224359,0.732785,-0.638696,-0.226508,-0.061554,0.735703,0.476874,-0.064527,-0.476622,0.913481,0,0,0.40688,0.99662,0,0,0.082148,0.992461,0.111353,-0.0508673,-0.00586435,0.973256,-0.0735225,0.180833,0.121103,0.547628,0,0,-0.836722,0.65789,0,0,-0.753114,0.576863,0.016261,0.0266762,0.816243,0.670751,-0.21712,0.200406,0.680286,1.03385,0.0649738,0.267703,1.21142,0.0574452,0.0869051,1.08062,0.250951,0.258859,1.173,0.242548,0.0149391,0.965157,0.422181,0.216601,0.971318,0.393527,-0.0104257,0.782497,0.465773,0.0920168,0.828974,0.603291,0.0462758,0.968601,0.707896,0.0123082,1.10161,0.728265,0.252726,0.974609,0.547116,-0.15679,1.25069,0.564463,0.337421,0.863349,0.313869,-0.149408,1.14148,0.831167,-0.0067863,-0.39929,-0.279894,-0.332416,-0.39929,-0.279894,-0.332416,-0.613593,2.71134,-2.46588,-0.46372,-0.0880606,-2.47855,-0.29651,-0.360068,0.602859,0,0,2.0854,0,0,-0.661196,0.331113,-0.214011,0.198359,1.07879,-1.73687,1.17539,0,0,1.13978,0,0,0.287367,-0.0797364,0.864404,2.35005,2.08554,-1.82345,0.408743,0.972356,0.513002,0.071718,1,0.985381,-0.162178,-0.0514335,-0.00876819,-0.326212,-0.104397,-6.28379,0.259094,0.631327,0.112384,0.813395,0.195915,-3.59275
0.961873,-0.0401012,-0.0126322,-0.270247,0.961873,-0.0401012,-0.0126322,-0.270247,0.965043,0.0968732,0.144128,0.1963,0.74152,-0.625678,-0.217702,-0.106211,0.764804,0.441496,-0.0655347,-0.464609,0.902647,0,0,0.430382,0.996667,0,0,0.0815831,0.994089,0.091226,-0.0585915,-0.00558934,0.975978,-0.0910218,0.159633,0.117047,0.565442,0,0,-0.824788,0.671791,0,0,-0.740741,0.556365,0.0214909,0.0400652,0.829693,0.687472,-0.194175,0.186522,0.674454,1.01893,0.0510937,0.25668,1.19617,0.0466691,0.076945,1.07511,0.23291,0.251982,1.16698,0.236984,0.0124738,0.969675,0.419555,0.214305,0.97242,0.405839,-0.0094693,0.790467,0.488083,0.0945137,0.849028,0.623092,0.055753,0.997265,0.715057,0.0217861,1.12242,0.727935,0.267826,0.987569,0.550863,-0.136266,1.2415,0.550175,0.363409,0.858192,0.32859,-0.109808,1.1844,0.817849,0.000126388,-1.07262,-1.0186,0.102832,-1.07262,-1.0186,0.102832,-0.35474,1.994,-1.71436,0.99594,0.628728,-2.92366,-2.64998,-0.0192206,1.12652,0,0,1.55279,0,0,-0.0340052,-1.21365,-0.4627,0.0167252,-1.05437,-1.29229,-0.252055,0,0,1.28656,0,0,1.11663,0.380226,0.964355,1.44651,1.63684,-1.02096,-0.692444,0.984538,0.518204,0.0776702,1,0.98955,-0.12866,-0.0336123,-0.0557432,-0.254444,-0.0809544,-6.38537,0.239095,0.669299,0.074907,2.17793,0.592134,-2.84682
0.961353,-0.0527004,-0.0216358,-0.269362,0.961353,-0.0527004,-0.0216358,-0.269362,0.967365,0.0834475,0.183759,0.15321,0.748616,-0.614357,-0.204039,-0.143202,0.805909,0.399191,-0.0366784,-0.435673,0.901406,0,0,0.432974,0.994999,0,0,0.0998886,0.995065,0.0820322,-0.0492165,-0.026359,0.977296,-0.102852,0.15944,0.0943061,0.593338,0,0,-0.804953,0.692919,0,0,-0.721015,0.541762,0.031669,0.055104,0.838126,0.688977,-0.170217,0.179589,0.681238,1.00534,0.0486894,0.246531,1.1823,0.0435705,0.0703661,1.06821,0.227141,0.24382,1.16118,0.236173,0.0109385,0.972003,0.431669,0.211115,0.974582,0.425751,-0.00800675,0.798124,0.524074,0.0975751,0.864783,0.65622,0.0624218,1.01822,0.738744,0.0276442,1.13547,0.748154,0.277007,1.00432,0.567851,-0.121916,1.22951,0.562724,0.384419,0.880212,0.345743,-0.0784697,1.2165,0.822108,0.00284428,-0.766273,-0.547417,0.0509024,-0.766273,-0.547417,0.0509024,-0.819042,2.39715,-2.62325,0.852955,0.934646,-2.40767,-3.15154,1.91747,2.31594,0,0,0.172413,0,0,1.10289,-0.554324,0.564575,-1.24812,-0.712785,-0.01595,-1.37803,0,0,2.05386,0,0,1.73436,0.734716,1.08925,0.965082,1.61554,-0.472656,0.428688,0.994298,0.536846,0.0815244,1,0.989782,-0.11006,-0.0266253,-0.0866547,-0.215472,-0.0718427,-6.45007,0.229712,1.07973,0.0918438,1.19208,0.114503,-1.85138
0.96297,-0.0593454,-0.029666,-0.261316,0.96297,-0.0593454,-0.029666,-0.261316,0.965303,0.0634028,0.231396,0.103088,0.751324,-0.607342,-0.188112,-0.176812,0.819227,0.398203,-0.00502533,-0.412645,0.903183,0,0,0.429255,0.991362,0,0,0.131156,0.995878,0.0674292,-0.0428166,-0.0429702,0.978917,-0.116226,0.149933,0.0757106,0.627466,0,0,-0.778644,0.719907,0,0,-0.694071,0.528229,0.0323115,0.0724205,0.845391,0.688638,-0.152241,0.175247,0.686942,0.991528,0.04871,0.239884,1.16974,0.0452752,0.0651268,1.05815,0.224632,0.236261,1.15328,0.239453,0.0108175,0.970701,0.447734,0.206235,0.972924,0.449096,-0.00603209,0.804558,0.562775,0.0998888,0.879367,0.691664,0.0679291,1.03636,0.76746,0.0320145,1.1478,0.772687,0.282752,1.0214,0.591358,-0.119765,1.22105,0.581891,0.397686,0.909969,0.364131,-0.0740401,1.24221,0.833705,0.0027092,-0.40194,-0.487126,0.497758,-0.40194,-0.487126,0.497758,-1.21325,2.89952,-3.03609,0.500893,1.0573,-2.19282,-0.187575,2.03403,1.60723,0,0,-0.247301,0,0,1.88877,-0.878727,0.385325,-0.997619,-0.804726,-0.579724,-1.12675,0,0,2.58566,0,0,2.28825,0.0591241,1.26385,0.866606,1.20511,-0.28986,0.388956,1.00208,0.559484,0.0832125,1,0.988013,-0.093082,-0.0157497,-0.122143,-0.181339,-0.0538865,-6.52429,0.193027,1.16103,0.0694087,1.11015,0.320503,-2.16205
0.965505,-0.0555485,-0.0279948,-0.252844,0.965505,-0.0555485,-0.0279948,-0.252844,0.965391,0.0528061,0.241424,0.0833382,0.75015,-0.600502,-0.180395,-0.210069,0.832614,0.379448,0.00482684,-0.403422,0.907536,0,0,0.419974,0.985191,0,0,0.171458,0.995164,0.055179,-0.0392661,-0.0711502,0.981922,-0.120379,0.138247,0.0471853,0.661831,0,0,-0.749653,0.746942,0,0,-0.664889,0.521731,0.0288902,0.0892245,0.847939,0.694162,-0.137453,0.174404,0.684711,0.980311,0.049305,0.235024,1.15987,0.0478261,0.0594609,1.0487,0.223941,0.229919,1.14627,0.243961,0.0110223,0.969513,0.464419,0.201939,0.971515,0.471775,-0.00289154,0.810554,0.599362,0.102267,0.889231,0.726939,0.0725328,1.04685,0.802021,0.0356641,1.15579,0.79769,0.28749,1.02904,0.631547,-0.12194,1.21729,0.602274,0.403831,0.929412,0.400802,-0.0755173,1.2539,0.864443,0.00266321,0.233566,0.102987,0.527893,0.233566,0.102987,0.527893,-0.643357,0.608325,-1.19907,0.430735,0.500441,-2.18535,-1.31591,0.628048,0.71428,0,0,-0.615092,0,0,2.44649,-0.735231,0.212757,-1.69414,-0.243594,-0.714578,-1.72653,0,0,2.6979,0,0,2.38699,-0.23943,1.22225,0.35241,1.01243,-0.0817669,-0.248585,1.00633,0.585577,0.0843753,1,0.986473,-0.0811315,-0.00220134,-0.142422,-0.160185,-0.0274564,-6.56775,0.179866,1.09762,0.0713421,0.81839,0.60094,-1.27795
0.967331,-0.0531392,-0.0280731,-0.246291,0.967331,-0.0531392,-0.0280731,-0.246291,0.966168,0.0453044,0.242955,0.0737503,0.754942,-0.582242,-0.174718,-0.246029,0.844531,0.357512,0.0210572,-0.398133,0.9129,0,0,0.408184,0.979395,0,0,0.201953,0.991276,0.0538559,-0.0410353,-0.113078,0.983733,-0.119431,0.13398,0.00740539,0.695981,0,0,-0.71806,0.771309,0,0,-0.63646,0.521715,0.0295569,0.0920421,0.847625,0.693798,-0.123607,0.172358,0.688229,0.970818,0.0471881,0.231825,1.15153,0.0483195,0.0548375,1.03931,0.2218,0.227595,1.14039,0.245603,0.0117611,0.968337,0.478776,0.201656,0.9723,0.489988,0.000449639,0.817014,0.631397,0.104363,0.895816,0.759551,0.0759862,1.05228,0.837541,0.0386493,1.1548,0.831698,0.292949,1.03691,0.669808,-0.123657,1.20792,0.63676,0.416787,0.952396,0.434165,-0.0801407,1.2583,0.902748,0.00308506,0.14824,-0.00369644,0.407016,0.14824,-0.00369644,0.407016,-0.456094,0.0890771,-0.58318,1.26595,0.392867,-2.32828,-1.49242,1.02633,0.444883,0,0,-0.777153,0,0,1.86252,-0.0753011,-0.109528,-2.52859,0.0615897,-0.262531,-2.40155,0,0,2.7916,0,0,2.2467,0.0479311,0.202548,-0.022128,0.926267,-0.135392,0.242121,1.00869,0.610971,0.0861199,1,0.98642,-0.0735958,0.00610877,-0.146706,-0.147526,-0.0095424,-6.57777,0.193812,0.961029,0.0628706,0.51736,0.406616,-0.293482
0.969283,-0.0533099,-0.0277999,-0.238488,0.969283,-0.0533099,-0.0277999,-0.238488,0.966814,0.0365775,0.245381,0.0609904,0.761864,-0.556477,-0.1715,-0.283696,0.850435,0.333844,0.0416002,-0.404446,0.917739,0,0,0.397183,0.970549,0,0,0.240903,0.984402,0.0556747,-0.0449067,-0.160738,0.981779,-0.122628,0.139806,-0.039068,0.729878,0,0,-0.683577,0.794108,0,0,-0.607777,0.525481,0.032925,0.0827937,0.846127,0.692571,-0.111073,0.171179,0.691886,0.96249,0.0447178,0.228648,1.14367,0.0486782,0.0501015,1.02929,0.220363,0.227342,1.135,0.246775,0.0117644,0.965956,0.492992,0.203609,0.974765,0.506832,0.00256221,0.823839,0.661809,0.10588,0.900657,0.792098,0.0802571,1.05464,0.876256,0.044323,1.1472,0.872389,0.302076,1.04419,0.71201,-0.124618,1.19406,0.680345,0.435017,0.976259,0.472266,-0.0882884,1.25857,0.948152,0.00803787,-0.0082222,0.0176826,0.482886,-0.0082222,0.0176826,0.482886,-0.530085,0.143963,-0.775159,1.78065,0.239758,-2.4166,-1.54328,1.29514,-0.345513,0,0,-0.721114,0,0,2.39667,0.117176,-0.239198,-2.89024,-0.197708,0.357015,-2.80517,0,0,2.9015,0,0,2.19855,0.238254,-0.674329,-0.206,0.836022,-0.0735136,0.267144,1.00968,0.637861,0.0891041,1,0.987783,-0.0636984,0.00437381,-0.142158,-0.127434,-0.00946983,-6.56845,0.204729,0.912364,0.0455327,0.578204,-0.170224,0.285221
0.971105,-0.05404,-0.0267666,-0.230909,0.971105,-0.05404,-0.0267666,-0.230909,0.968668,0.0281759,0.242212,0.047134,0.766907,-0.525944,-0.178483,-0.321527,0.855217,0.297016,0.0684797,-0.419162,0.919131,0,0,0.393952,0.957626,0,0,0.288016,0.971316,0.0500143,-0.0527271,-0.226416,0.974149,-0.132526,0.151208,-0.102987,0.765136,0,0,-0.643869,0.815868,0,0,-0.578239,0.5308,0.0279431,0.0723175,0.843943,0.696829,-0.092498,0.168252,0.69106,0.956411,0.04157,0.227537,1.13837,0.0506413,0.0458994,1.01995,0.218869,0.228463,1.13154,0.249474,0.0105904,0.964253,0.507044,0.204863,0.979725,0.524173,0.00232509,0.831065,0.692362,0.105834,0.900931,0.827575,0.0844789,1.04893,0.923549,0.0515206,1.13087,0.924003,0.313589,1.04706,0.765727,-0.126208,1.17911,0.737647,0.454533,1.00243,0.522445,-0.102354,1.24774,1.00952,0.0161638,-0.0422438,0.0636403,0.468092,-0.0422438,0.0636403,0.468092,-0.510815,-0.201502,-0.842496,2.05763,-0.433773,-2.42956,-2.35903,1.69092,-0.884482,0,0,-0.21106,0,0,2.93149,-0.328079,-0.485726,-4.02159,-0.618089,0.71183,-3.87457,0,0,3.1865,0,0,2.20137,-0.362055,-0.763549,-0.294601,1.25519,-0.214799,-0.132034,1.00791,0.669533,0.0921,1,0.99167,-0.0494245,-0.00139999,-0.118933,-0.0978591,-0.0145336,-6.5212,0.216775,0.916599,-0.00137804,0.817782,-0.37625,1.42814
0.97428,-0.0522922,-0.0253772,-0.217716,0.97428,-0.0522922,-0.0253772,-0.217716,0.970373,0.0216467,0.237782,0.0369864,0.782351,-0.475995,-0.173142,-0.362461,0.850976,0.256382,0.099285,-0.447493,0.916613,0,0,0.399776,0.942875,0,0,0.333146,0.956267,0.0500945,-0.0586123,-0.28215,0.965542,-0.13608,0.167798,-0.145099,0.799251,0,0,-0.600997,0.829707,0,0,-0.558199,0.539154,0.0206103,0.0600475,0.839811,0.712642,-0.0544419,0.168945,0.678701,0.949464,0.0377235,0.227881,1.1328,0.0567897,0.0366855,1.00863,0.217203,0.230242,1.12782,0.257048,0.00423341,0.960178,0.52002,0.206607,0.983532,0.541853,0.000276925,0.837611,0.719073,0.106056,0.901684,0.858072,0.0874453,1.04276,0.965695,0.0571549,1.10851,0.967637,0.320479,1.04625,0.815989,-0.129695,1.15398,0.783397,0.464007,1.01919,0.572932,-0.121633,1.23444,1.06735,0.023207,0.109286,0.0858225,0.813444,0.109286,0.0858225,0.813444,-0.396658,-0.276954,-0.616586,3.43192,0.412626,-2.53112,-2.5384,1.95254,-1.82983,0,0,0.380678,0,0,2.84901,0.0203848,-0.374692,-3.46387,-0.239089,1.03366,-2.57437,0,0,3.28776,0,0,1.46126,-0.530229,-0.893749,-0.509808,2.56852,-0.0226146,-1.10388,1.00448,0.69836,0.09345,1,0.993721,-0.0420067,-0.00816082,-0.103382,-0.0819154,-0.0249072,-6.48949,0.196398,0.801319,0.00663753,0.397916,-0.408941,0.960633
0.977924,-0.0503209,-0.0255096,-0.201202,0.977924,-0.0503209,-0.0255096,-0.201202,0.971778,0.0127791,0.234526,0.0219581,0.795907,-0.416031,-0.170304,-0.40552,0.840558,0.21502,0.13265,-0.4792,0.911667,0,0,0.41093,0.927503,0,0,0.373817,0.938604,0.0464894,-0.0723146,-0.334114,0.957801,-0.134672,0.176901,-0.182174,0.830996,0,0,-0.556278,0.840199,0,0,-0.542279,0.549489,0.0117696,0.0490958,0.833974,0.740332,0.0108585,0.162101,0.652314,0.942644,0.0344726,0.228469,1.12704,0.0659653,0.0202837,0.99703,0.216297,0.231196,1.12413,0.268822,-0.00792559,0.955986,0.532503,0.20683,0.987092,0.561648,-0.00398243,0.844007,0.744563,0.105747,0.901784,0.887343,0.0906994,1.03387,1.0075,0.0631672,1.08378,1.00776,0.325497,1.04049,0.86872,-0.133622,1.12832,0.824358,0.468282,1.0299,0.62849,-0.145046,1.21601,1.12583,0.0299186,0.123041,-0.00611381,1.01437,0.123041,-0.00611381,1.01437,-0.537739,-0.20403,-0.911344,4.01873,0.239014,-2.65765,-2.56188,2.13911,-2.11642,0,0,0.732074,0,0,2.60895,-0.202381,-0.860997,-3.28725,0.0639508,0.580784,-2.27947,0,0,3.29086,0,0,1.14402,-0.634354,-0.796606,-0.676708,4.33494,-0.568634,-2.21166,0.999588,0.727326,0.0935938,1,0.995551,-0.0300983,-0.00915616,-0.088814,-0.0583518,-0.0235793,-6.46045,0.191879,0.764692,-0.00926854,0.701363,-0.0956036,0.888343
0.981265,-0.0481932,-0.025381,-0.184802,0.981265,-0.0481932,-0.025381,-0.184802,0.97396,0.00684841,0.226242,0.0130291,0.798737,-0.35789,-0.184052,-0.447278,0.825254,0.172768,0.168237,-0.510689,0.903078,0,0,0.429476,0.913815,0,0,0.406131,0.917678,0.040928,-0.0842366,-0.38613,0.950722,-0.114997,0.180398,-0.224409,0.859468,0,0,-0.511189,0.848907,0,0,-0.528541,0.559244,0.00276064,0.0422165,0.827923,0.767362,0.108901,0.130095,0.618362,0.935644,0.0372672,0.228688,1.11625,0.0778487,-0.00359872,0.985372,0.221222,0.23103,1.11819,0.284176,-0.0243339,0.952244,0.549331,0.205808,0.991696,0.584921,-0.00789573,0.850897,0.773024,0.105131,0.901391,0.919428,0.0937115,1.0228,1.05185,0.0695381,1.05749,1.05176,0.331851,1.03154,0.924994,-0.136183,1.10379,0.873242,0.476603,1.03464,0.690008,-0.168454,1.19274,1.1877,0.0384346,0.131882,0.00949433,1.00382,0.131882,0.00949433,1.00382,-0.359532,-0.511849,-0.541416,3.77101,-0.873665,-2.66115,-2.61829,2.31565,-2.17633,0,0,1.22634,0,0,2.10577,-0.32252,-0.767706,-3.35781,1.18047,0.239304,-2.60332,0,0,3.19994,0,0,0.975925,-0.640681,-0.500922,-0.671206,6.37864,-2.1928,-2.64642,0.993549,0.759908,0.0935035,1,0.99721,-0.0185662,-0.0110989,-0.071448,-0.0354611,-0.0247915,-6.4258,0.20669,0.853841,-0.0184678,0.672,-0.145238,1.05609
0.984303,-0.0434794,-0.0233829,-0.169439,0.984303,-0.0434794,-0.0233829,-0.169439,0.976731,0.00216263,0.214172,0.0110557,0.81649,-0.293235,-0.189105,-0.459996,0.807628,0.123377,0.211953,-0.536274,0.894177,0,0,0.447714,0.906164,0,0,0.422926,0.894711,0.0388084,-0.084144,-0.436927,0.941825,-0.0810775,0.185103,-0.268567,0.885567,0,0,-0.464511,0.855455,0,0,-0.517876,0.569453,-0.00216426,0.0381047,0.821137,0.777733,0.122659,0.129611,0.602733,0.927848,0.0416181,0.229734,1.09644,0.0881311,-0.0306482,0.972805,0.227639,0.230716,1.10825,0.295934,-0.038945,0.947841,0.566508,0.204721,0.99641,0.604149,-0.00950622,0.858148,0.799306,0.104495,0.901537,0.948574,0.0945988,1.01194,1.09149,0.0735759,1.0366,1.08532,0.331559,1.02296,0.975309,-0.139171,1.09432,0.909302,0.471496,1.03517,0.746777,-0.193607,1.16824,1.24347,0.0456865,0.287286,0.122082,0.93806,0.287286,0.122082,0.93806,-0.283735,-0.742689,-0.120071,4.28487,-0.246355,-0.626797,-3.09841,2.87445,-1.85181,0,0,1.21768,0,0,1.10734,-0.111539,-0.0360225,-3.35103,2.05421,0.321457,-2.74377,0,0,3.20912,0,0,0.750894,-0.347708,-0.302357,-0.728046,0.865262,-0.064107,-1.16959,0.987565,0.788932,0.0921572,1,0.998199,-0.0166619,-0.0185395,-0.0545746,-0.0312689,-0.0388406,-6.39182,0.217548,0.788476,-0.0190806,0.071911,-0.433922,1.02343
0.987322,-0.0392232,-0.0211005,-0.152354,0.987322,-0.0392232,-0.0211005,-0.152354,0.978886,-0.00310591,0.20433,0.00467801,0.827728,-0.24133,-0.203379,-0.463965,0.786397,0.0747423,0.258489,-0.556037,0.888006,0,0,0.459831,0.90402,0,0,0.427491,0.870453,0.0312883,-0.0752892,-0.485453,0.927403,-0.0441293,0.188333,-0.320166,0.908693,0,0,-0.417466,0.865407,0,0,-0.50107,0.580481,-0.00637941,0.0397468,0.813278,0.768234,0.0682633,0.120504,0.625008,0.919883,0.036388,0.230959,1.074,0.0862007,-0.0600245,0.9601,0.224383,0.229758,1.09464,0.29234,-0.0533084,0.943325,0.572598,0.202587,0.999953,0.60869,-0.0101625,0.865816,0.812942,0.103636,0.901803,0.964713,0.0947809,0.999692,1.11749,0.0766824,1.01722,1.10829,0.332374,1.01413,1.0108,-0.141398,1.08904,0.940591,0.473372,1.03364,0.789455,-0.216929,1.1406,1.28434,0.0518049,0.259116,0.138954,1.03977,0.259116,0.138954,1.03977,-0.318451,-0.604118,-0.385861,3.38293,-0.859965,-0.132843,-3.08324,3.11642,-1.54828,0,0,0.815861,0,0,0.302597,-0.451016,0.510517,-3.27768,2.24749,0.254939,-3.2548,0,0,3.14567,0,0,1.17191,-0.294825,0.102828,-0.816122,-3.5136,-0.563151,1.58922,0.980892,0.805139,0.0906663,1,0.99868,-0.016527,-0.0304597,-0.0379081,-0.0307653,-0.062132,-6.35811,0.230033,0.409079,-0.0257621,-0.0490151,-0.697218,1.0119
0.989778,-0.0342903,-0.0192385,-0.13709,0.989778,-0.0342903,-0.0192385,-0.13709,0.980236,-0.00488898,0.197764,0.00164298,0.833123,-0.199114,-0.233477,-0.460161,0.759703,0.0435764,0.307707,-0.5712,0.889275,0,0,0.457374,0.904942,0,0,0.425535,0.844333,0.0234167,-0.0629788,-0.531589,0.906874,-0.00692099,0.188016,-0.37707,0.929229,0,0,-0.369505,0.881607,0,0,-0.471984,0.591676,-0.00713935,0.0446817,0.804905,0.766297,0.0133316,0.0955035,0.635209,0.911422,0.0347886,0.231875,1.05149,0.0830138,-0.0896116,0.946945,0.224596,0.228205,1.07806,0.287321,-0.0682422,0.938716,0.580965,0.200034,1.00047,0.612503,-0.0105164,0.873675,0.827494,0.102779,0.902781,0.981132,0.0940822,0.98852,1.14177,0.0781146,1.00096,1.13317,0.335045,1.00533,1.04458,-0.14687,1.08297,0.978855,0.485959,1.02862,0.831978,-0.244089,1.11389,1.32097,0.0561671,0.298928,0.113145,0.926549,0.298928,0.113145,0.926549,-0.10761,-0.402139,-0.18344,2.71398,-1.88828,0.29951,-1.98743,3.3823,-1.35032,0,0,-0.165933,0,0,-0.12973,-0.480041,0.735238,-3.20683,2.2851,0.0631144,-3.66502,0,0,3.13071,0,0,1.99768,-0.0509654,0.3315,-0.847851,-3.57612,-1.62334,0.694204,0.974104,0.821413,0.0886633,1,0.998725,-0.018854,-0.0410437,-0.0225675,-0.0359387,-0.0829288,-6.32688,0.235768,0.436548,-0.025722,-0.191513,-0.613654,0.925619
0.99188,-0.0295511,-0.0184224,-0.122313,0.99188,-0.0295511,-0.0184224,-0.122313,0.980625,-0.00607852,0.195789,0.00179594,0.843295,-0.1503,-0.250536,-0.451104,0.735402,0.00965423,0.344683,-0.583339,0.895163,0,0,0.445738,0.90879,0,0,0.417254,0.816989,0.0176795,-0.05403,-0.573844,0.881183,0.0255623,0.185641,-0.434051,0.947117,0,0,-0.320888,0.900333,0,0,-0.435202,0.603486,-0.00961267,0.0476943,0.795888,0.766775,-0.0332577,0.0821418,0.635769,0.902854,0.0370525,0.233706,1.02904,0.0820392,-0.117991,0.933439,0.22861,0.227604,1.05919,0.284148,-0.0829922,0.933719,0.591871,0.198101,0.998239,0.617598,-0.0113679,0.881449,0.843256,0.101858,0.904235,0.998273,0.0928365,0.978031,1.16527,0.0782126,0.98743,1.15477,0.333451,0.996263,1.07486,-0.149122,1.07745,1.00981,0.491237,1.02024,0.868083,-0.260141,1.08735,1.35492,0.058331,0.286575,0.0499152,0.894788,0.286575,0.0499152,0.894788,-0.0717983,-0.120835,0.00922469,3.13845,-1.02628,0.680839,-2.21001,2.62308,-1.14463,0,0,-0.782435,0,0,-0.547936,-0.352145,0.532611,-3.0371,2.02618,-0.0430356,-3.77244,0,0,3.10856,0,0,2.47663,-0.169354,0.194117,-0.898319,-3.03536,-0.871603,0.0290602,0.967074,0.837812,0.0863664,1,0.998468,-0.021996,-0.0499391,-0.00913397,-0.0432431,-0.100295,-6.29931,0.233208,0.472861,-0.0276245,-0.233706,-0.514244,0.807001
0.993928,-0.0238623,-0.0174703,-0.105983,0.993928,-0.0238623,-0.0174703,-0.105983,0.980668,-0.00681791,0.195528,-0.00366492,0.844744,-0.112791,-0.267018,-0.449874,0.72382,0.045259,0.319332,-0.60997,0.881974,0,0,0.471297,0.90255,0,0,0.430585,0.794279,0.0145458,-0.0511858,-0.605218,0.854279,0.0464761,0.185849,-0.483226,0.961349,0,0,-0.275334,0.918585,0,0,-0.395224,0.615536,-0.0179005,0.0456143,0.786584,0.760238,-0.0627411,0.0782557,0.641855,0.8939,0.0396926,0.236373,1.00631,0.0809847,-0.14209,0.919603,0.232875,0.228032,1.03789,0.280348,-0.0963247,0.927594,0.60139,0.1967,0.993299,0.621025,-0.0132558,0.888714,0.856219,0.100408,0.907246,1.01214,0.0915739,0.970336,1.18403,0.0791428,0.973748,1.17084,0.333339,0.995569,1.09888,-0.149352,1.07066,1.03882,0.493427,1.03478,0.893451,-0.255015,1.06535,1.38153,0.0625572,0.343241,0.0580007,0.986872,0.343241,0.0580007,0.986872,-0.044646,-0.0159449,-0.329781,2.37976,-1.03525,0.0927583,2.36043,-1.57795,-1.93377,0,0,1.72572,0,0,0.883207,-0.192625,0.154515,-2.3301,1.33491,0.124546,-3.36328,0,0,2.86378,0,0,2.63704,-0.569472,-0.159996,-0.914196,-1.93082,-0.240666,0.499075,0.961384,0.850928,0.0851153,1,0.997832,-0.0240845,-0.0611628,-0.00334793,-0.0480335,-0.122528,-6.28695,0.217962,0.388901,-0.0434893,-0.149451,-0.665538,0.354846
0.995374,-0.0146698,-0.0150072,-0.0937524,0.995374,-0.0146698,-0.0150072,-0.0937524,0.980811,-0.00749985,0.194815,0.00102496,0.845,-0.0930568,-0.291033,-0.438879,0.715771,0.101854,0.273423,-0.634458,0.846775,0,0,0.531952,0.895031,0,0,0.446003,0.767859,0.00956439,-0.0492091,-0.638655,0.820402,0.056596,0.19092,-0.535991,0.972694,0,0,-0.232092,0.935984,0,0,-0.352044,0.626691,-0.0276546,0.0429894,0.777589,0.758131,-0.0595248,0.0746884,0.64507,0.885517,0.0464343,0.219172,0.983906,0.0825405,-0.180548,0.906849,0.240954,0.208258,1.01575,0.279994,-0.128042,0.92265,0.613405,0.174676,0.988025,0.627192,-0.036333,0.896208,0.870714,0.0781183,0.909171,1.02745,0.0698353,0.961023,1.20356,0.0614445,0.960248,1.18684,0.317858,0.996029,1.12664,-0.169066,1.0679,1.07916,0.476604,1.05448,0.923548,-0.265692,1.0398,1.40849,0.0510034,0.553092,0.148523,0.738022,0.553092,0.148523,0.738022,-0.0411606,-0.0436387,0.283217,1.24993,-1.51871,0.698679,3.76836,-2.98387,-1.75154,0,0,4.20856,0,0,1.0292,-0.31515,0.0961782,-2.56231,0.68244,0.468082,-3.74516,0,0,2.68253,0,0,2.79352,-0.66545,-0.194804,-0.864104,0.206967,-0.229113,0.243344,0.955443,0.866249,0.0645917,1,0.996877,-0.0262549,-0.0740218,0.00828305,-0.0541881,-0.147682,-6.26256,0.224805,0.434823,-0.668704,-0.176595,-0.756163,0.706807
0.996154,-0.00894509,-0.0137082,-0.0860747,0.996154,-0.00894509,-0.0137082,-0.0860747,0.980146,-0.00770706,0.197792,0.011549,0.850652,-0.0998866,-0.285262,-0.430163,0.680569,0.188734,0.191879,-0.68146,0.783821,0,0,0.620987,0.930342,0,0,0.366693,0.745812,-0.00176444,-0.0445344,-0.664664,0.787072,0.0531047,0.193613,-0.583276,0.980847,0,0,-0.194782,0.952315,0,0,-0.305116,0.63552,-0.0305444,0.045383,0.770144,0.766598,-0.0438108,0.0868242,0.63472,0.877563,0.0592175,0.191395,0.960865,0.0872785,-0.219551,0.895361,0.254634,0.177592,0.992252,0.284478,-0.163666,0.918223,0.629616,0.14125,0.980616,0.638262,-0.0688397,0.90296,0.888739,0.0450491,0.912221,1.0459,0.0376308,0.956577,1.22432,0.032552,0.955116,1.20386,0.288973,0.993538,1.15498,-0.199712,1.07543,1.12209,0.431675,1.03325,0.935348,-0.291858,1.02317,1.43369,0.0269597,0.344155,0.0782777,0.462723,0.344155,0.0782777,0.462723,-0.012617,0.182461,0.635667,-0.419554,0.40195,0.606979,5.94323,-5.24085,-3.74488,0,0,6.54589,0,0,-5.21058,-0.738711,0.280269,-2.05429,-0.181246,0.324256,-3.47878,0,0,2.2916,0,0,2.98159,-0.191341,0.153573,-0.700451,1.03615,0.775203,-0.808044,0.950282,0.883893,0.0331314,1,0.995812,-0.0259043,-0.0861954,0.0160727,-0.0552015,-0.171678,-6.24616,0.202557,0.540772,-0.992078,-0.00925366,-0.720444,0.487199
