0.998692,0.0444442,-0.0113228,-0.0226116,0.998692,0.0444442,-0.0113228,-0.0226116,1,0,0,0,0.578931,-0.265526,-0.0812855,-0.766634,0.677133,0.334878,0.0759072,-0.650834,0.779533,0,0,0.626361,0.772175,0,0,0.63541,0.951286,0.037891,0.0528704,-0.301371,0.759907,0.0133113,0.0958179,-0.642793,0.918258,0,0,-0.395982,0.7593,0,0,-0.650741,0.559522,0.000964494,-0.00279732,0.82881,0.731572,0.0851117,-0.132081,0.663411,0.120501,0.0421073,0.0557536,-0.510523,0.352363,-0.017973,0.13612,0.232075,0.056223,-0.308632,0.365498,-0.0498547,0.0800533,0.580862,0.0642269,-0.0755984,0.541214,-0.0642135,0,0.803422,0,0.0634191,0.947571,-0.0128028,0.14533,1.11273,-0.00995735,0.08336,1.07587,0.223121,0.158054,1.06851,-0.25377,0.0655,0.88193,0.279213,0.21159,0.881066,-0.301865,0.24636,1.30757,0.00195738,0,0,0,0,0,0,0,0,0,0,0,0,0,0,0,0,0,0,0,0,0,0,0,0,0,0,0,0,0,0,0,0,0,0,0,0,0,0,0,0.0513656,0.808619,-0.00426654,1,0.978884,-0.0616831,0.012256,-0.194502,-0.125861,-5.53669e-07,-0.392286,0,0,0,0,0,0
0.998772,0.0428609,-0.00231119,-0.024733,0.998772,0.0428609,-0.00231119,-0.024733,1,0,0,0,0.6918,-0.304183,-0.0552452,-0.652559,0.610294,0.343486,0.0236218,-0.713443,0.769513,0,0,0.638631,0.863405,0,0,0.504511,0.942496,0.0365291,0.0967308,-0.317821,0.838504,0.017042,0.127952,-0.529386,0.893944,0,0,-0.448179,0.658335,0,0,-0.752725,0.492395,0.00449076,-0.01736,0.870187,0.703501,0.091186,-0.153904,0.687812,0.124636,0.0396667,0.0573203,-0.312524,0.334661,-0.0396827,0.171345,0.219146,0.0573148,-0.111876,0.342487,-0.0666177,0.15615,0.562717,0.0654164,0.0712454,0.517585,-0.06918,0.0932359,0.787069,0,0.160545,0.929307,-0.014275,0.246489,1.09243,-0.0130627,0.210929,1.04053,0.218819,0.248861,1.04659,-0.253999,0.251602,0.84965,0.262988,0.238467,0.831347,-0.316032,0.352139,1.28491,-0.00308286,-0.0951036,0.540938,-0.127298,-0.0951036,0.540938,-0.127298,0,0,0,-1.76449,1.99893,10.0355,1.2085,-3.4822,-5.52611,0,0,0.950455,0,0,-9.58344,-0.0763622,2.69296,-1.06165,0.211944,1.86065,8.39306,0,0,-3.45539,0,0,-8.61793,0.258683,-1.06585,4.72512,0.466315,-1.55098,2.10339,0.155958,0.787743,-0.00807127,1,0.97512,-0.0765189,-0.0340879,-0.205243,-0.136312,-0.0980464,-0.408205,2.79708,-0.490579,0,-1.43462,-2.58684,-0.492527
0.998876,0.0386234,0.00148464,-0.0274207,0.998876,0.0386234,0.00148464,-0.0274207,1,0,0,0,0.788521,-0.342629,-0.0464628,-0.508607,0.522618,0.392115,-0.0601839,-0.754648,0.746309,0,0,0.6656,0.92976,0,0,0.368165,0.925324,0.0192975,0.114365,-0.361003,0.913014,0.0350654,0.124675,-0.386822,0.89603,0,0,-0.443994,0.607659,0,0,-0.794198,0.440201,0.00273603,-0.0139237,0.897787,0.66855,0.0831247,-0.157667,0.721992,0.127761,0.0397787,0.0594891,-0.101336,0.2899,-0.0614501,0.19427,0.208774,0.059039,0.0934446,0.330859,-0.0776288,0.221489,0.552444,0.0654027,0.221165,0.526648,-0.0701029,0.186184,0.785901,0,0.259012,0.925576,-0.0125688,0.351757,1.08494,-0.0105923,0.356278,1.02491,0.220996,0.344517,1.04729,-0.254566,0.453951,0.859251,0.247643,0.261428,0.837455,-0.340011,0.465703,1.27262,-0.000305322,-0.254439,0.227839,-0.161274,-0.254439,0.227839,-0.161274,0,0,0,-1.74924,0.70108,10.8799,4.3835,-5.95983,-4.80833,0,0,2.13479,0,0,-9.10684,-1.04719,1.12024,-2.77258,1.08574,-0.413853,9.68513,0,0,0.280517,0,0,-3.92968,-0.123049,0.226307,3.54612,-0.461661,-0.395872,2.94397,0.262505,0.782368,-0.00921088,1,0.970504,-0.0752921,-0.0555364,-0.222193,-0.123003,-0.141729,-0.441392,2.78844,-0.035043,0,-0.178899,-1.35744,-0.947694
0.999322,0.0258304,0.00106923,-0.026231,0.999322,0.0258304,0.00106923,-0.026231,1,0,0,0,0.853186,-0.362042,-0.0575364,-0.371064,0.408208,0.405182,-0.0934222,-0.812691,0.714107,0,0,0.700036,0.919268,0,0,0.393633,0.898316,0.0168968,0.0891146,-0.429885,0.963492,0.0601875,0.0912928,-0.244389,0.924299,0,0,-0.38167,0.634862,0,0,-0.772626,0.423796,0.00571446,-0.032118,0.90517,0.630866,0.0839055,-0.179426,0.750183,0.133673,0.0386026,0.0638784,0.125184,0.225312,-0.0789807,0.209389,0.202387,0.0637385,0.294041,0.326045,-0.0833867,0.281868,0.550571,0.0684046,0.362305,0.560127,-0.0675269,0.284917,0.794619,0,0.364278,0.93089,-0.0111849,0.464775,1.08558,-0.0127974,0.515658,1.03103,0.216646,0.434962,1.06999,-0.266346,0.650676,0.903455,0.223506,0.300959,0.896433,-0.360466,0.588074,1.26751,-0.00926503,-0.768096,-0.0249432,0.0716462,-0.768096,-0.0249432,0.0716462,0,0,0,-0.710482,-0.629138,9.44613,2.46197,-2.73922,-7.22526,0,0,2.82906,0,0,1.65275,-0.137925,-1.50215,-4.48856,1.48871,-2.16004,9.06217,0,0,4.10692,0,0,2.08319,0.225101,-1.37352,1.05567,0.138811,-1.65601,2.676,0.371694,0.788918,-0.0116123,1,0.966001,-0.0639346,-0.0487129,-0.245726,-0.100545,-0.125866,-0.491841,2.96198,0.261529,0,0.810498,0.124627,-1.42351
0.999864,0.00404656,0.00526678,-0.0150799,0.999864,0.00404656,0.00526678,-0.0150799,1,0,0,0,0.88266,-0.341978,-0.108245,-0.303718,0.314685,0.380335,-0.0452676,-0.868487,0.664564,0,0,0.747231,0.896201,0,0,0.443647,0.847894,0.00331081,0.0594712,-0.52681,0.985804,0.0711082,0.0524641,-0.142765,0.968293,0,0,-0.249819,0.718158,0,0,-0.69588,0.469798,0.00845678,-0.0365023,0.881979,0.606328,0.0856846,-0.198129,0.765356,0.14483,0.0473611,0.0684081,0.375955,0.174301,-0.0908869,0.219085,0.215461,0.066903,0.49251,0.330251,-0.0873192,0.340581,0.567694,0.0686422,0.494452,0.605804,-0.0659755,0.39577,0.816099,0,0.479637,0.949862,-0.00974307,0.582453,1.10287,-0.0190807,0.671107,1.06098,0.210393,0.523537,1.11503,-0.27845,0.818966,0.970863,0.208299,0.363548,0.978001,-0.377275,0.707212,1.28354,-0.0292428,-1.30737,0.251853,0.669376,-1.30737,0.251853,0.669376,0,0,0,1.4913,-3.12956,4.45059,-0.565449,3.48442,-7.21672,0,0,4.10625,0,0,3.30502,-0.840257,-1.77485,-6.61099,0.630951,-2.38238,6.23777,0,0,8.34659,0,0,6.79934,0.192816,-0.272845,-3.10015,0.181123,-1.42079,1.56853,0.483208,0.811672,-0.0154526,1,0.962078,-0.0432574,-0.0307295,-0.267563,-0.0670674,-0.0823697,-0.539745,3.32561,0.644412,0,1.51268,0.642361,-1.33236
0.99982,-0.0146536,0.00883001,-0.0082197,0.99982,-0.0146536,0.00883001,-0.0082197,1,0,0,0,0.885183,-0.321636,-0.179541,-0.284193,0.248205,0.357676,0.0252125,-0.899904,0.615468,0,0,0.788162,0.876621,0,0,0.481181,0.777443,0.0173608,0.00608202,-0.628684,0.992476,0.0672058,0.0103702,-0.101818,0.993397,0,0,-0.114729,0.819306,0,0,-0.573356,0.599256,0.0377615,-0.0933117,0.794203,0.59663,0.0692289,-0.16833,0.781604,0.171445,0.0847026,0.0826289,0.641564,0.154913,-0.0949631,0.248468,0.262373,0.074319,0.689889,0.342503,-0.0889564,0.417333,0.605295,0.0708895,0.622954,0.649833,-0.0671138,0.519273,0.846647,0,0.60368,0.980121,-0.00896636,0.704614,1.13379,-0.0252513,0.822674,1.10234,0.206282,0.616891,1.17307,-0.281769,0.970097,1.03887,0.201015,0.443755,1.0645,-0.382048,0.825909,1.31575,-0.0474228,-1.12207,0.213811,0.411626,-1.12207,0.213811,0.411626,0,0,0,1.28849,-4.44342,1.2354,-0.82566,5.64,-4.91337,0,0,3.83584,0,0,2.54025,0.917153,-3.36631,-7.47937,-0.244302,-2.53905,2.48217,0,0,8.25063,0,0,9.54291,2.00524,-3.80779,-9.59415,-1.12234,2.02058,1.34319,0.60144,0.847363,-0.0176021,1,0.961441,-0.0207959,0.00369376,-0.274198,-0.0420264,-0.00430174,-0.555549,3.70508,0.916447,0,1.86033,1.60855,-0.441308
0.999646,-0.0219191,0.0134487,-0.00681461,0.999646,-0.0219191,0.0134487,-0.00681461,1,0,0,0,0.874939,-0.325896,-0.225359,-0.278363,0.216903,0.324432,0.0955473,-0.915733,0.593939,0,0,0.80451,0.858405,0,0,0.512972,0.709515,-0.0149809,0.0140446,-0.704392,0.993628,0.047502,-0.00124177,-0.102202,0.999946,0,0,-0.0103596,0.902378,0,0,-0.430945,0.758703,-0.0202356,0.0295546,0.650451,0.603682,0.0494655,-0.119407,0.786678,0.222055,0.131154,0.0878202,0.892292,0.16114,-0.091181,0.307817,0.319173,0.0856147,0.876093,0.354663,-0.0874186,0.510662,0.645928,0.0737753,0.74898,0.677308,-0.0694455,0.646446,0.87231,0,0.730161,1.00625,-0.00810759,0.829361,1.1608,-0.0263473,0.960986,1.13557,0.208266,0.726866,1.21982,-0.275204,1.10681,1.08313,0.20238,0.550249,1.12935,-0.37685,0.948104,1.34394,-0.0522515,-0.436032,0.277186,0.0842868,-0.436032,0.277186,0.0842868,0,0,0,-0.339578,-2.91032,0.300898,-2.27954,5.87944,-2.53164,0,0,1.62202,0,0,2.19853,-2.12398,0.540448,-6.10443,-1.1863,-0.698443,-0.0206764,0,0,6.27737,0,0,9.90336,-3.94931,8.42281,-12.7472,-1.38635,3.43119,0.195016,0.724259,0.878881,-0.0165005,1,0.961804,-0.0101599,0.0174962,-0.272989,-0.0291118,0.0281125,-0.553523,3.81518,0.769871,0,0.841392,0.622693,0.0561674
0.99949,-0.0253542,0.0153921,-0.0117992,0.99949,-0.0253542,0.0153921,-0.0117992,1,0,0,0,0.855644,-0.351969,-0.218591,-0.310176,0.201792,0.279456,0.151867,-0.926348,0.605374,0,0,0.795941,0.838653,0,0,0.544666,0.666305,0.0461271,-0.0712221,-0.740836,0.989511,0.0208415,-0.00453873,-0.142875,0.99889,0,0,-0.0471139,0.957231,0,0,-0.289323,0.826442,-0.100492,0.112698,0.542397,0.605777,0.0549516,-0.131149,0.782825,0.26812,0.195171,0.0994105,1.10548,0.175528,-0.078087,0.389773,0.369361,0.0963131,1.04107,0.358958,-0.0811382,0.629158,0.669543,0.0782035,0.872896,0.686475,-0.0696615,0.775726,0.888811,0.000399605,0.855655,1.02505,-0.00724327,0.951892,1.18132,-0.0264643,1.08257,1.15529,0.20871,0.840301,1.25068,-0.265018,1.22676,1.09107,0.201507,0.66349,1.16929,-0.362912,1.06776,1.36601,-0.0542729,-0.206213,0.116663,-0.299148,-0.206213,0.116663,-0.299148,0,0,0,-1.78486,0.329578,-2.12641,-3.54998,4.78273,-1.5048,0,0,-0.857391,0,0,2.24079,4.12092,-5.75787,-3.26594,-1.60131,-0.198616,-2.45745,0,0,-2.20629,0,0,9.12122,-5.08219,5.25114,-7.9364,0.377695,-0.807593,-0.314229,0.847245,0.900105,-0.0137907,1,0.966044,-0.00557439,0.0225382,-0.257331,-0.0223901,0.0406881,-0.521117,3.8784,0.49503,0.0119882,0.366247,0.220962,0.965241
0.999417,-0.0229213,0.0179789,-0.0178243,0.999417,-0.0229213,0.0179789,-0.0178243,1,0,0,0,0.82588,-0.373549,-0.174394,-0.384668,0.204618,0.23913,0.187337,-0.930512,0.62863,0,0,0.777704,0.817769,0,0,0.575546,0.64593,0.0323612,-0.0869404,-0.757739,0.976367,-0.0188125,0.0087564,-0.215122,0.978588,0,0,-0.205827,0.985408,0,0,-0.170207,0.828396,-0.046745,0.0534919,0.55562,0.603086,0.0607813,-0.145708,0.781896,0.323113,0.288943,0.109393,1.2769,0.177375,-0.0678407,0.491527,0.418115,0.104937,1.18385,0.347725,-0.0754408,0.767341,0.673607,0.0837022,0.99894,0.678733,-0.0703494,0.909777,0.894637,-0.000929192,0.982128,1.03507,-0.00798387,1.07192,1.1953,-0.0256853,1.18393,1.1617,0.211072,0.956083,1.26518,-0.25618,1.3207,1.07136,0.207139,0.786569,1.17918,-0.351195,1.18126,1.38424,-0.0513125,0.145966,0.155264,-0.361591,0.145966,0.155264,-0.361591,0,0,0,-1.61484,2.66874,-4.95931,-3.40884,2.94792,-0.230975,0,0,-1.77329,0,0,2.2369,-0.914331,-1.11223,-1.56186,-2.39261,0.802842,-4.40739,0,0,-9.61066,0,0,7.34883,3.42748,-3.7757,0.817651,0.409126,-1.02128,-0.00459859,0.970231,0.910428,-0.0110808,1,0.973601,-0.0069825,0.0160636,-0.227582,-0.0209177,0.0281045,-0.459553,4.02154,0.174779,-0.0398639,-0.138851,-0.353872,1.84536
0.999335,-0.0180439,0.0192862,-0.0251562,0.999335,-0.0180439,0.0192862,-0.0251562,1,0,0,0,0.790049,-0.376092,-0.109612,-0.471554,0.230723,0.215166,0.19403,-0.928883,0.667012,0,0,0.745047,0.803046,0,0,0.595918,0.636848,-0.0149171,-0.0234251,-0.770489,0.956242,-0.0670338,0.0361041,-0.282495,0.93058,0,0,-0.366088,0.992584,0,0,-0.121558,0.825325,-0.0697054,0.0799073,0.554612,0.611527,0.0689892,-0.15952,0.771899,0.42039,0.387757,0.123748,1.39922,0.1556,-0.0542793,0.619667,0.460185,0.11601,1.30182,0.324205,-0.0647148,0.910908,0.666518,0.0870692,1.12549,0.663009,-0.0662689,1.04402,0.891698,0.000442932,1.10839,1.03584,-0.00860568,1.19191,1.19937,-0.0267304,1.27639,1.15874,0.209036,1.07437,1.25751,-0.253987,1.39749,1.0341,0.211389,0.916254,1.15533,-0.344112,1.29522,1.39173,-0.0519832,0.292671,0.0784837,-0.440042,0.292671,0.0784837,-0.440042,0,0,0,-0.478815,4.03721,-5.93556,-2.25185,0.336942,1.20339,0,0,-3.02403,0,0,1.50815,-3.23117,4.33005,-1.06218,-2.94401,1.66885,-4.19132,0,0,-10.0496,0,0,2.95082,-1.46721,1.68797,-0.024852,0.553609,-0.921212,-0.879089,1.09322,0.909852,-0.00837086,1,0.980319,-0.0179283,0.00850713,-0.196421,-0.0385041,0.00963656,-0.395677,4.02737,-0.0881613,0.0411637,-0.709886,-0.28543,1.92612
0.999366,-0.016395,0.0174955,-0.0263309,0.999366,-0.016395,0.0174955,-0.0263309,1,0,0,0,0.747113,-0.360986,-0.0465456,-0.556187,0.275466,0.210519,0.186767,-0.919194,0.725983,0,0,0.687713,0.795869,0,0,0.605469,0.638748,-0.0265993,-0.00398879,-0.768945,0.937654,-0.0906664,0.0418442,-0.332917,0.857641,0,0,-0.514249,0.988826,0,0,-0.149074,0.816407,-0.117288,0.134584,0.549191,0.602609,0.0620075,-0.148728,0.781599,0.55763,0.448868,0.133543,1.47324,0.0874063,-0.0375235,0.76888,0.462171,0.124216,1.39521,0.264632,-0.052625,1.05595,0.621116,0.088799,1.24932,0.615884,-0.0635722,1.17613,0.852498,0.000410122,1.2339,0.99932,-0.00998021,1.3103,1.16618,-0.0291641,1.37003,1.12127,0.202035,1.18844,1.20637,-0.254488,1.46784,0.95994,0.211962,1.04644,1.0817,-0.338695,1.40542,1.36258,-0.0554311,0.0989668,-0.107479,-0.0704852,0.0989668,-0.107479,-0.0704852,0,0,0,0.598378,4.02462,-6.04752,-0.779578,-0.950724,2.52928,0,0,-4.93628,0,0,0.71681,-0.799002,1.33187,0.145943,-1.47419,0.36576,-3.19945,0,0,-9.91977,0,0,-1.66638,-3.05804,3.51392,-0.231844,-0.467596,0.709432,0.869063,1.21453,0.871875,-0.00723097,1,0.984363,-0.0214552,0.017183,-0.173994,-0.0482543,0.0263655,-0.350538,3.96308,-1.17601,-0.000984294,-0.0894136,0.573991,1.3594
0.999385,-0.0204406,0.0146701,-0.0244392,0.999385,-0.0204406,0.0146701,-0.0244392,1,0,0,0,0.701825,-0.328635,0.00410061,-0.632,0.340499,0.213933,0.17391,-0.898915,0.790198,0,0,0.612852,0.794903,0,0,0.606737,0.651878,-0.0283945,-0.0163956,-0.757614,0.918546,-0.0809429,0.0200024,-0.386422,0.764729,0,0,-0.644352,0.98084,0,0,-0.194814,0.780074,-0.0995848,0.130893,0.603684,0.59542,0.0580793,-0.1433,0.788395,0.729294,0.546139,0.137489,1.51397,0.0741297,-0.0170789,0.934728,0.509829,0.127847,1.46724,0.26074,-0.0391182,1.20175,0.627803,0.0905154,1.36644,0.623842,-0.0603383,1.30631,0.867241,0.000328098,1.35911,1.01597,-0.00927741,1.42881,1.18563,-0.0293388,1.46684,1.14055,0.196142,1.30438,1.20223,-0.252768,1.53204,0.94685,0.21682,1.18571,1.05204,-0.330573,1.51551,1.38564,-0.0574843,-0.242782,-0.169566,0.113535,-0.242782,-0.169566,0.113535,0,0,0,1.74606,3.32871,-5.70112,-0.27179,-1.48117,3.93329,0,0,-5.92013,0,0,0.0956604,-0.112722,-0.843512,1.04739,0.563045,-1.33034,-3.43534,0,0,-9.60262,0,0,-2.78615,1.0466,-0.123373,4.0056,-0.260968,0.347651,0.634092,1.33504,0.886328,-0.00513034,1,0.986663,-0.0143845,0.0321435,-0.158919,-0.0386784,0.0588917,-0.32053,3.90547,0.442307,-0.00246073,0.592343,0.826882,0.887898
0.998692,-0.0444434,0.0113185,-0.0226126,0.998692,-0.0444434,0.0113185,-0.0226126,1,0,0,0,0.677103,-0.334883,-0.0758823,-0.650866,0.578989,0.265547,0.0812734,-0.766584,0.772224,0,0,0.635351,0.779528,0,0,0.626367,0.759949,-0.0133131,-0.0958338,-0.642742,0.951282,-0.0378904,-0.0528915,-0.301379,0.759255,0,0,-0.650793,0.918247,0,0,-0.396007,0.731558,-0.0851146,0.132091,0.663423,0.559491,-0.00096619,0.00280432,0.828831,0.918677,0.3524,0.0182096,1.54961,0.0421545,-0.0555344,1.12057,0.365533,0.0500882,1.56524,0.232119,-0.0560031,1.35358,0.541251,0.0644392,1.5092,0.580905,-0.0640064,1.42915,0.803465,0.000221466,1.49257,0.947614,0.013025,1.57448,1.11277,0.0101805,1.5872,1.06855,0.253991,1.51253,1.07591,-0.222898,1.64071,0.881086,0.302092,1.49469,0.881959,-0.278985,1.67552,1.30761,-0.00173308,-1.44108,-0.200978,0.109306,-1.44108,-0.200978,0.109306,0,0,0,-0.634026,-5.39034,-1.68117,1.92818,-7.87483,16.3961,0,0,1.72789,0,0,1.49611,1.0642,-5.14281,9.6152,2.68181,-4.45988,5.45386,0,0,-0.507225,0,0,-12.6658,0.836351,0.235515,4.66524,-4.1152,10.1832,3.68718,1.48052,0.808659,0.00449019,1,0.978883,0.0616902,-0.0122338,-0.194507,0.125866,4.75754e-05,-0.392294,3.6853,-1.91328,-0.00319895,4.01119,-3.37333,-2.29291
0.998772,-0.0428589,0.00230936,-0.0247343,0.998772,-0.0428589,0.00230936,-0.0247343,1,0,0,0,0.610254,-0.343511,-0.0235816,-0.713466,0.691852,0.304204,0.0552414,-0.652494,0.863442,0,0,0.504448,0.769503,0,0,0.638644,0.838545,-0.0170508,-0.127952,-0.52932,0.942488,-0.0365209,-0.0967393,-0.317842,0.658311,0,0,-0.752746,0.893945,0,0,-0.448177,0.703485,-0.0911822,0.153906,0.687829,0.49237,-0.00448992,0.0173584,0.870201,1.11674,0.334659,0.0398111,1.5538,0.0396918,-0.0572076,1.31738,0.342501,0.0667409,1.60052,0.219167,-0.0572015,1.50048,0.517613,0.0692968,1.58534,0.562739,-0.0653019,1.52244,0.787096,0.000114834,1.58975,0.929333,0.0143891,1.6757,1.09245,0.0131765,1.67807,1.04661,0.254113,1.64016,1.04055,-0.218706,1.66764,0.831368,0.316154,1.68086,0.849675,-0.262868,1.78136,1.28493,0.00319664,0.0951801,-0.540787,-0.127315,0.0951801,-0.540787,-0.127315,0,0,0,-1.21001,3.48334,-5.52583,1.7645,-1.99828,10.0359,0,0,-9.58322,0,0,0.951024,-0.212379,-1.85954,8.39369,0.0768255,-2.69221,-1.06247,0,0,-8.61568,0,0,-3.4536,-0.465875,1.55043,2.10379,-0.258505,1.06525,4.72456,1.58517,0.787766,0.00818676,1,0.975118,0.0765184,0.0340982,-0.205251,0.136306,0.0980675,-0.40822,2.79875,-0.491073,-0.00319895,1.43403,2.58624,-0.492757
0.998877,-0.0386172,-0.00148444,-0.0274201,0.998877,-0.0386172,-0.00148444,-0.0274201,1,0,0,0,0.522565,-0.392123,0.0602001,-0.754679,0.788557,0.34264,0.0464684,-0.508544,0.929756,0,0,0.368177,0.746294,0,0,0.665617,0.913044,-0.0350777,-0.12466,-0.386755,0.925313,-0.0192963,-0.114353,-0.361036,0.607672,0,0,-0.794188,0.896044,0,0,-0.443965,0.668532,-0.0831251,0.157677,0.722006,0.440193,-0.00273746,0.0139324,0.897791,1.32797,0.28987,0.061493,1.55697,0.039784,-0.0594582,1.52274,0.330859,0.0776661,1.62348,0.208777,-0.0590086,1.65044,0.526671,0.0701354,1.65072,0.552451,-0.0653716,1.61544,0.785915,3.28098e-05,1.68827,0.925588,0.0126009,1.78102,1.08495,0.0106261,1.77376,1.0473,0.254605,1.78556,1.02492,-0.220963,1.69065,0.837488,0.340054,1.88325,0.859278,-0.247602,1.89497,1.27262,0.000342313,0.254685,-0.227718,-0.161162,0.254685,-0.227718,-0.161162,0,0,0,-4.38261,5.95834,-4.80941,1.7487,-0.700427,10.8792,0,0,-9.10168,0,0,2.13512,-1.08594,0.414712,9.68483,1.04676,-1.119,-2.77341,0,0,-3.92679,0,0,0.282354,0.461377,0.396469,2.94385,0.122884,-0.225547,3.54493,1.69176,0.782379,0.00924487,1,0.970502,0.0752866,0.0555332,-0.222204,0.122992,0.141722,-0.441416,2.78982,-0.0354438,-0.00246073,0.17844,1.35672,-0.947931
0.999322,-0.02582,-0.00107124,-0.0262256,0.999322,-0.02582,-0.00107124,-0.0262256,1,0,0,0,0.408165,-0.405171,0.0933994,-0.81272,0.853202,0.362033,0.0575608,-0.371033,0.919257,0,0,0.393658,0.714084,0,0,0.70006,0.963506,-0.0601929,-0.0912744,-0.244341,0.898295,-0.0168903,-0.0891006,-0.429933,0.634904,0,0,-0.772591,0.924324,0,0,-0.381609,0.630855,-0.0839064,0.179435,0.75019,0.423818,-0.00571578,0.0321201,0.90516,1.55452,0.225275,0.0789881,1.5629,0.0385978,-0.063879,1.72335,0.326039,0.0833898,1.63862,0.202384,-0.063739,1.79159,0.560145,0.0675267,1.71112,0.550574,-0.0684045,1.71419,0.794626,0,1.79356,0.930897,0.0111842,1.89405,1.08559,0.0128004,1.86423,1.07001,0.266354,1.94496,1.03104,-0.216644,1.73021,0.896467,0.360479,2.07998,0.903484,-0.223501,2.01735,1.26751,0.0092747,0.768355,0.0248103,0.0719331,0.768355,0.0248103,0.0719331,0,0,0,-2.46058,2.73637,-7.22527,0.709351,0.630341,9.44373,0,0,1.65355,0,0,2.82967,-1.48829,2.16016,9.06081,0.138255,1.50226,-4.48959,0,0,2.08545,0,0,4.10896,-0.13883,1.6559,2.67547,-0.225088,1.373,1.05367,1.80097,0.788925,0.0116145,1,0.966,0.0639247,0.0487043,-0.245736,0.100528,0.125846,-0.491865,2.96267,0.261355,-0.000984294,-0.810829,-0.124884,-1.42347
0.999864,-0.00403758,-0.0052685,-0.0150767,0.999864,-0.00403758,-0.0052685,-0.0150767,1,0,0,0,0.314654,-0.380325,0.0452339,-0.868504,0.882663,0.341969,0.108279,-0.303709,0.896192,0,0,0.443665,0.664541,0,0,0.747251,0.985808,-0.0711064,-0.052444,-0.142745,0.847864,-0.0033176,-0.0594458,-0.526861,0.718211,0,0,-0.695825,0.968309,0,0,-0.249755,0.606323,-0.0856767,0.198115,0.765364,0.469863,-0.00847098,0.03653,0.881942,1.8053,0.17428,0.0908898,1.57407,0.0473722,-0.0684114,1.92182,0.330251,0.0873205,1.64832,0.215477,-0.0669043,1.92374,0.605825,0.0659762,1.76984,0.567709,-0.0686429,1.82505,0.816114,0,1.90892,0.949877,0.0097427,2.01173,1.10288,0.0190838,1.9528,1.11506,0.278453,2.1004,1.061,-0.210392,1.79281,0.978042,0.377281,2.24826,0.970896,-0.208297,2.13649,1.28356,0.0292519,1.30728,-0.251835,0.669252,1.30728,-0.251835,0.669252,0,0,0,0.565592,-3.48545,-7.21567,-1.4912,3.13017,4.44904,0,0,3.30465,0,0,4.10612,-0.630522,2.38246,6.23596,0.839431,1.77559,-6.61142,0,0,6.80066,0,0,8.34654,-0.180501,1.41915,1.56843,-0.193748,0.274666,-3.10322,1.91249,0.811688,0.0154541,1,0.962078,0.0432467,0.030713,-0.267566,0.067055,0.0823323,-0.539753,3.3258,0.644616,0,-1.51283,-0.642839,-1.33194
0.99982,0.0146571,-0.00883223,-0.00821902,0.99982,0.0146571,-0.00883223,-0.00821902,1,0,0,0,0.24819,-0.357661,-0.0252464,-0.899913,0.885179,0.321638,0.179564,-0.28419,0.876613,0,0,0.481197,0.615458,0,0,0.78817,0.992477,-0.0671964,-0.0103647,-0.101819,0.777413,-0.0173453,-0.00608587,-0.628722,0.819352,0,0,-0.573291,0.993403,0,0,-0.114679,0.596634,-0.0692194,0.168306,0.781607,0.599343,-0.0377339,0.0932536,0.794146,2.0709,0.154906,0.0949608,1.60069,0.0847201,-0.0826303,2.1192,0.342504,0.0889555,1.67772,0.262397,-0.0743227,2.05224,0.649846,0.067115,1.8466,0.605313,-0.0708898,1.94856,0.84666,0,2.03296,0.980133,0.00896595,2.1339,1.13381,0.0252519,2.04617,1.1731,0.281767,2.25196,1.10236,-0.206283,1.87303,1.06453,0.382047,2.39939,1.03889,-0.201016,2.25519,1.31576,0.0474252,1.12174,-0.213841,0.411469,1.12174,-0.213841,0.411469,0,0,0,0.826373,-5.64017,-4.91225,-1.28772,4.44268,1.23496,0,0,2.54009,0,0,3.83478,0.244756,2.53817,2.48097,-0.915728,3.36449,-7.47869,0,0,9.54309,0,0,8.24968,1.12247,-2.02126,1.34266,-2.0022,3.80156,-9.59555,2.03072,0.847377,0.0176019,1,0.961441,0.0207907,-0.00370038,-0.274198,0.0420202,0.00428617,-0.555548,3.70513,0.916377,0,-1.85984,-1.60808,-0.441068
0.999646,0.0219207,-0.0134497,-0.006817,0.999646,0.0219207,-0.0134497,-0.006817,1,0,0,0,0.216896,-0.324411,-0.0955745,-0.91574,0.874931,0.325909,0.225356,-0.278378,0.858396,0,0,0.512988,0.593945,0,0,0.804506,0.993627,-0.0474892,0.00124335,-0.102221,0.709496,0.0149516,-0.0140036,-0.704412,0.90241,0,0,-0.430879,0.999946,0,0,-0.0103773,0.603683,-0.0494682,0.119413,0.786677,0.758741,0.0202745,-0.0295949,0.650404,2.32162,0.16114,0.0911738,1.6513,0.131181,-0.0878326,2.3054,0.354661,0.0874155,1.73708,0.319195,-0.085624,2.17826,0.677311,0.0694459,1.93994,0.645939,-0.0737782,2.07573,0.872317,0,2.15944,1.00626,0.00810738,2.25864,1.16081,0.0263475,2.15614,1.21983,0.2752,2.39027,1.13558,-0.208266,1.97953,1.12937,0.376844,2.5361,1.08314,-0.202379,2.37739,1.34395,0.0522527,0.435921,-0.277109,0.0841028,0.435921,-0.277109,0.0841028,0,0,0,2.28016,-5.87894,-2.53114,0.340267,2.90877,0.299741,0,0,2.19855,0,0,1.62083,1.1865,0.698203,-0.0218468,2.12104,-0.537471,-6.10315,0,0,9.90298,0,0,6.27329,1.3855,-3.42916,0.194744,3.94983,-8.42114,-12.745,2.15354,0.878891,0.016499,1,0.961806,0.0101577,-0.0174986,-0.272982,0.0291087,-0.0281186,-0.553507,3.81524,0.769725,0,-0.841159,-0.622506,0.0566041
0.99949,0.0253531,-0.0153933,-0.0118021,0.99949,0.0253531,-0.0153933,-0.0118021,1,0,0,0,0.201794,-0.279437,-0.151885,-0.92635,0.855631,0.35198,0.218571,-0.310213,0.838644,0,0,0.544681,0.605386,0,0,0.795932,0.989506,-0.0208225,0.00453235,-0.14291,0.666295,-0.0461205,0.0712297,-0.740844,0.957248,0,0,-0.289267,0.998886,0,0,-0.0471907,0.605776,-0.0549544,0.131156,0.782824,0.826444,0.100466,-0.112669,0.542404,2.53479,0.175521,0.0780813,1.69736,0.195204,-0.099417,2.47036,0.358947,0.0811359,1.81904,0.369376,-0.0963179,2.30218,0.686466,0.0696628,2.05845,0.66954,-0.0782058,2.20501,0.888809,-0.000398572,2.28494,1.02505,0.007244,2.38117,1.18132,0.0264643,2.26958,1.25068,0.265014,2.51184,1.15529,-0.208711,2.09277,1.16929,0.362907,2.65603,1.09105,-0.201509,2.49704,1.36602,0.0542718,0.206044,-0.116681,-0.299178,0.206044,-0.116681,-0.299178,0,0,0,3.54995,-4.78187,-1.50415,1.7848,-0.330675,-2.12778,0,0,2.24079,0,0,-0.85783,1.60169,0.198137,-2.45839,-4.11854,5.75568,-3.26504,0,0,9.12037,0,0,-2.20985,-0.377709,0.807695,-0.314079,5.07803,-5.24672,-7.93226,2.27653,0.900105,0.0137896,1,0.966048,0.00557507,-0.0225351,-0.257316,0.0223892,-0.040682,-0.521087,3.87846,0.494749,-0.0119571,-0.365999,-0.220692,0.965664
0.999417,0.022919,-0.0179795,-0.0178278,0.999417,0.022919,-0.0179795,-0.0178278,1,0,0,0,0.204631,-0.239119,-0.187341,-0.930512,0.825865,0.373551,0.174364,-0.384711,0.817762,0,0,0.575556,0.628649,0,0,0.777689,0.976359,0.0188357,-0.00876956,-0.215155,0.645927,-0.0323385,0.0869101,-0.757746,0.985412,0,0,-0.170183,0.978572,0,0,-0.205906,0.60309,-0.0607852,0.145715,0.781892,0.828395,0.046756,-0.0535046,0.55562,2.70619,0.177355,0.0678355,1.75237,0.288976,-0.109392,2.61312,0.347704,0.0754373,1.92081,0.418124,-0.104938,2.42822,0.678717,0.0703486,2.19663,0.673594,-0.0837033,2.33906,0.894626,0.000928846,2.41141,1.03506,0.00798445,2.5012,1.19529,0.0256861,2.38536,1.26517,0.256179,2.6132,1.16169,-0.211071,2.21585,1.17916,0.351192,2.74996,1.07133,-0.207141,2.61054,1.38424,0.0513131,-0.146037,-0.155227,-0.361628,-0.146037,-0.155227,-0.361628,0,0,0,3.40831,-2.94667,-0.23025,1.61432,-2.66938,-4.9598,0,0,2.23655,0,0,-1.77389,2.39287,-0.803256,-4.40729,0.915441,1.10963,-1.56168,0,0,7.34672,0,0,-9.61088,-0.409196,1.02123,-0.00501861,-3.42513,3.77308,0.817215,2.39951,0.910419,0.0110803,1,0.973605,0.00698776,-0.0160599,-0.227567,0.0209258,-0.0280954,-0.459522,4.02153,0.174522,0.0398225,0.139124,0.353831,1.8454
0.999335,0.0180431,-0.0192853,-0.0251567,0.999335,0.0180431,-0.0192853,-0.0251567,1,0,0,0,0.230745,-0.215164,-0.194026,-0.928878,0.790031,0.376086,0.109582,-0.471596,0.803042,0,0,0.595922,0.667042,0,0,0.74502,0.956234,0.0670452,-0.0361069,-0.282519,0.636849,0.0149227,0.0234158,-0.770488,0.992583,0,0,-0.121571,0.930551,0,0,-0.366162,0.611523,-0.0689858,0.159515,0.771904,0.825322,0.0697284,-0.0799336,0.55461,2.82848,0.155565,0.0542737,1.84967,0.387784,-0.123751,2.73109,0.324175,0.0647109,2.04896,0.460184,-0.116013,2.55477,0.662986,0.0662685,2.3402,0.666496,-0.0870697,2.47331,0.891678,-0.000442472,2.53767,1.03583,0.00860681,2.62119,1.19936,0.0267321,2.50365,1.25748,0.253988,2.70566,1.15872,-0.209032,2.34554,1.15529,0.34411,2.82675,1.03406,-0.211389,2.7245,1.39171,0.0519854,-0.292579,-0.0783944,-0.439865,-0.292579,-0.0783944,-0.439865,0,0,0,2.25114,-0.336313,1.20403,0.478306,-4.03721,-5.93562,0,0,1.50777,0,0,-3.02495,2.94331,-1.66822,-4.19084,3.23001,-4.32862,-1.06155,0,0,2.9486,0,0,-10.0495,-0.553118,0.920428,-0.878251,1.46798,-1.68885,-0.0249274,2.5225,0.909832,0.00837099,1,0.980321,0.01793,-0.00851129,-0.19641,0.038509,-0.00964448,-0.395656,4.02734,-0.088429,-0.0411395,0.709576,0.285024,1.92585
0.999366,0.0163969,-0.0174941,-0.02633,0.999366,0.0163969,-0.0174941,-0.02633,1,0,0,0,0.275498,-0.210521,-0.186761,-0.919186,0.747094,0.360971,0.0465213,-0.556225,0.795869,0,0,0.605469,0.726016,0,0,0.687678,0.937646,0.0906618,-0.0418338,-0.332943,0.638755,0.0266001,0.00399473,-0.76894,0.988823,0,0,-0.149096,0.857602,0,0,-0.514315,0.602606,-0.0620056,0.148725,0.781602,0.81639,0.11728,-0.134582,0.549217,2.90252,0.0873836,0.0375954,1.98697,0.448902,-0.133465,2.82451,0.264615,0.0527005,2.19822,0.462181,-0.124136,2.67864,0.615874,0.0636529,2.48528,0.621105,-0.0887177,2.60545,0.852491,-0.000327757,2.66323,0.999315,0.0100622,2.73962,1.16617,0.0292466,2.61776,1.20636,0.25457,2.79934,1.12127,-0.20195,2.47578,1.08167,0.338773,2.89714,0.959918,-0.211882,2.83474,1.36258,0.0555146,-0.0988029,0.107509,-0.0703969,-0.0988029,0.107509,-0.0703969,0,0,0,0.779323,0.950984,2.52995,-0.598928,-4.0243,-6.04736,0,0,0.716511,0,0,-4.93676,1.47322,-0.364951,-3.19957,0.798672,-1.33082,0.146378,0,0,-1.66692,0,0,-9.91962,0.467496,-0.709258,0.868948,3.05608,-3.51218,-0.229839,2.64385,0.871868,0.00731219,1,0.984364,0.0214518,-0.0171902,-0.173987,0.04825,-0.0263812,-0.350524,3.96435,-1.17561,0.00344145,0.0890821,-0.574106,1.35918
0.999385,0.0204365,-0.014668,-0.0244368,0.999385,0.0204365,-0.014668,-0.0244368,1,0,0,0,0.340472,-0.213909,-0.173931,-0.898927,0.701797,0.328598,-0.00416973,-0.63205,0.794913,0,0,0.606724,0.790265,0,0,0.612765,0.918514,0.0809911,-0.020033,-0.386486,0.651863,0.0284108,0.0163705,-0.757628,0.980845,0,0,-0.194789,0.764634,0,0,-0.644464,0.595465,-0.0580643,0.143261,0.788369,0.780066,0.0995316,-0.130821,0.603718,2.94331,0.0740711,0.0172721,2.15873,0.54622,-0.137339,2.89659,0.260686,0.0393151,2.36415,0.509851,-0.127674,2.79582,0.623796,0.0605472,2.63115,0.62777,-0.0903162,2.7357,0.867207,-0.000114715,2.7885,1.01594,0.00949877,2.85818,1.1856,0.0295682,2.73374,1.2022,0.252986,2.8962,1.14052,-0.1959,2.61505,1.05201,0.330784,2.96138,0.946795,-0.216579,2.94487,1.38561,0.0577226,0.242419,0.169606,0.113625,0.242419,0.169606,0.113625,0,0,0,0.273286,1.47868,3.92956,-1.74747,-3.33176,-5.7021,0,0,0.0946157,0,0,-5.92388,-0.559752,1.3278,-3.43789,0.113794,0.841405,1.04567,0,0,-2.78329,0,0,-9.60686,0.261965,-0.35041,0.631003,-1.04954,0.127959,4.006,2.76442,0.886298,0.00534461,1,0.986665,0.0144073,-0.0321748,-0.158898,0.0387323,-0.058947,-0.320492,3.90743,0.441462,0.00639127,-0.591065,-0.828594,0.888691
