0.999372,0.0131538,0.0178917,0.0276018,0.999372,0.0131538,0.0178917,0.0276018,0.990397,0.014839,0.042427,-0.13074,0.642379,-0.117135,-0.0105302,-0.757309,0.650512,0.272037,-0.0871361,-0.703731,0.979072,0,0,0.203516,0.979049,0,0,0.203625,0.707715,-0.0892425,0.0342621,-0.700001,0.718764,0.076567,0.0800672,-0.686371,0.997335,0,0,-0.0729616,0.999974,0,0,-0.00718544,0.578967,0.16831,0.131788,0.78683,0.662936,-0.0074324,-0.00383606,0.748629,-0.0884898,0.0438905,0.101894,-0.0161353,0.0615523,-0.262493,-0.0780994,0.236497,0.0948567,-0.0360597,0.253208,-0.213298,-0.0217941,0.615467,0.0726163,-0.0155037,0.625189,-0.117011,0,0.882371,0,0.0105728,1.03999,0.00704316,0.0121783,1.22398,0.0208251,0.00534756,1.14091,0.209222,-0.00130107,1.17664,-0.188606,0.0210614,0.888069,0.227853,0.0388623,0.93537,-0.257115,0.0331393,1.44008,0.0398005,0,0,0,0,0,0,0,0,0,0,0,0,0,0,0,0,0,0,0,0,0,0,0,0,0,0,0,0,0,0,0,0,0,0,0,0,0,0,0,-0.00461815,0.86836,-0.0070929,1,0.998768,0.015443,-0.000729,-0.047163,0.0309216,4.72674e-07,-0.0943722,0,0,0,0,0,0
0.999494,0.014937,0.0159302,0.0231428,0.999494,0.014937,0.0159302,0.0231428,0.990267,0.0170871,0.0452145,-0.13052,0.636106,-0.121103,-0.0228961,-0.761695,0.647767,0.280034,-0.0890955,-0.702881,0.979161,0,0,0.203084,0.977635,0,0,0.21031,0.71763,-0.0809696,0.027054,-0.691172,0.731798,0.0786736,0.0850176,-0.671605,0.996157,0,0,-0.0875803,0.999564,0,0,-0.0295292,0.563959,0.153524,0.114956,0.803222,0.66275,0.000990309,0.00225157,0.748837,-0.0878052,0.047181,0.108296,-0.0148334,0.06269,-0.263894,-0.0754515,0.238294,0.0991235,-0.0312967,0.254334,-0.213458,-0.0199633,0.616818,0.0751162,-0.0127521,0.625926,-0.115903,-0.00127942,0.883451,0.00134264,0.0115615,1.04095,0.00756683,0.0176313,1.22488,0.0210853,0.00713926,1.14275,0.212891,0.00252046,1.1784,-0.189518,0.012579,0.890037,0.2382,0.0370623,0.936873,-0.258854,0.0446883,1.44027,0.0403464,0.106979,-0.117755,-0.267654,0.106979,-0.117755,-0.267654,0.135364,0.167903,0.0128721,-0.292132,-0.849301,-0.431026,0.565811,-0.140172,0.00546875,0,0,-0.026496,0,0,0.409984,0.571774,-0.487136,0.763851,0.113794,0.300377,1.2013,0,0,-0.879968,0,0,-1.34088,-0.969571,-1.13014,1.50414,0.571104,0.412781,0.0178269,-0.00200273,0.869508,-0.00573961,1,0.998567,0.0121462,0.00373775,-0.0519898,0.0238722,0.00872786,-0.103931,-0.0383826,0.0323986,0.0402793,-0.184527,0.28147,-0.285831
0.999597,0.016595,0.0141854,0.0181443,0.999597,0.016595,0.0141854,0.0181443,0.990102,0.0192266,0.0477952,-0.130552,0.62946,-0.127304,-0.0309942,-0.765907,0.644554,0.289552,-0.0923837,-0.701552,0.979207,0,0,0.202864,0.976073,0,0,0.217441,0.72828,-0.0710695,0.0167258,-0.681379,0.745044,0.0804933,0.0896772,-0.65604,0.994469,0,0,-0.105035,0.998572,0,0,-0.0534303,0.550973,0.138214,0.0984025,0.817094,0.662848,0.0101269,0.00887989,0.748633,-0.0864358,0.0492666,0.115596,-0.0134969,0.062915,-0.265349,-0.0716082,0.238944,0.104075,-0.0262064,0.25455,-0.213765,-0.0172451,0.616821,0.0777798,-0.00977591,0.625542,-0.115055,-0.0026163,0.883183,0.00252201,0.0124078,1.04053,0.00794381,0.0230775,1.22429,0.0211577,0.00953607,1.14334,0.216121,0.00579528,1.1787,-0.190593,0.00460528,0.89125,0.247197,0.0344335,0.937015,-0.260581,0.0565251,1.43876,0.0405355,0.0994655,-0.104733,-0.299999,0.0994655,-0.104733,-0.299999,0.128853,0.155509,-0.00235168,-0.448391,-0.560693,-0.429403,0.674661,-0.232404,0.0291448,0,0,-0.013478,0,0,0.438024,0.676307,-0.690037,0.834153,0.0934544,0.277883,1.24493,0,0,-1.0522,0,0,-1.43534,-1.02737,-1.1305,1.29547,0.619521,0.449441,-0.0157962,0.000807717,0.869341,-0.00450543,1,0.998331,0.00908477,0.009315,-0.0562725,0.017095,0.0196226,-0.112446,-0.0401065,-0.00802941,0.035381,-0.166816,0.346882,-0.252578
0.999708,0.0173788,0.0139602,0.00937283,0.999708,0.0173788,0.0139602,0.00937283,0.989779,0.0206075,0.0489329,-0.132355,0.620779,-0.14924,-0.00923683,-0.769594,0.638162,0.309755,-0.104984,-0.696979,0.978944,0,0,0.204131,0.97372,0,0,0.227748,0.744641,-0.049865,-0.0153972,-0.665422,0.761489,0.0804899,0.0924987,-0.636475,0.989813,0,0,-0.142374,0.996095,0,0,-0.0882828,0.555665,0.120193,0.084527,0.818319,0.665287,0.0242582,0.0192923,0.745944,-0.0804464,0.0445194,0.129388,-0.0111654,0.0567638,-0.267489,-0.0598188,0.233551,0.113572,-0.0183273,0.248629,-0.21489,-0.00851808,0.609592,0.0814451,-0.00506776,0.618624,-0.115667,-0.00435542,0.875809,0.00255844,0.0123065,1.03302,0.0074067,0.0285444,1.21643,0.0201849,0.016286,1.13647,0.216682,0.00479037,1.17206,-0.192527,0.000323571,0.884853,0.247295,0.025393,0.930158,-0.262408,0.0705427,1.42941,0.0386392,0.0469921,-0.0135454,-0.526379,0.0469921,-0.0135454,-0.526379,0.0832591,0.0688067,-0.109364,-1.54346,1.49289,-0.439465,1.4342,-0.879007,0.190229,0,0,0.077648,0,0,0.634304,1.42214,-2.11713,1.32766,-0.0328888,0.147784,1.54343,0,0,-2.25781,0,0,-2.09653,-1.29598,-0.996778,-0.0279468,0.95662,0.704774,-0.231106,0.0050008,0.862154,-0.00395595,1,0.998101,0.007674,0.0226656,-0.0567583,0.0127599,0.0461326,-0.113316,-0.0521734,-0.221228,0.00109297,-0.0395763,0.804879,-0.0218117
0.99974,0.0176509,0.0143873,0.000823617,0.99974,0.0176509,0.0143873,0.000823617,0.989609,0.0204442,0.0488845,-0.133667,0.61483,-0.173616,0.0199831,-0.769053,0.630111,0.331413,-0.11715,-0.692388,0.976899,0,0,0.213702,0.973144,0,0,0.230197,0.759372,-0.0315768,-0.0453927,-0.648303,0.777163,0.0795923,0.0948755,-0.616993,0.983349,0,0,-0.181727,0.992364,0,0,-0.123341,0.559952,0.10393,0.0722176,0.818802,0.668406,0.0392646,0.0306249,0.742128,-0.0746562,0.0387942,0.140442,-0.00903891,0.0496359,-0.270064,-0.0475047,0.226935,0.121615,-0.0103876,0.241721,-0.216745,0.00108983,0.600394,0.0848831,-1.92197e-05,0.610128,-0.116805,-0.00560015,0.866182,0.00276766,0.0124532,1.02326,0.00723826,0.0338806,1.20618,0.0194241,0.0253717,1.12665,0.216454,0.00276863,1.16332,-0.194344,0.00295311,0.875677,0.24375,0.0136416,0.921336,-0.265572,0.0837664,1.41755,0.0362411,0.0163152,0.0256167,-0.513003,0.0163152,0.0256167,-0.513003,-0.00975854,-0.00274911,-0.0794459,-1.70994,2.01834,-0.0910168,1.55675,-0.859184,0.160448,0,0,0.587212,0,0,0.150976,1.21291,-1.95398,1.36055,-0.0889393,0.118979,1.50695,0,0,-2.39297,0,0,-2.11546,-1.1654,-0.881239,-0.0703568,1.01328,0.765132,-0.320416,0.00952164,0.852925,-0.00375243,1,0.997692,0.00740538,0.0368067,-0.0565755,0.0106415,0.07435,-0.112896,-0.0373419,-0.288823,0.00627656,0.0325092,0.848271,0.0164326
0.9997,0.0163908,0.0167734,-0.00705678,0.9997,0.0163908,0.0167734,-0.00705678,0.989889,0.0156486,0.0452773,-0.133507,0.617304,-0.205282,0.0714821,-0.756099,0.617751,0.357737,-0.128115,-0.688473,0.968757,0,0,0.248012,0.977899,0,0,0.209076,0.772585,-0.0222885,-0.069036,-0.630753,0.791575,0.0761243,0.0960452,-0.598657,0.973807,0,0,-0.227377,0.98725,0,0,-0.15918,0.563751,0.0930974,0.06472,0.818125,0.67388,0.0568994,0.0447209,0.735288,-0.0686144,0.0451422,0.148018,-0.00703007,0.0546404,-0.273842,-0.0331867,0.231916,0.12719,-0.00192889,0.247001,-0.219919,0.0134716,0.601562,0.0871557,0.0061928,0.61309,-0.118758,-0.00536173,0.866965,0.00349524,0.01339,1.02395,0.0083433,0.0388902,1.20638,0.0200123,0.0405595,1.12512,0.213548,-0.00242582,1.16598,-0.195396,0.0233435,0.874637,0.225321,-0.00622166,0.924636,-0.273546,0.094743,1.41649,0.0339018,-0.0755988,0.143191,-0.47287,-0.0755988,0.143191,-0.47287,-0.288827,-0.217439,0.0104003,-2.17468,3.55499,0.948037,1.93173,-0.797422,0.0317294,0,0,2.1159,0,0,-1.29901,0.613983,-1.52234,1.34988,-0.251389,0.0426942,1.397,0,0,-2.79845,0,0,-2.17226,-0.776511,-0.537479,-0.140064,1.18484,0.947188,-0.570014,0.0150337,0.854425,-0.00416383,1,0.997038,0.0105654,0.0533223,-0.0544035,0.015356,0.107686,-0.108194,0.00715254,0.0235038,0.0218273,0.250328,0.978445,0.128166
0.99961,0.0163035,0.0178943,-0.0139497,0.99961,0.0163035,0.0178943,-0.0139497,0.989985,0.0142236,0.0449818,-0.133055,0.628403,-0.252879,0.117973,-0.726116,0.60773,0.365129,-0.108604,-0.696815,0.952096,0,0,0.305799,0.984582,0,0,0.174922,0.782703,-0.0144301,-0.0874077,-0.616058,0.804428,0.075109,0.0986415,-0.580968,0.96397,0,0,-0.266012,0.981313,0,0,-0.192418,0.572443,0.0812438,0.0574397,0.813885,0.685513,0.0679143,0.054811,0.72281,-0.0628219,0.0550061,0.154488,-0.00521534,0.0632859,-0.277761,-0.0200789,0.240711,0.132298,0.00624954,0.256243,-0.223326,0.0250859,0.606434,0.0898367,0.0124681,0.619479,-0.120314,-0.00429655,0.870972,0.00502084,0.0149797,1.02788,0.00979324,0.0439477,1.20983,0.0207229,0.0606162,1.12557,0.211371,-0.00922829,1.17372,-0.198199,0.060646,0.87863,0.203493,-0.0332752,0.93705,-0.291211,0.104866,1.41869,0.032261,-0.00520841,0.0672981,-0.413643,-0.00520841,0.0672981,-0.413643,-0.0858146,-0.0178775,0.027411,-3.20859,3.17401,2.29552,0.613506,1.31648,-0.772856,0,0,3.60896,0,0,-2.08824,0.51438,-1.17294,1.10576,-0.088426,0.137529,1.3189,0,0,-2.39221,0,0,-2.02598,-0.857689,-0.528709,-0.507862,0.722766,0.664356,-1.06461,0.0209174,0.859546,-0.00474044,1,0.99614,0.0118166,0.0695655,-0.0522151,0.0164395,0.140288,-0.103584,0.0319554,0.120194,0.0457682,0.135446,0.969154,0.13428
0.999508,0.018172,0.016908,-0.0191971,0.999508,0.018172,0.016908,-0.0191971,0.98979,0.0184167,0.0502065,-0.132122,0.652319,-0.326059,0.155511,-0.66632,0.599766,0.339856,-0.0380547,-0.723416,0.916162,0,0,0.400809,0.992916,0,0,0.118818,0.788709,-0.0089882,-0.0970795,-0.606987,0.815053,0.0782179,0.103659,-0.564646,0.955973,0,0,-0.293455,0.975166,0,0,-0.221477,0.589188,0.0676795,0.0505148,0.803571,0.707488,0.0678943,0.0582217,0.701043,-0.0574134,0.0649568,0.161765,-0.00410446,0.0729795,-0.282039,-0.00889217,0.250352,0.138115,0.0137984,0.267059,-0.226767,0.0355226,0.612776,0.0933976,0.0188867,0.627,-0.120814,-0.00185343,0.876217,0.0078765,0.0176481,1.0331,0.0118911,0.0491848,1.21464,0.0220352,0.0898614,1.12641,0.208879,-0.0194695,1.1866,-0.202594,0.123979,0.894158,0.170801,-0.0766707,0.964064,-0.318994,0.114034,1.42238,0.0326611,0.112166,-0.0591542,-0.314925,0.112166,-0.0591542,-0.314925,0.252504,0.314731,0.0556748,-4.81693,2.47855,4.54814,-1.67508,4.88234,-2.00806,0,0,6.09738,0,0,-3.40362,0.353723,-0.612398,0.67487,0.18023,0.29653,1.18937,0,0,-1.71515,0,0,-1.78218,-0.987157,-0.511754,-1.11717,-0.0401499,0.195941,-1.86358,0.0273092,0.866685,-0.00522019,1,0.995045,0.0098882,0.0853618,-0.0500116,0.0113067,0.171709,-0.0994637,0.0732935,0.157353,0.0856698,-0.0557984,0.953213,0.147525
0.999364,0.0204713,0.0179236,-0.0230646,0.999364,0.0204713,0.0179236,-0.0230646,0.990219,0.0190121,0.0519229,-0.128094,0.673489,-0.41311,0.156288,-0.592728,0.562652,0.338087,0.0208562,-0.754112,0.866423,0,0,0.49931,0.995905,0,0,0.0904033,0.787268,-0.00547877,-0.0951972,-0.609193,0.831016,0.0829456,0.110431,-0.53883,0.957065,0,0,-0.289875,0.96626,0,0,-0.257568,0.607102,0.0636752,0.0509457,0.790428,0.737172,0.0466694,0.0408007,0.672856,-0.056545,0.0644008,0.165799,0.00160104,0.0804091,-0.286762,-0.00772052,0.251084,0.141464,0.0262321,0.276163,-0.231303,0.0374364,0.613776,0.0962042,0.0273392,0.631371,-0.121408,-0.000148342,0.877138,0.0112709,0.0204441,1.03389,0.014116,0.0550433,1.2149,0.0232078,0.126606,1.1261,0.208772,-0.0332972,1.20017,-0.207469,0.193602,0.920634,0.146095,-0.128567,1.00092,-0.341505,0.123513,1.42166,0.0323891,0.138038,0.0609955,-0.232155,0.138038,0.0609955,-0.232155,0.0356773,0.102885,0.243621,-5.6926,-0.0359477,5.34788,0.241992,4.11999,-2.94927,0,0,6.62416,0,0,-1.71435,0.226586,0.118354,-0.163563,0.271854,0.392489,1.85162,0,0,0.224568,0,0,-2.23052,-0.31236,0.00400336,-1.3231,-1.44946,-1.19157,-2.38536,0.032935,0.870364,-0.00562501,1,0.99395,0.00644264,0.0968107,-0.0514714,0.00289588,0.194334,-0.103195,0.0511527,0.0276294,0.101831,-0.178186,0.700355,-0.0659982
0.999185,0.0232014,0.0209411,-0.0255523,0.999185,0.0232014,0.0209411,-0.0255523,0.99126,0.0160093,0.0501301,-0.12097,0.687495,-0.510423,0.119365,-0.502565,0.495862,0.359358,0.0677129,-0.787653,0.800909,0,0,0.598787,0.995943,0,0,0.0899869,0.778262,-0.00390181,-0.081747,-0.622584,0.851435,0.0892023,0.118837,-0.502971,0.966896,0,0,-0.255171,0.953801,0,0,-0.300438,0.626133,0.0692288,0.0587289,0.774413,0.771812,0.00411506,0.00243868,0.635832,-0.0606749,0.0508942,0.16648,0.0117097,0.0838623,-0.291331,-0.0169768,0.240508,0.142756,0.0433026,0.281737,-0.236661,0.0306688,0.606873,0.0987201,0.0376966,0.630339,-0.121967,0.000818725,0.871016,0.015204,0.0233681,1.0275,0.0164653,0.0615342,1.20783,0.0242992,0.171005,1.12561,0.209349,-0.0481648,1.21392,-0.212083,0.265001,0.958818,0.12762,-0.180744,1.04901,-0.36032,0.133315,1.41376,0.0316495,0.163921,0.181168,-0.149382,0.163921,0.181168,-0.149382,-0.181091,-0.108968,0.431393,-6.38207,-2.53726,6.27393,2.23901,3.44844,-3.98348,0,0,7.15094,0,0,-0.025088,0.101111,0.851903,-1.00051,0.356508,0.479431,2.516,0,0,2.16429,0,0,-2.67886,0.348116,0.508332,-1.52453,-2.80698,-2.52936,-2.98212,0.0379245,0.868442,-0.00595028,1,0.992973,0.0014815,0.103921,-0.0566002,-0.00901621,0.208046,-0.11482,0.029012,-0.183664,0.117993,-0.303329,0.446999,-0.277323
0.998854,0.0275718,0.0280071,-0.0273007,0.998854,0.0275718,0.0280071,-0.0273007,0.992158,0.0157083,0.0466386,-0.114892,0.68979,-0.610073,0.0480962,-0.386895,0.414201,0.398102,0.0766317,-0.814911,0.760353,0,0,0.64951,0.995634,0,0,0.0933406,0.768231,-0.0098384,-0.0491614,-0.638206,0.868279,0.0962536,0.121892,-0.471136,0.978381,0,0,-0.20681,0.945194,0,0,-0.326508,0.630411,0.0939501,0.0820598,0.766174,0.789716,-0.0187693,-0.0194327,0.612877,-0.0633952,0.0633151,0.159327,0.0297069,0.10976,-0.289757,-0.0283942,0.255511,0.138477,0.062554,0.309272,-0.236305,0.0211377,0.626552,0.0982953,0.0475685,0.653686,-0.120353,0.00243274,0.89092,0.0172394,0.0275295,1.04699,0.0161573,0.0698248,1.22643,0.0225506,0.222716,1.16266,0.203041,-0.0572024,1.25612,-0.216176,0.338996,1.03348,0.10872,-0.219848,1.12914,-0.371509,0.145828,1.43104,0.0285726,0.262478,0.424258,-0.105113,0.262478,0.424258,-0.105113,-0.0183957,-0.210946,0.367801,-6.65509,-4.78881,7.79085,3.89579,0.856092,-4.19149,0,0,3.89726,0,0,0.202072,-0.387496,2.10186,-1.16858,0.40894,0.146823,2.18895,0,0,2.98269,0,0,-1.6473,1.68993,1.59567,-0.657937,-1.47998,-1.41383,-1.75683,0.0445054,0.892959,-0.00772952,1,0.992329,-0.00689236,0.105402,-0.0642277,-0.0278325,0.209838,-0.132199,0.0484203,0.59712,0.0610638,-0.541383,0.121395,-0.404286
0.998344,0.0329238,0.0374994,-0.0286031,0.998344,0.0329238,0.0374994,-0.0286031,0.992954,0.0170282,0.0421272,-0.109441,0.670712,-0.697147,-0.0438256,-0.24942,0.321651,0.444823,0.0622968,-0.833542,0.738902,0,0,0.673813,0.995092,0,0,0.0989539,0.756201,-0.0202617,-0.00502323,-0.654006,0.882809,0.103758,0.121711,-0.441665,0.988709,0,0,-0.149851,0.93946,0,0,-0.34266,0.624784,0.129999,0.114567,0.761328,0.799086,-0.0298117,-0.0313757,0.599657,-0.0674986,0.0855251,0.14382,0.0526913,0.141186,-0.284483,-0.0425789,0.279616,0.129354,0.0833183,0.342138,-0.232176,0.0094482,0.655059,0.0964434,0.0572395,0.683888,-0.117211,0.00443491,0.918718,0.0181363,0.0324477,1.07422,0.0142808,0.0792465,1.25254,0.0191529,0.271036,1.22075,0.188191,-0.0593549,1.30791,-0.220904,0.402814,1.13154,0.0803331,-0.242594,1.22172,-0.380994,0.160098,1.45545,0.0241945,0.321582,0.57014,-0.0784645,0.321582,0.57014,-0.0784645,0.0791257,-0.272069,0.329687,-6.19334,-6.18938,9.09792,5.03084,-0.869554,-4.23102,0,0,1.94506,0,0,0.338368,-0.684656,2.87248,-1.22136,0.437706,-0.0505335,1.99242,0,0,3.47373,0,0,-1.02837,2.49659,2.25091,-0.213844,-0.706635,-0.764455,-0.987623,0.0516445,0.92626,-0.0109865,1,0.991771,-0.0173124,0.103494,-0.0733465,-0.0505937,0.204161,-0.152825,0.0600653,0.833954,0.0269064,-0.685682,-0.0736802,-0.47841
0.997775,0.0386046,0.0450378,-0.0304235,0.997775,0.0386046,0.0450378,-0.0304235,0.993759,0.0139032,0.0378009,-0.104021,0.619384,-0.758195,-0.133855,-0.153581,0.243449,0.458394,0.0549263,-0.852989,0.722013,0,0,0.691879,0.993746,0,0,0.111668,0.749725,-0.0336068,0.0246487,-0.660435,0.89552,0.102304,0.120104,-0.416116,0.992841,0,0,-0.119445,0.934867,0,0,-0.354999,0.613407,0.151111,0.132716,0.763731,0.792368,-0.0298698,-0.0300245,0.608571,-0.0736658,0.109103,0.14094,0.0755628,0.165663,-0.271911,-0.0531069,0.30311,0.128797,0.102175,0.367536,-0.223212,0.00216585,0.679733,0.0962448,0.0655472,0.708457,-0.114369,0.00611874,0.941857,0.0165939,0.037062,1.09668,0.0102521,0.0885742,1.27367,0.0140646,0.300718,1.27219,0.177324,-0.0574817,1.35267,-0.222362,0.43791,1.20942,0.0653093,-0.256673,1.30257,-0.378144,0.174379,1.47471,0.0182053,0.341473,0.453067,-0.109634,0.341473,0.453067,-0.109634,-0.188166,-0.260802,0.327645,-5.18987,-6.27343,6.26297,2.52328,-0.406457,-4.23797,0,0,1.48391,0,0,0.767116,-0.878241,1.9447,-0.526115,-0.119315,-0.133855,1.71167,0,0,1.84124,0,0,-0.79,1.50165,1.29178,0.408873,-0.00850673,0.0821857,0.670976,0.0579187,0.954153,-0.0129594,1,0.99114,-0.0271255,0.100776,-0.0821514,-0.0717709,0.196574,-0.172473,0.0505149,0.69416,-0.0462712,-0.651251,-0.123777,-0.46298
0.997137,0.0443928,0.0519224,-0.0324151,0.997137,0.0443928,0.0519224,-0.0324151,0.994518,0.00929596,0.0335345,-0.0986063,0.551043,-0.801588,-0.220821,-0.0710301,0.169643,0.459618,0.0497572,-0.870343,0.706498,0,0,0.707715,0.991938,0,0,0.126727,0.744929,-0.0479089,0.0494704,-0.66358,0.907238,0.0978198,0.11797,-0.391706,0.995191,0,0,-0.0979554,0.930597,0,0,-0.366045,0.600086,0.167219,0.146056,0.768507,0.780058,-0.0262576,-0.0242332,0.624686,-0.0802758,0.123798,0.141872,0.0984222,0.179455,-0.257107,-0.0620749,0.317185,0.130701,0.1205,0.381893,-0.21292,-0.00325199,0.694018,0.0962462,0.0736427,0.722259,-0.111962,0.00807418,0.954315,0.0139475,0.0419534,1.10835,0.00523531,0.0982409,1.28385,0.0081617,0.320579,1.31198,0.165287,-0.0514223,1.38628,-0.222592,0.458502,1.27086,0.0507628,-0.261661,1.37178,-0.370257,0.189018,1.48285,0.0114715,0.348117,0.414044,-0.119997,0.348117,0.414044,-0.119997,-0.277152,-0.25703,0.327052,-4.58184,-6.4379,5.55527,1.6157,-0.259602,-4.29187,0,0,1.33019,0,0,0.910032,-0.943449,1.63337,-0.285163,-0.303658,-0.162667,1.61741,0,0,1.29707,0,0,-0.710544,1.17732,0.97791,0.620663,0.225356,0.36657,1.22416,0.064193,0.971147,-0.0149323,1,0.990373,-0.0367326,0.0977772,-0.0908418,-0.0922787,0.188105,-0.191649,0.0586632,0.373747,-0.0793941,-0.639914,-0.140507,-0.457631
0.996798,0.0462061,0.0531455,-0.0378798,0.996798,0.0462061,0.0531455,-0.0378798,0.99508,0.00900011,0.0314157,-0.0935267,0.505358,-0.821957,-0.262175,-0.0162451,0.137162,0.437507,0.0524576,-0.887143,0.733883,0,0,0.679276,0.990949,0,0,0.134241,0.745778,-0.0249835,0.00983906,-0.665654,0.915279,0.0891602,0.111257,-0.376744,0.992078,0,0,-0.125625,0.926147,0,0,-0.377164,0.675065,0.112095,0.10569,0.721492,0.77529,-0.0210919,-0.0185509,0.630981,-0.0966723,0.129859,0.170926,0.117828,0.183364,-0.241415,-0.0661482,0.326434,0.149249,0.137038,0.386958,-0.203455,0.00155104,0.698908,0.100109,0.0821788,0.727031,-0.11205,0.011509,0.957851,0.00930733,0.0463709,1.1115,-0.00132219,0.106049,1.28585,-0.000700417,0.331035,1.33112,0.14732,-0.0470498,1.39868,-0.223773,0.476437,1.29992,0.0275355,-0.266946,1.40256,-0.356871,0.200921,1.48307,4.78993e-05,0.109221,0.0738218,-0.328457,0.109221,0.0738218,-0.328457,-0.0178846,-0.127716,0.306389,-2.59915,-3.30319,3.86584,-1.20383,0.311907,-2.81363,0,0,-2.36899,0,0,0.45471,1.50641,-2.60344,-0.122174,-0.551681,-0.434933,0.991646,0,0,-1.67072,0,0,-0.718566,-4.06489,-3.0254,-4.7586,0.332442,0.366226,0.480656,0.0704673,0.977241,-0.0169053,1,0.989717,-0.0425613,0.101097,-0.0918024,-0.104957,0.193506,-0.195179,0.103044,0.106073,-0.139204,-0.335347,0.230785,-0.0337743
0.996473,0.0474504,0.0535584,-0.0438396,0.996473,0.0474504,0.0535584,-0.0438396,0.995593,0.00932,0.029603,-0.088493,0.461105,-0.835846,-0.295894,0.0344906,0.110463,0.411603,0.0562249,-0.902895,0.765817,0,0,0.643058,0.990056,0,0,0.140673,0.745254,0.00332835,-0.0390203,-0.66563,0.922522,0.0798783,0.103858,-0.363023,0.987088,0,0,-0.160177,0.921556,0,0,-0.388246,0.751748,0.0450406,0.0559866,0.655524,0.771557,-0.0157034,-0.0128835,0.635836,-0.118063,0.128997,0.200475,0.137183,0.177188,-0.225577,-0.0707487,0.326926,0.167952,0.153652,0.381811,-0.194067,0.00756463,0.693213,0.104915,0.0910284,0.721146,-0.112288,0.0154223,0.950461,0.00473052,0.0509684,1.10377,-0.00776294,0.113793,1.27694,-0.00968746,0.338889,1.33685,0.127924,-0.041725,1.39851,-0.224624,0.491422,1.31624,0.0015441,-0.269366,1.41885,-0.34181,0.212574,1.47233,-0.0117937,0.0750423,0.025148,-0.358257,0.0750423,0.025148,-0.358257,0.0191288,-0.109243,0.303429,-2.19662,-2.8624,3.72155,-1.70003,0.402013,-2.57138,0,0,-2.89744,0,0,0.389664,1.85914,-3.20886,-0.00708003,-0.585557,-0.473007,0.903547,0,0,-2.09469,0,0,-0.719712,-4.61335,-3.46397,-5.73898,0.348516,0.366887,0.372856,0.0767415,0.972435,-0.0188782,1,0.989049,-0.047849,0.105317,-0.091656,-0.116559,0.200905,-0.196575,0.117399,-0.22168,-0.137304,-0.291575,0.284139,0.0263118
0.996137,0.0534506,0.05088,-0.047605,0.996137,0.0534506,0.05088,-0.047605,0.996418,0.0125563,0.0278112,-0.0788663,0.508611,-0.819548,-0.254344,0.070468,0.117187,0.378178,0.0547356,-0.916653,0.77382,0,0,0.633405,0.989582,0,0,0.143971,0.740469,0.0296723,-0.0779185,-0.666899,0.928278,0.0769126,0.103713,-0.348751,0.981552,0,0,-0.191194,0.912663,0,0,-0.408714,0.727091,0.033935,0.0408053,0.684486,0.763275,-0.00449698,-0.00193301,0.646055,-0.130814,0.128789,0.226623,0.150442,0.164613,-0.212288,-0.0732211,0.320521,0.186948,0.167976,0.369351,-0.187173,0.0157424,0.679733,0.11137,0.101684,0.706192,-0.113099,0.0216083,0.933955,0.0010152,0.056673,1.08703,-0.014443,0.121067,1.2595,-0.0181042,0.345651,1.31196,0.107871,-0.0370776,1.38063,-0.22487,0.486849,1.29441,-0.0344019,-0.272177,1.40039,-0.326071,0.221484,1.45424,-0.0200897,0.360798,-0.160549,-0.22651,0.360798,-0.160549,-0.22651,0.194257,-0.108124,0.579756,2.45471,3.45521,2.5478,-3.07502,-0.149906,-0.900587,0,0,-0.752336,0,0,0.199872,1.73376,-2.56405,-0.162885,-0.192094,-0.0215707,0.921806,0,0,-1.89054,0,0,-1.33904,-0.706691,-0.969483,2.31939,0.727869,0.71174,0.794953,0.0830158,0.956729,-0.0208511,1,0.98796,-0.0592958,0.111785,-0.0890129,-0.140664,0.211903,-0.194694,0.185581,-0.495188,-0.11146,-0.630164,0.461235,0.204629
0.995653,0.0593184,0.0498319,-0.0517053,0.995653,0.0593184,0.0498319,-0.0517053,0.997303,0.0159746,0.0252593,-0.0670269,0.553265,-0.800068,-0.208777,0.101004,0.129093,0.343659,0.0534181,-0.928644,0.779444,0,0,0.626472,0.988248,0,0,0.15286,0.736526,0.0551018,-0.115626,-0.664171,0.934379,0.072781,0.105723,-0.332357,0.974814,0,0,-0.223017,0.901647,0,0,-0.432472,0.705316,0.0273718,0.0307132,0.707698,0.753142,0.00632997,0.00846842,0.657773,-0.142231,0.118367,0.246613,0.162581,0.14318,-0.198636,-0.0746101,0.303927,0.202704,0.181868,0.347659,-0.180386,0.023602,0.655838,0.117723,0.112327,0.681054,-0.114075,0.0273061,0.906659,-0.00241811,0.062211,1.05936,-0.020773,0.128617,1.23092,-0.026142,0.351607,1.27489,0.0882489,-0.0316261,1.35072,-0.224323,0.479967,1.26001,-0.0678663,-0.273082,1.36676,-0.308994,0.230902,1.42488,-0.0278216,0.353098,-0.0624863,-0.246836,0.353098,-0.0624863,-0.246836,0.205056,-0.153747,0.712405,2.50223,3.57917,2.06901,-3.23547,-0.14748,-0.500228,0,0,-0.535608,0,0,0.53931,1.67862,-2.49244,0.113972,-0.26339,0.109876,1.05075,0,0,-1.9518,0,0,-1.57129,-0.418823,-0.650344,1.92859,0.707858,0.680632,0.92814,0.08929,0.930123,-0.022824,1,0.98693,-0.0706753,0.115594,-0.0872426,-0.164265,0.217547,-0.194316,0.170935,-0.818872,-0.102999,-0.64601,0.299809,0.162218
0.994415,0.0642733,0.0602094,-0.0581624,0.994415,0.0642733,0.0602094,-0.0581624,0.998845,0.0206668,0.0173951,-0.0397263,0.594428,-0.785398,-0.143747,0.0956121,0.177999,0.304108,0.053669,-0.93432,0.769092,0,0,0.639138,0.979657,0,0,0.200679,0.748536,0.0744828,-0.14598,-0.642523,0.943606,0.0605542,0.12288,-0.301399,0.965201,0,0,-0.261509,0.877335,0,0,-0.479879,0.711735,0.0529834,0.0567037,0.698148,0.731678,0.0144813,0.0150134,0.681331,-0.146158,0.0849357,0.256459,0.163769,0.113474,-0.180666,-0.0701281,0.268077,0.213625,0.190535,0.315999,-0.172262,0.0280942,0.615012,0.124537,0.12098,0.641472,-0.115592,0.0272502,0.862148,-0.00484597,0.0645303,1.01386,-0.0256253,0.136232,1.1831,-0.0323566,0.357823,1.20391,0.071635,-0.0259435,1.29585,-0.220323,0.467158,1.17739,-0.0937173,-0.270901,1.2865,-0.287452,0.242258,1.37539,-0.0322279,0.299323,0.625049,-0.389434,0.299323,0.625049,-0.389434,0.281152,-0.472818,1.64073,1.98791,4.7849,-0.497702,-4.16221,-0.103937,1.6954,0,0,0.981488,0,0,2.91538,1.25483,-1.95652,1.61882,-0.761831,1.02874,1.95764,0,0,-2.38062,0,0,-3.19707,1.69928,1.72393,-0.752112,0.541518,0.436614,1.90717,0.0939321,0.883728,-0.0236607,1,0.987294,-0.0816391,0.100908,-0.0916693,-0.18387,0.185344,-0.202304,-0.00167868,-1.33533,-0.0728357,-0.755305,-0.833587,-0.12192
0.99335,0.0642633,0.0692874,-0.0657742,0.99335,0.0642633,0.0692874,-0.0657742,0.999538,0.0232183,0.00970772,-0.0170204,0.645209,-0.75605,-0.0711054,0.0838879,0.241117,0.260814,0.0493524,-0.93349,0.771193,0,0,0.636601,0.965864,0,0,0.259048,0.769125,0.0812466,-0.15873,-0.613719,0.954741,0.0440813,0.138182,-0.259676,0.951666,0,0,-0.307135,0.846357,0,0,-0.532615,0.715912,0.0859498,0.0892052,0.687113,0.710353,0.019807,0.0191918,0.703305,-0.150893,0.0887674,0.259346,0.16221,0.127099,-0.160544,-0.0661878,0.269284,0.219847,0.19666,0.326856,-0.163502,0.0301376,0.610839,0.129463,0.126139,0.641445,-0.117249,0.0234527,0.854696,-0.00649148,0.0648582,1.00493,-0.0295423,0.143526,1.1708,-0.0392474,0.359092,1.16671,0.0545298,-0.0184801,1.27054,-0.218371,0.452291,1.12963,-0.119121,-0.260303,1.22739,-0.268023,0.255565,1.35979,-0.0407727,0.000776882,0.547181,-0.458971,0.000776882,0.547181,-0.458971,0.152824,-0.461552,1.36312,3.12074,5.16469,-0.936532,-4.40653,-0.504913,2.6918,0,0,-0.197656,0,0,3.59916,0.402603,-0.756102,2.1998,-1.01761,0.903721,2.61177,0,0,-2.85573,0,0,-3.67024,2.18387,2.15261,-0.807577,0.362328,0.286255,1.83193,0.0971201,0.873571,-0.0253425,1,0.987065,-0.089543,0.0860118,-0.101428,-0.197776,0.152221,-0.219927,-0.113924,-0.223559,-0.0493655,-0.610393,-0.885427,-0.458559
0.99303,0.0493741,0.074478,-0.0768609,0.99303,0.0493741,0.074478,-0.0768609,0.999775,0.0193895,0.00258989,-0.00818856,0.725607,-0.685638,0.0225856,0.0537119,0.346246,0.207249,0.0314847,-0.914423,0.809303,0,0,0.587391,0.937225,0,0,0.348727,0.81568,0.0501927,-0.118716,-0.563962,0.971284,0.0149571,0.147807,-0.185839,0.927349,0,0,-0.374198,0.798187,0,0,-0.60241,0.713443,0.140805,0.14107,0.671768,0.691286,0.0166878,0.0163049,0.722205,-0.159543,0.0985797,0.248113,0.152832,0.161798,-0.136039,-0.0633784,0.273898,0.211529,0.195949,0.357518,-0.153528,0.0262007,0.608438,0.125495,0.121532,0.653538,-0.119083,0.00851198,0.851821,-0.00570454,0.0591156,0.998916,-0.0306174,0.149753,1.15788,-0.0483114,0.350343,1.1232,0.0362285,-0.00785592,1.22812,-0.219966,0.437633,1.06506,-0.146086,-0.229412,1.13117,-0.245984,0.27475,1.33809,-0.0621343,-0.895019,0.31261,-0.667176,-0.895019,0.31261,-0.667176,-0.229857,-0.427148,0.530029,6.25743,6.34992,-2.1741,-5.26763,-1.59869,5.41294,0,0,-3.73509,0,0,5.65051,-2.07701,2.73626,3.86439,-1.7794,0.535958,4.56163,0,0,-4.28106,0,0,-5.08974,3.65226,3.45363,-0.97675,-0.199372,-0.184101,1.61468,0.0963223,0.864767,-0.0295782,1,0.985418,-0.0882925,0.0705322,-0.127207,-0.194495,0.11681,-0.268168,-0.448222,-0.0862744,0.0236082,-0.162051,-1.05453,-1.46027
0.992739,0.0362288,0.074452,-0.0872574,0.992739,0.0362288,0.074452,-0.0872574,0.999348,0.0347963,0.00153911,-0.00952571,0.782775,-0.614819,0.0961541,0.00385528,0.463247,0.210815,0.00529673,-0.860773,0.848944,0,0,0.528483,0.903955,0,0,0.427627,0.852688,0.0373065,-0.0771203,-0.515349,0.982621,0.00586499,0.149175,-0.110307,0.913869,0,0,-0.406008,0.765795,0,0,-0.643085,0.717309,0.179712,0.184752,0.647332,0.674832,0.01716,0.0159843,0.737598,-0.174756,0.106421,0.245673,0.137806,0.186191,-0.116462,-0.0726209,0.278561,0.20769,0.184535,0.378618,-0.143367,0.0127503,0.60899,0.122848,0.106659,0.661583,-0.116553,-0.0081526,0.849363,-0.00407175,0.0551031,0.990107,-0.0355929,0.161143,1.13714,-0.0658707,0.340506,1.07376,0.0175136,0.0133653,1.17164,-0.242495,0.419466,0.975112,-0.163217,-0.172688,1.0293,-0.256477,0.305322,1.30041,-0.0942703,-0.790347,-0.00113046,-0.625749,-0.790347,-0.00113046,-0.625749,0.924778,-0.0630386,-0.0803163,5.55308,4.73252,-3.3045,-0.589196,-2.06049,7.71577,0,0,-4.26117,0,0,5.13924,-0.856188,2.7269,3.54837,-0.552162,0.0484097,4.60131,0,0,-2.07299,0,0,-3.1202,2.56878,2.88578,-1.68851,0.0391007,-0.0145666,1.3519,0.0947411,0.850579,-0.0371008,1,0.978356,-0.101708,0.0664006,-0.167529,-0.224158,0.095996,-0.349994,-0.499938,-0.0737311,0.0489837,-1.03312,-0.325709,-2.36
0.992816,0.0260094,0.0657554,-0.096525,0.992816,0.0260094,0.0657554,-0.096525,0.996173,0.0821844,0.0105944,-0.0277884,0.815,-0.558076,0.135608,-0.0770454,0.592647,0.307247,-0.0340075,-0.743783,0.891034,0,0,0.453937,0.87112,0,0,0.49107,0.878915,0.0550953,-0.0338769,-0.472573,0.98949,0.0302771,0.137428,-0.0332746,0.924415,0,0,-0.381387,0.767532,0,0,-0.64101,0.736129,0.192774,0.215523,0.611966,0.663293,0.0236313,0.0199544,0.74772,-0.203729,0.113339,0.250889,0.116147,0.196401,-0.106519,-0.103652,0.287609,0.20982,0.158938,0.388783,-0.133413,-0.0164884,0.621695,0.124211,0.0769387,0.671277,-0.106569,-0.027674,0.856067,-0.00101213,0.0526139,0.983335,-0.0472052,0.177503,1.10827,-0.0975798,0.329796,1.01994,0.00160228,0.0470483,1.08909,-0.289978,0.384454,0.852177,-0.148033,-0.0872648,0.907062,-0.287557,0.34723,1.2389,-0.143256,-0.614693,-0.523165,-0.55726,-0.614693,-0.523165,-0.55726,2.84913,0.544112,-1.09777,4.10075,2.45151,-5.18038,5.8879,-2.76286,11.5867,0,0,-5.13798,0,0,4.28712,1.09074,2.74988,2.97747,1.46907,-0.728021,4.65352,0,0,1.60712,0,0,0.162368,0.775315,1.94004,-2.63885,0.444006,0.274074,0.913408,0.0899834,0.832732,-0.0482869,1,0.959413,-0.13922,0.0809815,-0.231486,-0.310882,0.0910603,-0.487786,-0.585642,0.201118,0.0917887,-2.42828,0.919076,-3.88821
0.99352,0.0105645,0.0546965,-0.0990647,0.99352,0.0105645,0.0546965,-0.0990647,0.995607,0.0761494,0.0163153,-0.0519818,0.85442,-0.460977,0.141244,-0.19369,0.672224,0.444965,0.013487,-0.591556,0.933542,0,0,0.358468,0.831325,0,0,0.555786,0.885632,0.0873303,-0.0247173,-0.455432,0.98616,0.0561695,0.153084,0.0299778,0.948101,0,0,-0.31797,0.793334,0,0,-0.608786,0.703386,0.142314,0.170445,0.675236,0.671484,0.031545,0.025952,0.739892,-0.243086,0.0993512,0.2987,0.0946036,0.147436,-0.107741,-0.151363,0.271742,0.24582,0.131937,0.341905,-0.132691,-0.0473573,0.604721,0.13899,0.0519197,0.634943,-0.102107,-0.0334874,0.825022,-0.00331569,0.0624882,0.932175,-0.0672371,0.200837,1.02828,-0.140516,0.323561,0.938429,-0.00841471,0.0937228,0.945348,-0.35128,0.339447,0.706093,-0.0752855,0.0202944,0.742791,-0.336052,0.385255,1.11978,-0.214873,-0.92907,-0.6659,-0.15134,-0.92907,-0.6659,-0.15134,-0.361696,0.343874,-1.45405,6.63126,0.232924,-7.28968,8.62735,3.28342,11.9212,0,0,-6.27315,0,0,4.55943,2.00323,0.576554,1.13952,1.56278,0.952955,3.81051,0,0,4.06258,0,0,2.47706,-3.20698,-2.82885,4.73256,0.529606,0.400927,-0.692724,0.0897494,0.771661,-0.0612728,1,0.929384,-0.191706,0.0858619,-0.303515,-0.421183,0.0432394,-0.640558,-0.174401,-0.931331,-0.0691068,-3.55966,0.554984,-4.35561
0.994585,-0.0101038,0.0412642,-0.094849,0.994585,-0.0101038,0.0412642,-0.094849,0.996322,0.0166192,0.0186641,-0.0819651,0.879816,-0.314186,0.109713,-0.339372,0.678068,0.603831,0.144729,-0.393275,0.970583,0,0,0.240766,0.783923,0,0,0.620859,0.873922,0.13398,-0.0497209,-0.464582,0.973798,0.0834386,0.196223,0.0790699,0.976986,0,0,-0.213302,0.839373,0,0,-0.543555,0.589243,0.0231199,0.0431196,0.806473,0.698742,0.0408666,0.0339488,0.713398,-0.28214,0.120343,0.398414,0.0653188,0.0722987,-0.123305,-0.206355,0.279892,0.320775,0.0980625,0.270636,-0.141182,-0.0758041,0.59613,0.164935,0.0301303,0.583957,-0.101797,-0.0256035,0.785478,-0.0109938,0.0832331,0.864216,-0.0931789,0.228314,0.923207,-0.18933,0.323391,0.866281,-0.0215402,0.156958,0.771715,-0.410889,0.276009,0.628228,0.045553,0.156373,0.569913,-0.382373,0.413657,0.963306,-0.298979,-1.24256,-0.808567,0.255514,-1.24256,-0.808567,0.255514,-3.57729,0.140866,-1.80046,9.43956,-2.05163,-8.99902,10.6388,8.84382,13.4562,0,0,-7.40832,0,0,4.83174,2.94546,-1.57302,-0.691072,1.6647,2.6497,2.97906,0,0,6.51803,0,0,4.79176,-7.88288,-8.36322,11.2722,0.600631,0.516063,-2.30161,0.0936111,0.7004,-0.0731809,1,0.88395,-0.257859,0.0805974,-0.381634,-0.544688,-0.0543541,-0.799942,0.236516,-1.18635,-0.230344,-4.71968,0.247155,-4.79225
0.995623,-0.0167129,0.0342984,-0.0853193,0.995623,-0.0167129,0.0342984,-0.0853193,0.994686,-0.0356502,0.0296002,-0.091943,0.818968,-0.265843,0.0499,-0.506092,0.666445,0.646137,0.231209,-0.291379,0.984203,0,0,0.177042,0.78665,0,0,0.617399,0.828729,0.103284,-0.0749941,-0.544901,0.959878,0.134201,0.231644,0.0834643,0.982537,0,0,-0.186066,0.875386,0,0,-0.483424,0.475788,0.111607,0.0431769,0.871381,0.697336,0.0384218,0.0283621,0.715152,-0.396343,0.346357,0.519858,0.0477339,0.0831403,-0.133358,-0.297698,0.45711,0.4096,0.079832,0.282049,-0.142767,-0.10047,0.690423,0.186863,0.027143,0.612253,-0.101946,-0.00805431,0.825976,-0.0281903,0.104503,0.883726,-0.122179,0.249105,0.919596,-0.230014,0.326668,0.926733,-0.0338496,0.197422,0.73127,-0.442022,0.227624,0.771088,0.142671,0.233611,0.533089,-0.406831,0.426729,0.928574,-0.357385,-0.396918,-0.41942,0.574594,-0.396918,-0.41942,0.574594,-3.14118,0.657948,-0.602429,2.65593,-3.67098,-11.1224,3.05134,5.90037,6.77783,0,0,-3.91047,0,0,-0.264326,-1.81764,-1.66022,-5.58974,3.11099,2.21022,0.289855,0,0,1.66777,0,0,4.2063,6.56881,0.153906,7.55953,-0.162056,-0.372488,0.143339,0.094175,0.736607,-0.0810293,1,0.846436,-0.319763,0.0656443,-0.4207,-0.648677,-0.158586,-0.869113,0.526475,1.21495,-0.515893,-4.40008,0.201664,-2.40306
0.99676,-0.0148857,0.031219,-0.072614,0.99676,-0.0148857,0.031219,-0.072614,0.991403,-0.0834233,0.0456566,-0.0898663,0.690202,-0.272201,-0.0263599,-0.66995,0.664726,0.635355,0.293863,-0.260976,0.9891,0,0,0.147247,0.81961,0,0,0.572922,0.747254,0.0243642,-0.098838,-0.656696,0.942544,0.198547,0.261711,0.0608028,0.978474,0,0,-0.20637,0.904619,0,0,-0.426221,0.354372,0.318788,0.118696,0.871037,0.678638,0.0289133,0.0146255,0.733758,-0.50013,0.693168,0.575544,0.0458675,0.0902514,-0.133235,-0.373248,0.72041,0.449507,0.0758173,0.288141,-0.136559,-0.112995,0.803984,0.190565,0.0358709,0.632186,-0.101674,0.0152941,0.857333,-0.0510977,0.12772,0.89948,-0.153439,0.269935,0.922002,-0.268162,0.342843,1.01516,-0.0693734,0.224994,0.710795,-0.469459,0.224505,0.993991,0.157315,0.276687,0.506052,-0.441738,0.438622,0.914081,-0.406315,0.11013,-0.185745,0.765091,0.11013,-0.185745,0.765091,-2.87698,0.968104,0.118892,-1.27112,-4.95713,-12.5998,-0.700814,4.25584,2.04656,0,0,-1.81176,0,0,-3.32197,-4.97803,-1.71105,-8.39926,3.98487,1.92293,-1.35624,0,0,-1.24238,0,0,3.85502,16.5368,6.03832,3.64859,-0.621908,-0.911756,1.60444,0.100544,0.786125,-0.0973405,1,0.814761,-0.379008,0.0450366,-0.43645,-0.74753,-0.26038,-0.880951,0.700451,0.940712,-0.687223,-4.20233,0.271666,-0.971541
0.998383,-0.00775201,0.0268596,-0.0494973,0.998383,-0.00775201,0.0268596,-0.0494973,0.992754,-0.0771195,0.047556,-0.0789351,0.526663,-0.282247,-0.081698,-0.797677,0.611478,0.636727,0.317472,-0.346243,0.96867,0,0,0.248351,0.86,0,0,0.510294,0.669054,-0.0412238,-0.159108,-0.724812,0.903932,0.303658,0.300947,-0.0113884,0.983721,0,0,-0.179701,0.950995,0,0,-0.309208,0.542891,0.224588,0.0938395,0.803756,0.673897,0.0176489,0.0200732,0.738341,-0.489182,1.06855,0.529016,0.0612369,0.13505,-0.175569,-0.354062,1.03414,0.397732,0.077991,0.33367,-0.162401,-0.0858255,0.974778,0.137317,0.0508447,0.696978,-0.127924,0.0548134,0.935458,-0.106848,0.168073,0.962258,-0.213705,0.308482,0.976595,-0.332335,0.379299,1.15018,-0.167946,0.252985,0.748825,-0.522894,0.261253,1.22867,0.0395942,0.272039,0.527548,-0.499106,0.475587,0.965476,-0.472659,0.428739,-0.262721,1.39011,0.428739,-0.262721,1.39011,0.381415,0.112999,0.659903,-1.98299,-4.09113,-12.268,1.02554,2.0647,-6.28453,0,0,6.1916,0,0,-4.47237,-4.3874,-4.27563,-5.92909,6.67991,2.64774,-4.42574,0,0,1.63087,0,0,7.55711,-8.72425,-2.52064,-10.2973,-0.756844,0.369622,0.40161,0.129949,0.884311,-0.153727,1,0.778083,-0.43595,0.012802,-0.452075,-0.839118,-0.383579,-0.879889,1.18558,2.34375,-1.6725,-4.5085,-0.341196,-0.838224
0.999494,0.001155,0.0220559,-0.0228793,0.999494,0.001155,0.0220559,-0.0228793,0.995481,-0.0527754,0.0447254,-0.0650461,0.338605,-0.285041,-0.126725,-0.887716,0.530933,0.631438,0.322673,-0.46398,0.921592,0,0,0.38816,0.898439,0,0,0.439099,0.585912,-0.101416,-0.229483,-0.770558,0.839093,0.41551,0.336686,-0.0995846,0.990556,0,0,-0.137105,0.985948,0,0,-0.167054,0.773698,0.00921103,0.026486,0.632934,0.673784,0.00580157,0.0319141,0.738216,-0.435016,1.42407,0.398923,0.0953915,0.181939,-0.183376,-0.297901,1.32154,0.281081,0.0835693,0.380829,-0.169329,-0.0488555,1.13224,0.0632907,0.0569963,0.758584,-0.146196,0.0891952,1.00377,-0.152469,0.203351,1.01501,-0.261355,0.341385,1.02212,-0.383648,0.415179,1.25529,-0.282567,0.270727,0.783433,-0.564408,0.304538,1.40045,-0.127939,0.238925,0.55283,-0.549623,0.507487,1.01223,-0.526105,0.534683,-0.28887,1.59845,0.534683,-0.28887,1.59845,1.46707,-0.172696,0.838927,-2.02958,-4.04254,-12.1542,1.1291,1.12409,-9.24858,0,0,8.85939,0,0,-4.85584,-4.30588,-5.29061,-4.87523,7.53396,2.70136,-5.61165,0,0,2.58862,0,0,8.79114,-15.3978,-4.96269,-16.1197,-0.79982,0.799503,-0.00619053,0.159354,0.971597,-0.210113,1,0.736449,-0.490143,-0.0233069,-0.465681,-0.933479,-0.513042,-0.864903,1.03146,2.0493,-1.36862,-4.61365,-0.540246,-0.779173
0.998896,-0.00705483,0.0254197,-0.0388781,0.998896,-0.00705483,0.0254197,-0.0388781,0.996398,-0.0325061,0.0293071,-0.0726294,0.332172,-0.23586,-0.153885,-0.900195,0.480844,0.623954,0.232259,-0.570549,0.921115,0,0,0.389291,0.926556,0,0,0.376156,0.610967,-0.133605,-0.30272,-0.719186,0.820312,0.334164,0.437588,-0.154724,0.961412,0,0,-0.275112,0.998023,0,0,-0.0628551,0.779607,-0.0288753,0.00893079,0.62554,0.673756,0.00432047,0.0333937,0.738186,-0.348504,1.64845,0.223201,0.0586522,0.256642,-0.178721,-0.207511,1.50896,0.159298,0.0458543,0.455957,-0.177154,0.01685,1.26385,-0.00333795,0.0574916,0.839812,-0.179643,0.126765,1.08914,-0.206883,0.238901,1.0817,-0.31805,0.376459,1.06174,-0.439312,0.448622,1.30712,-0.399015,0.273168,0.805057,-0.56165,0.333496,1.48712,-0.29174,0.167868,0.598894,-0.496497,0.544982,1.01956,-0.57286,-0.492758,0.202165,-0.960555,-0.492758,0.202165,-0.960555,1.21859,-0.927036,-0.454351,3.78522,-2.1599,-1.19537,0.446842,-6.1069,-8.52773,0,0,0.073678,0,0,-4.13708,-2.15593,-4.90624,4.10879,-5.01594,6.5908,-3.56508,0,0,-8.47005,0,0,6.29666,-2.47073,-1.14201,-0.569806,-0.0999933,0.0999169,-0.00149648,0.188759,1.04798,-0.2665,1,0.69746,-0.558864,-0.0631561,-0.444107,-1.10095,-0.62425,-0.742981,1.12709,2.56119,-1.63242,-5.33416,0.740292,0.941029
0.997535,-0.0177056,0.0299368,-0.0609437,0.997535,-0.0177056,0.0299368,-0.0609437,0.996375,-0.012799,0.012072,-0.08323,0.351832,-0.179386,-0.178305,-0.901245,0.425274,0.603206,0.123601,-0.663331,0.928601,0,0,0.37108,0.949736,0,0,0.313052,0.645396,-0.160383,-0.373195,-0.64689,0.789419,0.217782,0.537434,-0.201378,0.902092,0,0,-0.431544,0.999348,0,0,0.0361007,0.760287,-0.0408107,-0.00101328,0.648303,0.673756,0.00432047,0.0333937,0.738186,-0.274707,1.77995,0.0133631,-0.0037382,0.346152,-0.164556,-0.119241,1.64358,0.0090667,-0.00841804,0.545683,-0.172208,0.0874248,1.38166,-0.0868049,0.0546613,0.923376,-0.207522,0.165746,1.16491,-0.26549,0.276188,1.13854,-0.375188,0.414506,1.09096,-0.487203,0.482051,1.33111,-0.503027,0.282298,0.835842,-0.55396,0.358121,1.53006,-0.44691,0.109265,0.686217,-0.462235,0.586933,1.01737,-0.600479,-0.639767,0.271944,-1.32609,-0.639767,0.271944,-1.32609,1.18384,-1.03534,-0.63684,4.55962,-1.78183,0.586326,-0.402537,-7.72134,-8.01494,0,0,-1.18142,0,0,-4.0344,-1.70068,-4.52259,5.62399,-7.27521,6.76878,-3.12655,0,0,-10.0499,0,0,5.9403,-0.793022,-0.645221,1.78039,0,0,0,0.218164,1.11347,-0.322886,1,0.653458,-0.625244,-0.103009,-0.414067,-1.30795,-0.71076,-0.575292,1.16943,2.27309,-1.75823,-5.43708,0.942962,1.17112
0.995642,-0.0218962,0.0140213,-0.0895601,0.995642,-0.0218962,0.0140213,-0.0895601,0.993743,-0.0366298,-0.0131187,-0.104696,0.438819,-0.170916,-0.12766,-0.872885,0.444885,0.618489,0.00186287,-0.647723,0.933677,0,0,0.358117,0.949414,0,0,0.314026,0.73721,-0.17741,-0.374846,-0.533421,0.827272,0.282589,0.468575,-0.127285,0.840561,0,0,-0.541718,0.975799,0,0,-0.218668,0.733395,-0.0221404,0.0195396,0.679161,0.673756,0.00432047,0.0333937,0.738186,-0.155444,1.87849,-0.111057,-0.0377221,0.488222,-0.0558185,-0.00306023,1.74208,-0.104799,0.0185457,0.667194,-0.124346,0.153179,1.47303,-0.193306,0.10046,1.01008,-0.25363,0.177451,1.23543,-0.359615,0.289478,1.1827,-0.457,0.432314,1.10346,-0.541336,0.500077,1.32831,-0.59152,0.285182,0.864203,-0.528402,0.364211,1.5269,-0.562808,0.0897767,0.800045,-0.392751,0.607767,0.992041,-0.608682,-0.252471,-0.955183,-1.72179,-0.252471,-0.955183,-1.72179,-1.43352,-1.51396,-1.29504,1.18537,4.32635,4.89736,0.734871,-9.13321,1.60188,0,0,-0.835296,0,0,0.061584,-0.736638,0.787258,9.02827,3.93535,-4.86514,4.8997,0,0,-7.57654,0,0,-15.3935,1.20451,1.35529,2.46867,0,0,0,0.247569,1.16806,-0.379273,1,0.58368,-0.679675,-0.127354,-0.425606,-1.50717,-0.814257,-0.491113,0.351169,2.11551,-2.82374,-5.29288,-0.467025,-1.61139
0.992599,-0.0244572,-0.00052784,-0.118952,0.992599,-0.0244572,-0.00052784,-0.118952,0.989566,-0.0589251,-0.0398622,-0.125291,0.520109,-0.174181,-0.0750018,-0.83278,0.459835,0.624242,-0.109283,-0.622037,0.9352,0,0,0.354121,0.944895,0,0,0.327375,0.817841,-0.185102,-0.36127,-0.407869,0.854236,0.332627,0.39541,-0.0573704,0.771867,0,0,-0.635784,0.892689,0,0,-0.450672,0.70839,-0.00575797,0.0374859,0.704801,0.673756,0.00432047,0.0333937,0.738186,-0.026937,1.93231,-0.238616,-0.0626084,0.702958,0.00474123,0.1209,1.7942,-0.228739,0.0493767,0.828554,-0.102859,0.223601,1.52728,-0.308994,0.14546,1.09254,-0.300563,0.190553,1.28302,-0.452663,0.301718,1.2065,-0.532943,0.44574,1.10476,-0.582864,0.514643,1.30958,-0.664426,0.284588,0.907655,-0.507923,0.370711,1.50494,-0.659057,0.0791097,0.941581,-0.378477,0.61926,0.973845,-0.595565,-0.155378,-0.874251,-1.77338,-0.155378,-0.874251,-1.77338,-1.34547,-1.61132,-1.24881,0.21463,4.123,5.17978,0.117004,-8.20904,2.21928,0,0,-0.256568,0,0,0.84559,-0.146252,1.59797,9.06558,2.9832,-4.90495,4.48976,0,0,-6.99267,0,0,-14.8241,1.07716,1.20783,2.13968,0,0,0,0.276974,1.21174,-0.435659,1,-0.505369,0.733093,0.150427,0.429592,-1.76467,-0.897713,-0.34981,0.393045,1.42775,-2.79146,-5.63199,-0.205207,-1.60921
0.987882,-0.01575,-0.00540559,-0.154312,0.987882,-0.01575,-0.00540559,-0.154312,0.984454,-0.0707981,-0.0775554,-0.140794,0.586382,-0.269496,-0.0169244,-0.763703,0.487092,0.62585,-0.145366,-0.591542,0.91095,0,0,0.412517,0.905141,0,0,0.425111,0.907658,-0.149089,-0.287597,-0.266865,0.888247,0.307402,0.340019,-0.030124,0.740186,0,0,-0.672402,0.797194,0,0,-0.603724,0.70839,-0.00575797,0.0374859,0.704801,0.673756,0.00432047,0.0333937,0.738186,0.128477,1.95757,-0.328915,-0.0715395,1.01592,0.0466874,0.256605,1.80117,-0.341222,0.073311,1.04825,-0.0869786,0.294892,1.53586,-0.437601,0.177569,1.17891,-0.344225,0.204089,1.30555,-0.55067,0.309198,1.2055,-0.608696,0.453483,1.09448,-0.620065,0.530125,1.28421,-0.736426,0.292254,0.944463,-0.488457,0.395145,1.47837,-0.737974,0.107405,1.05512,-0.394643,0.627732,0.972135,-0.577484,0.522225,-0.293903,-2.14147,0.522225,-0.293903,-2.14147,-0.722179,-2.2775,-0.947994,-6.32064,4.21066,6.48343,-0.436407,-2.53581,2.77676,0,0,3.79453,0,0,6.33363,2.60251,5.28901,9.55184,-1.82416,-3.7523,1.74195,0,0,-2.90555,0,0,-10.8388,0,0,0,0,0,0,0.306378,1.24453,-0.492046,1,-0.395148,0.809282,0.169996,0.400028,-2.20146,-0.897577,-0.0657909,0.406088,0.675974,-2.9402,-7.95505,1.68137,-1.77715
0.982642,-0.0075667,-0.0145935,-0.184783,0.982642,-0.0075667,-0.0145935,-0.184783,0.978928,-0.0794227,-0.112727,-0.150614,0.632933,-0.354713,0.0365144,-0.687198,0.509056,0.618639,-0.17928,-0.570969,0.872644,0,0,0.488356,0.867979,0,0,0.496601,0.960431,-0.116545,-0.223358,-0.118749,0.917232,0.28029,0.282899,-0.00955985,0.711607,0,0,-0.702578,0.717649,0,0,-0.696405,0.70839,-0.00575797,0.0374859,0.704801,0.673756,0.00432047,0.0333937,0.738186,0.303299,1.94273,-0.44896,-0.0247319,1.30708,-0.0149533,0.395439,1.76354,-0.469674,0.125091,1.25612,-0.136812,0.359074,1.50779,-0.560632,0.211385,1.26114,-0.399127,0.21536,1.31199,-0.632847,0.312639,1.19474,-0.66386,0.456268,1.08615,-0.641177,0.534717,1.24873,-0.793183,0.298695,0.997729,-0.471586,0.406342,1.43543,-0.797112,0.136224,1.15097,-0.441041,0.63222,0.989946,-0.559125,0.492189,-0.555062,-1.85529,0.492189,-0.555062,-1.85529,-0.529086,-2.13397,-0.609184,-5.49289,3.68936,6.25536,-0.956802,-2.34964,1.89859,0,0,5.09936,0,0,4.83564,2.14489,4.22633,9.30325,-1.86615,-3.73844,1.28797,0,0,-2.49385,0,0,-7.3327,0,0,0,0,0,0,0.335783,1.26641,-0.548432,1,-0.274012,0.870265,0.179658,0.367804,-2.60473,-0.831036,0.165617,0.338128,0.193036,-2.46533,-7.91416,1.56891,-2.30379
0.978894,-0.00101127,-0.0367199,-0.20104,0.978894,-0.00101127,-0.0367199,-0.20104,0.976379,-0.0785966,-0.140631,-0.143978,0.649431,-0.42222,0.0745183,-0.628026,0.518317,0.589129,-0.207573,-0.584113,0.789725,0,0,0.613461,0.865137,0,0,0.501536,0.971227,-0.106744,-0.21125,0.0263932,0.941393,0.251249,0.224862,-0.00949069,0.696712,0,0,-0.717351,0.753593,0,0,-0.657341,0.70839,-0.00575797,0.0374859,0.704801,0.673756,0.00432047,0.0333937,0.738186,0.515184,1.88269,-0.620209,0.0936324,1.55249,-0.0731918,0.544582,1.68236,-0.625887,0.20602,1.44356,-0.197276,0.418208,1.45212,-0.679891,0.24512,1.34436,-0.466978,0.227926,1.31534,-0.701224,0.310924,1.18447,-0.701867,0.448711,1.07725,-0.654476,0.528549,1.18905,-0.846288,0.298788,1.06202,-0.466382,0.425713,1.36671,-0.849296,0.14785,1.22577,-0.496152,0.626638,0.999989,-0.557429,0.39554,-1.33811,-0.996407,0.39554,-1.33811,-0.996407,0.0458433,-1.69338,0.393533,-4.4415,2.5742,4.34457,-2.30275,-1.98475,-0.781227,0,0,9.01384,0,0,0.34168,0.619583,0.783097,8.8194,-1.92079,-3.69669,0.00912617,0,0,-1.25874,0,0,3.18544,0,0,0,0,0,0,0.365188,1.2774,-0.604819,1,-0.137325,0.914323,0.165732,0.343056,-2.95477,-0.73805,0.286197,0.376973,0.100672,-2.05131,-7.84912,1.02371,-3.82537
0.971763,0.00574732,-0.0526402,-0.229942,0.971763,0.00574732,-0.0526402,-0.229942,0.975536,-0.0712582,-0.156279,-0.137216,0.652473,-0.470928,0.105149,-0.584337,0.540394,0.538258,-0.22001,-0.608152,0.699311,0,0,0.714817,0.865462,0,0,0.500974,0.96693,-0.1285,-0.197473,0.0976621,0.939475,0.249219,0.229463,-0.0512218,0.710865,0,0,-0.703329,0.763977,0,0,-0.645243,0.708448,-0.00858776,0.0346596,0.704859,0.673756,0.00432047,0.0333937,0.738186,0.678879,1.77829,-0.814348,0.141944,1.73749,-0.235329,0.648231,1.5824,-0.772881,0.243273,1.58715,-0.319137,0.458145,1.38565,-0.774953,0.274033,1.40281,-0.546102,0.251595,1.29951,-0.764483,0.323323,1.16792,-0.729256,0.460802,1.07733,-0.657114,0.531237,1.12236,-0.876329,0.320769,1.12775,-0.477045,0.442219,1.2801,-0.894978,0.168534,1.26784,-0.564923,0.646044,1.03326,-0.552565,0.409229,-0.969655,-1.77989,0.409229,-0.969655,-1.77989,0.442579,-0.949038,0.406567,-3.28152,2.0794,3.02656,-4.02611,-0.746204,-1.31844,0,0,8.15563,0,0,-0.038984,-1.3293,0.817222,4.32623,-0.114222,0.290804,-2.55602,0,0,1.19541,0,0,0.956632,-0.18848,-0.188309,0.0027886,0,0,0,0.394593,1.27749,-0.661205,1,0.00915523,0.937919,0.15702,0.309143,-3.28195,-0.615083,0.376396,0.710076,-0.474893,-1.89775,-8.42077,0.965081,-3.46159
0.958243,0.0128289,-0.0581531,-0.279686,0.958243,0.0128289,-0.0581531,-0.279686,0.978363,-0.0531357,-0.151612,-0.130371,0.641173,-0.493426,0.124333,-0.574429,0.580912,0.449292,-0.204866,-0.647077,0.614968,0,0,0.788552,0.871031,0,0,0.491229,0.959838,-0.205113,-0.185922,0.045523,0.882197,0.288868,0.335089,-0.161243,0.769987,0,0,-0.638059,0.733521,0,0,-0.679667,0.708547,-0.0161331,0.0271204,0.704957,0.673756,0.00432047,0.0333937,0.738186,0.805504,1.64521,-1.05234,0.0287686,1.79848,-0.486303,0.732429,1.49617,-0.936205,0.170689,1.65794,-0.48764,0.500507,1.33038,-0.855376,0.275852,1.43528,-0.625667,0.289272,1.25632,-0.814161,0.356531,1.14127,-0.741315,0.502003,1.08935,-0.654123,0.55111,1.04919,-0.879502,0.367854,1.18463,-0.501736,0.456538,1.17098,-0.923923,0.196287,1.26405,-0.625935,0.699532,1.09918,-0.563212,0.432509,-0.3501,-3.09082,0.432509,-0.3501,-3.09082,1.09936,0.291043,0.42162,-1.68387,1.34447,0.497567,-6.88413,1.32638,-1.99653,0,0,6.72528,0,0,-0.673424,-4.67812,0.673679,-3.15664,2.78412,6.8816,-6.93647,0,0,5.28565,0,0,-2.75805,-0.502541,-0.502249,0.00476765,0,0,0,0.423998,1.26667,-0.717592,1,0.166688,0.936485,0.158956,0.26447,-3.59926,-0.45822,0.444797,1.1303,-1.29581,-1.49034,-9.36462,1.00879,-2.83677
0.946849,0.0197416,-0.0639675,-0.314636,0.946849,0.0197416,-0.0639675,-0.314636,0.981067,-0.0389598,-0.136663,-0.131576,0.642008,-0.516746,0.122576,-0.552969,0.601526,0.369698,-0.201598,-0.678858,0.588517,0,0,0.808485,0.880604,0,0,0.473853,0.943034,-0.277051,-0.178226,-0.0465371,0.831353,0.2988,0.387735,-0.263121,0.791581,0,0,-0.611064,0.741199,0,0,-0.671286,0.676787,-0.0249954,0.0220688,0.735423,0.673756,0.00432047,0.0333937,0.738186,0.851989,1.44778,-1.26153,-0.0200904,1.79884,-0.749391,0.776537,1.37573,-1.09087,0.137179,1.68982,-0.692173,0.541899,1.26926,-0.928368,0.286143,1.44995,-0.732641,0.327053,1.20685,-0.847356,0.390351,1.11913,-0.743248,0.540657,1.10053,-0.654808,0.576789,0.985459,-0.857376,0.41388,1.22736,-0.538205,0.48111,1.08317,-0.927515,0.226002,1.24281,-0.667632,0.745344,1.14321,-0.593919,0.425307,-0.368947,-2.20121,0.425307,-0.368947,-2.20121,0.858888,0.911,-0.0655976,-1.58312,-0.122929,1.48041,-5.79878,0.348781,-1.82472,0,0,1.98734,0,0,-1.19032,-4.47188,0.405733,-5.61503,0.962713,3.73298,-6.66595,0,0,2.07428,0,0,0.682008,-0.611008,-0.318171,2.63896,0,0,0,0.453403,1.24496,-0.773978,1,0.32141,0.903388,0.163112,0.232336,-3.90544,-0.32038,0.486872,1.13344,-1.48415,-0.995876,-9.43822,-0.154365,-2.23712
0.939151,0.0265004,-0.0701731,-0.335215,0.939151,0.0265004,-0.0701731,-0.335215,0.983334,-0.028724,-0.111395,-0.140788,0.65437,-0.540371,0.0997703,-0.519466,0.604653,0.301955,-0.211137,-0.706144,0.624949,0,0,0.780665,0.893728,0,0,0.448608,0.907063,-0.340736,-0.172637,-0.177011,0.799452,0.282708,0.391127,-0.357732,0.779859,0,0,-0.625955,0.785532,0,0,-0.618821,0.609304,-0.0350188,0.0193797,0.791926,0.673756,0.00432047,0.0333937,0.738186,0.824215,1.1663,-1.41267,-0.0177379,1.75688,-1.02298,0.780881,1.19465,-1.22506,0.139784,1.67588,-0.930675,0.581596,1.19076,-1.0007,0.30979,1.43458,-0.865436,0.366519,1.16008,-0.869652,0.424423,1.10818,-0.742569,0.575923,1.11557,-0.657153,0.609685,0.941404,-0.817977,0.456286,1.26177,-0.582303,0.513704,1.01561,-0.926864,0.257182,1.22097,-0.694269,0.784073,1.17006,-0.624829,0.417143,-0.390395,-1.31116,0.417143,-0.390395,-1.31116,0.61937,1.53087,-0.549788,-1.4334,-1.5929,2.46561,-4.73531,-0.64422,-1.83366,0,0,-2.75061,0,0,-1.70722,-4.15592,0.209841,-8.11591,-0.813151,0.507146,-6.28549,0,0,-1.13709,0,0,4.12206,-0.740626,-0.145531,5.27332,0,0,0,0.482808,1.21235,-0.830365,1,0.46931,0.839866,0.16944,0.213692,-4.21423,-0.201262,0.518048,1.18398,-1.40287,-0.668864,-9.55422,-1.20566,-1.463
0.945142,0.0368095,-0.0609398,-0.318808,0.945142,0.0368095,-0.0609398,-0.318808,0.986581,-0.0150816,-0.0916227,-0.134296,0.66752,-0.522428,0.0707761,-0.525811,0.616369,0.247101,-0.194979,-0.721813,0.657084,0,0,0.753817,0.906111,0,0,0.423041,0.883434,-0.387983,-0.160178,-0.208223,0.808768,0.240592,0.402283,-0.355215,0.791045,0,0,-0.611758,0.778404,0,0,-0.627764,0.581213,-0.0413817,0.0172976,0.812514,0.673861,-0.000394035,0.0286837,0.738301,0.823895,0.889159,-1.42686,0.0765454,1.67103,-1.26416,0.789131,0.990416,-1.26697,0.221652,1.6141,-1.13925,0.599671,1.09326,-1.05203,0.36199,1.39612,-0.98917,0.390752,1.12823,-0.907521,0.44654,1.10675,-0.770131,0.59903,1.11583,-0.684669,0.611595,0.904393,-0.802302,0.499618,1.28067,-0.645063,0.52732,0.957081,-0.941762,0.292556,1.23983,-0.748936,0.81296,1.14643,-0.657279,0.626782,0.573168,1.04495,0.626782,0.573168,1.04495,0.824114,1.19898,0.400569,1.40555,-1.99767,-0.24568,-3.88946,1.18616,-0.848723,0,0,-2.51268,0,0,-1.70455,-3.12583,0.689061,-2.04021,-2.76358,0.629676,0.240092,0,0,1.08443,0,0,-0.686156,-0.474188,-0.130317,2.08116,-0.318302,-0.318078,0.00569864,0.512213,1.16883,-0.886751,1,0.596778,0.772772,0.157058,0.148365,-4.466,-0.04186,0.433655,0.726986,-0.955753,-1.13607,-8.85516,0.790484,-3.43014
0.957883,0.0491864,-0.042355,-0.279727,0.957883,0.0491864,-0.042355,-0.279727,0.990126,0.000602549,-0.0751315,-0.118343,0.679596,-0.478381,0.0379535,-0.554852,0.632804,0.199992,-0.163319,-0.729993,0.686339,0,0,0.727282,0.917751,0,0,0.397156,0.873791,-0.427557,-0.144869,-0.180826,0.840658,0.182473,0.416981,-0.293469,0.815043,0,0,-0.5794,0.739684,0,0,-0.672954,0.578765,-0.0456542,0.0156439,0.814065,0.673966,-0.00793712,0.0211452,0.738417,0.829594,0.661182,-1.37153,0.208008,1.51884,-1.46866,0.792974,0.809579,-1.25493,0.33699,1.49784,-1.31757,0.603829,0.995105,-1.08705,0.426581,1.33027,-1.10561,0.409728,1.09293,-0.959997,0.468094,1.09845,-0.820099,0.618366,1.10236,-0.726357,0.60035,0.870785,-0.801234,0.544293,1.28014,-0.723003,0.532889,0.895326,-0.96494,0.338532,1.2583,-0.841058,0.831713,1.10242,-0.680143,0.743463,1.14716,2.4628,0.743463,1.14716,2.4628,0.945239,0.999298,0.969918,3.13474,-2.23368,-1.78747,-3.34603,2.26199,-0.230725,0,0,-2.36992,0,0,-1.70294,-2.56237,0.925118,1.67228,-3.86271,0.634833,4.17733,0,0,2.41734,0,0,-3.57109,-0.302705,-0.114793,0.166725,-0.509233,-0.509008,0.00573212,0.541617,1.11442,-0.943138,1,0.703491,0.696227,0.131932,0.0544257,-4.70809,0.110063,0.264959,0.569293,-1.0589,-1.57428,-8.38768,1.77686,-4.77856
0.957069,0.0634402,-0.0359107,-0.280545,0.957069,0.0634402,-0.0359107,-0.280545,0.99093,-0.00106336,-0.05444,-0.122855,0.682014,-0.462282,0.0250824,-0.566147,0.655565,0.207352,-0.0931615,-0.720112,0.719099,0,0,0.694907,0.932674,0,0,0.360721,0.870547,-0.399595,-0.135436,-0.253239,0.847596,0.164051,0.397138,-0.311367,0.846822,0,0,-0.531876,0.768566,0,0,-0.639771,0.547024,-0.0746619,0.000666822,0.83378,0.652225,-0.0185663,-0.00219409,0.757795,0.79856,0.453231,-1.3141,0.352241,1.32118,-1.66372,0.776948,0.624717,-1.23535,0.456129,1.32519,-1.49519,0.616924,0.879934,-1.11105,0.499988,1.21898,-1.22265,0.440384,1.04432,-1.01179,0.489646,1.0809,-0.873258,0.632838,1.08971,-0.769653,0.585141,0.850574,-0.791362,0.590081,1.28208,-0.821426,0.524372,0.834905,-0.967687,0.397098,1.28823,-0.967424,0.841033,1.07443,-0.706225,0.868509,0.391578,-0.0545004,0.868509,0.391578,-0.0545004,-0.100268,1.24647,-0.269607,1.11396,-0.868615,-0.724734,0.376083,4.87254,1.12618,0,0,-2.76374,0,0,-2.36249,1.72325,0.581306,-4.55561,-1.19396,-1.32093,-1.08563,0,0,3.4307,0,0,2.63972,-2.10541,-1.05016,2.16756,-0.728414,-1.57692,1.75055,0.571022,1.0491,-0.999524,1,0.800828,0.594718,0.0666139,0.0234036,-5.00101,0.0789374,0.117351,0.919678,-1.45841,-1.55382,-8.41815,-2.57387,-3.56721
0.951791,0.0783149,-0.0335204,-0.294682,0.951791,0.0783149,-0.0335204,-0.294682,0.990399,-0.00851219,-0.0323305,-0.134135,0.681711,-0.455862,0.0188978,-0.571929,0.676066,0.231486,-0.0096652,-0.699468,0.751779,0,0,0.659415,0.94733,0,0,0.320259,0.859437,-0.34459,-0.12642,-0.35587,0.845466,0.15878,0.365476,-0.355532,0.878537,0,0,-0.477675,0.816369,0,0,-0.57753,0.503548,-0.111632,-0.0187478,0.85652,0.621817,-0.0301822,-0.0307899,0.781975,0.727413,0.271319,-1.2455,0.514372,1.06205,-1.81063,0.728803,0.452037,-1.19767,0.584575,1.09485,-1.63107,0.620157,0.763183,-1.12231,0.577576,1.07243,-1.31778,0.475785,0.987246,-1.06845,0.514495,1.05524,-0.939693,0.648479,1.07212,-0.826835,0.566145,0.842734,-0.798493,0.65185,1.26279,-0.936878,0.50623,0.785957,-0.975768,0.493055,1.29072,-1.12246,0.848146,1.04578,-0.743764,0.914055,0.141837,-0.892856,0.914055,0.141837,-0.892856,-0.448377,1.33025,-0.680307,0.428403,-0.416052,-0.393658,1.51413,5.68333,1.78784,0,0,-2.89501,0,0,-2.58234,3.36488,0.534161,-6.5266,-0.325689,-1.98485,-2.81054,0,0,3.76848,0,0,4.70998,-2.77815,-1.4055,2.764,-0.816241,-1.97297,2.30113,0.600427,0.97289,-1.05591,1,0.879753,0.475075,-0.0127462,0.0132564,-5.2931,-0.0350298,0.0112211,1.06201,-1.7121,-1.69981,-8.53253,-3.95236,-2.96534
0.955996,0.0703715,-0.04306,-0.28154,0.955996,0.0703715,-0.04306,-0.28154,0.992432,-0.0219844,-0.0179211,-0.119479,0.695753,-0.492249,0.0315557,-0.522133,0.757142,0.215851,0.144276,-0.599441,0.763844,0,0,0.645402,0.97646,0,0,0.215698,0.916425,-0.265955,-0.126955,-0.270768,0.883978,0.09509,0.262792,-0.374809,0.828132,0,0,-0.560534,0.836672,0,0,-0.547704,0.480079,-0.080065,-0.0103121,0.873503,0.617363,-0.0414138,-0.0249212,0.785192,0.722608,0.225666,-1.26697,0.592045,0.75611,-1.85787,0.741473,0.401602,-1.21338,0.647481,0.829281,-1.68555,0.639483,0.696069,-1.14668,0.611621,0.911373,-1.37629,0.491999,0.91241,-1.1234,0.53682,0.994005,-1.00401,0.670039,1.01971,-0.890621,0.582935,0.798123,-0.835019,0.72209,1.18621,-1.05779,0.537819,0.716115,-1.01024,0.629945,1.21646,-1.29183,0.865678,0.999597,-0.796081,-0.490556,-0.577997,0.826043,-0.490556,-0.577997,0.826043,-0.810027,0.868076,0.887084,-2.26791,0.840331,3.54361,-1.50158,10.0853,7.98828,0,0,-1.10952,0,0,-6.51572,5.28483,0.125008,5.69818,-4.11323,-6.72579,-0.897208,0,0,-5.82145,0,0,2.16491,2.22678,0.60336,1.88446,-0.779368,0.401425,0.319701,0.629832,0.885776,-1.1123,1,0.907409,0.418832,-0.0239284,-0.0248409,-5.41758,-0.0226193,-0.0651884,0.486425,-2.24508,-1.64845,-3.72253,0.472541,-2.39693
0.961078,0.0591336,-0.0542817,-0.26436,0.961078,0.0591336,-0.0542817,-0.26436,0.994209,-0.036302,-0.004602,-0.101044,0.708172,-0.532146,0.0467355,-0.461658,0.813295,0.185072,0.301498,-0.461951,0.772957,0,0,0.634459,0.995059,0,0,0.0992827,0.963696,-0.178518,-0.126178,-0.153302,0.911794,0.021356,0.145186,-0.383532,0.755167,0,0,-0.655532,0.852736,0,0,-0.522343,0.458494,-0.0385529,0.00212132,0.887859,0.616602,-0.0525863,-0.0141279,0.78539,0.735963,0.198029,-1.31098,0.617162,0.436136,-1.8292,0.767192,0.365195,-1.24331,0.668301,0.55278,-1.6812,0.662827,0.628645,-1.17879,0.627463,0.741391,-1.4158,0.508877,0.824628,-1.18576,0.562456,0.916198,-1.07651,0.697215,0.951593,-0.96599,0.613046,0.739738,-0.883734,0.801729,1.0854,-1.17161,0.583655,0.633541,-1.05183,0.781713,1.10902,-1.42787,0.891055,0.943154,-0.865372,-0.690559,-0.677655,1.07396,-0.690559,-0.677655,1.07396,-0.859934,0.801333,1.11251,-2.49958,1.00108,4.1964,-2.26169,9.87378,9.6118,0,0,-0.854448,0,0,-7.07763,5.57469,0.173227,7.40331,-4.61641,-7.43043,-0.312588,0,0,-7.19144,0,0,1.80133,3.01103,0.911482,1.67712,-0.772646,0.745035,0.0304565,0.659237,0.787762,-1.16868,1,0.925868,0.37104,-0.0252496,-0.0667864,-5.52108,0.00280535,-0.142894,0.506341,-2.63347,-1.87077,-3.00984,1.08068,-2.35973
0.964408,0.0574352,-0.077995,-0.246037,0.964408,0.0574352,-0.077995,-0.246037,0.996496,-0.0732778,0.015912,-0.037045,0.748584,-0.521045,0.0489559,-0.407108,0.793527,0.342978,0.307973,-0.397282,0.780948,0,0,0.624596,0.986605,0,0,0.163129,0.98049,-0.144708,-0.0968015,-0.0912636,0.933086,0.0577251,0.0744086,-0.347104,0.717922,0,0,-0.696124,0.85768,0,0,-0.514184,0.463191,-0.0333629,0.001128,0.885629,0.615151,-0.0597703,-0.00690909,0.78611,0.729647,0.11511,-1.33637,0.651488,0.236888,-1.82313,0.773069,0.282424,-1.27522,0.696529,0.364865,-1.6828,0.677139,0.536765,-1.22576,0.647748,0.594184,-1.45049,0.529496,0.723291,-1.25267,0.592585,0.82252,-1.15467,0.725991,0.862718,-1.04272,0.62777,0.675141,-0.936585,0.892577,0.935934,-1.25963,0.620625,0.537629,-1.0858,0.957564,0.88491,-1.50188,0.912601,0.868623,-0.928104,-0.107186,-1.43619,1.13078,-0.107186,-1.43619,1.13078,-2.21948,1.23249,3.84907,1.27122,0.0979523,4.04932,10.2719,0.558267,3.95589,0,0,-0.7616,0,0,3.86486,2.10318,1.81746,3.79933,2.22247,-4.40983,2.40976,0,0,-3.30579,0,0,0.572416,0.388677,-0.0735753,-0.301958,-0.49869,0.498373,0.0817848,0.688642,0.678848,-1.22507,1,0.941828,0.312676,-0.0385199,-0.117094,-5.64219,0.000666648,-0.247162,0.618584,-3.04009,-2.00724,-3.57831,0.641507,-3.1179
0.96723,0.0552013,-0.0986956,-0.227327,0.96723,0.0552013,-0.0986956,-0.227327,0.993937,-0.103377,0.0334715,0.016782,0.780607,-0.50528,0.0497459,-0.364513,0.763669,0.476225,0.297652,-0.318471,0.789004,0,0,0.614388,0.975586,0,0,0.219619,0.990184,-0.113883,-0.0724161,-0.0363522,0.947173,0.0888248,0.0158003,-0.307773,0.685519,0,0,-0.728055,0.860277,0,0,-0.509827,0.46788,-0.0270297,0.00102326,0.883378,0.613865,-0.0662941,-0.000348512,0.786622,0.729036,0.046204,-1.36817,0.673802,0.0660038,-1.80498,0.783367,0.213246,-1.31449,0.714557,0.207334,-1.67675,0.695249,0.459219,-1.27789,0.664103,0.471429,-1.48361,0.553119,0.635276,-1.32062,0.625856,0.740067,-1.23468,0.7594,0.787855,-1.12453,0.653035,0.626655,-0.994994,0.967437,0.789925,-1.32702,0.659308,0.460128,-1.11458,1.07762,0.652281,-1.50862,0.94147,0.812407,-1.00602,-0.138852,-1.25126,1.1493,-0.138852,-1.25126,1.1493,-1.81335,1.05652,3.23426,1.42939,0.0129038,3.07922,8.93792,-0.451364,4.85424,0,0,-0.780272,0,0,3.45379,1.884,1.48693,3.32341,1.88248,-3.60177,2.50496,0,0,-2.72975,0,0,0.304348,0.471172,-0.00788096,-0.301987,-0.453307,0.45344,0.063876,0.718047,0.585183,-1.28146,1,0.951385,0.25686,-0.0470752,-0.163322,-5.75481,-0.00567122,-0.341556,0.70867,-2.64046,-2.03849,-3.28964,0.798761,-2.83726
0.972013,0.0495487,-0.0987437,-0.207331,0.972013,0.0495487,-0.0987437,-0.207331,0.995632,-0.0880753,0.0309199,-0.00213354,0.775375,-0.471968,0.0419357,-0.417471,0.809368,0.497185,0.226636,-0.21533,0.798241,0,0,0.602338,0.973432,0,0,0.228978,0.989523,-0.109815,-0.0869034,-0.0351019,0.958954,0.0858928,0.0464555,-0.266218,0.701162,0,0,-0.713002,0.846625,0,0,-0.53219,0.472606,-0.0127016,0.00713855,0.881154,0.614158,-0.068237,0.00159934,0.786226,0.711466,0.0442573,-1.35334,0.656444,0.0836628,-1.80431,0.767005,0.214294,-1.31026,0.704049,0.228231,-1.68213,0.683034,0.469218,-1.28233,0.654843,0.489365,-1.49363,0.545124,0.649357,-1.32854,0.624444,0.757646,-1.25191,0.762566,0.816679,-1.15192,0.655284,0.671401,-1.00384,0.964063,0.779727,-1.34054,0.64143,0.49123,-1.10581,1.07257,0.586543,-1.46175,0.948788,0.853791,-1.04288,-0.347766,0.00676521,1.23338,-0.347766,0.00676521,1.23338,0.922935,-0.154454,-1.13716,2.09947,-0.500901,-3.48509,0.822838,-4.88003,6.96298,0,0,-0.910976,0,0,0.57624,0.243403,-0.873255,0.0747967,-0.200107,1.86103,2.60331,0,0,1.30253,0,0,-1.57213,1.0563,0.448895,-0.299641,-0.133798,0.134688,-0.0339201,0.712916,0.602185,-1.29292,1,0.954573,0.231825,-0.0241737,-0.185643,-5.81427,0.0399326,-0.37462,-0.239837,0.422422,-0.237731,-1.19111,1.90614,-0.960908
0.976378,0.0451056,-0.0935547,-0.189469,0.976378,0.0451056,-0.0935547,-0.189469,0.996934,-0.0688964,0.0266606,-0.0257955,0.761451,-0.440305,0.0314493,-0.474695,0.834175,0.515222,0.133153,-0.144804,0.811211,0,0,0.584753,0.965764,0,0,0.259421,0.987851,-0.1101,-0.0965158,-0.05209,0.962193,0.0844619,0.0719095,-0.248758,0.723699,0,0,-0.690116,0.844419,0,0,-0.535683,0.488843,0.00449938,0.0153711,0.872225,0.614939,-0.0549292,0.00470203,0.786645,0.701848,0.0404599,-1.33217,0.64353,0.0969657,-1.80222,0.757491,0.214283,-1.3008,0.694819,0.245378,-1.68633,0.677962,0.480551,-1.28215,0.649164,0.507395,-1.49963,0.544388,0.667229,-1.33067,0.627173,0.779637,-1.26292,0.767574,0.850584,-1.17312,0.661779,0.718915,-1.00975,0.955994,0.791702,-1.34367,0.627832,0.528834,-1.09438,1.05367,0.567931,-1.40004,0.956183,0.900486,-1.07315,-0.273126,0.322616,1.09873,-0.273126,0.322616,1.09873,1.15421,-0.256632,-1.42111,1.9069,-0.67032,-3.87698,0.85998,-6.07171,4.60617,0,0,-1.3111,0,0,1.88367,-0.0208893,-0.582025,-1.02462,-0.0926987,1.54368,1.0788,0,0,1.92731,0,0,-0.24786,1.26073,0.596468,-1.11292,0.921387,0.214435,0.0117422,0.711096,0.623718,-1.29884,1,0.958016,0.207267,-0.0062289,-0.198008,-5.87103,0.0702039,-0.39295,-0.0220723,0.536173,-0.0637896,-1.23682,1.47857,-0.455957
0.980302,0.0443342,-0.0727407,-0.178191,0.980302,0.0443342,-0.0727407,-0.178191,0.997094,-0.0381316,0.0172892,-0.0636431,0.726151,-0.416586,0.0132581,-0.546794,0.821865,0.540049,-0.0180941,-0.180437,0.83497,0,0,0.550295,0.936182,0,0,0.351514,0.98043,-0.12313,-0.0912354,-0.12358,0.944739,0.0879795,0.0819178,-0.304988,0.765944,0,0,-0.642908,0.876028,0,0,-0.482261,0.538602,0.0302796,0.0299091,0.841485,0.615831,0.00421847,0.0112552,0.787787,0.702852,0.0349007,-1.29339,0.64046,0.0986979,-1.78831,0.756488,0.215304,-1.27604,0.685747,0.253027,-1.67793,0.684202,0.500943,-1.26759,0.648683,0.52955,-1.48871,0.557359,0.702637,-1.31516,0.635372,0.822286,-1.25366,0.772097,0.908391,-1.17094,0.670902,0.780263,-0.996031,0.923209,0.850692,-1.3383,0.614216,0.583256,-1.06698,0.973028,0.613411,-1.3541,0.958783,0.97238,-1.07551,-0.0501873,1.26457,0.696271,-0.0501873,1.26457,0.696271,1.8479,-0.562911,-2.27297,1.18221,-1.17584,-5.18708,1.73136,-9.61739,-2.31587,0,0,-2.51147,0,0,5.80595,-0.803483,0.3044,-4.32541,0.245649,0.637875,-3.52752,0,0,3.80165,0,0,3.72494,1.83257,1.01351,-3.5469,4.0884,0.4527,0.0591256,0.7113,0.661485,-1.28717,1,0.965872,0.185055,-0.00326473,-0.181205,-5.91564,0.0607968,-0.359601,0.389135,1.06223,0.465234,-1.34571,0.228281,1.08788
0.983501,0.0442065,-0.0543965,-0.166768,0.983501,0.0442065,-0.0543965,-0.166768,0.995393,-2.78082e-06,0.00691316,-0.0956276,0.701932,-0.377728,0.00202742,-0.603829,0.795657,0.542284,-0.142043,-0.229526,0.859008,0,0,0.511962,0.907953,0,0,0.419071,0.969401,-0.130557,-0.0886978,-0.188013,0.924339,0.0891878,0.0879139,-0.360436,0.80409,0,0,-0.594507,0.904944,0,0,-0.425531,0.59934,0.0517473,0.0462498,0.79748,0.625457,0.0445896,0.0237556,0.778621,0.704984,0.0488092,-1.2497,0.638084,0.114261,-1.76508,0.755275,0.235884,-1.24325,0.676639,0.274629,-1.65935,0.68903,0.538137,-1.24593,0.64777,0.566161,-1.47109,0.570019,0.752556,-1.29631,0.642607,0.878586,-1.24037,0.773749,0.978553,-1.16361,0.678099,0.854302,-0.983083,0.88911,0.927243,-1.32951,0.60528,0.651783,-1.04192,0.900165,0.692074,-1.31813,0.955918,1.05555,-1.06997,-0.0105859,1.11147,0.700734,-0.0105859,1.11147,0.700734,2.28995,-0.622931,-1.9242,2.3367,-0.741735,-4.14744,0.476391,-8.00001,-3.27499,0,0,-2.71502,0,0,4.39401,-0.477926,0.133293,-3.93372,0.112237,0.404373,-3.54466,0,0,3.69816,0,0,3.8211,1.43924,1.08324,-4.56691,2.77759,0.857361,-0.842994,0.71049,0.714135,-1.27057,1,0.972558,0.164812,-0.00259365,-0.164199,-5.95554,0.0490987,-0.326391,0.37978,1.49758,0.56541,-1.24354,0.0714639,1.06189
0.986029,0.0451756,-0.0402152,-0.155205,0.986029,0.0451756,-0.0402152,-0.155205,0.991751,0.0502363,-0.0050854,-0.117818,0.701038,-0.316556,0.00254469,-0.639008,0.767108,0.520238,-0.219061,-0.304812,0.883945,0,0,0.467591,0.893177,0,0,0.449705,0.957515,-0.129262,-0.0912172,-0.241112,0.901391,0.0867564,0.0874012,-0.415125,0.837616,0,0,-0.546259,0.931168,0,0,-0.364591,0.676784,0.0657683,0.0653758,0.730318,0.651801,0.0535927,0.0461821,0.755083,0.714546,0.0670143,-1.20751,0.641394,0.127624,-1.73371,0.760141,0.26182,-1.20716,0.67192,0.294518,-1.63157,0.696463,0.57754,-1.22003,0.649669,0.601882,-1.44874,0.584866,0.801399,-1.27648,0.651348,0.932827,-1.22471,0.774926,1.04499,-1.15154,0.684634,0.922544,-0.976571,0.860335,1.00459,-1.32208,0.605874,0.714677,-1.03376,0.845863,0.77356,-1.30815,0.94878,1.13351,-1.05418,0.0561578,0.857647,0.705567,0.0561578,0.857647,0.705567,3.02266,-0.721393,-1.34213,4.0775,0.0346005,-2.3639,-1.06351,-5.11454,-5.06183,0,0,-3.05426,0,0,2.04078,0.046838,-0.175054,-3.27785,-0.106916,0.011518,-3.57125,0,0,3.52568,0,0,3.98136,0.835258,1.19123,-6.22825,0.580872,1.51016,-2.16686,0.712138,0.76544,-1.25168,1,0.977986,0.147998,-0.00574719,-0.146993,-5.98758,0.0322737,-0.293565,0.445412,1.46529,0.594975,-1.06871,-0.187677,1.02376
0.988438,0.0455822,-0.0316008,-0.141114,0.988438,0.0455822,-0.0316008,-0.141114,0.989059,0.0659651,-0.0144618,-0.131157,0.696495,-0.278354,0.00163184,-0.66137,0.737121,0.493871,-0.25992,-0.381033,0.908012,0,0,0.418944,0.886639,0,0,0.462462,0.944802,-0.128218,-0.089531,-0.287911,0.881703,0.0837174,0.0883802,-0.455829,0.866934,0,0,-0.498423,0.947877,0,0,-0.318637,0.71763,0.0638906,0.0675381,0.690191,0.666275,0.0438274,0.0420602,0.743228,0.731028,0.0748582,-1.17736,0.65272,0.131868,-1.70734,0.770154,0.274342,-1.18314,0.676948,0.304057,-1.6102,0.708264,0.601441,-1.20489,0.659657,0.623349,-1.43471,0.604276,0.832915,-1.2665,0.664825,0.969036,-1.21873,0.779369,1.09278,-1.14866,0.694281,0.9722,-0.975912,0.84303,1.06221,-1.32519,0.612837,0.757333,-1.02847,0.814048,0.833994,-1.31631,0.944209,1.19614,-1.0515,0.0222905,0.520819,0.856306,0.0222905,0.520819,0.856306,0.94991,-0.564918,-0.809655,2.51907,-0.0607857,-1.57181,-1.35165,-2.85412,-5.24734,0,0,-3.25684,0,0,0.86012,0.0296326,0.0789463,-2.9246,-0.152545,0.0987975,-2.72208,0,0,3.36678,0,0,2.93413,-0.194461,0.074105,-3.43877,-0.682167,-0.297131,-1.09732,0.71954,0.800319,-1.24243,1,0.982276,0.132234,-0.00931743,-0.13252,-6.01779,0.0167436,-0.265968,0.582309,0.94547,0.299442,-0.999655,-0.197527,0.850044
0.990767,0.0454279,-0.0285576,-0.124504,0.990767,0.0454279,-0.0285576,-0.124504,0.989371,0.0472636,-0.0212184,-0.135875,0.690727,-0.264265,-0.00070228,-0.673097,0.708959,0.465443,-0.265116,-0.458752,0.930645,0,0,0.365924,0.889097,0,0,0.457719,0.932094,-0.127536,-0.0837189,-0.328522,0.867016,0.0802394,0.0910164,-0.483282,0.892331,0,0,-0.451382,0.957427,0,0,-0.288675,0.727049,0.0466119,0.0532221,0.682931,0.668888,0.0153136,0.0113994,0.743118,0.753565,0.0977313,-1.15707,0.670695,0.152178,-1.68511,0.783932,0.299217,-1.16878,0.690442,0.328436,-1.59408,0.722835,0.635885,-1.19765,0.676225,0.656353,-1.42674,0.626445,0.873437,-1.26331,0.68129,1.01361,-1.21937,0.785378,1.14827,-1.15211,0.70473,1.02934,-0.977758,0.835573,1.12588,-1.3373,0.624438,0.805668,-1.02098,0.800965,0.89772,-1.34327,0.940018,1.26991,-1.05923,-0.0114288,0.184641,1.00626,-0.0114288,0.184641,1.00626,-1.1265,-0.40675,-0.283217,0.90306,-0.1563,-0.88597,-1.54027,-0.531811,-5.44804,0,0,-3.45942,0,0,-0.320544,0.00763779,0.332916,-2.57026,-0.191172,0.194372,-1.87282,0,0,3.20787,0,0,1.8869,-1.158,-0.962933,-0.64521,-1.93189,-2.077,-0.0594237,0.730963,0.844799,-1.24022,1,0.985601,0.117554,-0.013304,-0.120811,-6.04603,0.00217892,-0.243676,0.665058,1.21568,0.0955065,-0.929875,-0.209283,0.67674
0.992374,0.0471944,-0.028476,-0.110249,0.992374,0.0471944,-0.028476,-0.110249,0.989641,0.0235567,-0.0239861,-0.139572,0.683508,-0.229005,-0.0134051,-0.69296,0.69413,0.440046,-0.253778,-0.510039,0.944613,0,0,0.328186,0.902605,0,0,0.430469,0.911203,-0.122237,-0.0817005,-0.384827,0.846666,0.0749976,0.0932793,-0.518488,0.919618,0,0,-0.392813,0.968017,0,0,-0.250884,0.718665,0.0328356,0.0399611,0.69343,0.670354,0.00435367,0.000120182,0.742029,0.772522,0.111091,-1.13347,0.689039,0.16041,-1.65648,0.792834,0.312678,-1.15145,0.703014,0.341064,-1.57307,0.736267,0.660005,-1.18879,0.692568,0.679195,-1.41715,0.650012,0.905054,-1.26027,0.697557,1.04961,-1.22141,0.789699,1.19486,-1.15808,0.710447,1.08026,-0.983686,0.834338,1.17614,-1.34896,0.631507,0.850718,-1.01794,0.805873,0.944409,-1.3689,0.932373,1.33459,-1.07155,0.104791,0.00583102,0.861515,0.104791,0.00583102,0.861515,-1.4276,-0.166524,-0.22185,2.32144,-0.854493,-1.46346,-1.52241,0.657653,-3.61126,0,0,-2.41456,0,0,-1.82491,0.270898,0.0875306,-3.62828,-0.294864,0.184886,-2.44893,0,0,3.8775,0,0,2.35496,-0.904102,-0.868509,0.841875,-0.741559,-0.762993,-0.102654,0.741868,0.879625,-1.23825,1,0.989711,0.0991044,-0.0132215,-0.102347,-6.08297,-0.00588483,-0.206681,0.707021,0.94849,0.091452,-1.13432,0.0116663,1.10766
0.993524,0.050112,-0.0301708,-0.0974065,0.993524,0.050112,-0.0301708,-0.0974065,0.989476,-0.00315633,-0.0243498,-0.142598,0.673676,-0.18048,-0.0322863,-0.715923,0.688279,0.417149,-0.232889,-0.545913,0.95397,0,0,0.299901,0.921235,0,0,0.389007,0.882395,-0.113768,-0.0816882,-0.449181,0.82177,0.0685982,0.0951885,-0.557609,0.945273,0,0,-0.326282,0.978101,0,0,-0.208131,0.699149,0.0211459,0.0273135,0.714141,0.671613,0.00394148,0.000482779,0.740891,0.788696,0.116765,-1.10729,0.708947,0.157734,-1.62194,0.798356,0.316894,-1.13143,0.716186,0.342607,-1.54712,0.749101,0.674216,-1.17841,0.709649,0.691283,-1.40555,0.675103,0.926321,-1.25718,0.714214,1.07502,-1.22421,0.793152,1.23,-1.1657,0.713721,1.12055,-0.993311,0.83672,1.21222,-1.36084,0.636319,0.887078,-1.02123,0.821389,0.976034,-1.39489,0.922054,1.38677,-1.0872,0.174343,-0.101248,0.774792,0.174343,-0.101248,0.774792,-1.60835,-0.0219782,-0.182662,3.21676,-1.27831,-1.73062,-1.46979,1.3635,-2.48634,0,0,-1.78765,0,0,-2.72754,0.452362,-0.0504631,-4.26145,-0.365653,0.175218,-2.79388,0,0,4.27928,0,0,2.63579,-0.76497,-0.825429,1.73242,-0.0279992,0.0244976,-0.101787,0.752774,0.903551,-1.23628,1,0.993673,0.078336,-0.0106895,-0.0797719,-6.12514,-0.00874575,-0.160909,0.752719,0.638013,0.0924804,-1.2594,0.146821,1.36371
0.994871,0.045251,-0.0333364,-0.0841018,0.994871,0.045251,-0.0333364,-0.0841018,0.989928,-0.0131173,-0.0223885,-0.139171,0.665869,-0.144915,-0.0484789,-0.730252,0.689769,0.386775,-0.191168,-0.581445,0.960145,0,0,0.279503,0.935418,0,0,0.353544,0.856189,-0.116407,-0.0686166,-0.498679,0.796444,0.0501796,0.110193,-0.592466,0.96071,0,0,-0.277555,0.986064,0,0,-0.166366,0.695137,0.0151906,0.0210215,0.718409,0.677279,0.00383695,0.000573208,0.735716,0.805832,0.116947,-1.09026,0.726457,0.150998,-1.59424,0.808228,0.316481,-1.11811,0.727597,0.338831,-1.52546,0.764287,0.679848,-1.17008,0.725458,0.694981,-1.39459,0.698907,0.936214,-1.25173,0.729973,1.08807,-1.22391,0.795763,1.25178,-1.17251,0.718128,1.14876,-0.999167,0.839859,1.23114,-1.37312,0.647538,0.910473,-1.01671,0.842833,0.992845,-1.41944,0.908858,1.42447,-1.10337,-0.293514,-0.189443,0.802288,-0.293514,-0.189443,0.802288,-0.599646,0.118296,0.207612,2.37108,-1.10338,-1.11952,-2.0542,2.80831,-2.36265,0,0,-1.2787,0,0,-2.29183,-0.232852,0.776498,-3.38328,-1.14601,1.02338,-2.57756,0,0,3.06717,0,0,2.55122,-0.396523,-0.418421,0.360257,-0.00764034,0.00602428,-0.460421,0.763679,0.916577,-1.23431,1,0.996131,0.0640125,-0.00964403,-0.0594277,-6.15414,-0.0116055,-0.119926,0.714111,0.296796,0.163476,-0.873661,0.0368455,1.22055
0.9961,0.0377892,-0.0369859,-0.0706285,0.9961,0.0377892,-0.0369859,-0.0706285,0.990685,-0.0174931,-0.0196548,-0.133607,0.658399,-0.113632,-0.063734,-0.741307,0.691188,0.352525,-0.141844,-0.614708,0.965147,0,0,0.261709,0.947465,0,0,0.319858,0.829573,-0.122568,-0.0511036,-0.542378,0.769518,0.027675,0.129346,-0.624777,0.972079,0,0,-0.234654,0.992186,0,0,-0.124767,0.696433,0.0111518,0.0168544,0.717337,0.684359,0.00383468,0.000572867,0.729135,0.823102,0.109018,-1.07638,0.743657,0.13708,-1.56787,0.819411,0.308301,-1.10655,0.738901,0.327097,-1.50373,0.780417,0.676172,-1.16196,0.741266,0.689244,-1.38285,0.722716,0.935583,-1.24558,0.745789,1.08989,-1.22272,0.798078,1.26097,-1.17956,0.722343,1.16472,-1.0049,0.842844,1.23586,-1.38547,0.660548,0.922117,-1.01109,0.863232,0.997677,-1.44295,0.893861,1.44765,-1.12098,-0.44941,-0.218433,0.811524,-0.44941,-0.218433,0.811524,-0.263164,0.164877,0.336981,2.09591,-1.04596,-0.897552,-2.31103,3.31458,-2.20888,0,0,-1.10906,0,0,-2.14659,-0.462813,1.07323,-3.08441,-1.43217,1.31786,-2.48617,0,0,2.66314,0,0,2.52302,-0.270787,-0.279568,-0.0959661,-0.000870268,-0.000130011,-0.579963,0.774584,0.918703,-1.23234,1,0.997821,0.0518246,-0.00909189,-0.0398172,-6.17884,-0.0140176,-0.080498,0.714289,-0.0189126,0.184586,-0.744381,0.00211696,1.17327
0.996616,0.0385769,-0.0389876,-0.0612314,0.996616,0.0385769,-0.0389876,-0.0612314,0.990839,-0.0248148,-0.0186312,-0.131434,0.646715,-0.102708,-0.0672379,-0.752788,0.695714,0.33397,-0.0916813,-0.629317,0.966357,0,0,0.257203,0.955464,0,0,0.295108,0.813557,-0.106723,-0.0392598,-0.570258,0.755555,0.0219517,0.151003,-0.637066,0.973566,0,0,-0.228406,0.991726,0,0,-0.128374,0.702336,0.00703494,0.0125277,0.711701,0.692118,0.00338457,0.000798211,0.721776,0.822333,0.096858,-1.0617,0.749797,0.11598,-1.54009,0.823765,0.296451,-1.0932,0.750126,0.308279,-1.48078,0.796187,0.665583,-1.1509,0.760126,0.673264,-1.3698,0.743247,0.924567,-1.23919,0.760599,1.08059,-1.22328,0.802846,1.25623,-1.1877,0.726571,1.16575,-1.01155,0.852334,1.22801,-1.399,0.670811,0.921301,-1.00952,0.891049,0.992838,-1.4673,0.885771,1.4516,-1.13844,0.0469262,-0.119855,0.565191,0.0469262,-0.119855,0.565191,-0.440596,0.0616623,0.131171,0.709454,-0.259316,-1.01836,-1.28367,3.37455,-0.905373,0,0,-0.279934,0,0,-1.56066,0.969024,0.739367,-1.98692,-0.364976,1.46106,-1.01746,0,0,0.385322,0,0,-0.218204,-0.276575,-0.291455,-0.486165,-0.0309513,0.0149887,-0.641545,0.78549,0.909929,-1.23037,1,0.999193,0.0294027,-0.00872283,-0.0259251,-6.22393,-0.0159077,-0.0523518,0.615919,-0.33048,0.191701,-1.3535,0.0332175,0.823999
0.99697,0.0405409,-0.0407515,-0.0524133,0.99697,0.0405409,-0.0407515,-0.0524133,0.990853,-0.032556,-0.017851,-0.129739,0.63429,-0.0946731,-0.0690476,-0.764163,0.699015,0.316869,-0.0412095,-0.639744,0.967046,0,0,0.254601,0.962438,0,0,0.271502,0.798226,-0.0876282,-0.0281902,-0.595283,0.743093,0.0186181,0.17294,-0.646188,0.973794,0,0,-0.227434,0.99037,0,0,-0.138447,0.708821,0.00290621,0.00817699,0.705335,0.699902,0.00287015,0.00105571,0.714232,0.819198,0.0760087,-1.04714,0.754185,0.0852954,-1.51004,0.827363,0.275787,-1.0798,0.761302,0.279777,-1.45639,0.812079,0.645399,-1.13953,0.779571,0.646994,-1.35614,0.763549,0.9031,-1.23271,0.775465,1.06027,-1.22408,0.808035,1.23941,-1.19622,0.730899,1.15432,-1.01881,0.861926,1.20864,-1.41291,0.680897,0.908628,-1.00907,0.917058,0.978304,-1.4921,0.878464,1.44174,-1.15654,0.117683,-0.105665,0.530055,0.117683,-0.105665,0.530055,-0.465885,0.0469632,0.102069,0.516058,-0.147035,-1.0368,-1.17185,3.38203,-0.643078,0,0,-0.161488,0,0,-1.47696,1.19101,0.698626,-1.81719,-0.212346,1.48854,-0.796281,0,0,0.05992,0,0,-0.609808,-0.276146,-0.291852,-0.542967,-0.0350642,0.0170468,-0.650353,0.796395,0.890255,-1.2284,1,0.999867,0.00550144,-0.00837425,-0.0128342,-6.27197,-0.0166058,-0.0257636,0.609061,-0.644018,0.194343,-1.4406,0.0353389,0.774069
0.996544,0.0485926,-0.0371363,-0.0562052,0.996544,0.0485926,-0.0371363,-0.0562052,0.990245,-0.0247123,-0.0182347,-0.135914,0.627974,-0.0937284,-0.0509791,-0.770885,0.709163,0.335117,-0.00832971,-0.620254,0.965346,0,0,0.260973,0.965743,0,0,0.259502,0.785798,-0.0540274,-0.0186779,-0.615836,0.747951,0.0462708,0.189637,-0.634402,0.967558,0,0,-0.25265,0.979508,0,0,-0.201406,0.652929,0.0233237,0.0216001,0.756752,0.6831,0.057783,0.0435863,0.726729,0.803935,0.0701869,-1.03687,0.760774,0.067434,-1.49024,0.823838,0.264528,-1.06954,0.782628,0.26097,-1.44223,0.825106,0.631676,-1.13137,0.80539,0.625536,-1.34928,0.777768,0.88528,-1.23175,0.785295,1.04286,-1.23284,0.814153,1.2236,-1.21302,0.739458,1.14381,-1.03538,0.875309,1.19047,-1.43506,0.693059,0.897913,-1.02433,0.949492,0.96655,-1.51959,0.881679,1.42793,-1.17978,0.484006,0.216817,-0.228221,0.484006,0.216817,-0.228221,0.471759,-0.0233179,-0.373301,0.048404,1.2303,-0.595843,1.13208,2.20027,1.46555,0,0,0.395664,0,0,-0.746816,2.14762,0.606983,-1.50592,1.81207,1.07462,0.851293,0,0,-1.55858,0,0,-3.834,1.3942,0.925839,4.54095,3.69517,2.86143,1.15426,0.807554,0.874375,-1.23336,1,0.999539,-0.029221,-0.00759968,0.00315954,-6.34169,-0.0150083,0.00676111,0.426568,-0.534611,0.0289402,-2.09091,0.0677786,0.942284
0.996265,0.0542241,-0.0331065,-0.0584768,0.996265,0.0542241,-0.0331065,-0.0584768,0.989423,-0.0170705,-0.0185937,-0.142844,0.62162,-0.0944911,-0.0326792,-0.776912,0.719879,0.346576,0.023772,-0.600911,0.963951,0,0,0.26608,0.968788,0,0,0.24789,0.774299,-0.0258312,-0.0134668,-0.63215,0.753339,0.0688472,0.201642,-0.622159,0.960873,0,0,-0.276991,0.96571,0,0,-0.259623,0.599454,0.0407388,0.0329296,0.798693,0.664442,0.106967,0.0814312,0.735149,0.793014,0.0870201,-1.02962,0.769918,0.0748169,-1.47165,0.823389,0.275657,-1.06212,0.804756,0.266518,-1.42969,0.838557,0.63958,-1.12571,0.830595,0.627282,-1.3444,0.791705,0.889193,-1.23238,0.795175,1.04657,-1.24172,0.820253,1.22846,-1.22932,0.74843,1.15366,-1.05118,0.886898,1.19356,-1.45606,0.705577,0.907556,-1.03863,0.978124,0.977152,-1.54565,0.884808,1.43449,-1.20244,0.338583,0.241879,-0.136784,0.338583,0.241879,-0.136784,0.459723,-0.021918,-0.419499,-0.0691704,1.25251,-0.551923,0.668091,2.13115,1.45271,0,0,0.317644,0,0,-0.720268,1.81681,0.33337,-1.23041,1.47209,0.760813,0.886249,0,0,-1.51458,0,0,-3.59034,1.24615,0.820255,4.04364,3.3616,2.58614,0.930845,0.818883,0.880176,-1.23903,1,0.998143,-0.0579905,-0.00683967,0.0173446,-6.39946,-0.0116425,0.0354279,0.418129,0.117407,-0.0189636,-1.73473,0.0643703,0.836671
0.997475,0.0429362,-0.0261935,-0.0501334,0.997475,0.0429362,-0.0261935,-0.0501334,0.987656,-0.0108567,-0.0187895,-0.155129,0.616488,-0.107427,-0.0128902,-0.779895,0.742417,0.314226,0.0502642,-0.589536,0.964957,0,0,0.262407,0.970958,0,0,0.239251,0.77823,-0.0361077,-0.0385792,-0.625752,0.76798,0.0562156,0.182207,-0.611431,0.955109,0,0,-0.296256,0.95708,0,0,-0.289825,0.590223,0.0380728,0.0304805,0.805766,0.65632,0.117954,0.0879084,0.740002,0.803126,0.0884813,-1.02631,0.792959,0.0742847,-1.46612,0.837732,0.275106,-1.06167,0.830848,0.26594,-1.4297,0.854022,0.635449,-1.13214,0.851302,0.625535,-1.35282,0.803748,0.885133,-1.24237,0.805522,1.04281,-1.24964,0.82611,1.2256,-1.23985,0.761698,1.15256,-1.05864,0.889698,1.18826,-1.4667,0.724774,0.905367,-1.04378,0.991829,0.976544,-1.5573,0.886457,1.43308,-1.21784,-0.679155,0.415935,0.50245,-0.679155,0.415935,0.50245,0.373757,-0.0124601,-0.745251,-0.907184,1.36233,-0.317775,-2.32375,1.72833,1.08902,0,0,-0.228496,0,0,-0.534432,-0.664185,-1.62777,0.475071,-0.847266,-1.33799,0.921911,0,0,-1.20658,0,0,-1.8847,-0.175369,-0.162294,0.705416,0.770263,0.458145,0.490709,0.831102,0.877577,-1.2467,1,0.998773,-0.0453511,-0.00625422,0.0188913,-6.37414,-0.0107798,0.0383151,0.361285,-0.121823,-0.29971,0.757923,0.0538565,0.0951256
0.998358,0.033645,-0.0196752,-0.0419728,0.998358,0.033645,-0.0196752,-0.0419728,0.986335,-0.00534422,-0.0187518,-0.163593,0.61093,-0.122718,0.00826857,-0.782072,0.75603,0.286033,0.0675864,-0.584839,0.965559,0,0,0.260184,0.971798,0,0,0.235814,0.777573,-0.0448302,-0.0601818,-0.624298,0.775527,0.0458153,0.163784,-0.607975,0.953139,0,0,-0.302531,0.953183,0,0,-0.302394,0.589027,0.0363188,0.029191,0.806769,0.652968,0.12282,0.0908451,0.741819,0.810025,0.089163,-1.02332,0.811012,0.0732416,-1.46203,0.847071,0.274722,-1.06119,0.849734,0.265172,-1.4294,0.865725,0.632925,-1.13778,0.867012,0.624814,-1.35944,0.815355,0.883128,-1.25121,0.815807,1.041,-1.25673,0.83216,1.22445,-1.24901,0.774588,1.15287,-1.06508,0.890969,1.18476,-1.4758,0.743402,0.904831,-1.04869,0.999292,0.976156,-1.56704,0.887896,1.43331,-1.23107,-0.558542,0.391771,0.490786,-0.558542,0.391771,0.490786,0.331977,0.00177155,-0.514312,-1.07553,1.46294,-0.272789,-1.95005,1.11612,0.506021,0,0,-0.138172,0,0,-0.21232,-0.566542,-1.40233,0.0844349,-0.685648,-1.22967,0.336382,0,0,-0.394628,0,0,-0.789584,-0.121218,-0.0890387,0.0978603,0.341939,0.207882,0.19077,0.841289,0.876335,-1.25334,1,0.999193,-0.0348171,-0.00559265,0.0192255,-6.35304,-0.00983767,0.0388211,0.348211,-0.0601318,-0.26532,0.631543,0.0526539,0.021706
0.998844,0.0303696,-0.0143577,-0.0343917,0.998844,0.0303696,-0.0143577,-0.0343917,0.986842,-0.00194102,-0.0180228,-0.16067,0.604609,-0.145147,0.033503,-0.782469,0.747161,0.272174,0.0576703,-0.60361,0.964981,0,0,0.262321,0.968758,0,0,0.248007,0.764519,-0.0489491,-0.0713107,-0.638772,0.763164,0.0422175,0.148741,-0.627435,0.962878,0,0,-0.269937,0.964933,0,0,-0.262495,0.611861,0.0372972,0.0313768,0.789462,0.664195,0.109371,0.0831947,0.73482,0.809393,0.08977,-1.01878,0.815045,0.0707325,-1.46099,0.843095,0.277268,-1.05943,0.847651,0.264548,-1.42792,0.866828,0.637905,-1.14105,0.867912,0.629235,-1.36111,0.825667,0.890195,-1.25658,0.825998,1.04816,-1.26135,0.839469,1.23194,-1.25438,0.787411,1.16032,-1.06814,0.887386,1.18932,-1.47983,0.761219,0.911788,-1.05275,0.989631,0.977095,-1.5675,0.890203,1.44233,-1.23824,-0.196923,0.319369,0.455452,-0.196923,0.319369,0.455452,0.205147,0.044125,0.177838,-1.57891,1.75315,-0.167634,-0.84688,-0.635982,-1.36017,0,0,0.1328,0,0,0.754016,-0.282779,-0.744721,-1.14169,-0.220929,-0.932127,-1.45233,0,0,2.04122,0,0,2.49578,0.0440499,0.13226,-1.72347,-0.948598,-0.545971,-0.698844,0.845999,0.881862,-1.25668,1,0.999393,-0.0306186,-0.00470528,0.0159301,-6.34458,-0.00842943,0.0321357,0.309343,0.212019,-0.160902,0.25221,0.0512254,-0.198244
0.999207,0.0283015,-0.0101709,-0.0260998,0.999207,0.0283015,-0.0101709,-0.0260998,0.987563,0.000195203,-0.0172028,-0.156281,0.599954,-0.161668,0.0516714,-0.781824,0.732265,0.267155,0.0415386,-0.625053,0.96313,0,0,0.269037,0.966163,0,0,0.257932,0.753654,-0.0519447,-0.0735745,-0.651072,0.751588,0.0408942,0.137052,-0.64394,0.971487,0,0,-0.237092,0.975503,0,0,-0.219987,0.632443,0.0448743,0.0390054,0.772322,0.676935,0.091929,0.0720543,0.726716,0.806777,0.0888329,-1.01932,0.816426,0.0681275,-1.46121,0.836964,0.278342,-1.06139,0.842384,0.263751,-1.42733,0.865539,0.641582,-1.145,0.865685,0.632701,-1.36221,0.833952,0.895822,-1.26052,0.835106,1.05384,-1.26485,0.846423,1.23785,-1.25841,0.799003,1.16607,-1.07041,0.883714,1.19258,-1.48227,0.778436,0.917429,-1.056,0.977483,0.975605,-1.56577,0.892538,1.44955,-1.2436,-0.124344,0.251379,0.497897,-0.124344,0.251379,0.497897,0.128736,0.0496668,0.266752,-1.16826,1.26802,-0.0589007,-0.230004,-1.04327,-1.63999,0,0,0.418022,0,0,0.615482,-0.209178,-0.167231,-0.975628,-0.0746939,-0.723504,-1.26001,0,0,2.03732,0,0,2.62835,0.498615,0.505557,-1.63035,-1.21329,-0.779465,-0.796028,0.849168,0.886024,-1.25956,1,0.999556,-0.0280363,-0.00394042,0.00925641,-6.33934,-0.00735838,0.0187272,0.248568,0.168801,-0.118302,0.156298,0.0361181,-0.401013
0.999432,0.0282474,-0.00787002,-0.0166263,0.999432,0.0282474,-0.00787002,-0.0166263,0.988636,0.000219737,-0.0162311,-0.149449,0.599005,-0.168559,0.0581081,-0.780643,0.707009,0.276749,0.0150532,-0.650632,0.959017,0,0,0.283348,0.96449,0,0,0.264119,0.746832,-0.0530921,-0.0610985,-0.660068,0.74198,0.043398,0.131086,-0.656048,0.978954,0,0,-0.204081,0.984846,0,0,-0.173432,0.649436,0.063451,0.0557055,0.755714,0.692007,0.0678216,0.0550878,0.716584,0.800912,0.0847663,-1.02976,0.813845,0.0652294,-1.46479,0.827282,0.276651,-1.07024,0.832288,0.2625,-1.42897,0.860276,0.643282,-1.15023,0.858503,0.634707,-1.36269,0.838855,0.89949,-1.26245,0.842412,1.0575,-1.26684,0.852858,1.24161,-1.26064,0.808508,1.16937,-1.07173,0.879597,1.19453,-1.48342,0.794864,0.92126,-1.05836,0.960028,0.971211,-1.5627,0.895121,1.45439,-1.24656,-0.00337102,0.138123,0.568636,-0.00337102,0.138123,0.568636,0.00147342,0.058896,0.414842,-0.483852,0.449239,0.0609668,0.811152,-1.73843,-2.10659,0,0,0.893392,0,0,0.384592,-0.0840837,0.806487,-0.700444,0.174404,-0.359611,-0.949823,0,0,2.03082,0,0,2.8493,1.24545,1.12026,-1.49207,-1.65248,-1.16591,-0.967358,0.849823,0.88824,-1.26223,1,0.999593,-0.0281461,-0.00337953,-0.00304771,-6.33947,-0.00692793,-0.00590289,0.147069,0.110035,-0.0578954,-0.00392269,0.0128889,-0.738929
0.999535,0.028397,-0.00606617,-0.0092528,0.999535,0.028397,-0.00606617,-0.0092528,0.989629,0.000198936,-0.0160996,-0.142743,0.599065,-0.176685,0.0642873,-0.778313,0.679306,0.290568,-0.0147742,-0.673717,0.954388,0,0,0.298571,0.963495,0,0,0.267725,0.741086,-0.0552226,-0.0458513,-0.667562,0.732271,0.0489897,0.121202,-0.668349,0.984407,0,0,-0.175903,0.991458,0,0,-0.130428,0.655219,0.0772449,0.067382,0.748452,0.699915,0.0488816,0.041043,0.711369,0.797289,0.079293,-1.04235,0.812273,0.0609921,-1.46557,0.819814,0.272698,-1.08036,0.82328,0.25927,-1.42898,0.856048,0.642172,-1.15564,0.851825,0.633881,-1.36261,0.842983,0.899777,-1.26423,0.848555,1.05774,-1.26874,0.858492,1.2419,-1.26271,0.817061,1.1692,-1.07277,0.875223,1.19371,-1.48462,0.81029,0.921943,-1.06055,0.941043,0.964553,-1.55982,0.897689,1.45551,-1.24908,0.00891798,0.108264,0.44251,0.00891798,0.108264,0.44251,-0.00125678,0.00824208,0.406797,-0.565006,0.42981,0.163472,1.13102,-1.99855,-2.02547,0,0,0.954688,0,0,0.224408,-0.147742,0.994252,-0.587389,0.379626,-0.620511,-0.971402,0,0,1.72209,0,0,2.61072,0.928208,0.78541,-0.612432,-1.27969,-0.949936,-0.495963,0.850361,0.887429,-1.26472,1,0.999503,-0.0285518,-0.00284555,-0.0130818,-6.34022,-0.00643532,-0.0259916,0.12386,0.00862039,-0.0534753,-0.0223584,0.0151368,-0.602812
0.999567,0.0287516,-0.00475977,-0.00398051,0.999567,0.0287516,-0.00475977,-0.00398051,0.990544,0.000132802,-0.0168084,-0.136162,0.600113,-0.186037,0.0702062,-0.774807,0.64888,0.308438,-0.0478715,-0.693923,0.949195,0,0,0.314688,0.963208,0,0,0.268756,0.736358,-0.0583312,-0.0278337,-0.673498,0.722334,0.0576589,0.107381,-0.680719,0.988278,0,0,-0.152668,0.995838,0,0,-0.0911388,0.650291,0.0863006,0.0740739,0.751124,0.701114,0.0351629,0.0299628,0.711551,0.795768,0.0726205,-1.05699,0.811621,0.0554654,-1.46321,0.814483,0.266679,-1.09173,0.815352,0.254196,-1.42722,0.852846,0.638593,-1.16122,0.845654,0.630594,-1.36204,0.846338,0.897198,-1.26587,0.853537,1.0551,-1.27055,0.863327,1.23927,-1.26462,0.824671,1.16612,-1.07358,0.870632,1.19073,-1.48612,0.824709,0.920049,-1.06259,0.920443,0.956532,-1.55777,0.900259,1.4535,-1.25126,0.0212615,0.0783993,0.316389,0.0212615,0.0783993,0.316389,-0.00398427,-0.042363,0.398755,-0.645093,0.409698,0.267118,1.45557,-2.26879,-1.9275,0,0,1.01598,0,0,0.064224,-0.211382,1.18194,-0.470117,0.586671,-0.885267,-0.987429,0,0,1.41336,0,0,2.37214,0.627428,0.46503,0.282066,-0.917905,-0.74141,-0.00995808,0.850773,0.884048,-1.26707,1,0.999352,-0.0292555,-0.00233874,-0.0208453,-6.3416,-0.00589416,-0.0415395,0.10065,-0.0773857,-0.0490552,-0.0407358,0.0176203,-0.466691
0.999741,0.0225118,-0.00334454,-0.000867403,0.999741,0.0225118,-0.00334454,-0.000867403,0.991054,-0.000891005,-0.0180714,-0.132232,0.603157,-0.19406,0.0719747,-0.7703,0.625669,0.320968,-0.0757529,-0.706951,0.949933,0,0,0.312455,0.965537,0,0,0.260265,0.729136,-0.0673076,-0.0228808,-0.680666,0.710179,0.0563059,0.086276,-0.696443,0.991065,0,0,-0.133378,0.998618,0,0,-0.0525534,0.634504,0.104985,0.0859519,0.760917,0.696807,0.0267013,0.0230038,0.716393,0.789661,0.0676225,-1.06931,0.806861,0.0520853,-1.45743,0.806598,0.261066,-1.10173,0.804714,0.250937,-1.42411,0.850078,0.634176,-1.16758,0.839469,0.628741,-1.36314,0.850829,0.894578,-1.26869,0.859731,1.05246,-1.27158,0.870354,1.23663,-1.26605,0.834826,1.16459,-1.07305,0.869819,1.18636,-1.4864,0.837026,0.918496,-1.05902,0.904235,0.947669,-1.55427,0.907053,1.45113,-1.25466,-0.374522,0.0849375,0.186816,-0.374522,0.0849375,0.186816,-0.0616136,-0.0758344,0.237903,-0.541104,0.116744,0.380256,1.05941,-1.94948,-1.33994,0,0,-0.141076,0,0,-0.528296,-0.603775,0.322244,-0.596005,-0.0721635,-1.37151,-1.25792,0,0,1.16945,0,0,2.32126,1.31864,0.846603,0.996339,-0.562232,-0.462275,0.403516,0.852042,0.880899,-1.2691,1,0.999404,-0.020454,-0.00178666,-0.0277609,-6.32398,-0.00470684,-0.0554447,0.134725,-0.0785896,-0.0847576,0.529512,0.00996346,-0.414346
0.999922,0.0123137,-0.0018638,0.000950182,0.999922,0.0123137,-0.0018638,0.000950182,0.99133,-0.0024894,-0.0196671,-0.129894,0.607385,-0.20128,0.0712512,-0.765176,0.606959,0.330345,-0.100479,-0.715805,0.95419,0,0,0.2992,0.969266,0,0,0.246014,0.720358,-0.0797973,-0.025766,-0.688515,0.696156,0.0488976,0.0607433,-0.713643,0.993195,0,0,-0.11646,0.999896,0,0,-0.0143982,0.611466,0.129318,0.100838,0.774091,0.689192,0.0213954,0.0185187,0.724026,0.781194,0.0613519,-1.07991,0.798824,0.0483478,-1.44939,0.79751,0.253424,-1.11077,0.79191,0.247089,-1.42008,0.847679,0.626912,-1.17443,0.833125,0.625684,-1.36524,0.856001,0.889441,-1.27223,0.866647,1.04727,-1.27215,0.878657,1.2314,-1.26719,0.846567,1.16143,-1.07176,0.871166,1.17862,-1.48587,0.848347,0.914625,-1.05199,0.890629,0.93615,-1.54971,0.916284,1.44595,-1.25882,-0.61198,0.088859,0.109061,-0.61198,0.088859,0.109061,-0.0961771,-0.0959192,0.141413,-0.477334,-0.0588073,0.447799,0.818984,-1.75454,-0.985666,0,0,-0.835312,0,0,-0.883808,-0.843082,-0.196391,-0.671756,-0.475406,-1.67755,-1.40356,0,0,1.0231,0,0,2.29074,1.7519,1.08571,1.40122,-0.350762,-0.296418,0.654649,0.85379,0.875507,-1.27091,1,0.999398,-0.00594628,-0.00120712,-0.0341625,-6.29499,-0.00281907,-0.0683228,0.15517,-0.154109,-0.106179,0.871626,0.00272975,-0.383043
0.999935,0.00999527,0.00221592,0.00501633,0.999935,0.00999527,0.00221592,0.00501633,0.991495,-0.000481838,-0.0101449,-0.129749,0.615813,-0.201711,0.0665415,-0.758722,0.616924,0.314268,-0.0941753,-0.715382,0.955863,0,0,0.293813,0.973736,0,0,0.227679,0.714291,-0.093711,-0.0266181,-0.693035,0.698896,0.0529743,0.0597048,-0.710756,0.994307,0,0,-0.106556,0.999993,0,0,-0.00370359,0.585912,0.14835,0.110126,0.789032,0.681365,0.0111545,0.0103341,0.731786,0.772464,0.0555121,-1.08372,0.806572,0.0465569,-1.47305,0.789031,0.245709,-1.11457,0.795809,0.243743,-1.43917,0.844789,0.618765,-1.17868,0.834375,0.621089,-1.37442,0.858797,0.882512,-1.27491,0.870751,1.04022,-1.27181,0.882724,1.22426,-1.26423,0.857044,1.15094,-1.06891,0.872348,1.17328,-1.48102,0.864509,0.903663,-1.05102,0.890415,0.93041,-1.5482,0.919558,1.43885,-1.25347,-0.139115,0.244789,0.243974,-0.139115,0.244789,0.243974,0.120805,0.573023,0.00911698,0.0180848,-0.342385,0.627909,-1.20322,0.463625,0.230495,0,0,-0.338452,0,0,-1.13234,-0.93704,-0.0606195,-0.406934,0.269067,-0.0737557,0.243823,0,0,0.59798,0,0,0.641708,1.42582,0.723399,1.61062,-0.684959,-0.547133,0.671256,0.856131,0.868761,-1.27312,1,0.999175,0.00478614,-0.000928959,-0.0403243,-6.27355,-0.00147039,-0.0806786,0.0838656,-0.207886,-0.0804179,0.64451,-0.00753382,-0.369278
0.999873,0.0103032,0.00716181,0.00983179,0.999873,0.0103032,0.00716181,0.00983179,0.991464,0.00272775,0.00308469,-0.130315,0.625554,-0.199851,0.0604938,-0.75172,0.635902,0.289437,-0.0774473,-0.711236,0.956705,0,0,0.291059,0.978147,0,0,0.207913,0.709021,-0.108084,-0.0267884,-0.69634,0.70723,0.0608791,0.0668333,-0.70118,0.995088,0,0,-0.0989917,0.999998,0,0,-0.00216973,0.559056,0.165485,0.117454,0.803913,0.673282,-0.000733822,0.000913982,0.739385,0.763882,0.0498712,-1.08528,0.819883,0.0463328,-1.5072,0.780971,0.238028,-1.11661,0.805515,0.241189,-1.46588,0.8418,0.61037,-1.18205,0.838243,0.616154,-1.38588,0.8608,0.874985,-1.27731,0.873917,1.0325,-1.27115,0.885386,1.21638,-1.25984,0.867067,1.138,-1.06576,0.873848,1.16863,-1.47477,0.882223,0.890566,-1.05252,0.894932,0.926487,-1.54773,0.920877,1.43092,-1.24484,0.0184911,0.296768,0.288946,0.0184911,0.296768,0.288946,0.193125,0.796036,-0.0341392,0.183001,-0.434369,0.688695,-1.86784,1.19625,0.661772,0,0,-0.172832,0,0,-1.21518,-0.969815,-0.0149389,-0.313748,0.515365,0.46218,0.791268,0,0,0.456272,0,0,0.092032,1.32908,0.605188,1.6746,-0.80041,-0.633911,0.669847,0.858745,0.861606,-1.27546,1,0.998821,0.014259,-0.000751224,-0.0464035,-6.25463,-0.000177342,-0.0928523,0.0600974,-0.225811,-0.0718308,0.568785,-0.0105381,-0.364734
