0.999558,-0.0106822,-0.0233123,-0.0150412,0.999558,-0.0106822,-0.0233123,-0.0150412,0.974464,0.057477,0.06613,-0.206742,0.460217,-0.247708,-0.692863,-0.496772,0.655367,0.644866,0.198734,-0.339334,0.84652,0,0,0.532356,0.750087,0,0,0.661339,0.852528,-0.0651104,-0.0153852,-0.518383,0.756777,-0.0683383,0.188409,-0.62219,0.918823,0,0,-0.394669,0.951287,0,0,-0.308306,0.574521,0.0243209,0.106935,0.81111,0.455722,0.166348,-0.205924,0.849848,0.0824665,0.0600475,-0.203295,0.138945,0.0356071,0.105063,0.0186857,0.239969,-0.185993,0.0653147,0.205135,0.108124,-0.0207918,0.58508,-0.120011,-0.0231346,0.559036,0.0776049,0,0.828865,0,-0.026579,0.984602,0.00763291,-0.0645571,1.16491,0.0181899,0.0967687,1.27175,-0.215319,-0.266758,1.1515,0.219921,0.18147,1.32283,-0.411717,-0.437685,1.07881,0.16017,-0.141806,1.36509,0.007909,0,0,0,0,0,0,0,0,0,0,0,0,0,0,0,0,0,0,0,0,0,0,0,0,0,0,0,0,0,0,0,0,0,0,0,0,0,0,0,-0.0335027,0.845597,-0.0123251,1,-0.166555,0.0707415,-0.982897,-0.0341725,3.09534,0.338685,-3.00581,0,0,0,0,0,0
0.999571,-0.0114653,-0.0238058,-0.0126094,0.999571,-0.0114653,-0.0238058,-0.0126094,0.973801,0.0626312,0.067064,-0.208066,0.453737,-0.271576,-0.731076,-0.431158,0.650988,0.638095,0.261993,-0.316873,0.834237,0,0,0.551405,0.722283,0,0,0.691598,0.887809,-0.0988548,0.00849247,-0.44939,0.797085,-0.0632781,0.174891,-0.574513,0.894434,0,0,-0.4472,0.943028,0,0,-0.332715,0.545974,-0.0587047,0.0435251,0.834609,0.457529,0.18661,-0.189766,0.84843,0.0668264,0.0702539,-0.21045,0.144757,0.031918,0.10756,0.000629091,0.246321,-0.185237,0.0733542,0.203019,0.111863,-0.0200475,0.582854,-0.116058,-0.0019454,0.556557,0.079843,0.0239822,0.822442,-0.00584435,-0.0108061,0.976715,-0.00274864,-0.0573355,1.15521,0.0036692,0.0755902,1.27613,-0.246716,-0.246099,1.15538,0.228473,0.126483,1.35399,-0.442483,-0.420353,1.0953,0.19158,-0.145099,1.35072,-0.00918118,-0.0469885,-0.0296053,0.145933,-0.0469885,-0.0296053,0.145933,0.31276,0.0574267,-0.0829327,-1.82062,-2.97849,4.75221,-0.384724,4.33324,1.48994,0,0,1.35999,0,0,2.46578,-2.0528,1.50085,4.70893,0.392526,-1.05433,3.67721,0,0,-3.47547,0,0,-1.54612,-5.88517,-4.41977,2.3596,1.48791,1.2068,-0.15571,-0.0269266,0.842484,-0.0184415,1,-0.127597,0.101421,-0.986439,-0.0192395,3.1291,0.258506,-2.93831,0.719466,-0.192708,-0.175331,-1.36047,2.20757,1.72569
0.999551,-0.00900685,-0.0259363,-0.0120359,0.999551,-0.00900685,-0.0259363,-0.0120359,0.973294,0.0675602,0.0688397,-0.208316,0.453687,-0.281173,-0.76663,-0.356916,0.648512,0.619332,0.318212,-0.307572,0.827535,0,0,0.561414,0.702692,0,0,0.711495,0.918314,-0.12812,0.0421803,-0.372163,0.841497,-0.0516698,0.163757,-0.512247,0.872829,0,0,-0.488026,0.928409,0,0,-0.37156,0.522596,-0.087126,0.0281125,0.847651,0.459249,0.2068,-0.174268,0.846141,0.0423913,0.0742486,-0.206481,0.151228,0.0298349,0.108715,-0.0194728,0.24902,-0.174028,0.0801458,0.201735,0.113254,-0.0148126,0.578724,-0.11008,0.0198365,0.551936,0.0764226,0.0510883,0.811896,-0.0182237,0.00625435,0.963591,-0.018047,-0.051254,1.13896,-0.015455,0.051287,1.26946,-0.278869,-0.222982,1.14905,0.230097,0.0709952,1.36932,-0.468266,-0.397208,1.09463,0.217679,-0.151821,1.32789,-0.0311595,0.147524,-0.127862,0.0344051,0.147524,-0.127862,0.0344051,0.299052,0.108195,-0.0172985,-0.71119,-2.6341,5.49717,-1.23657,3.85148,0.612926,0,0,0.72276,0,0,1.67545,-1.74002,2.07256,5.06088,0.801198,-0.886451,4.54048,0,0,-2.7717,0,0,-2.49049,-2.08383,-1.07628,1.53244,1.48082,1.15566,-0.217338,-0.0199749,0.833978,-0.0272049,1,-0.0873024,0.136164,-0.986788,-0.00936268,3.14697,0.175751,-2.86688,0.813184,-0.316372,-0.37138,-1.0967,2.28849,2.02605
0.999498,-0.00611615,-0.0283586,-0.0127203,0.999498,-0.00611615,-0.0283586,-0.0127203,0.973443,0.0701537,0.0620619,-0.208889,0.45976,-0.265116,-0.800401,-0.278734,0.650392,0.597216,0.348998,-0.313885,0.814901,0,0,0.5796,0.699418,0,0,0.714713,0.940345,-0.157666,0.0666861,-0.294016,0.884539,-0.0229127,0.133901,-0.446247,0.859171,0,0,-0.511689,0.912778,0,0,-0.408457,0.508574,-0.13339,0.00384021,0.850614,0.453326,0.221563,-0.173248,0.845808,0.0140433,0.0741538,-0.1998,0.158842,0.0301431,0.109044,-0.0374129,0.25022,-0.16009,0.0873892,0.201926,0.111514,-0.00562077,0.574558,-0.104343,0.0416145,0.547371,0.0673872,0.0767885,0.799717,-0.0333135,0.0206376,0.947598,-0.0340971,-0.0498325,1.1182,-0.0333339,0.0205793,1.25261,-0.306314,-0.199388,1.12998,0.229916,0.011937,1.36902,-0.483005,-0.370706,1.06961,0.242937,-0.165366,1.29826,-0.0493092,0.173462,-0.145387,-0.0410783,0.173462,-0.145387,-0.0410783,0.156793,-0.410517,-0.0340406,1.24247,-2.3398,5.84574,-1.53876,2.08162,-0.414429,0,0,1.32864,0,0,0.275421,-1.74909,1.48062,4.95803,1.84488,-2.02156,4.61382,0,0,-1.63936,0,0,-2.40442,-3.38204,-1.74218,0.584078,1.13402,0.041268,0.141471,-0.014643,0.821567,-0.0360876,1,-0.0423756,0.173934,-0.983842,-0.00261281,3.15123,0.0843908,-2.79122,0.771006,-0.365361,-0.452696,-0.963441,2.56969,2.25156
0.999372,0.00154588,-0.03079,-0.0174475,0.999372,0.00154588,-0.03079,-0.0174475,0.974688,0.0677758,0.0476267,-0.207656,0.488291,-0.222046,-0.822115,-0.190771,0.648169,0.582274,0.348159,-0.345859,0.790066,0,0,0.613022,0.715301,0,0,0.698817,0.951733,-0.182654,0.0919778,-0.228872,0.919731,0.0115435,0.113495,-0.375606,0.852146,0,0,-0.523304,0.893699,0,0,-0.448667,0.501648,-0.203064,-0.020544,0.84065,0.447859,0.235626,-0.16737,0.846103,-0.00806495,0.0683599,-0.189893,0.165245,0.0326664,0.105278,-0.0477824,0.24705,-0.145512,0.0926112,0.203989,0.105337,0.00604717,0.567802,-0.103625,0.0597798,0.542083,0.0516003,0.0979442,0.78544,-0.055411,0.0310534,0.928758,-0.0531624,-0.0531649,1.09299,-0.0514958,-0.0180731,1.22185,-0.334512,-0.174376,1.09928,0.226429,-0.0540567,1.34626,-0.493919,-0.33612,1.01712,0.268303,-0.184559,1.26219,-0.0645988,0.459803,-0.145988,-0.283726,0.459803,-0.145988,-0.283726,-0.145676,-0.875072,0.0799168,3.38682,-0.840825,6.67336,-0.982949,-0.0361036,-2.19978,0,0,2.49855,0,0,-1.3483,-1.48638,1.52653,4.04273,2.142,-1.36035,4.69593,0,0,-0.814469,0,0,-2.67063,-5.08046,-1.76701,-0.537093,1.0846,0.404851,0.176129,-0.0115789,0.804359,-0.0475423,1,0.00844093,0.208139,-0.978042,-0.00641385,3.12553,-0.0138417,-2.72211,0.634669,-0.428312,-0.662923,-0.392253,3.0212,2.09861
0.999149,0.00693457,-0.0312761,-0.0259624,0.999149,0.00693457,-0.0312761,-0.0259624,0.975868,0.0647649,0.0307589,-0.206256,0.531824,-0.15951,-0.821712,-0.128492,0.652829,0.558353,0.299471,-0.415179,0.735763,0,0,0.677239,0.758016,0,0,0.652236,0.958995,-0.178907,0.0979066,-0.19681,0.944756,0.0539675,0.086431,-0.311533,0.840227,0,0,-0.542235,0.874043,0,0,-0.485848,0.485269,-0.138558,-0.0884725,0.858771,0.445611,0.2534,-0.167492,0.84212,0.000671293,0.0714369,-0.183649,0.168621,0.0473499,0.100739,-0.0360704,0.246743,-0.134694,0.093432,0.21797,0.0971595,0.0162198,0.564889,-0.11026,0.0702355,0.546983,0.0312669,0.109439,0.780237,-0.0812436,0.0341097,0.919059,-0.0732999,-0.0628364,1.07592,-0.0661871,-0.0692914,1.18823,-0.358611,-0.137645,1.06494,0.22195,-0.131571,1.30508,-0.496876,-0.270259,0.940965,0.298847,-0.209402,1.23281,-0.0699011,0.32342,-0.0293131,-0.511114,0.32342,-0.0293131,-0.511114,-0.183749,-1.02143,0.0896545,4.7778,1.14917,4.71678,-1.70225,-3.35863,-4.67533,0,0,5.0474,0,0,-3.7927,0.255437,0.346823,1.98494,2.58727,-1.71444,4.11545,0,0,-1.34221,0,0,-2.5236,4.60439,-4.97097,1.76188,1.33875,-0.0216203,-0.23233,-0.0110638,0.792785,-0.0594302,1,0.0664908,0.234268,-0.969819,-0.0121664,3.08639,-0.123582,-2.66414,0.344843,-0.15608,-0.774979,-0.371235,3.47487,1.65654
0.998807,0.0100846,-0.0298362,-0.0373203,0.998807,0.0100846,-0.0298362,-0.0373203,0.97793,0.0546027,0.0246589,-0.200157,0.582005,-0.105522,-0.798836,-0.109524,0.673328,0.490793,0.214112,-0.509811,0.658547,0,0,0.75254,0.834596,0,0,0.550863,0.960165,-0.172509,0.0731752,-0.207292,0.957137,0.0858393,0.0377194,-0.274039,0.834047,0,0,-0.551693,0.862771,0,0,-0.505595,0.425606,-0.0711496,-0.0583589,0.900218,0.446239,0.27055,-0.169951,0.835936,0.0222796,0.0648801,-0.18111,0.16898,0.0573914,0.0991547,-0.0193588,0.23376,-0.131945,0.0921078,0.22782,0.0917064,0.0189499,0.552112,-0.117778,0.0736828,0.55023,0.0146116,0.109408,0.773564,-0.102694,0.0295811,0.909612,-0.0922736,-0.0764178,1.06017,-0.0811622,-0.131017,1.13582,-0.380463,-0.0825365,1.03948,0.201434,-0.216966,1.2266,-0.49805,-0.14911,0.868747,0.317347,-0.233693,1.20675,-0.0731444,0.189123,0.0862138,-0.681923,0.189123,0.0862138,-0.681923,-0.61698,-0.370009,0.377337,4.02139,2.83242,1.52128,-4.86941,-5.92889,-6.16174,0,0,6.47439,0,0,-7.6279,0.393371,-1.50627,-0.632641,1.9262,-2.98745,2.3626,0,0,-0.677911,0,0,-1.36433,4.78137,2.08337,4.80918,1.26897,-0.179244,-0.477168,-0.013156,0.777854,-0.0714225,1,0.134775,0.245511,-0.959979,-0.000528673,3.07198,-0.261472,-2.63168,-0.000924763,-0.20019,-0.643521,-1.58628,3.8441,0.889585
0.998817,0.00741483,-0.0240888,-0.0415923,0.998817,0.00741483,-0.0240888,-0.0415923,0.979037,0.040642,0.035112,-0.196475,0.644011,-0.070025,-0.73758,-0.190584,0.66342,0.423696,0.140675,-0.600472,0.605293,0,0,0.796003,0.924533,0,0,0.381102,0.96991,-0.160738,0.0328523,-0.179882,0.966239,0.0971637,0.00435107,-0.238585,0.80671,0,0,-0.590947,0.862751,0,0,-0.505628,0.42981,-0.0232137,-0.0647407,0.900296,0.472309,0.298536,-0.158403,0.814069,0.0224523,0.0577187,-0.183527,0.167547,0.0450743,0.1003,-0.0241507,0.224145,-0.130293,0.0937054,0.219606,0.0888095,0.0100607,0.532678,-0.126522,0.0799594,0.538686,-0.00188253,0.107639,0.751312,-0.127115,0.0237058,0.884543,-0.11343,-0.0876079,1.03041,-0.094699,-0.189776,1.05231,-0.386001,-0.0206373,1.01689,0.164711,-0.29893,1.09381,-0.492409,0.0208963,0.824819,0.302438,-0.249214,1.17031,-0.0677374,-0.16025,0.344991,-0.256417,-0.16025,0.344991,-0.256417,-0.844775,0.631054,0.226973,2.60954,5.58129,-5.34642,-4.41873,-4.92173,-6.28096,0,0,4.12516,0,0,-11.5446,0.748036,-2.45861,1.70283,0.671103,-2.03202,2.20297,0,0,-2.8704,0,0,-0.00231008,3.59863,-0.469332,-0.123571,1.82223,0.99457,-2.32611,-0.0152839,0.750284,-0.0840319,1,0.202094,0.259562,-0.944239,0.0141095,3.05653,-0.399518,-2.58783,-0.0530645,-0.667562,-0.732606,-1.72216,3.79197,1.16267
0.998941,0.0104116,-0.0147883,-0.0423089,0.998941,0.0104116,-0.0147883,-0.0423089,0.980579,0.0186625,0.0383171,-0.191438,0.711775,-0.0303885,-0.635548,-0.297542,0.599795,0.384287,0.100874,-0.694546,0.674714,0,0,0.738079,0.961846,0,0,0.27359,0.973649,-0.134815,-0.0260417,-0.182083,0.977012,0.0719184,-0.00356627,-0.200658,0.801064,0,0,-0.598578,0.864784,0,0,-0.502144,0.418383,-0.00300821,-0.050575,0.906857,0.544997,0.356315,-0.105227,0.751628,0.025359,0.0734366,-0.187602,0.162214,0.071086,0.10568,-0.0254257,0.238158,-0.135626,0.0948794,0.25571,0.093125,-0.00114905,0.545432,-0.140828,0.0848837,0.570847,-0.013341,0.0980809,0.768373,-0.153912,0.0120301,0.899615,-0.135187,-0.101359,1.04258,-0.108393,-0.246589,0.992615,-0.363051,0.0370484,1.06725,0.112374,-0.383713,0.959732,-0.467986,0.1892,0.908205,0.230027,-0.260531,1.18031,-0.0607878,0.179849,0.558284,-0.0429095,0.179849,0.558284,-0.0429095,-1.32865,0.192456,0.31038,2.76239,8.11085,-6.77323,-1.99476,-2.5205,-7.60074,0,0,-5.42661,0,0,-6.83187,1.58149,-3.56752,-0.119471,-1.54785,-0.479673,2.34584,0,0,-0.569527,0,0,0.242062,1.51137,1.04057,0.847027,3.43121,4.14513,-6.29885,-0.0197872,0.763832,-0.097424,1,-0.286865,-0.26917,0.918983,-0.0269264,3.01642,-0.572511,-2.53484,-0.286752,0.511826,-0.803912,-1.95384,4.92406,1.02272
0.999253,0.0140017,-0.00173763,-0.0359779,0.999253,0.0140017,-0.00173763,-0.0359779,0.979937,0.00212097,0.0251578,-0.197704,0.775763,0.0418913,-0.528327,-0.342501,0.505264,0.326769,0.176355,-0.778993,0.817849,0,0,0.575433,0.964161,0,0,0.265319,0.972312,-0.111185,-0.0760572,-0.190949,0.985776,0.0214713,0.0022706,-0.166669,0.798167,0,0,-0.602436,0.865178,0,0,-0.501465,0.418285,0.0359062,-0.0376568,0.906825,0.599018,0.389051,-0.124084,0.688781,0.0254919,0.0717545,-0.19152,0.152944,0.0873852,0.107898,-0.0275401,0.235703,-0.138966,0.0963913,0.28133,0.0985464,-0.0144061,0.542255,-0.153138,0.0889525,0.590394,-0.0250297,0.0833866,0.769955,-0.182031,-0.00198433,0.900968,-0.158853,-0.112697,1.04489,-0.126361,-0.288148,0.933171,-0.313987,0.0805715,1.13105,0.0376858,-0.437003,0.806761,-0.397835,0.302785,1.04552,0.114438,-0.262709,1.18605,-0.0627822,0.215398,0.783329,0.380222,0.215398,0.783329,0.380222,-0.998938,-0.794377,-0.381002,4.74155,7.97451,-2.44508,-3.07484,5.74955,-8.08032,0,0,-13.0252,0,0,-0.515329,1.42735,-3.02965,-0.54191,-3.05406,0.352517,2.08473,0,0,-0.289464,0,0,0.047063,2.92845,0.971974,0.00067037,1.71233,-1.1451,-5.56504,-0.0252298,0.768018,-0.112116,1,-0.371224,-0.27154,0.887095,-0.0389943,2.96004,-0.747489,-2.47614,-0.440829,0.047445,-0.84357,-2.04137,5.01617,0.718096
0.999275,0.02038,0.0139594,-0.0289531,0.999275,0.02038,0.0139594,-0.0289531,0.977956,-0.0208592,0.0229005,-0.206501,0.807916,-0.0752188,-0.403767,-0.422595,0.423939,0.261905,0.351423,-0.79258,0.872004,0,0,0.489499,0.940385,0,0,0.340113,0.961202,-0.0959901,-0.125497,-0.226112,0.988608,-0.011636,-0.00625118,-0.149934,0.800244,0,0,-0.599674,0.850213,0,0,-0.526439,0.413407,0.0697858,-0.0144843,0.907752,0.586649,0.340545,-0.181697,0.71194,0.0246376,0.0352632,-0.192703,0.154005,0.0912391,0.112381,-0.029397,0.198057,-0.138076,0.104362,0.284602,0.106385,-0.0283949,0.505465,-0.156474,0.0890615,0.580476,-0.0324371,0.0648638,0.740783,-0.202859,-0.0175072,0.873939,-0.180943,-0.124146,1.0214,-0.150624,-0.321842,0.872882,-0.264115,0.091886,1.16951,-0.0615419,-0.454043,0.68938,-0.252638,0.332973,1.16312,-0.0241662,-0.261021,1.17191,-0.0806503,0.382785,0.942052,0.421602,0.382785,0.942052,0.421602,-1.38895,-0.135426,-0.539729,-7.5463,8.39718,-4.87662,-3.9951,13.6119,-3.10227,0,0,-6.09707,0,0,4.71013,0.898293,-3.02273,-2.18104,-1.99525,-0.513387,1.01748,0,0,0.2073,0,0,-1.74695,2.56138,1.74137,0.223306,-3.25369,-4.073,1.86444,-0.0332135,0.74728,-0.125685,1,-0.453157,-0.256562,0.851453,-0.0620703,2.92689,-0.933208,-2.4478,-0.555685,-0.875156,-0.624855,-2.98449,4.75074,0.10591
0.999163,0.0171449,0.0258708,-0.0266334,0.999163,0.0171449,0.0258708,-0.0266334,0.973693,-0.0244853,0.0473037,-0.221553,0.810906,-0.33736,-0.222645,-0.423141,0.379041,0.194898,0.564768,-0.706668,0.860174,0,0,0.510001,0.898673,0,0,0.43862,0.939634,-0.091899,-0.188315,-0.270518,0.990696,-0.0151818,-0.0263357,-0.132656,0.80857,0,0,-0.588399,0.820039,0,0,-0.572307,0.412457,0.0999397,0.00707982,0.905451,0.580584,0.356932,-0.187349,0.707405,0.0248004,0.0403171,-0.191817,0.190802,0.160226,0.125473,-0.0283976,0.202744,-0.134678,0.130917,0.350913,0.120295,-0.0382929,0.513216,-0.152865,0.0913447,0.623055,-0.0344934,0.0459171,0.757974,-0.216365,-0.0362082,0.891907,-0.198494,-0.140054,1.04182,-0.17044,-0.355935,0.881627,-0.184429,0.0724875,1.22693,-0.162638,-0.425527,0.722733,-0.0436386,0.295227,1.29624,-0.167036,-0.263903,1.20029,-0.0961421,-0.194117,0.714915,0.139156,-0.194117,0.714915,0.139156,-0.221309,1.47916,-0.929038,-16.7962,11.637,-0.00527043,-4.72118,16.907,5.33047,0,0,1.42021,0,0,6.42149,0.207425,-3.90315,-2.82088,-0.212923,-1.20856,1.04624,0,0,0.84098,0,0,-3.29456,2.2776,1.62667,-0.143642,1.20874,-0.428219,-0.192568,-0.0420432,0.775216,-0.132137,1,-0.532531,-0.242377,0.804629,-0.101179,2.91441,-1.1338,-2.41143,-0.568399,0.515731,-0.405165,-3.78633,4.68124,0.76515
0.999215,0.00148327,0.0367925,-0.0146168,0.999215,0.00148327,0.0367925,-0.0146168,0.965242,-0.0221559,0.10092,-0.240067,0.77566,-0.554803,-0.100889,-0.28349,0.391873,0.195805,0.688132,-0.57842,0.839036,0,0,0.544077,0.854348,0,0,0.519702,0.907772,-0.0807396,-0.254822,-0.323259,0.993503,-0.00890588,-0.0295263,-0.109543,0.829175,0,0,-0.558989,0.779299,0,0,-0.626653,0.41725,0.128509,0.0320566,0.899089,0.566861,0.32695,-0.19671,0.730122,0.0244712,0.0521407,-0.191597,0.2489,0.264688,0.128574,-0.0256302,0.216082,-0.133972,0.174924,0.448149,0.126398,-0.0471121,0.534068,-0.149483,0.0977027,0.686587,-0.0383007,0.0218978,0.789129,-0.227333,-0.0596799,0.923953,-0.213562,-0.155749,1.08006,-0.191882,-0.366272,0.962843,-0.0905628,0.0546344,1.27243,-0.253281,-0.346127,0.89863,0.116763,0.244285,1.38365,-0.28342,-0.257247,1.25451,-0.12229,-0.939961,0.655446,0.721215,-0.939961,0.655446,0.721215,0.137167,3.26297,-1.16225,-14.4022,7.71908,8.71274,-0.0206181,9.13798,10.0954,0,0,2.40615,0,0,5.54641,0.628615,-4.24551,-3.44889,0.378233,-0.190364,1.39727,0,0,2.15473,0,0,-4.07605,2.13434,1.87932,-0.629623,-1.97038,-0.735398,1.88627,-0.047442,0.823332,-0.139543,1,-0.611935,-0.229657,0.743791,-0.139889,2.80998,-1.34473,-2.27775,-0.720581,0.934666,-0.329043,-3.80671,5.14719,1.02748
0.998603,-0.0200967,0.0462897,-0.015692,0.998603,-0.0200967,0.0462897,-0.015692,0.955238,-0.0134783,0.161927,-0.247223,0.743883,-0.656015,-0.0896343,-0.090826,0.444232,0.220215,0.738831,-0.45639,0.818159,0,0,0.574991,0.788915,0,0,0.614502,0.857667,-0.0571763,-0.322965,-0.39602,0.99573,0.00581584,-0.0159951,-0.0907355,0.862767,0,0,-0.505602,0.74866,0,0,-0.662954,0.428884,0.159147,0.0669419,0.886707,0.558236,0.295134,-0.194087,0.750732,0.0221514,0.0667542,-0.191834,0.321432,0.394247,0.123354,-0.0221675,0.233928,-0.135094,0.233129,0.569262,0.12109,-0.0570198,0.564033,-0.141901,0.106608,0.766738,-0.046265,-0.0117977,0.830378,-0.22983,-0.0927326,0.96575,-0.218209,-0.17939,1.12761,-0.199582,-0.349514,1.09421,-0.0148377,0.0224325,1.31331,-0.326779,-0.250792,1.13343,0.16933,0.174546,1.44418,-0.369157,-0.254446,1.31696,-0.136807,-1.29538,0.570548,-0.0647228,-1.29538,0.570548,-0.0647228,0.523988,3.73685,-0.485517,-7.08339,0.660898,12.4393,1.46076,2.52424,10.1228,0,0,2.23834,0,0,6.91513,1.39582,-4.57562,-4.94221,0.884961,0.81435,1.13497,0,0,3.78518,0,0,-2.85039,2.24307,2.59973,-1.28697,-2.16793,0.135282,1.64514,-0.055393,0.883734,-0.144192,1,-0.696611,-0.212565,0.661479,-0.178873,1.0451,-1.50194,-0.483856,-1.01086,1.23746,-0.0749109,-4.23611,6.1365,1.09494
0.997434,-0.045204,0.0511094,-0.0216796,0.997434,-0.045204,0.0511094,-0.0216796,0.950713,-0.00409708,0.169781,-0.259426,0.771785,-0.621312,-0.123759,0.0548076,0.494221,0.253755,0.759184,-0.339108,0.793254,0,0,0.608891,0.702168,0,0,0.712011,0.784565,-0.00994255,-0.370448,-0.497119,0.996564,0.0376979,0.0152011,-0.0721727,0.908431,0,0,-0.418035,0.74217,0,0,-0.670212,0.456747,0.193879,0.119589,0.859937,0.545826,0.260673,-0.18994,0.773335,0.0150759,0.0855206,-0.192589,0.403378,0.546417,0.105606,-0.0204289,0.258547,-0.139748,0.298682,0.709489,0.0970058,-0.0677097,0.604727,-0.128481,0.11323,0.858927,-0.0606506,-0.0532603,0.880706,-0.216337,-0.129968,1.01855,-0.207365,-0.201696,1.18805,-0.196544,-0.31779,1.24251,0.0195884,-0.0189244,1.35077,-0.38928,-0.183417,1.35705,0.126105,0.0951128,1.48513,-0.437892,-0.244623,1.3909,-0.150162,-1.5082,0.290512,-0.359932,-1.5082,0.290512,-0.359932,0.571038,0.494413,-0.767666,2.70651,-2.15754,9.53231,2.0796,0.27276,9.27651,0,0,2.52412,0,0,7.83622,2.95975,-3.62161,-7.21562,1.91502,1.87418,1.11656,0,0,5.92787,0,0,-0.584202,2.41931,3.8306,-2.81096,-2.34166,0.222868,1.8871,-0.0648142,0.953943,-0.147569,1,-0.782745,-0.182015,0.557582,-0.208044,0.168107,-1.24886,0.398286,-1.24388,1.50984,0.404767,-4.6638,7.08482,0.408803
0.996216,-0.0637653,0.0533574,-0.0253143,0.996216,-0.0637653,0.0533574,-0.0253143,0.95224,0.0100975,0.133491,-0.27444,0.839713,-0.514974,-0.141448,0.0983685,0.564666,0.315062,0.731693,-0.215672,0.790741,0,0,0.612151,0.644966,0,0,0.764212,0.697766,0.0353356,-0.391147,-0.599064,0.995552,0.0527507,0.0550143,-0.0553803,0.949354,0,0,-0.314209,0.778007,0,0,-0.628255,0.53113,0.226344,0.185114,0.795237,0.535482,0.217759,-0.197944,0.791617,0.00257583,0.0985247,-0.195111,0.494038,0.701639,0.0694357,-0.0254539,0.280429,-0.147821,0.364514,0.841657,0.0477828,-0.0759366,0.640423,-0.111593,0.114023,0.937818,-0.0850749,-0.0930594,0.920524,-0.186326,-0.16952,1.0584,-0.179053,-0.235821,1.23023,-0.179852,-0.299238,1.336,0.0437724,-0.0873989,1.37763,-0.42162,-0.17002,1.48942,0.0887075,-0.00529668,1.51788,-0.464778,-0.262366,1.43882,-0.156508,-1.11619,0.1363,-0.218883,-1.11619,0.1363,-0.218883,0.86563,-2.21817,-0.907247,7.73864,-0.923977,2.67523,3.77828,-3.58102,9.44433,0,0,0.246941,0,0,4.64761,3.00688,-2.18719,-7.89581,0.905275,2.39265,1.00758,0,0,6.69949,0,0,3.31114,1.86462,4.4072,-6.66865,-2.98443,-0.631469,1.54877,-0.0825839,1.00823,-0.144123,1,-0.854967,-0.158084,0.434131,-0.235735,0.114032,-0.955959,0.478957,-1.19397,1.19455,0.900356,-4.396,7.64067,0.950011
0.995381,-0.0739381,0.0532693,-0.0302085,0.995381,-0.0739381,0.0532693,-0.0302085,0.944018,0.0228936,0.117704,-0.307329,0.861454,-0.465988,-0.165778,0.115193,0.622439,0.38339,0.67449,-0.103179,0.831352,0,0,0.555746,0.655041,0,0,0.755593,0.638001,0.068549,-0.375848,-0.668576,0.992542,0.0559576,0.100006,-0.0415783,0.962509,0,0,-0.271251,0.857616,0,0,-0.514291,0.657239,0.210155,0.252242,0.678414,0.54934,0.180227,-0.214269,0.787295,-0.0253129,0.114149,-0.189824,0.583245,0.864372,0.0109912,-0.0487867,0.304197,-0.136233,0.418049,0.956034,-0.0235844,-0.0884718,0.668629,-0.0833778,0.103448,0.985923,-0.118721,-0.124542,0.945052,-0.152441,-0.199276,1.08382,-0.147431,-0.262835,1.25609,-0.159559,-0.280191,1.4014,0.0563338,-0.152583,1.39104,-0.430092,-0.150595,1.57389,0.0668484,-0.0851891,1.54258,-0.470632,-0.275719,1.46508,-0.1589,-0.612379,-0.00439829,-0.294531,-0.612379,-0.00439829,-0.294531,0.784153,-0.942399,-2.05808,3.3364,-1.46155,1.01039,4.18561,-5.15695,8.11042,0,0,-4.17108,0,0,-0.795511,2.33098,0.422921,-5.7173,0.196088,2.70956,0.826832,0,0,2.69587,0,0,8.34764,-1.92067,3.89079,-10.8219,-2.75731,-1.07655,-0.639031,-0.099132,1.04659,-0.137612,1,-0.907065,-0.126914,0.314807,-0.249041,0.095139,-0.687122,0.501851,-0.94449,0.735845,1.01653,-4.13997,6.93197,0.266394
0.99469,-0.0804412,0.0506717,-0.0394075,0.99469,-0.0804412,0.0506717,-0.0394075,0.932122,0.0261951,0.129128,-0.337325,0.827214,-0.510225,-0.220208,0.0830413,0.665121,0.430438,0.610179,-0.00425583,0.868488,0,0,0.49571,0.702851,0,0,0.711337,0.6404,0.0527344,-0.335651,-0.6888,0.988518,0.0335493,0.139398,-0.0476985,0.931964,0,0,-0.362551,0.954096,0,0,-0.299501,0.804394,0.023707,0.136506,0.577714,0.589726,0.175394,-0.233105,0.753075,-0.10797,0.17876,-0.159067,0.636411,1.07213,-0.0816317,-0.092866,0.373898,-0.082909,0.444586,1.08249,-0.115244,-0.100557,0.72946,-0.0367526,0.0832044,1.03393,-0.158123,-0.150867,0.996241,-0.128094,-0.220727,1.13747,-0.127796,-0.278041,1.31054,-0.1517,-0.257609,1.48398,0.0543859,-0.196083,1.42887,-0.435531,-0.106252,1.65114,0.0496355,-0.129532,1.59331,-0.480433,-0.274407,1.51623,-0.176209,-0.391902,-0.155395,-0.553339,-0.391902,-0.155395,-0.553339,0.208423,0.730836,-1.91849,-3.18178,-3.59717,-1.95869,2.73969,-5.14425,6.82209,0,0,-4.23647,0,0,-3.90966,-1.08649,2.77491,-1.33956,-1.34513,2.38069,-0.371994,0,0,-5.77865,0,0,14.1607,-12.7586,-8.37182,-8.98773,-0.551805,-1.06085,-3.32599,-0.113709,1.10978,-0.135407,1,-0.941358,-0.0876949,0.21232,-0.247134,0.0671592,-0.459035,0.497775,-0.789734,1.53566,0.730412,-3.89957,5.66647,-0.577879
0.995464,-0.0706643,0.0455651,-0.0445249,0.995464,-0.0706643,0.0455651,-0.0445249,0.919308,0.0347636,0.149057,-0.362554,0.774625,-0.577472,-0.257155,-0.01879,0.699464,0.454573,0.548503,0.0570824,0.878526,0,0,0.477694,0.735942,0,0,0.677045,0.689513,0.0542955,-0.320973,-0.646993,0.982394,0.0491823,0.166117,-0.0699096,0.84301,0,0,-0.537897,0.989837,0,0,-0.142206,0.874841,-0.194166,-0.0107473,0.443664,0.627698,0.144894,-0.241688,0.725664,-0.153568,0.290223,-0.0967934,0.625138,1.19289,-0.217069,-0.0891828,0.474526,-0.00199157,0.432784,1.149,-0.218837,-0.0866898,0.798129,0.0207366,0.0640037,1.05867,-0.188521,-0.167141,1.03973,-0.112873,-0.234525,1.18185,-0.123594,-0.291137,1.35308,-0.159938,-0.244753,1.53652,0.0447884,-0.229167,1.45551,-0.448751,-0.0676185,1.68028,0.0455407,-0.161958,1.6276,-0.499081,-0.281691,1.55287,-0.205342,0.588753,-0.307648,-0.306898,0.588753,-0.307648,-0.306898,0.535531,1.26415,-1.64768,-5.00281,-2.67385,-6.51142,1.22352,-4.67491,4.10375,0,0,-1.23744,0,0,-2.85954,0.0353327,1.42671,3.71189,0.94768,1.62993,-1.34645,0,0,-11.8163,0,0,9.6888,-13.6848,-9.4432,-9.32685,-2.28593,-0.339633,-2.69445,-0.123369,1.16017,-0.138164,1,-0.959319,-0.0295728,0.133857,-0.246808,-0.00969859,-0.274869,0.504967,-0.488234,1.3048,0.456623,-4.54409,3.80666,-0.61334
0.995656,-0.0580762,0.0407438,-0.0603079,0.995656,-0.0580762,0.0407438,-0.0603079,0.909929,0.0440817,0.154441,-0.382405,0.750588,-0.582389,-0.277431,-0.14308,0.722998,0.459795,0.507721,0.0899029,0.893082,0,0,0.449894,0.742876,0,0,0.669429,0.758529,0.0223515,-0.336515,-0.557577,0.976613,0.0549742,0.186583,-0.0916072,0.696709,0,0,-0.717354,0.984551,0,0,-0.175099,0.861545,-0.153724,0.0390134,0.482273,0.628968,0.106755,-0.243933,0.73041,-0.141626,0.444134,-0.0281226,0.593804,1.16942,-0.348967,-0.0514837,0.611597,0.0736635,0.401626,1.14349,-0.315857,-0.0582603,0.879474,0.0640295,0.0403679,1.08051,-0.220679,-0.182004,1.07437,-0.11061,-0.251951,1.21476,-0.126394,-0.309147,1.38507,-0.166004,-0.24041,1.55742,0.0526164,-0.26597,1.48127,-0.455805,-0.043225,1.67464,0.0864525,-0.198197,1.655,-0.506553,-0.295097,1.58073,-0.219425,0.756653,-0.289875,-0.948178,0.756653,-0.289875,-0.948178,0.583495,0.363076,-1.30105,-0.661983,-1.4803,-8.15773,0.071423,-3.03243,2.13947,0,0,-1.88294,0,0,-0.617995,-2.18256,-0.453972,6.97567,0.35603,1.25716,-1.32031,0,0,-13.9234,0,0,-1.99899,2.48753,3.12836,2.56133,-2.62643,-0.145807,0.300651,-0.133029,1.19965,-0.140922,1,-0.962699,0.00623043,0.0684104,-0.261709,-0.0482214,-0.128812,0.53398,-0.445878,1.03914,0.0678955,-3.1587,3.2407,0.636871
0.995293,-0.0347587,0.0364477,-0.0827969,0.995293,-0.0347587,0.0364477,-0.0827969,0.90444,0.0543359,0.147854,-0.396454,0.748688,-0.50737,-0.329391,-0.27119,0.747979,0.451871,0.477617,0.0906792,0.906619,0,0,0.421951,0.739444,0,0,0.673218,0.829785,-0.055058,-0.347652,-0.433086,0.969251,0.0490709,0.199866,-0.134897,0.60252,0,0,-0.798104,0.967725,0,0,-0.25201,0.862418,-0.170734,-0.00873514,0.476454,0.623111,0.112199,-0.236998,0.736869,-0.0837866,0.574214,0.0855136,0.541499,1.05715,-0.458986,0.00856598,0.759742,0.145876,0.354884,1.07931,-0.40203,-0.0316639,0.978455,0.0800886,0.0111897,1.08262,-0.258736,-0.199929,1.09981,-0.118352,-0.271777,1.23917,-0.133894,-0.325675,1.41161,-0.168067,-0.233976,1.55344,0.0745173,-0.30448,1.50727,-0.457941,-0.0302425,1.63716,0.157452,-0.227839,1.67547,-0.511285,-0.30294,1.60546,-0.21982,1.40083,-0.257874,-1.35191,1.40083,-0.257874,-1.35191,0.64085,-0.390036,-0.916198,4.89336,-3.42121,-8.40981,-0.80803,-2.2933,-0.00540859,0,0,-1.86302,0,0,0.306766,-4.96535,-0.138296,8.86979,-0.349604,0.833304,-2.63814,0,0,-7.4487,0,0,-4.72499,-1.06712,-3.00474,-0.375513,0.39244,0.438019,0.564002,-0.142689,1.22824,-0.143679,1,-0.961046,0.0313464,-0.00117118,-0.274604,-0.0596542,0.0194681,0.556056,-0.537741,0.763046,-0.232256,-2.59935,3.62622,0.642276
0.994657,0.00206925,0.0312779,-0.0983622,0.994657,0.00206925,0.0312779,-0.0983622,0.903478,0.0630217,0.113499,-0.408501,0.722441,-0.397242,-0.412995,-0.386928,0.764206,0.444863,0.463375,0.0580435,0.918562,0,0,0.395276,0.726524,0,0,0.687141,0.873834,-0.13499,-0.357462,-0.300688,0.953024,0.037379,0.224045,-0.20038,0.612323,0,0,-0.790608,0.952805,0,0,-0.303582,0.858077,-0.163021,-0.0453807,0.484839,0.616697,0.104043,-0.232438,0.744871,0.0409329,0.704442,0.220461,0.461255,0.902269,-0.532299,0.0842864,0.914138,0.198083,0.292127,0.974063,-0.464794,-0.0165571,1.08321,0.0685016,-0.0191477,1.05941,-0.290863,-0.214277,1.11734,-0.124725,-0.288206,1.25537,-0.141091,-0.339017,1.42986,-0.168014,-0.23325,1.53482,0.0935258,-0.347953,1.52431,-0.458609,-0.0408101,1.5778,0.22758,-0.262414,1.68037,-0.522438,-0.309091,1.62273,-0.214678,2.21318,-0.310273,-0.936638,2.21318,-0.310273,-0.936638,0.539726,-2.12719,-0.755243,6.962,-5.75573,-7.84633,-0.637501,-1.11951,-2.16443,0,0,-1.75364,0,0,1.13965,-4.95351,-0.268258,8.72733,-0.696274,1.5408,-4.03684,0,0,0.740451,0,0,-3.22162,0.469349,-2.30989,0.574787,-0.54322,0.272421,0.685049,-0.152349,1.24592,-0.146436,1,-0.953239,0.067209,-0.074587,-0.285051,-0.0871505,0.18151,0.573205,-0.430446,0.52604,-0.191197,-3.29526,3.66686,0.596178
0.994136,0.0284134,0.0222993,-0.101931,0.994136,0.0284134,0.0222993,-0.101931,0.903417,0.0695352,0.0603051,-0.418768,0.665944,-0.27396,-0.485977,-0.495269,0.762239,0.451118,0.464033,0.012593,0.929274,0,0,0.369391,0.708945,0,0,0.705264,0.882698,-0.209922,-0.368356,-0.202709,0.920584,-0.00231544,0.28448,-0.267564,0.728505,0,0,-0.68504,0.937451,0,0,-0.348118,0.843292,-0.0993964,-0.0295845,0.527355,0.613919,0.101138,-0.204656,0.755639,0.229582,0.902575,0.343914,0.356741,0.730857,-0.552212,0.174541,1.07395,0.228785,0.212271,0.847976,-0.491859,-0.0117897,1.16175,0.0385852,-0.0510125,1.01855,-0.313763,-0.21957,1.12689,-0.128014,-0.297411,1.26251,-0.145233,-0.35001,1.43679,-0.16891,-0.249178,1.51079,0.100224,-0.39097,1.52325,-0.460288,-0.0871497,1.50729,0.278851,-0.304572,1.66607,-0.538998,-0.319675,1.62889,-0.213719,1.58377,-0.539443,-0.215579,1.58377,-0.539443,-0.215579,0.403978,-3.29839,-0.637177,7.76408,-5.55092,-7.90722,0.429587,0.0652268,-2.96326,0,0,-1.68091,0,0,1.51492,-4.65397,-0.610437,6.17895,-2.42126,3.87826,-4.27811,0,0,9.42853,0,0,-2.82675,3.97573,0.985415,2.85546,-0.192769,1.90307,0.80285,-0.162009,1.25271,-0.149193,1,-0.939195,0.098951,-0.143686,-0.295762,-0.107003,0.334642,0.592068,-0.158791,0.286541,-0.0986549,-3.00903,3.51882,0.716898
0.993953,0.0495406,0.0117622,-0.0972845,0.993953,0.0495406,0.0117622,-0.0972845,0.905288,0.0691035,0.007734,-0.419068,0.572805,-0.184249,-0.529163,-0.598275,0.768504,0.444311,0.458974,-0.036501,0.943936,0,0,0.330127,0.696765,0,0,0.7173,0.860627,-0.279832,-0.391861,-0.165713,0.879883,-0.00766573,0.331347,-0.340524,0.902765,0,0,-0.430133,0.915694,0,0,-0.401875,0.83133,-0.0192206,-0.0242023,0.554919,0.615459,0.111497,-0.180799,0.759007,0.40126,1.20674,0.373095,0.225315,0.563481,-0.51698,0.256718,1.24119,0.221291,0.114315,0.72089,-0.481621,-0.0111715,1.18979,0.00617021,-0.0868347,0.966063,-0.328022,-0.221444,1.12223,-0.136683,-0.300608,1.25743,-0.150189,-0.35365,1.43239,-0.166083,-0.264377,1.47565,0.102227,-0.424413,1.51525,-0.453212,-0.146417,1.41701,0.308757,-0.341002,1.64658,-0.546549,-0.324285,1.62595,-0.204736,1.2703,-0.633426,0.278982,1.2703,-0.633426,0.278982,-0.0295658,-3.26022,-0.00167731,5.59467,-4.30596,-8.53757,-0.512195,-0.400353,-3.19824,0,0,-2.5149,0,0,1.02745,-4.50405,-1.66047,2.22947,-0.336568,3.18171,-4.79816,0,0,18.6011,0,0,-3.48006,5.07346,0.334304,1.89803,0.711505,1.65762,0.199982,-0.17167,1.2486,-0.151951,1,-0.925592,0.112412,-0.207404,-0.296019,-0.0956962,0.46732,0.596278,-0.0562356,-0.140032,-0.26009,-1.96929,3.47308,-0.00636001
0.992718,0.0692718,0.00612658,-0.0983598,0.992718,0.0692718,0.00612658,-0.0983598,0.909807,0.0637534,-0.0308328,-0.408946,0.491358,-0.148462,-0.496992,-0.699661,0.781467,0.421226,0.454489,-0.0729192,0.969758,0,0,0.24407,0.69618,0,0,0.717867,0.870876,-0.230688,-0.41105,-0.13927,0.812859,0.0211087,0.396172,-0.426454,0.999191,0,0,-0.0402106,0.896373,0,0,-0.443301,0.816352,0.0514106,0.0495874,0.573121,0.616561,0.109502,-0.202887,0.752794,0.443981,1.50632,0.213947,0.0790874,0.42321,-0.434796,0.287455,1.38369,0.142526,0.0091645,0.606167,-0.435018,-0.00470483,1.18318,-0.00670456,-0.1171,0.907705,-0.324957,-0.217264,1.10637,-0.141178,-0.297973,1.24065,-0.152209,-0.349171,1.41644,-0.160614,-0.27717,1.43338,0.102524,-0.432253,1.50096,-0.443852,-0.215001,1.31647,0.31648,-0.351332,1.62604,-0.547145,-0.318092,1.61245,-0.189948,1.18799,-0.338667,-0.0670959,1.18799,-0.338667,-0.0670959,-0.33775,-2.38694,0.667122,2.14701,1.02406,-8.87472,-1.63508,-0.434542,-2.34817,0,0,-5.39267,0,0,0.048862,3.14661,-1.11385,1.69656,1.83126,4.65663,-6.02238,0,0,24.2651,0,0,-2.74287,4.51131,4.71163,1.3569,-0.141227,-1.52023,-0.452695,-0.18133,1.23358,-0.154708,1,-0.916229,0.120946,-0.231759,-0.303618,-0.0934303,0.521443,0.615036,0.125414,-0.475579,-0.134847,-0.875185,1.36897,0.530316
0.992699,0.0898373,-0.00176262,-0.0804725,0.992699,0.0898373,-0.00176262,-0.0804725,0.917585,0.0557917,-0.0614688,-0.388777,0.431986,-0.113995,-0.406164,-0.797135,0.795021,0.393741,0.451807,-0.093701,0.987452,0,0,0.157922,0.697553,0,0,0.716534,0.938719,-0.0170479,-0.343553,0.0220686,0.761811,0.135955,0.362353,-0.519481,0.993831,0,0,0.11091,0.87494,0,0,-0.484232,0.755356,-0.0369083,0.109156,0.645105,0.650714,0.0561318,-0.207363,0.7283,0.353909,1.65234,-0.00941887,-0.0698461,0.330627,-0.337581,0.25875,1.46925,-0.0131091,-0.0785256,0.526082,-0.367243,0.00772688,1.18294,-0.0486492,-0.124032,0.852225,-0.297088,-0.203804,1.07823,-0.132487,-0.286745,1.21094,-0.145538,-0.342473,1.38553,-0.147768,-0.284291,1.37973,0.102224,-0.440542,1.47108,-0.425374,-0.272369,1.21318,0.296499,-0.371051,1.5984,-0.534692,-0.320988,1.58607,-0.167132,1.23697,-0.474505,1.07582,1.23697,-0.474505,1.07582,-0.501922,-1.88524,1.3128,2.28706,5.81968,-8.65897,-1.90842,-0.32024,-1.31612,0,0,-5.27849,0,0,-0.114812,13.4253,4.73776,10.0874,7.52175,-1.72324,-6.59293,0,0,9.08158,0,0,-2.77243,-5.70336,3.96997,5.5478,-3.73969,-0.113547,-2.37907,-0.19099,1.20767,-0.157465,1,-0.907298,0.147252,-0.253622,-0.301335,-0.137241,0.581128,0.600225,0.40379,-0.844381,0.260752,-1.9414,0.830485,0.244383
0.990391,0.100319,-0.0210079,-0.0928463,0.990391,0.100319,-0.0210079,-0.0928463,0.927132,0.0507841,-0.120716,-0.351105,0.411221,-0.0363646,-0.318272,-0.853392,0.832871,0.339559,0.433672,-0.0543563,0.996713,0,0,0.0810162,0.702012,0,0,0.712165,0.948902,0.00765429,-0.274658,0.155209,0.709102,0.238705,0.216562,-0.627132,0.999634,0,0,-0.0270354,0.871845,0,0,-0.489781,0.658365,0.164248,-0.079095,0.730289,0.729819,0.0746981,-0.183549,0.654289,0.296946,1.66104,-0.199548,-0.184094,0.263327,-0.25367,0.202965,1.48612,-0.175345,-0.141405,0.457819,-0.30011,-0.0146783,1.17661,-0.106081,-0.132573,0.790959,-0.261367,-0.198702,1.03905,-0.123768,-0.281789,1.17173,-0.130975,-0.330227,1.3481,-0.132279,-0.272361,1.32895,0.09299,-0.440449,1.43439,-0.402103,-0.311628,1.13511,0.25952,-0.381145,1.56511,-0.515249,-0.303707,1.55126,-0.152491,0.635111,-1.15851,-0.748552,0.635111,-1.15851,-0.748552,-0.319323,-3.63129,2.39594,5.77946,6.34529,-4.81748,-3.79348,-1.5529,2.58458,0,0,-4.64884,0,0,-0.374531,1.51154,4.27877,8.12264,7.02213,-9.22927,-7.85568,0,0,-8.29061,0,0,-0.38119,13.5718,-12.5146,7.3989,1.11036,2.00254,-6.39728,-0.20065,1.17085,-0.160223,1,-0.87847,0.150684,-0.333588,-0.307088,-0.0815927,0.745911,0.640646,0.153064,-1.17535,0.261573,-1.80194,4.78643,0.180314
0.987441,0.110487,-0.0406963,-0.105338,0.987441,0.110487,-0.0406963,-0.105338,0.930584,0.0500927,-0.152039,-0.329225,0.391874,0.0124737,-0.16215,-0.905531,0.886218,0.301187,0.350148,-0.0360575,0.999238,0,0,0.0390418,0.689527,0,0,0.72426,0.941696,-0.0533652,-0.227846,0.241757,0.645255,0.266955,0.173643,-0.694427,0.961701,0,0,-0.274102,0.919244,0,0,-0.393689,0.676399,0.171835,0.0856062,0.711076,0.793999,0.0639122,-0.172289,0.57948,0.250818,1.56167,-0.412322,-0.21903,0.177534,-0.165408,0.131356,1.42873,-0.320336,-0.178926,0.375813,-0.219807,-0.0530742,1.15394,-0.154726,-0.15401,0.72865,-0.216126,-0.191939,0.999365,-0.114595,-0.276699,1.13071,-0.117248,-0.320948,1.30764,-0.123412,-0.261829,1.29098,0.0757914,-0.433167,1.37737,-0.384791,-0.343186,1.09466,0.2242,-0.368709,1.49809,-0.50105,-0.291827,1.51059,-0.155915,0.618613,-1.18752,-0.758157,0.618613,-1.18752,-0.758157,-0.0461822,-1.91529,1.36977,3.69576,11.6765,-4.55361,-2.80091,-5.73046,1.20673,0,0,-2.52321,0,0,1.04299,-3.73287,2.82327,5.31961,2.33278,-2.56434,-5.65598,0,0,-15.037,0,0,6.43186,0.432497,11.1465,-1.64798,-0.813032,1.01475,-5.85313,-0.21031,1.12314,-0.16298,1,-0.831244,0.163181,-0.4279,-0.315129,-0.00275404,0.951394,0.723311,0.20288,-1.1905,0.27517,-2.66749,5.76962,0.692753
0.989813,0.0993007,-0.0537507,-0.0867253,0.989813,0.0993007,-0.0537507,-0.0867253,0.932725,0.0481588,-0.168081,-0.315363,0.372502,0.0429651,-0.0106899,-0.926975,0.897206,0.317341,0.302956,-0.0503408,0.996843,0,0,0.079401,0.63976,0,0,0.768575,0.948397,-0.027056,-0.137776,0.284303,0.65669,0.158339,0.240969,-0.696865,0.917588,0,0,-0.397532,0.939737,0,0,-0.341898,0.676445,0.068956,-0.0334984,0.732492,0.660818,0.0143715,-0.312347,0.682314,0.179196,1.3749,-0.588761,-0.16002,0.126364,-0.0734581,0.0625936,1.29637,-0.446179,-0.168182,0.311503,-0.142769,-0.0814696,1.09018,-0.198366,-0.17413,0.670346,-0.18708,-0.192663,0.951056,-0.113725,-0.273147,1.08562,-0.111168,-0.319888,1.26254,-0.114853,-0.262026,1.2489,0.0642453,-0.446561,1.32235,-0.364091,-0.357668,1.04452,0.190524,-0.383139,1.4345,-0.470043,-0.301593,1.46745,-0.149437,-0.678759,-0.783987,1.12559,-0.678759,-0.783987,1.12559,-0.120978,-0.977772,0.865753,2.35283,11.5309,-2.28031,0.931503,-3.01681,-0.878964,0,0,2.42598,0,0,3.99895,1.61376,5.531,2.5637,-7.46587,4.52243,0.0499659,0,0,-7.87024,0,0,3.34228,-6.93879,-8.03304,1.44354,-3.14659,-10.085,8.93083,-0.21997,1.06453,-0.165737,1,-0.804005,0.1538,-0.495442,-0.290619,0.0878237,1.0888,0.746894,-0.0217129,-1.44927,0.0261144,-1.70686,4.0094,-1.61116
0.990627,0.0894783,-0.0592557,-0.0845004,0.990627,0.0894783,-0.0592557,-0.0845004,0.935657,0.0435171,-0.185502,-0.297053,0.368241,0.0423301,0.0859535,-0.92478,0.885746,0.343376,0.310131,-0.0369489,0.985796,0,0,0.167948,0.58387,0,0,0.811847,0.973979,0.0929908,-0.0397983,0.202815,0.642539,0.0815618,0.300956,-0.699941,0.908297,0,0,-0.418326,0.958115,0,0,-0.286382,0.64747,-0.040712,-0.020525,0.760725,0.530594,-0.00620213,-0.197155,0.824355,0.0850699,1.12175,-0.749635,-0.141341,0.0803687,-0.056201,0.00775114,1.11299,-0.567917,-0.165561,0.258612,-0.111078,-0.0923933,1.0086,-0.249735,-0.19477,0.621013,-0.172254,-0.201356,0.905454,-0.117912,-0.279136,1.04154,-0.109084,-0.326972,1.2184,-0.111347,-0.262749,1.2098,0.0573973,-0.47662,1.27822,-0.349324,-0.353041,0.997955,0.168634,-0.422183,1.38608,-0.442384,-0.316788,1.42469,-0.148907,-0.592823,-0.330457,0.135336,-0.592823,-0.330457,0.135336,-0.287611,-1.05787,1.14231,-0.0422358,7.44316,0.02486,1.704,0.523545,0.822974,0,0,5.35581,0,0,4.24187,7.28022,6.00295,-5.08225,-5.18737,4.19326,-0.478464,0,0,-1.3665,0,0,3.50925,-7.42819,0.859003,2.49659,-1.41934,7.08015,12.7205,-0.234023,1.00318,-0.176598,1,-0.777933,0.137612,-0.543166,-0.284348,0.249461,1.17672,0.867778,-0.260785,-1.36807,-0.125613,-0.478525,3.30342,-0.769935
0.990511,0.0916663,-0.0599464,-0.0830217,0.990511,0.0916663,-0.0599464,-0.0830217,0.940124,0.0423817,-0.193496,-0.277363,0.386401,0.0148643,0.115577,-0.91494,0.891442,0.352882,0.282552,-0.0311442,0.967477,0,0,0.25296,0.548379,0,0,0.83623,0.983833,0.172924,-0.000113907,0.0465776,0.657805,0.0885325,0.25574,-0.702888,0.911462,0,0,-0.411384,0.950631,0,0,-0.310323,0.644334,-0.09382,0.022892,0.758622,0.475768,0.0835707,-0.150011,0.862646,-0.0220563,0.834375,-0.832036,-0.163603,0.0614363,-0.0556444,-0.0559225,0.898039,-0.647803,-0.192289,0.234409,-0.113891,-0.109921,0.918359,-0.301839,-0.223969,0.593556,-0.175744,-0.216891,0.877666,-0.121879,-0.284546,1.01819,-0.103947,-0.321676,1.19759,-0.102048,-0.226091,1.18281,0.0525733,-0.496373,1.26475,-0.314648,-0.295997,0.966005,0.158036,-0.444907,1.36328,-0.405287,-0.307499,1.40448,-0.142055,0.131906,-0.0417122,0.0888001,0.131906,-0.0417122,0.0888001,-0.0736051,-0.472011,1.23347,-2.12557,2.20604,1.35976,0.549038,-1.75606,0.366071,0,0,5.21942,0,0,2.5838,4.80335,2.40196,-9.46573,0.439759,-3.19694,0.0902635,0,0,0.457742,0,0,-1.50505,-3.63122,2.964,-0.0785693,6.57218,3.11619,4.23297,-0.246009,0.956468,-0.184201,1,-0.73665,0.107761,-0.612039,-0.266724,0.635107,1.28417,1.17679,-0.466037,-0.833614,-0.11903,-0.697823,4.93017,-1.66192
0.992633,0.0715177,-0.0603409,-0.0769669,0.992633,0.0715177,-0.0603409,-0.0769669,0.947003,0.0472757,-0.173498,-0.266174,0.40691,-0.0258196,0.102822,-0.907295,0.893544,0.37143,0.239872,-0.0779769,0.956371,0,0,0.292156,0.530891,0,0,0.84744,0.983068,0.131044,0.0252242,-0.125573,0.692423,0.0723829,0.22227,-0.682574,0.923363,0,0,-0.383929,0.928224,0,0,-0.372023,0.636545,-0.132452,0.04028,0.758712,0.470275,0.0892449,-0.0947546,0.872868,-0.105481,0.548658,-0.824218,-0.167525,0.0503494,-0.0662612,-0.120395,0.668707,-0.667831,-0.207284,0.217575,-0.133031,-0.143759,0.810292,-0.342778,-0.252632,0.566753,-0.193053,-0.232033,0.848719,-0.135902,-0.290665,0.992783,-0.112264,-0.328505,1.17242,-0.109867,-0.195748,1.16084,0.0259954,-0.5289,1.21484,-0.295213,-0.218518,0.939047,0.134968,-0.486183,1.29683,-0.398972,-0.327536,1.37907,-0.156448,-1.21581,-0.0211665,0.367736,-1.21581,-0.0211665,0.367736,0.292835,1.24936,0.723414,-3.08852,-1.04894,1.24302,1.13794,-2.66867,-2.9127,0,0,2.44449,0,0,1.2464,-2.5244,1.52892,-10.387,-1.16375,-2.47829,2.00728,0,0,1.7955,0,0,-3.93927,-2.66721,1.19636,0.168322,0.432044,4.03488,0.905688,-0.262921,0.904008,-0.198198,1,-0.687331,0.0802543,-0.680549,-0.240808,1.29804,1.34304,1.75913,-0.454286,-0.868429,-0.420663,-1.15283,5.11914,-1.81179
0.995155,0.0436541,-0.0562585,-0.0677956,0.995155,0.0436541,-0.0562585,-0.0677956,0.953008,0.0479886,-0.143298,-0.26256,0.37516,-0.0530892,0.0120243,-0.92536,0.875069,0.40634,0.197862,-0.173186,0.935207,0,0,0.354103,0.553869,0,0,0.832604,0.948241,-0.0153955,0.0925251,-0.303383,0.681732,0.0683385,0.152063,-0.712354,0.938434,0,0,-0.345457,0.924641,0,0,-0.380841,0.63431,-0.167043,0.0371836,0.7539,0.470584,0.1048,-0.0709163,0.873235,-0.159524,0.324373,-0.761518,-0.18057,0.0482304,-0.0773352,-0.179947,0.480972,-0.641961,-0.227563,0.212182,-0.147958,-0.195065,0.719788,-0.37151,-0.28349,0.557197,-0.214574,-0.255006,0.837433,-0.167121,-0.302201,0.984055,-0.13337,-0.342042,1.16325,-0.120635,-0.16959,1.16504,-0.00507767,-0.571619,1.1745,-0.261755,-0.125052,0.952025,0.102403,-0.546107,1.23489,-0.390905,-0.359987,1.37055,-0.161441,-1.67815,0.248399,0.555069,-1.67815,0.248399,0.555069,0.0375435,1.86266,0.25357,-2.12304,-6.85519,-2.41409,2.33742,-2.53366,-5.9947,0,0,3.92846,0,0,-1.64116,-8.8473,4.12726,-10.9465,-0.251897,-4.66289,-2.19578,0,0,2.47927,0,0,-0.571074,-2.38058,-0.209886,-0.28331,1.14232,1.75301,0.0181172,-0.285748,0.87068,-0.211025,1,-0.630733,0.0357499,-0.743243,-0.220202,1.93434,1.26404,2.30269,-0.68918,-0.338568,-0.936593,-0.184725,5.44899,-2.15461
0.996746,0.032301,-0.052533,-0.0519166,0.996746,0.032301,-0.052533,-0.0519166,0.958754,0.0408697,-0.110121,-0.258833,0.309226,-0.0994155,-0.089409,-0.941542,0.841233,0.446397,0.143956,-0.268947,0.923598,0,0,0.383364,0.605443,0,0,0.795889,0.870265,-0.13322,0.168402,-0.44332,0.666275,0.0713028,0.0872239,-0.737147,0.956733,0,0,-0.290966,0.930975,0,0,-0.365083,0.631379,-0.219243,0.0177382,0.743625,0.459261,0.108773,-0.0353603,0.880907,-0.210301,0.161684,-0.67057,-0.187986,0.0425148,-0.0851893,-0.234122,0.338234,-0.582318,-0.243372,0.203598,-0.154126,-0.246558,0.644745,-0.378761,-0.315039,0.546753,-0.227947,-0.283885,0.826689,-0.202583,-0.317417,0.976082,-0.163969,-0.350115,1.15602,-0.141459,-0.135202,1.1758,-0.0619749,-0.600958,1.14603,-0.218333,-0.0226312,0.990099,0.0395884,-0.604039,1.17431,-0.373777,-0.378132,1.36418,-0.172476,-0.683318,0.22557,0.955935,-0.683318,0.22557,0.955935,-0.438824,2.03548,0.258054,-3.8044,-8.01071,-3.58545,2.84859,-3.26654,-6.20226,0,0,1.88885,0,0,-3.79909,-7.41785,4.91574,-9.28901,0.228793,-4.32816,-1.97137,0,0,3.44936,0,0,1.01899,-3.59782,-1.3322,-0.644395,0.332492,2.60012,0.891486,-0.306066,0.844529,-0.223165,1,-0.550225,0.00850822,-0.812799,-0.19115,2.38839,1.11451,2.67928,-0.866378,-0.322313,-1.06386,-1.35921,6.53415,-1.40279
0.997874,0.0252228,-0.0499141,-0.0334756,0.997874,0.0252228,-0.0499141,-0.0334756,0.964592,0.041997,-0.100656,-0.240141,0.266682,-0.145669,-0.158969,-0.939356,0.798226,0.493625,0.0878436,-0.333844,0.934574,0,0,0.355768,0.644375,0,0,0.764709,0.814812,-0.134851,0.188111,-0.531517,0.679645,0.094235,0.0442437,-0.726116,0.970443,0,0,-0.24133,0.923831,0,0,-0.382802,0.633101,-0.277998,7.47569e-05,0.722427,0.446926,0.145605,0.0154525,0.882506,-0.270087,0.0696148,-0.563044,-0.195219,0.0566195,-0.0878885,-0.285938,0.261199,-0.506757,-0.262388,0.212266,-0.157549,-0.289863,0.610027,-0.373515,-0.346004,0.549075,-0.234672,-0.31219,0.829148,-0.231775,-0.336574,0.981144,-0.195916,-0.363342,1.16181,-0.170199,-0.121018,1.20078,-0.153411,-0.618528,1.13352,-0.17234,0.0518301,1.04695,-0.080669,-0.658424,1.12492,-0.335303,-0.399228,1.37104,-0.19138,-0.425724,0.158433,1.10842,-0.425724,0.158433,1.10842,0.0635285,0.587946,1.16609,-3.91612,-5.78645,-1.43634,3.48768,-3.46921,-4.44795,0,0,-1.78201,0,0,-2.99303,-0.27287,1.47441,-6.2054,1.51935,-2.92614,1.00509,0,0,3.09004,0,0,-1.14629,-4.02117,-1.21287,-1.49,2.78053,3.75983,0.480296,-0.3284,0.839005,-0.235557,1,-0.444268,0.00961111,-0.882086,-0.156388,2.69361,0.905561,2.94263,-0.84914,0.0737602,-0.87573,-2.58787,7.44573,0.0862694
0.998899,0.014532,-0.0395686,-0.0206127,0.998899,0.014532,-0.0395686,-0.0206127,0.972111,0.0391906,-0.0678217,-0.221053,0.263343,-0.177947,-0.212637,-0.923997,0.745636,0.540655,0.0659757,-0.383883,0.951574,0,0,0.307421,0.668535,0,0,0.743681,0.805976,-0.148192,0.236536,-0.522009,0.716395,0.105463,0.0559545,-0.687404,0.946701,0,0,-0.322113,0.89259,0,0,-0.450869,0.561054,-0.0282388,0.0505906,0.825749,0.458711,0.205646,0.0752869,0.861177,-0.282179,0.0363607,-0.496469,-0.204726,0.0537361,-0.0895121,-0.318584,0.219977,-0.459611,-0.288665,0.200498,-0.164616,-0.331472,0.573007,-0.370643,-0.375921,0.523361,-0.24288,-0.33083,0.802731,-0.252119,-0.353069,0.95581,-0.219201,-0.380247,1.13608,-0.190543,-0.134799,1.19207,-0.2339,-0.626942,1.08981,-0.128151,0.0762842,1.06659,-0.207971,-0.70067,1.04842,-0.280444,-0.42753,1.34494,-0.199371,-0.6422,0.621982,0.772743,-0.6422,0.621982,0.772743,-0.176448,2.00413,1.1931,-2.6386,-4.3756,1.11603,3.71841,-1.32391,-3.7121,0,0,-3.07521,0,0,-1.92186,-0.884525,3.14828,0.500402,0.655662,0.735422,3.26378,0,0,-5.05347,0,0,-4.49473,17.0796,3.57066,8.79373,4.37912,4.41495,-1.92207,-0.350198,0.81218,-0.245837,1,-0.367092,0.0204295,-0.920185,-0.134484,2.81846,0.749237,3.058,-0.559195,-0.792508,-0.610335,-1.85211,4.9926,0.691808
0.999436,0.00227365,-0.0256376,-0.0215465,0.999436,0.00227365,-0.0256376,-0.0215465,0.979028,0.0270657,-0.0113806,-0.201597,0.294986,-0.225474,-0.25268,-0.893475,0.711144,0.541467,0.0746785,-0.442166,0.963179,0,0,0.268861,0.700974,0,0,0.713187,0.811278,-0.175136,0.239373,-0.503841,0.753283,0.0897649,0.0848934,-0.645988,0.911949,0,0,-0.410304,0.838827,0,0,-0.544399,0.548226,0.00601235,0.046164,0.835033,0.532,0.276342,0.109086,0.792913,-0.289386,0.0429475,-0.510798,-0.224736,0.0713168,-0.0980632,-0.348565,0.218217,-0.468751,-0.332442,0.209323,-0.176584,-0.369665,0.556672,-0.378452,-0.4173,0.512382,-0.248378,-0.347937,0.786671,-0.262062,-0.364378,0.940819,-0.230701,-0.389392,1.12114,-0.200368,-0.150898,1.18465,-0.297986,-0.61916,1.06189,-0.0862364,0.0722797,1.0772,-0.331207,-0.725962,0.990722,-0.215998,-0.443073,1.32965,-0.197644,-0.735795,0.836444,-0.055816,-0.735795,0.836444,-0.055816,-0.738148,3.41991,1.20676,-3.56504,-2.92291,3.62706,0.524909,0.636538,-4.21242,0,0,-2.41632,0,0,-2.67148,-1.70827,0.152364,1.22925,-1.12557,1.84308,3.34843,0,0,-5.68961,0,0,-6.47599,2.42321,-0.295179,0.976339,4.57946,2.2431,-6.89186,-0.370293,0.799917,-0.255828,1,-0.323666,0.00718038,-0.938981,-0.116206,2.86881,0.655431,3.06364,-0.51321,-0.48181,-0.298277,-0.922648,2.89744,-0.807081
0.999371,-0.00473277,-0.0201588,-0.0287866,0.999371,-0.00473277,-0.0201588,-0.0287866,0.977298,0.0197593,0.0308825,-0.208675,0.306569,-0.269102,-0.295931,-0.863727,0.700221,0.497738,0.0494382,-0.509415,0.959727,0,0,0.280934,0.770043,0,0,0.637992,0.806328,-0.136122,0.121313,-0.562662,0.790122,0.0835398,0.0761236,-0.60244,0.917441,0,0,-0.397872,0.788512,0,0,-0.615019,0.503581,-0.0452082,0.0245164,0.862416,0.613535,0.368041,0.0147358,0.6985,-0.288727,0.03956,-0.514201,-0.242424,0.102568,-0.1172,-0.353507,0.210918,-0.479587,-0.379837,0.234083,-0.183891,-0.394451,0.550442,-0.39192,-0.461435,0.520627,-0.24146,-0.374476,0.787059,-0.26552,-0.385234,0.942577,-0.238978,-0.408448,1.12369,-0.212394,-0.192927,1.19615,-0.3674,-0.595686,1.04959,-0.0509242,0.0194048,1.109,-0.464023,-0.726668,0.930438,-0.144435,-0.469751,1.32975,-0.207247,-0.42047,0.328765,-0.434527,-0.42047,0.328765,-0.434527,-0.440779,2.55475,-0.434982,-3.3594,-3.31701,2.77148,-2.76949,-1.66555,-4.61824,0,0,0.753412,0,0,-6.12882,2.4844,-7.55171,-3.8349,-0.482316,-0.642313,3.39018,0,0,0.815441,0,0,-5.20428,-3.7021,-1.50467,3.13135,5.68087,-6.78666,-8.42754,-0.394002,0.801694,-0.26544,1,-0.247966,-0.00246582,-0.964413,-0.0917278,2.93738,0.498184,3.08436,-0.79618,0.011659,-0.10376,-1.40336,4.82112,-0.502571
0.999699,-0.0020861,-0.0157081,-0.0187557,0.999699,-0.0020861,-0.0157081,-0.0187557,0.974137,0.0199117,0.0590321,-0.217201,0.322516,-0.293959,-0.322715,-0.839897,0.679496,0.446653,0.0280306,-0.581377,0.953566,0,0,0.301185,0.83094,0,0,0.556362,0.798819,-0.08666,0.061405,-0.592121,0.825575,0.0970995,0.0874484,-0.548954,0.919803,0,0,-0.392381,0.745684,0,0,-0.666299,0.500578,-0.0338972,0.0194491,0.864809,0.601416,0.354962,-0.0881829,0.710299,-0.290399,0.057602,-0.514473,-0.266931,0.147854,-0.152691,-0.360611,0.226998,-0.482426,-0.418923,0.2729,-0.192926,-0.414807,0.567171,-0.401027,-0.492399,0.546883,-0.236377,-0.393117,0.806344,-0.273167,-0.402068,0.961725,-0.244973,-0.419703,1.14283,-0.214064,-0.238762,1.21787,-0.414897,-0.552714,1.05701,-0.0173884,-0.0615703,1.13731,-0.567678,-0.688419,0.896178,-0.0656346,-0.478565,1.34851,-0.196642,0.158847,0.267202,0.602102,0.158847,0.267202,0.602102,0.0104965,1.70568,-0.529489,-1.79027,-1.9253,2.41376,-3.17125,-1.41527,-5.12395,0,0,1.27013,0,0,-6.11316,3.16011,-3.83526,-1.99628,0.794837,0.658543,3.91182,0,0,0.358668,0,0,-4.00949,0.816144,-0.365225,0.255332,-0.782684,-7.14848,1.05998,-0.410814,0.82123,-0.26989,1,-0.169488,0.00331652,-0.981054,-0.0937832,2.94638,0.33967,3.11477,-0.559218,0.578537,-0.229418,-0.0471219,4.76174,0.80042
