1,0,0,0,1,0,0,0,1,0,0,0,0.707107,0,0,-0.707107,0.707107,0,0,-0.707107,1,0,0,0,1,0,0,0,0.706648,-0.0254504,-0.0254504,-0.706649,0.706541,0.0282767,0.0282767,-0.706541,1,0,0,0,1,0,0,0,0.707107,0,0,0.707107,0.707107,0,0,0.707107,0.0307989,0.0294974,0.122055,0.0308,0.0299716,-0.128281,-8.20419e-07,0.229079,0.10766,-7.5081e-18,0.229432,-0.11229,-2.76582e-07,0.612882,0.0799783,-4.41812e-18,0.613001,-0.0815393,0,0.878375,0,0,1.03658,0,0,1.22117,0,0,1.15077,0.1671,0,1.15077,-0.1671,0,0.891375,0.1671,0,0.891375,-0.1671,0,1.44097,0,0,0,0,0,0,0,0,0,0,0,0,0,0,0,0,0,0,0,0,0,0,0,0,0,0,0,0,0,0,0,0,0,0,0,0,0,0,0,0,0.00136879,0.86099,-0.000551719,1,1,0,0,0,0,-0,0,0,0,0,0,0,0
0.999804,0,0,-0.0197997,0.99997,0,0,0.00778147,0.99998,0,0,0.00639401,0.691195,-7.77968e-06,-2.08995e-05,-0.722668,0.692101,4.03651e-06,1.57122e-05,-0.7218,1,0,0,-7.81767e-05,1,0,0,-8.45074e-05,0.719292,-0.0245879,-0.0276796,-0.693721,0.719046,0.0273526,0.0305381,-0.693752,0.999592,0,0,-0.0285675,0.999601,1.30449e-09,-1.17478e-08,-0.0282375,0.699976,0,0,0.714166,0.699901,0,0,0.71424,0.036891,0.0297028,0.123678,0.036823,0.030194,-0.129875,0.0101024,0.229237,0.108763,0.009984,0.22959,-0.113367,0.00705908,0.612819,0.080369,0.00697727,0.612937,-0.0819215,1.59116e-05,0.878156,1.29372e-07,0.00314529,1.03629,1.35454e-07,0.00881014,1.2208,1.46459e-07,0.000862887,1.15071,0.167106,0.00121581,1.15069,-0.167104,-0.0169203,0.891922,0.167116,-0.0159194,0.891855,-0.167111,0.01291,1.44056,1.54427e-07,0,0,-1.18806,0,0,0.466893,0,0,0.383643,-0.000521675,-0.00140144,-1.3354,0.000270577,0.00105323,-1.26012,0,0,-0.0046906,0,0,-0.00507044,0.0654531,-0.139623,1.08639,-0.0703606,0.140957,1.07472,0,0,-1.71428,7.82798e-08,-7.04962e-07,-1.69448,0,0,0.602041,0,0,0.608363,0.006283,0.860863,-0.000548478,1,1,7.11811e-12,-9.70959e-07,7.331e-06,1.9142e-17,-1.94192e-06,1.4662e-05,0.000477348,-0.00656895,3.88116e-06,4.27087e-10,-5.82575e-05,0.00043986
0.99898,0,0,-0.0451465,0.999843,0,0,0.0176916,0.999894,0,0,0.0145706,0.669091,-8.73061e-06,-6.91482e-05,-0.74318,0.671216,1.47907e-06,5.2586e-05,-0.741262,1,0,0,-0.000215064,1,0,0,-0.000232446,0.735091,-0.0234679,-0.0305555,-0.676873,0.734695,0.0261518,0.0334552,-0.677068,0.997891,0,0,-0.0649166,0.99794,4.29918e-09,-3.87168e-08,-0.0641591,0.690332,0,0,0.723493,0.690088,0,0,0.723725,0.0442112,0.0297978,0.125583,0.0441069,0.0302949,-0.131732,0.0225073,0.229117,0.11013,0.0222724,0.229451,-0.114695,0.0155835,0.611929,0.0809089,0.0154078,0.61204,-0.0824503,-0.000418511,0.876696,3.57275e-07,0.00672227,1.03457,3.61629e-07,0.0196571,1.21869,3.69519e-07,0.00113139,1.14998,0.167115,0.00192722,1.14985,-0.16711,-0.0401954,0.89389,0.167143,-0.0379368,0.893533,-0.167129,0.0290472,1.43827,3.75245e-07,0,0,-1.52165,0,0,0.594659,0,0,0.490624,-6.88632e-05,-0.00327574,-1.80937,-0.000170617,0.00250071,-1.7129,0,0,-0.00821324,0,0,-0.00887632,0.0836628,-0.17856,1.38785,-0.0900066,0.180275,1.3747,0,0,-2.18345,1.79848e-07,-1.61964e-06,-2.15772,0,0,0.80499,0,0,0.81887,0.0120186,0.859751,-0.000543688,1,1,-5.68704e-12,-3.05146e-07,-1.86371e-05,-6.9668e-18,-6.10292e-07,-3.72742e-05,-0.0130327,-0.0438143,6.83709e-06,4.51664e-10,3.99488e-05,-0.00155809
0.997161,0,0,-0.0753001,0.999566,0,0,0.0294601,0.999705,0,0,0.0243015,0.641197,-4.48745e-06,-0.000138647,-0.767377,0.644857,-6.13256e-06,0.000105946,-0.764304,1,0,0,-0.00040055,1,0,0,-0.000432894,0.753357,-0.0221103,-0.0340134,-0.656359,0.752804,0.024696,0.0369621,-0.656742,0.994153,0,0,-0.107976,0.99429,8.66547e-09,-7.8038e-08,-0.106709,0.67843,0,0,0.734665,0.677936,0,0,0.735121,0.0525567,0.0300742,0.127591,0.0524453,0.0305496,-0.133672,0.0368747,0.228948,0.111685,0.0365269,0.229233,-0.116199,0.0253785,0.610142,0.08161,0.0250993,0.610234,-0.0831383,-0.00121348,0.873688,6.66703e-07,0.0106876,1.03099,6.27433e-07,0.0322651,1.21424,5.56186e-07,0.00110524,1.14867,0.167127,0.0024017,1.14832,-0.167117,-0.0683364,0.898737,0.167175,-0.0646553,0.897733,-0.16715,0.0479728,1.43342,5.0436e-07,0,0,-1.81257,0,0,0.70631,0,0,0.583966,0.000283621,-0.00480551,-2.21572,-0.00051878,0.00368158,-2.10073,0,0,-0.0111292,0,0,-0.0120269,0.0995591,-0.212525,1.65087,-0.107131,0.214588,1.6364,0,0,-2.59348,2.62792e-07,-2.36661e-06,-2.56256,0,0,0.979448,0,0,0.999583,0.0185147,0.857504,-0.000537404,1,1,1.17597e-10,1.65296e-06,-7.1143e-05,9.3344e-16,3.30592e-06,-0.000142286,-0.0238491,-0.0902268,9.28284e-06,1.0548e-08,0.000117486,-0.00315035
0.993987,0,0,-0.109498,0.999083,0,0,0.0428157,0.999375,0,0,0.0353579,0.607955,3.30146e-06,-0.000223214,-0.793971,0.613465,-1.72447e-05,0.000171057,-0.789722,1,0,0,-0.000624525,1,0,0,-0.000674926,0.7734,-0.0205362,-0.0379867,-0.632446,0.772685,0.0230076,0.0409905,-0.633046,0.98766,0,0,-0.156612,0.98795,1.4077e-08,-1.26773e-07,-0.154773,0.664528,0,0,0.747263,0.663715,0,0,0.747986,0.061698,0.0306467,0.129517,0.0615957,0.0310558,-0.135503,0.0528287,0.228787,0.11335,0.052366,0.228982,-0.117798,0.0362265,0.60722,0.0824831,0.0358348,0.60728,-0.0839967,-0.00227922,0.868673,1.04065e-06,0.014984,1.02497,8.83656e-07,0.0463262,1.20672,5.98361e-07,0.00120586,1.14668,0.167138,0.00301306,1.14594,-0.167125,-0.0994431,0.907606,0.167208,-0.0943103,0.905487,-0.167171,0.0692102,1.42519,3.90281e-07,0,0,-2.06079,0,0,0.801866,0,0,0.663683,0.000535777,-0.00599071,-2.55444,-0.000773915,0.00459569,-2.4237,0,0,-0.0134385,0,0,-0.0145219,0.113134,-0.241541,1.87577,-0.121767,0.243884,1.85982,0,0,-2.94435,3.27109e-07,-2.94587e-06,-2.90911,0,0,1.12568,0,0,1.15062,0.0257195,0.853807,-0.000529606,1,1,6.53859e-10,4.55889e-06,-0.000143425,4.035e-16,9.11778e-06,-0.00028685,-0.0319722,-0.15045,1.12184e-05,3.74112e-08,0.000174356,-0.00433692
0.989143,0,0,-0.146957,0.998346,0,0,0.0574855,0.998871,0,0,0.0475102,0.569905,1.30144e-05,-0.000316743,-0.82171,0.577568,-3.03263e-05,0.000243244,-0.816343,1,0,0,-0.000876877,1,0,0,-0.000947619,0.794539,-0.0187686,-0.0424046,-0.60544,0.793665,0.0211115,0.0454685,-0.606287,0.977781,0,0,-0.209627,0.978304,2.02e-08,-1.81913e-07,-0.207173,0.6489,0,0,0.760874,0.647711,0,0,0.761886,0.0713633,0.0313302,0.131177,0.0712868,0.0316144,-0.137043,0.0699451,0.228397,0.115044,0.0693702,0.228452,-0.119412,0.0478826,0.602679,0.0835353,0.0473732,0.602687,-0.0850335,-0.00352592,0.860972,1.46212e-06,0.0195411,1.01574,1.09105e-06,0.0615015,1.19521,4.15284e-07,0.00196982,1.14357,0.167149,0.00423712,1.14224,-0.167131,-0.131224,0.920978,0.167239,-0.124783,0.917204,-0.167189,0.0922468,1.4126,-7.92257e-08,0,0,-2.26639,0,0,0.881306,0,0,0.729769,0.000687606,-0.00683145,-2.82553,-0.000936013,0.00524325,-2.68167,0,0,-0.0151411,0,0,-0.0163616,0.124395,-0.26559,2.06226,-0.133897,0.268171,2.04507,0,0,-3.23605,3.72813e-07,-3.35733e-06,-3.19721,0,0,1.24348,0,0,1.27188,0.0335881,0.848089,-0.000520414,1,1,1.84537e-09,8.06815e-06,-0.000228722,1.31914e-14,1.61363e-05,-0.000457444,-0.037401,-0.23103,1.26441e-05,7.8358e-08,0.000210556,-0.00511782
0.982384,0,0,-0.186875,0.997318,0,0,0.0731956,0.998167,0,0,0.060528,0.527715,2.30943e-05,-0.000413354,-0.849422,0.537806,-4.39039e-05,0.000317998,-0.843068,0.999999,0,0,-0.00114749,0.999999,0,0,-0.00124005,0.816125,-0.0168336,-0.0471917,-0.575699,0.815098,0.0190355,0.0503192,-0.57682,0.964036,0,0,-0.265771,0.964882,2.66951e-08,-2.40406e-07,-0.262682,0.631837,0,0,0.775102,0.630232,0,0,0.776407,0.0812581,0.0320891,0.132403,0.0812201,0.0321786,-0.138123,0.0877686,0.227706,0.116688,0.0870856,0.227565,-0.120963,0.0600824,0.596257,0.084768,0.0594534,0.596195,-0.0862505,-0.00486382,0.850184,1.91409e-06,0.0242768,1.00284,1.22657e-06,0.0774264,1.17912,-2.89458e-08,0.00400394,1.13897,0.167158,0.00661128,1.13686,-0.167136,-0.161136,0.938923,0.167264,-0.153728,0.932953,-0.167202,0.116539,1.39501,-9.51577e-07,0,0,-2.42934,0,0,0.944632,0,0,0.782215,0.000739116,-0.00732763,-3.02895,-0.00100509,0.00562409,-2.8748,0,0,-0.0162368,0,0,-0.0175459,0.133328,-0.284673,2.21045,-0.143521,0.287447,2.19209,0,0,-3.46861,3.99881e-07,-3.60121e-06,-3.42699,0,0,1.33303,0,0,1.36346,0.0420765,0.84,-0.000509975,1,1,3.79085e-09,1.18363e-05,-0.000320273,5.3802e-15,2.36726e-05,-0.000640546,-0.040137,-0.32364,1.35591e-05,1.24121e-07,0.000226089,-0.00549306
0.973559,0,0,-0.228437,0.995971,0,0,0.0896716,0.997245,0,0,0.0741808,0.482198,3.20823e-05,-0.000507542,-0.876062,0.494955,-5.65927e-05,0.00039109,-0.868918,0.999999,0,0,-0.00142627,0.999999,0,0,-0.0015413,0.837561,-0.0147601,-0.0522675,-0.543637,0.83639,0.016811,0.0554606,-0.545063,0.946138,0,0,-0.323763,0.947403,3.32225e-08,-2.9919e-07,-0.320042,0.613658,0,0,0.789572,0.611613,0,0,0.791157,0.0910796,0.0328822,0.133062,0.0910872,0.0327,-0.138609,0.105829,0.226651,0.118214,0.105043,0.226253,-0.122382,0.0725512,0.587789,0.086175,0.0718035,0.587635,-0.0876422,-0.00620312,0.836068,2.37957e-06,0.0291034,0.985984,1.28757e-06,0.0937215,1.15813,-7.13626e-07,0.00790798,1.13243,0.167163,0.0106681,1.12939,-0.167139,-0.186624,0.960837,0.167281,-0.178782,0.952201,-0.167208,0.141526,1.37206,-2.19191e-06,0,0,-2.54951,0,0,0.99187,0,0,0.82104,0.00069029,-0.00747921,-3.16475,-0.000981129,0.00573839,-3.00297,0,0,-0.0167268,0,0,-0.018075,0.139958,-0.298808,2.3204,-0.150639,0.301703,2.30081,0,0,-3.64203,4.08327e-07,-3.67728e-06,-3.59838,0,0,1.39412,0,0,1.42524,0.0511323,0.82928,-0.000498457,1,1,6.38314e-09,1.55188e-05,-0.000411316,1.85184e-14,3.10376e-05,-0.000822632,-0.040179,-0.42348,1.39644e-05,1.61645e-07,0.00022095,-0.00546258
0.962627,0,0,-0.270831,0.994298,0,0,0.106639,0.996099,0,0,0.0882378,0.434318,3.86456e-05,-0.000594314,-0.90076,0.449924,-6.71228e-05,0.000458657,-0.893067,0.999999,0,0,-0.00170308,0.999998,0,0,-0.00184043,0.858312,-0.0125807,-0.0575462,-0.509735,0.85701,0.0144729,0.060806,-0.511495,0.924029,0,0,-0.382322,0.925808,3.9448e-08,-3.55254e-07,-0.377995,0.594708,0,0,0.803942,0.592217,0,0,0.805778,0.100533,0.0336676,0.133061,0.100592,0.0331346,-0.138414,0.123663,0.225189,0.119565,0.122782,0.224471,-0.123616,0.0850167,0.577222,0.0877416,0.0841554,0.576954,-0.0891944,-0.00745403,0.818573,2.84154e-06,0.0339353,0.965128,1.29313e-06,0.110013,1.13219,-1.55679e-06,0.0141827,1.1235,0.167165,0.0168538,1.1194,-0.167139,-0.205432,0.985449,0.167289,-0.197843,0.973824,-0.167207,0.166654,1.3437,-3.67536e-06,0,0,-2.62706,0,0,1.02299,0,0,0.846225,0.000541132,-0.00728629,-3.23287,-0.000864144,0.00558585,-3.06619,0,0,-0.0166086,0,0,-0.0179479,0.144264,-0.307969,2.39201,-0.155255,0.310961,2.37127,0,0,-3.75623,3.9816e-07,-3.58565e-06,-3.71136,0,0,1.42697,0,0,1.4574,0.0606842,0.815789,-0.000486101,1,1,9.29346e-09,1.87712e-05,-0.00049509,5.3184e-14,3.75424e-05,-0.00099018,-0.0375273,-0.52485,1.38591e-05,1.76881e-07,0.000195144,-0.00502644
0.949668,0,0,-0.313259,0.992304,0,0,0.123823,0.994736,0,0,0.102469,0.385169,4.15944e-05,-0.000669283,-0.922846,0.403742,-7.43556e-05,0.00051728,-0.914873,0.999998,0,0,-0.00196783,0.999998,0,0,-0.00212654,0.877923,-0.0103313,-0.062938,-0.474535,0.876507,0.0120597,0.0662641,-0.476655,0.897896,0,0,-0.440208,0.900274,4.50494e-08,-4.05698e-07,-0.435323,0.575361,0,0,0.8179,0.57244,0,0,0.819947,0.109355,0.0343982,0.132363,0.109472,0.0334392,-0.137502,0.140842,0.22329,0.120704,0.139879,0.222196,-0.12463,0.0972264,0.564621,0.0894443,0.0962609,0.564216,-0.0908839,-0.00852677,0.797845,3.28301e-06,0.0386976,0.940467,1.28291e-06,0.125951,1.10156,-2.41749e-06,0.0231363,1.1117,0.167164,0.0254459,1.10651,-0.167138,-0.215899,1.01095,0.167287,-0.209338,0.996218,-0.1672,0.191396,1.31021,-5.18874e-06,0,0,-2.66199,0,0,1.03797,0,0,0.857787,0.000291659,-0.00674892,-3.23339,-0.000654132,0.00516679,-3.06461,0,0,-0.0158851,0,0,-0.0171666,0.146242,-0.312178,2.42535,-0.157365,0.315195,2.40364,0,0,-3.81134,3.6935e-07,-3.32623e-06,-3.76604,0,0,1.43142,0,0,1.45976,0.0706341,0.799519,-0.000473088,1,1,1.20022e-08,2.12491e-05,-0.000564834,-2.82988e-14,4.24982e-05,-0.00112967,-0.0321822,-0.62184,1.32441e-05,1.57581e-07,0.000148674,-0.00418464
0.934886,0,0,-0.354948,0.990016,0,0,0.140952,0.993174,0,0,0.116645,0.335955,3.98851e-05,-0.000728723,-0.941878,0.357545,-7.72891e-05,0.000564017,-0.933896,0.999998,0,0,-0.0022104,0.999997,0,0,-0.00238869,0.896025,-0.00805025,-0.0683494,-0.438637,0.894514,0.00961286,0.0717405,-0.441142,0.868174,0,0,-0.49626,0.871225,4.97242e-08,-4.47797e-07,-0.490883,0.556017,0,0,0.831171,0.552704,0,0,0.833378,0.117337,0.0350263,0.130986,0.117515,0.0335737,-0.135896,0.157,0.220947,0.121613,0.155969,0.219424,-0.125406,0.108963,0.550168,0.0912508,0.107905,0.549606,-0.0926787,-0.00933155,0.77423,3.68697e-06,0.0433346,0.912434,1.3133e-06,0.141231,1.0668,-3.10459e-06,0.0348135,1.09669,0.16716,0.0364895,1.09043,-0.167135,-0.217205,1.03525,0.167278,-0.212447,1.0175,-0.16719,0.215276,1.2722,-6.44121e-06,0,0,-2.65414,0,0,1.03688,0,0,0.855715,-5.81336e-05,-0.0058669,-3.16632,-0.000351079,0.00448101,-2.99793,0,0,-0.0145542,0,0,-0.0157291,0.145918,-0.31142,2.42032,-0.156973,0.31443,2.39761,0,0,-3.80732,3.21939e-07,-2.89923e-06,-3.76236,0,0,1.40755,0,0,1.43239,0.0808512,0.780619,-0.000459645,1,1,1.38764e-08,2.26079e-05,-0.000613786,-2.50188e-14,4.52158e-05,-0.00122757,-0.0241434,-0.70845,1.21188e-05,9.60906e-08,8.15279e-05,-0.00293712
0.918608,0,0,-0.395171,0.987478,0,0,0.157757,0.991443,0,0,0.130537,0.287958,3.26061e-05,-0.000769566,-0.957643,0.312537,-7.5048e-05,0.000596397,-0.949905,0.999997,0,0,-0.00242068,0.999997,0,0,-0.00261596,0.912348,-0.00577864,-0.0736852,-0.40269,0.91076,0.00717641,0.0771388,-0.405603,0.835538,0,0,-0.549433,0.839315,5.31939e-08,-4.79044e-07,-0.543645,0.537102,0,0,0.843517,0.533458,0,0,0.845827,0.124349,0.0355049,0.129002,0.124584,0.0335042,-0.133674,0.171858,0.218174,0.122293,0.170775,0.216181,-0.12595,0.12006,0.534166,0.0931214,0.118925,0.533429,-0.0945388,-0.00977859,0.748262,4.03641e-06,0.0478187,0.881684,1.4518e-06,0.155611,1.02875,-3.39115e-06,0.0489687,1.07828,0.167155,0.0497713,1.07108,-0.167131,-0.209493,1.05625,0.167265,-0.207219,1.03581,-0.167178,0.237898,1.23058,-7.08301e-06,0,0,-2.60372,0,0,1.01975,0,0,0.839973,-0.000508273,-0.00464042,-3.03151,4.49848e-05,0.00352859,-2.86649,0,0,-0.0126169,0,0,-0.0136362,0.143267,-0.305705,2.37704,-0.15408,0.308642,2.35338,0,0,-3.74402,2.55886e-07,-2.30442e-06,-3.70025,0,0,1.35529,0,0,1.37531,0.0911787,0.759405,-0.00044589,1,1,1.42937e-08,2.25032e-05,-0.000635185,9.816e-15,4.50064e-05,-0.00127037,-0.0134112,-0.77904,1.04832e-05,-7.84499e-09,-6.282e-06,-0.00128394
0.901273,0,0,-0.433251,0.984751,0,0,0.173968,0.989589,0,0,0.14392,0.2425,1.89457e-05,-0.000789323,-0.970151,0.269971,-6.68567e-05,0.000612368,-0.962868,0.999997,0,0,-0.00258856,0.999996,0,0,-0.00279743,0.926716,-0.00355907,-0.0788492,-0.36738,0.925073,0.00479631,0.0823618,-0.370721,0.800871,0,0,-0.598836,0.805405,5.52081e-08,-4.97183e-07,-0.592725,0.519061,0,0,0.854737,0.515172,0,0,0.857087,0.130343,0.0357852,0.126533,0.130631,0.0331979,-0.130962,0.185247,0.215004,0.122763,0.184125,0.212512,-0.126283,0.130413,0.517015,0.0950102,0.129217,0.516088,-0.0964184,-0.0097781,0.720635,4.31432e-06,0.0521553,0.849063,1.77042e-06,0.168929,0.988457,-3.03128e-06,0.0650794,1.05661,0.16715,0.0648304,1.04861,-0.167127,-0.19385,1.07222,0.167249,-0.194567,1.04954,-0.167168,0.258952,1.18653,-6.72839e-06,0,0,-2.51059,0,0,0.986337,0,0,0.810655,-0.00105873,-0.00306932,-2.82911,0.000534107,0.00230957,-2.66999,0,0,-0.0100728,0,0,-0.0108883,0.138299,-0.295027,2.29549,-0.14868,0.297835,2.27098,0,0,-3.62168,1.71216e-07,-1.5419e-06,-3.57984,0,0,1.27475,0,0,1.28851,0.101444,0.736358,-0.000431939,1,1,1.28128e-08,2.05905e-05,-0.000622269,-5.9689e-14,4.1181e-05,-0.00124454,1.47e-05,-0.82881,8.3373e-06,-1.4431e-07,-0.000114762,0.00077496
0.883424,0,0,-0.468574,0.981915,0,0,0.189324,0.987667,0,0,0.156569,0.200914,-1.86099e-06,-0.000785943,-0.979609,0.231109,-5.19955e-05,0.000610181,-0.972928,0.999996,0,0,-0.00270392,0.999996,0,0,-0.00292218,0.939049,-0.00143518,-0.0837461,-0.333423,0.937369,0.00251958,0.0873133,-0.337207,0.765239,0,0,-0.643746,0.770532,5.55442e-08,-5.0021e-07,-0.637401,0.502356,0,0,0.864661,0.498334,0,0,0.866985,0.135374,0.0358214,0.123733,0.135705,0.0326272,-0.127919,0.19711,0.211496,0.123053,0.195963,0.208488,-0.126437,0.139986,0.499208,0.0968672,0.138747,0.498079,-0.098267,-0.00924029,0.692178,4.50371e-06,0.0563868,0.815569,2.33933e-06,0.181105,0.947197,-1.77773e-06,0.0824034,1.0321,0.167146,0.0810058,1.02351,-0.167124,-0.172158,1.08196,0.167237,-0.176144,1.05759,-0.167161,0.278233,1.14142,-4.98058e-06,0,0,-2.37475,0,0,0.936951,0,0,0.767657,-0.00170951,-0.00115377,-2.55907,0.00111624,0.000823761,-2.40874,0,0,-0.00692173,0,0,-0.00748497,0.131014,-0.279394,2.17555,-0.140776,0.282034,2.15031,0,0,-3.44018,6.79236e-08,-6.11708e-07,-3.40096,0,0,1.16585,0,0,1.17192,0.111473,0.712122,-0.000417895,1,1,9.39095e-09,1.65253e-05,-0.000568277,4.1838e-15,3.30506e-05,-0.00113655,0.0161343,-0.85371,5.6817e-06,-2.90386e-07,-0.000243912,0.00323952
0.865684,0,0,-0.500591,0.979061,0,0,0.203565,0.985742,0,0,0.168263,0.164516,-3.06048e-05,-0.000757585,-0.986374,0.197209,-2.9738e-05,0.000588238,-0.980361,0.999996,0,0,-0.00275666,0.999996,0,0,-0.00297928,0.949355,0.000548995,-0.0882822,-0.301547,0.947654,0.0003937,0.0918987,-0.305789,0.72984,0,0,-0.683618,0.735867,5.40039e-08,-4.86339e-07,-0.677126,0.487461,0,0,0.873145,0.483441,0,0,0.875377,0.139593,0.0355731,0.120774,0.139946,0.031771,-0.124724,0.207516,0.207729,0.123202,0.206349,0.204205,-0.126453,0.148816,0.481305,0.0986404,0.147547,0.479967,-0.100032,-0.00807538,0.663819,4.58756e-06,0.0605917,0.782311,3.22148e-06,0.192147,0.906357,6.02363e-07,0.100067,1.00555,0.167146,0.0975142,0.996548,-0.167122,-0.146849,1.08505,0.16723,-0.154125,1.05952,-0.167161,0.295635,1.0968,-1.45624e-06,0,0,-2.19632,0,0,0.871458,0,0,0.711087,-0.00246062,0.00110631,-2.22141,0.0017914,-0.000928423,-2.08242,0,0,-0.00316439,0,0,-0.00342598,0.121411,-0.258795,2.01742,-0.130369,0.261207,1.99136,0,0,-3.19949,-5.39987e-08,4.86268e-07,-3.16376,0,0,1.02852,0,0,1.02569,0.121115,0.687482,-0.000403759,1,1,4.64732e-09,9.9632e-06,-0.000466448,1.05728e-14,1.99264e-05,-0.000932896,0.0349473,-0.85077,2.5155e-06,-4.07398e-07,-0.000393726,0.00610974
0.848739,0,0,-0.528812,0.976297,0,0,0.216435,0.983889,0,0,0.178781,0.13459,-6.81935e-05,-0.000702333,-0.990901,0.169501,7.27189e-07,0.000544866,-0.98553,0.999996,0,0,-0.00273667,0.999996,0,0,-0.0029578,0.957713,0.0023496,-0.0923662,-0.272488,0.956001,-0.00153402,0.0960259,-0.277198,0.695964,0,0,-0.718077,0.702669,5.0406e-08,-4.53938e-07,-0.711517,0.474853,0,0,0.880065,0.470996,0,0,0.882135,0.143244,0.0349975,0.117834,0.143585,0.0306067,-0.121558,0.216637,0.2038,0.123246,0.215449,0.199774,-0.126371,0.156999,0.463913,0.100277,0.155715,0.462361,-0.10166,-0.00619357,0.636541,4.54888e-06,0.0648809,0.750458,4.46941e-06,0.202137,0.867394,4.31587e-06,0.117158,0.978032,0.16715,0.113533,0.968778,-0.167122,-0.120617,1.08172,0.167233,-0.130951,1.05547,-0.167169,0.311144,1.05428,4.19399e-06,0,0,-1.97514,0,0,0.789813,0,0,0.640802,-0.00331205,0.003711,-1.81606,0.00255959,-0.00294766,-1.69122,0,0,0.0011994,0,0,0.00128879,0.10949,-0.233228,1.82089,-0.117458,0.235378,1.79415,0,0,-2.8996,-1.94535e-07,1.75189e-06,-2.86828,0,0,0.86294,0,0,0.849698,0.130252,0.663323,-0.000389558,1,1,1.73494e-10,5.59623e-07,-0.00031002,-6.4492e-16,1.11925e-06,-0.00062004,0.0564543,-0.81834,-1.1604e-06,-4.38095e-07,-0.000564214,0.00938568
0.833313,0,0,-0.552801,0.973736,0,0,0.227681,0.982187,0,0,0.187907,0.112376,-0.00011576,-0.000617838,-0.993666,0.149179,4.03908e-05,0.000478069,-0.98881,0.999997,0,0,-0.00263384,0.999996,0,0,-0.00284683,0.964256,0.0039234,-0.0959098,-0.246974,0.96254,-0.00321688,0.0996057,-0.25216,0.664943,0,0,-0.746894,0.672245,4.45748e-08,-4.01424e-07,-0.740329,0.465012,0,0,0.885305,0.461502,0,0,0.887139,0.146641,0.0340617,0.115078,0.146928,0.0291184,-0.118593,0.224739,0.199824,0.123222,0.22352,0.195322,-0.126227,0.164688,0.447666,0.101726,0.163397,0.4459,-0.103099,-0.00350509,0.611355,4.37065e-06,0.069391,0.721197,6.12403e-06,0.21122,0.831793,9.53591e-06,0.132817,0.950849,0.16716,0.128283,0.941443,-0.167124,-0.0961298,1.0728,0.167249,-0.109058,1.04612,-0.167187,0.324818,1.01549,1.22683e-05,0,0,-1.7113,0,0,0.692039,0,0,0.557003,-0.00426386,0.00666017,-1.34315,0.00342083,-0.00523331,-1.23512,0,0,0.00616994,0,0,0.00665817,0.0952522,-0.202714,1.58614,-0.102044,0.204533,1.55879,0,0,-2.54062,-3.53702e-07,3.18534e-06,-2.51428,0,0,0.668951,0,0,0.643924,0.138817,0.640598,-0.000375305,1,1,-1.10954e-09,-1.20299e-05,-9.22326e-05,1.79095e-14,-2.40598e-05,-0.000184465,0.0806544,-0.75558,-5.3469e-06,-3.0385e-07,-0.000755371,0.0130672
0.820143,0,0,-0.572158,0.971496,0,0,0.237054,0.980719,0,0,0.195422,0.0990764,-0.000174782,-0.000500911,-0.99508,0.1374,9.05282e-05,0.000385221,-0.990516,0.999997,0,0,-0.00243804,0.999997,0,0,-0.00263544,0.969151,0.00522797,-0.0988273,-0.225725,0.967429,-0.00460904,0.102552,-0.231392,0.638111,0,0,-0.769944,0.645901,3.63256e-08,-3.27135e-07,-0.763421,0.458408,0,0,0.888742,0.455451,0,0,0.890261,0.150153,0.0351062,0.112657,0.150322,0.0296634,-0.115982,0.232149,0.198298,0.123154,0.230872,0.19336,-0.12605,0.172069,0.435574,0.10294,0.170774,0.433597,-0.1043,7.98702e-05,0.591633,4.03586e-06,0.0742743,0.698073,8.21528e-06,0.219576,0.803377,1.6398e-05,0.146302,0.927756,0.167175,0.141095,0.918238,-0.167128,-0.0757897,1.06178,0.167278,-0.0906504,1.03478,-0.167215,0.336762,0.984434,2.29995e-05,0,0,-1.40478,0,0,0.578219,0,0,0.459423,-0.00531588,0.00995402,-0.80249,0.00437509,-0.00778562,-0.714121,0,0,0.011748,0,0,0.0126835,0.0786946,-0.167228,1.31305,-0.0841249,0.168705,1.28515,0,0,-2.1225,-5.3149e-07,4.78639e-06,-2.10203,0,0,0.446692,0,0,0.408536,0.146792,0.622641,-0.00036107,1,1,5.45196e-09,-2.81497e-05,0.000193677,2.11062e-14,-5.62994e-05,0.000387354,0.107549,-0.591649,-1.00437e-05,9.81159e-08,-0.000967188,0.0171546
0.80995,0,0,-0.586499,0.969698,0,0,0.244305,0.979568,0,0,0.201113,0.0958541,-0.000247216,-0.000347072,-0.995395,0.135284,0.000152815,0.000262735,-0.990807,0.999998,0,0,-0.00213918,0.999997,0,0,-0.00231271,0.972567,0.00622188,-0.101035,-0.209445,0.970829,-0.00566572,0.104779,-0.215595,0.616763,0,0,-0.787149,0.624908,2.5447e-08,-2.29166e-07,-0.780699,0.455502,0,0,0.890235,0.453323,0,0,0.891346,0.154163,0.0370457,0.110698,0.154134,0.0311712,-0.113856,0.239216,0.198293,0.123062,0.23784,0.192969,-0.125857,0.179343,0.427202,0.103871,0.17804,0.42502,-0.105216,0.00465106,0.577283,3.52753e-06,0.0796864,0.681148,1.07637e-05,0.227395,0.782475,2.49972e-05,0.157043,0.909032,0.167197,0.151458,0.899379,-0.167135,-0.0615271,1.04873,0.16732,-0.0774841,1.02134,-0.167254,0.347091,0.961587,3.65417e-05,0,0,-1.05568,0,0,0.448237,0,0,0.348374,-0.00646837,0.0135921,-0.194264,0.00542242,-0.0106046,-0.128157,0,0,0.0179317,0,0,0.0193637,0.0598202,-0.126772,1.00162,-0.0637031,0.127782,0.973284,0,0,-1.64513,-7.27908e-07,6.55529e-06,-1.63138,0,0,0.196026,0,0,0.143319,0.154203,0.609324,-0.000346815,1,1,2.66946e-08,-4.81445e-05,0.000554469,-6.5541e-14,-9.6289e-05,0.00110894,0.137136,-0.43052,-1.52499e-05,8.97539e-07,-0.00119969,0.0216475
0.803412,0,0,-0.595423,0.968456,0,0,0.249186,0.978812,0,0,0.204761,0.103841,-0.000335629,-0.000150068,-0.994594,0.143911,0.000229443,0.000105714,-0.989591,0.999999,0,0,-0.00172714,0.999998,0,0,-0.00186772,0.974643,0.00686459,-0.102451,-0.198818,0.972867,-0.00634307,0.106204,-0.205452,0.602113,0,0,-0.798411,0.61046,1.16815e-08,-1.05199e-07,-0.792047,0.456733,0,0,0.889604,0.455574,0,0,0.890198,0.159035,0.0393566,0.109304,0.1587,0.0331287,-0.112325,0.246265,0.199435,0.122954,0.244731,0.193785,-0.125661,0.186695,0.422637,0.104477,0.185374,0.420258,-0.105802,0.0102983,0.568705,2.82863e-06,0.0857727,0.67097,1.37806e-05,0.23484,0.76988,3.53817e-05,0.16468,0.895312,0.167224,0.159069,0.885461,-0.167144,-0.0546228,1.03386,0.167373,-0.0706812,1.00589,-0.167303,0.355886,0.947887,5.29504e-05,0,0,-0.663765,0,0,0.302193,0,0,0.223531,-0.00772116,0.017575,0.481617,0.00656263,-0.0136904,0.522737,0,0,0.0247225,0,0,0.0266995,0.0386279,-0.0813997,0.651949,-0.0407764,0.0819144,0.623131,0,0,-1.10873,-9.42946e-07,8.49183e-06,-1.10232,0,0,-0.0829981,0,0,-0.15161,0.161116,0.600993,-0.000332715,1,1,7.21349e-08,-7.23586e-05,0.000996908,6.55823e-14,-0.000144717,0.00199382,0.169417,-0.257323,-2.0967e-05,2.25391e-06,-0.00145284,0.0265463
0.804297,0,0,-0.594227,0.967814,0,0,0.251665,0.978768,0,0,0.204971,0.204381,-0.00128361,-0.000670632,-0.97889,0.243647,0.000872825,0.000477159,-0.969863,0.999979,0,0,-0.00653163,0.999975,0,0,-0.00706826,0.974131,0.00677153,-0.102449,-0.201311,0.973074,-0.00639232,0.106291,-0.20442,0.597477,0,0,-0.801886,0.602758,-4.94497e-08,4.45326e-07,-0.797924,0.485533,0,0,0.874218,0.489194,0,0,0.872175,0.180413,0.0525363,0.108402,0.181152,0.0486356,-0.110733,0.27051,0.21341,0.122746,0.270291,0.210379,-0.124812,0.212859,0.435301,0.104661,0.212324,0.434202,-0.105639,0.0363817,0.581572,1.04877e-05,0.111376,0.684362,0.000106176,0.259359,0.784682,0.000294216,0.175113,0.883479,0.167681,0.172123,0.872673,-0.167187,-0.0683652,0.972944,0.168095,-0.0777305,0.942369,-0.168001,0.378205,0.964154,0.000445983,0,0,0.0892699,0,0,0.153647,0,0,0.0128736,-0.077694,-0.042829,6.10826,0.051685,0.0299607,6.10277,0,0,-0.288272,0,0,-0.312036,-0.00556023,-0.000953924,-0.152969,-0.00295511,0.0048203,0.0633467,0,0,-0.347628,-4.24414e-06,3.82212e-05,-0.58129,0,0,-1.95922,0,0,-2.28891,0.183281,0.608915,-0.000142449,1,0.999995,1.8964e-06,-0.000632781,0.00299691,5.62259e-12,-0.00126557,0.00599383,0.782502,0.386002,0.000229772,0.000134294,-0.0336253,0.12
0.82909,0,0,-0.559116,0.970899,0,0,0.239489,0.981336,0,0,0.1923,0.387136,-0.00326589,-0.00283582,-0.922013,0.421559,0.00213726,0.00208365,-0.906796,0.999826,0,0,-0.0186565,0.999796,0,0,-0.0201886,0.964646,0.00425901,-0.0973345,-0.244878,0.965821,-0.00406806,0.101353,-0.238539,0.639892,0,0,-0.768465,0.638098,-1.34654e-07,1.21265e-06,-0.769955,0.541876,0,0,0.840458,0.551899,0,0,0.833911,0.207807,0.0553266,0.111428,0.212694,0.0575442,-0.112817,0.296566,0.222078,0.122641,0.300511,0.225696,-0.123696,0.242558,0.461551,0.102869,0.24415,0.463854,-0.103202,0.0725427,0.622531,2.99765e-05,0.144625,0.73211,0.000290285,0.28489,0.843861,0.000792688,0.189181,0.883462,0.168712,0.191862,0.872991,-0.16743,-0.0692025,0.861062,0.169913,-0.0641477,0.831581,-0.169791,0.393865,1.03013,0.00118707,0,0,2.57913,0,0,-0.75365,0,0,-0.775722,-0.141959,-0.160407,11.5022,0.0890679,0.117464,11.3427,0,0,-0.727554,0,0,-0.787299,-0.151237,0.290619,-2.68441,0.140116,-0.283901,-2.10118,0,0,3.24039,-5.78586e-06,5.21057e-05,2.70435,0,0,-3.9417,0,0,-4.40846,0.210334,0.637069,0.000200322,1,0.999982,1.01782e-05,-0.00177477,0.00573479,1.67089e-10,-0.0035496,0.0114697,1.08483,1.22877,0.000584664,0.000598306,-0.0685184,0.164275
0.866384,0,0,-0.499378,0.976067,0,0,0.217472,0.985266,0,0,0.17103,0.59869,-0.00572692,-0.00510758,-0.800944,0.624982,0.00372041,0.00373823,-0.780622,0.999544,0,0,-0.0301847,0.999466,0,0,-0.0326639,0.946199,0.000307861,-0.0888594,-0.311146,0.950713,-0.000176983,0.0930314,-0.295787,0.707034,0,0,-0.70718,0.698634,-2.418e-07,2.17756e-06,-0.715479,0.612899,0,0,0.790161,0.629496,0,0,0.777004,0.23588,0.0689071,0.116495,0.245856,0.076674,-0.11724,0.320109,0.2445,0.12228,0.329494,0.254038,-0.122568,0.272115,0.511389,0.0997276,0.276545,0.516639,-0.0995175,0.114692,0.694148,4.84638e-05,0.181005,0.8141,0.00045102,0.307378,0.94266,0.00120766,0.237349,0.911062,0.170047,0.245547,0.904109,-0.167738,0.033588,0.750745,0.172785,0.052533,0.731055,-0.171598,0.400705,1.13817,0.00177702,0,0,4.22628,0,0,-1.35694,0,0,-1.29783,-0.149155,-0.138894,14.6623,0.0955269,0.100782,14.3975,0,0,-0.691903,0,0,-0.748785,-0.239785,0.480599,-4.14261,0.236106,-0.475988,-3.567,0,0,5.45624,-6.94625e-06,6.25549e-05,4.88767,0,0,-5.22339,0,0,-5.77587,0.245531,0.693083,0.000521191,1,0.999956,2.62597e-05,-0.00294059,0.0089297,-8.3901e-11,-0.00588142,0.0178597,1.26448,2.14851,0.000554619,0.00102582,-0.0699472,0.191701
0.905162,0,0,-0.425068,0.981697,0,0,0.190452,0.989363,0,0,0.145469,0.784347,-0.00769105,-0.00515579,-0.620253,0.801346,0.00508698,0.00368894,-0.598168,0.999449,0,0,-0.0332051,0.999354,0,0,-0.0359369,0.920824,-0.00409498,-0.0788556,-0.381901,0.927702,0.00445964,0.0830092,-0.363948,0.777255,0,0,-0.629186,0.766239,-3.66665e-07,3.30205e-06,-0.642556,0.686355,0,0,0.727267,0.708537,0,0,0.705674,0.26248,0.0817597,0.121545,0.273829,0.0910183,-0.122419,0.339788,0.267047,0.121324,0.351903,0.27794,-0.121581,0.299311,0.562324,0.0959563,0.30552,0.567988,-0.0956119,0.15874,0.766743,5.31185e-05,0.2164,0.897817,0.000488055,0.323805,1.04386,0.00128098,0.321337,0.969778,0.170835,0.331417,0.968195,-0.16747,0.25267,0.719812,0.174914,0.276199,0.714936,-0.17105,0.397937,1.24836,0.0018465,0,0,5.03064,0,0,-1.65608,0,0,-1.55328,-0.0992838,0.0217097,15.5886,0.071063,-0.0200833,15.2669,0,0,-0.181314,0,0,-0.196495,-0.271206,0.568985,-4.5277,0.285016,-0.571273,-4.33418,0,0,6.29976,-7.72504e-06,6.9569e-05,5.96883,0,0,-5.80443,0,0,-6.3911,0.286436,0.756581,0.000670995,1,0.999918,4.39483e-05,-0.00357252,0.0123008,-3.15561e-10,-0.0071456,0.0246024,1.32144,2.17785,0.000139641,0.000805126,-0.0379167,0.20228
0.937358,0,0,-0.348369,0.986566,0,0,0.163366,0.992775,0,0,0.119992,0.90849,-0.00791816,-0.000198638,-0.417831,0.917622,0.00555656,-0.000127535,-0.397414,0.999804,0,0,-0.0198065,0.99977,0,0,-0.0214502,0.89517,-0.00800623,-0.0692167,-0.440244,0.899223,0.00903481,0.0730161,-0.43126,0.834088,0,0,-0.551632,0.826069,-5.02272e-07,4.52327e-06,-0.56357,0.752078,0,0,0.659074,0.778115,0,0,0.628122,0.290932,0.0942929,0.124943,0.292558,0.0995284,-0.126823,0.359895,0.288452,0.119665,0.36544,0.294473,-0.120765,0.324919,0.606342,0.0922949,0.328842,0.60897,-0.0923383,0.200599,0.82691,3.11093e-05,0.247905,0.967452,0.000352775,0.334079,1.12795,0.000920211,0.406378,1.06204,0.169442,0.414312,1.06443,-0.166284,0.492425,0.817397,0.171807,0.510862,0.823735,-0.166867,0.388369,1.33934,0.00129908,0,0,4.99238,0,0,-1.65126,0,0,-1.54231,0.0076554,0.321403,14.281,0.0156754,-0.245136,13.9512,0,0,0.804204,0,0,0.869568,-0.245501,0.555804,-3.83956,0.286846,-0.56983,-4.4026,0,0,5.77116,-8.12255e-06,7.31483e-05,5.94771,0,0,-5.68467,0,0,-6.25419,0.324356,0.819231,0.000459378,1,0.999874,4.84664e-05,-0.00311296,0.0155673,-1.77952e-10,-0.00622668,0.031136,1.25577,1.80501,-0.000660276,-0.000768177,0.0275567,0.196009
0.95901,0,0,-0.283371,0.989973,0,0,0.141255,0.995084,0,0,0.0990395,0.968308,-0.00525168,0.0123329,-0.249399,0.972567,0.00449553,-0.00961511,-0.232382,0.999839,0,0,0.0179354,0.999812,0,0,0.0193703,0.879841,-0.0105648,-0.0617906,-0.471116,0.870841,0.0127966,0.0647706,-0.487111,0.867911,0,0,-0.49672,0.868666,-6.39661e-07,5.76055e-06,-0.495398,0.80298,0,0,0.596006,0.831096,0,0,0.556129,0.32798,0.113323,0.125989,0.30097,0.109011,-0.129483,0.388489,0.314445,0.117495,0.371131,0.309281,-0.120156,0.351828,0.645217,0.089312,0.346184,0.641282,-0.0902435,0.236177,0.873388,-3.03947e-05,0.273772,1.02037,5.59887e-05,0.340821,1.19042,0.000203224,0.460271,1.16168,0.164549,0.464278,1.16534,-0.164314,0.651384,0.98642,0.159336,0.661646,0.997156,-0.159561,0.378043,1.40597,0.000293942,0,0,4.11137,0,0,-1.34234,0,0,-1.26478,0.171661,0.760187,10.7397,-0.0706356,-0.574371,10.4501,0,0,2.26465,0,0,2.4494,-0.162667,0.44104,-2.07832,0.241594,-0.471632,-3.77234,0,0,3.87024,-8.13849e-06,7.32926e-05,4.82446,0,0,-4.86414,0,0,-5.36499,0.352597,0.875347,-0.00025413,1,0.999829,1.85342e-05,-0.00100448,0.0184484,-3.63605e-11,-0.0020093,0.0368989,1.06734,1.39434,-0.00184512,-0.00430311,0.126448,0.172887
0.971159,0,0,-0.238431,0.99198,0,0,0.126392,0.996396,0,0,0.084823,0.987717,-0.000610875,0.0302392,-0.153296,0.989906,0.00253516,-0.023196,-0.139789,0.99726,0,0,0.0739719,0.99681,0,0,0.0798098,0.879584,-0.0116251,-0.0560348,-0.472288,0.847323,0.0152864,0.0582659,-0.52765,0.880576,0,0,-0.473905,0.894252,-3.99056e-06,3.59374e-05,-0.447564,0.835767,0,0,0.549084,0.864608,0,0,0.502446,0.366402,0.162643,0.125933,0.298735,0.144638,-0.129572,0.419335,0.368546,0.11736,0.368833,0.347472,-0.117141,0.373174,0.703052,0.089066,0.354993,0.689992,-0.0870071,0.258081,0.931158,-0.00012805,0.288549,1.08174,0.000510219,0.341872,1.25696,0.00156405,0.475732,1.25917,0.162642,0.483172,1.26276,-0.156734,0.710971,1.15215,0.151106,0.721382,1.16345,-0.140778,0.367145,1.47452,0.00215979,0,0,2.79345,0,0,-0.899882,0,0,-0.856622,0.281669,1.07393,5.88844,-0.119602,-0.814222,5.65615,0,0,3.36619,0,0,3.6314,-0.0663615,0.359562,-0.0759716,0.164253,-0.377201,-2.82173,0,0,1.56572,-0.000208094,0.00187401,3.25522,0,0,-3.435,0,0,-3.7977,0.366752,0.942032,0.0011361,1,0.999751,0.000178922,-0.00871041,0.020536,9.37467e-10,-0.0174247,0.0410765,0.65712,1.7331,-0.00292966,0.0180258,-0.462111,0.125323
0.985809,0,0,-0.167872,0.994671,0,0,0.103104,0.998032,0,0,0.0627032,0.996643,0.00956813,0.0687031,-0.0434823,0.997945,-0.0016169,-0.0524645,-0.0367636,0.980743,0,0,0.195302,0.977647,0,0,0.210252,0.89194,-0.0125214,-0.0449402,-0.449741,0.803242,0.0189189,0.0464102,-0.593541,0.889788,0,0,-0.456374,0.929318,-1.63576e-05,0.000147311,-0.36928,0.880093,0,0,0.474801,0.908587,0,0,0.417695,0.463008,0.247541,0.12371,0.30847,0.200844,-0.13655,0.501141,0.460173,0.117763,0.379514,0.406086,-0.116584,0.430024,0.793767,0.087802,0.387124,0.762238,-0.0852321,0.311151,1.01549,-0.00544418,0.329947,1.17029,-0.00323281,0.361229,1.35121,0.000139004,0.491492,1.3971,0.159575,0.517602,1.39995,-0.139344,0.745606,1.40009,0.147045,0.766623,1.40925,-0.0920442,0.36793,1.57048,0.00158764,0,0,4.32478,0,0,-1.40659,0,0,-1.33084,0.611534,2.30499,6.62374,-0.249704,-1.75357,6.20835,0,0,7.35156,0,0,7.9163,-0.0526459,0.705952,1.53198,0.249074,-0.702551,-4.77345,0,0,1.18827,-0.000757006,0.00681734,5.14829,0,0,-5.19179,0,0,-5.73114,0.403119,1.04028,0.0013358,1,0.998831,0.00101053,-0.0421782,0.0236053,2.75334e-05,-0.0844056,0.0472559,1.59211,2.52991,-0.159484,0.0895443,-2.00743,0.185357
0.995295,0,0,-0.0968935,0.996814,0,0,0.079756,0.999172,0,0,0.0406743,0.992504,0.0218691,0.113077,0.040883,0.995427,-0.00686056,-0.0862404,0.0405059,0.942901,0,0,0.333072,0.933805,0,0,0.357782,0.909566,-0.0129486,-0.0338905,-0.413974,0.752684,0.0224145,0.0346498,-0.657088,0.893881,0,0,-0.448304,0.957547,-2.93328e-05,0.00026416,-0.288276,0.917031,0,0,0.398816,0.943516,0,0,0.331328,0.574831,0.334696,0.129976,0.317078,0.257424,-0.147754,0.596075,0.552276,0.125303,0.38921,0.463785,-0.120686,0.494841,0.879185,0.0906172,0.421056,0.829121,-0.0848428,0.368803,1.09029,-0.00786297,0.375528,1.24758,-0.00556036,0.384435,1.43137,-0.00271005,0.497448,1.51516,0.152533,0.540951,1.51683,-0.122843,0.720948,1.61384,0.138865,0.749433,1.61827,-0.0522615,0.372806,1.65068,-0.00270029,0,0,4.29748,0,0,-1.40682,0,0,-1.32353,0.740701,2.67481,5.07099,-0.315182,-2.03229,4.64139,0,0,8.57966,0,0,9.24353,-0.0216471,0.700909,2.38515,0.252027,-0.713595,-4.88631,0,0,0.542898,-0.000780049,0.00702482,5.14853,0,0,-5.07073,0,0,-5.59179,0.439485,1.12763,0.0015355,1,0.996782,0.00201622,-0.0756136,0.0265281,7.79973e-06,-0.151426,0.0532142,1.72956,2.24391,-0.0725637,0.100373,-2.0081,0.178613
0.99946,0,0,-0.0328738,0.998277,0,0,0.058684,0.99978,0,0,0.0209722,0.981837,0.0349395,0.15583,0.102434,0.988163,-0.0131219,-0.118661,0.0963439,0.887782,0,0,0.460264,0.869904,0,0,0.493221,0.925038,-0.0130618,-0.0269875,-0.378689,0.704585,0.0256532,0.0263325,-0.708667,0.896699,0,0,-0.44264,0.976671,-3.31823e-05,0.000298827,-0.214743,0.944173,0,0,0.32945,0.967509,0,0,0.252838,0.688685,0.420585,0.137526,0.324884,0.31685,-0.151937,0.693863,0.640742,0.131132,0.39855,0.523665,-0.123235,0.563671,0.958147,0.0940881,0.453278,0.89339,-0.0838238,0.426356,1.15774,-0.00436101,0.422253,1.3158,-0.00354964,0.411244,1.49976,-0.0035913,0.509284,1.61244,0.139569,0.55326,1.61257,-0.116225,0.675209,1.77038,0.113875,0.701524,1.7692,-0.0489977,0.383441,1.71773,-0.00597482,0,0,3.84996,0,0,-1.26739,0,0,-1.1827,0.793721,2.6052,3.72441,-0.37817,-1.96554,3.36949,0,0,8.32395,0,0,8.99382,-0.00267668,0.436066,2.3087,0.243265,-0.512756,-4.23866,0,0,0.3796,-0.000221264,0.00199261,4.55982,0,0,-4.47027,0,0,-4.9259,0.475852,1.20408,0.00173521,1,0.99649,0.00228613,-0.0784485,0.0291191,-1.26591e-05,-0.157125,0.0584278,1.72658,2.02357,0.105059,0.00893432,-0.170757,0.156312
0.999829,0,0,0.0184985,0.999129,0,0,0.0417197,0.999986,0,0,0.00530869,0.969048,0.0471786,0.189557,0.150957,0.979179,-0.0200525,-0.14394,0.141731,0.832119,0,0,0.554597,0.805087,0,0,0.593157,0.932857,-0.0131192,-0.0275573,-0.358952,0.668657,0.0286287,0.0237242,-0.742641,0.902301,0,0,-0.431107,0.987561,-2.00137e-05,0.000180236,-0.157233,0.96191,0,0,0.273367,0.981852,0,0,0.189649,0.794114,0.495055,0.124065,0.332935,0.374684,-0.133125,0.786386,0.715914,0.114814,0.408429,0.582191,-0.112393,0.633575,1.02652,0.0877994,0.481209,0.953681,-0.0790841,0.480688,1.21856,0.00231922,0.467887,1.37621,0.00215885,0.440848,1.55866,0.00131729,0.535758,1.69294,0.124442,0.554565,1.69092,-0.120562,0.640931,1.87679,0.0810984,0.65196,1.87047,-0.07518,0.399924,1.77461,-0.000157547,0,0,3.08276,0,0,-1.01915,0,0,-0.939903,0.751132,2.08542,2.96853,-0.421137,-1.54896,2.75979,0,0,6.57519,0,0,7.15112,-0.00135897,-0.0304995,1.27417,0.2255,-0.151622,-2.96686,0,0,0.769261,0.000800739,-0.00721118,3.5124,0,0,-3.5298,0,0,-3.88844,0.512219,1.26962,0.00193491,1,0.999151,0.000829324,-0.0268413,0.0312566,-2.07221e-05,-0.0537146,0.0625464,1.62995,1.82469,0.200407,-0.187776,3.09663,0.123423
0.99891,0,0,0.046669,0.999479,0,0,0.032291,0.999995,0,0,-0.00315414,0.958658,0.0561573,0.206549,0.187507,0.971036,-0.0269668,-0.156054,0.178911,0.80224,0,0,0.597002,0.76963,0,0,0.63849,0.929736,-0.0131435,-0.0370615,-0.366121,0.656677,0.0308144,0.0281043,-0.753018,0.911757,0,0,-0.41073,0.991658,1.20954e-05,-0.000108927,-0.128899,0.970339,0,0,0.241748,0.988054,0,0,0.154109,0.870624,0.546874,0.0774059,0.351972,0.42524,-0.0862309,0.85575,0.76759,0.0659712,0.426618,0.634068,-0.0831435,0.695487,1.0797,0.0643576,0.505711,1.00709,-0.0686861,0.528415,1.27262,0.0079549,0.510936,1.42968,0.00917993,0.475502,1.6107,0.0131654,0.58156,1.75918,0.109646,0.548327,1.75423,-0.128257,0.641719,1.95041,0.0523097,0.618356,1.94045,-0.106495,0.427982,1.82523,0.0188189,0,0,1.69118,0,0,-0.566116,0,0,-0.507772,0.556366,1.07439,2.25599,-0.42224,-0.757907,2.27616,0,0,3.11282,0,0,3.45365,-0.00236377,-0.585814,-0.464194,0.157775,0.305365,-0.944312,0,0,1.34789,0.00193358,-0.017413,1.71781,0,0,-1.96345,0,0,-2.16475,0.548586,1.32427,0.00213461,1,0.995988,-0.00270953,0.083421,0.0322821,-1.14708e-05,0.167124,0.0648006,1.43183,1.62191,0.169071,-0.421286,6.61176,0.0673358
0.998429,0,0,0.0560401,0.999588,0,0,0.0286977,0.999982,0,0,-0.00606138,0.949827,0.0636137,0.216544,0.216541,0.96299,-0.0360626,-0.162368,0.212098,0.791625,0,0,0.611007,0.756464,0,0,0.654035,0.920166,-0.0124618,-0.0513214,-0.387949,0.662094,0.0315681,0.0362325,-0.747879,0.921662,0,0,-0.387993,0.992437,5.428e-05,-0.000488825,-0.122757,0.974223,0,0,0.225585,0.99073,0,0,0.135847,0.915451,0.579312,0.0159253,0.388224,0.465798,-0.0278911,0.897027,0.799769,0.00254003,0.456805,0.675893,-0.0458838,0.744232,1.1186,0.0306415,0.530366,1.05055,-0.0539037,0.571066,1.31745,0.0119177,0.552776,1.47429,0.0157623,0.516857,1.65491,0.0273407,0.637334,1.8126,0.0899331,0.54009,1.80468,-0.127642,0.663912,2.00626,0.0256078,0.593623,1.99399,-0.125311,0.470309,1.86916,0.0429727,0,0,0.563009,0,0,-0.215699,0,0,-0.174436,0.465315,0.647773,1.80616,-0.557042,-0.40936,2.0457,0,0,1.05438,0,0,1.22227,0.0393549,-0.886655,-1.42018,0.0466293,0.547216,0.458492,0,0,1.48813,0.00253728,-0.0228498,0.371457,0,0,-0.997399,0,0,-1.10744,0.584953,1.36802,0.00233432,1,0.974331,-0.00730924,0.222721,0.0319571,-9.08862e-06,0.449456,0.0655724,1.27952,1.34468,0.118885,-0.551667,8.45197,0.0229774
0.99834,0,0,0.0575904,0.999625,0,0,0.0273867,0.999978,0,0,-0.00669521,0.94015,0.0718445,0.225607,0.245068,0.953164,-0.0480431,-0.167475,0.247229,0.788139,0,0,0.615497,0.751422,0,0,0.659822,0.905063,-0.011232,-0.0702643,-0.419283,0.676722,0.0316952,0.0477156,-0.734007,0.932641,0,0,-0.360806,0.991948,0.00010879,-0.000979725,-0.126644,0.976776,0,0,0.214262,0.992413,0,0,0.122945,0.935293,0.595416,-0.0526925,0.442646,0.496401,0.0359948,0.912525,0.815361,-0.0686578,0.497017,0.707505,-0.00424224,0.780114,1.14401,-0.0115838,0.555751,1.08354,-0.0333208,0.612889,1.35199,0.0153371,0.596288,1.50892,0.0219371,0.565795,1.68986,0.0414894,0.694749,1.85489,0.0576804,0.526746,1.84406,-0.11051,0.689199,2.04999,-0.00467096,0.562598,2.03571,-0.12432,0.526853,1.9046,0.0675902,0,0,0.0931717,0,0,-0.0786858,0,0,-0.038031,0.516813,0.598689,1.79043,-0.737599,-0.34432,2.18457,0,0,0.341079,0,0,0.460549,0.072172,-1.19062,-2.06773,-0.0037546,0.760238,1.2274,0,0,1.75921,0.00327995,-0.0295381,-0.235056,0,0,-0.696444,0,0,-0.780656,0.62132,1.40087,0.00253402,1,0.918241,-0.0129726,0.394657,0.0301869,4.43043e-06,0.811853,0.0657276,1.2547,1.03642,0.102582,-0.7129,10.8485,0.00436423
0.998587,0,0,0.0531503,0.99961,0,0,0.0279367,0.999985,0,0,-0.00549255,0.931244,0.080157,0.232205,0.269149,0.943022,-0.0610527,-0.170412,0.279181,0.791552,0,0,0.611102,0.754195,0,0,0.656651,0.884675,-0.00981834,-0.0924216,-0.45685,0.697788,0.0316001,0.0619746,-0.712919,0.943775,0,0,-0.330588,0.990368,0.000171743,-0.00154665,-0.138454,0.977958,0,0,0.208803,0.993179,0,0,0.116598,0.934508,0.598166,-0.110383,0.511949,0.518031,0.0908424,0.904233,0.817074,-0.128355,0.544371,0.72973,0.0337806,0.800425,1.15675,-0.0526037,0.58435,1.10642,-0.00793105,0.654839,1.37584,0.0183021,0.641728,1.53307,0.0262158,0.62129,1.71489,0.0501863,0.743164,1.88435,0.0122634,0.520042,1.87186,-0.0726538,0.711649,2.08091,-0.0398269,0.537809,2.06567,-0.0972589,0.595581,1.93075,0.0826978,0,0,-0.266815,0,0,0.0330127,0,0,0.0721614,0.523989,0.447587,1.52489,-0.805907,-0.215027,2.00668,0,0,-0.333919,0,0,-0.252748,0.0832453,-1.41426,-2.5313,-0.0238756,0.927334,1.81617,0,0,1.93234,0.00379278,-0.034156,-0.714886,0,0,-0.33516,0,0,-0.383617,0.657687,1.42281,0.00273372,1,0.816535,-0.0188395,0.576371,0.0267006,3.77904e-05,1.22931,0.0654031,1.25849,0.715381,0.0889505,-0.820015,12.497,-0.0104531
0.998962,0,0,0.0455617,0.999562,0,0,0.0296053,0.999995,0,0,-0.00320583,0.924759,0.0878918,0.235328,0.285861,0.934497,-0.0731614,-0.17066,0.303707,0.800136,0,0,0.599819,0.762786,0,0,0.646652,0.860334,-0.00859661,-0.1158,-0.496329,0.721421,0.0317193,0.0778955,-0.687371,0.954167,0,0,-0.299276,0.987958,0.00023786,-0.00214207,-0.15471,0.97789,0,0,0.209119,0.993159,0,0,0.116766,0.928505,0.59156,-0.149908,0.584812,0.531013,0.131629,0.887057,0.808792,-0.16578,0.592483,0.743014,0.0674328,0.809858,1.1583,-0.083953,0.618221,1.11945,0.0209324,0.697772,1.38858,0.0199557,0.688258,1.54616,0.0271229,0.678641,1.729,0.0500207,0.772618,1.89955,-0.0389645,0.532226,1.88778,-0.0194782,0.722731,2.0979,-0.0766462,0.5325,2.08385,-0.0496049,0.667706,1.94616,0.0822121,0,0,-0.455875,0,0,0.100157,0,0,0.137204,0.487114,0.224169,1.06566,-0.753752,-0.0457628,1.55455,0,0,-0.850586,0,0,-0.790987,0.0716087,-1.52187,-2.73266,-0.0112934,1.01756,2.12612,0,0,1.9796,0.0039914,-0.0359449,-0.986047,0,0,0.0194359,0,0,0.0101837,0.694054,1.43386,0.00293343,1,0.671656,-0.0239563,0.740156,0.0217419,3.14155,1.47383,3.20627,1.288,0.382089,0.049607,-0.855154,13.1255,-0.0191731
0.999322,0,0,0.0368112,0.999489,0,0,0.0319669,1,0,0,-0.000282015,0.92348,0.0942254,0.232885,0.28995,0.930914,-0.0821657,-0.166921,0.314302,0.81356,0,0,0.581481,0.776775,0,0,0.629778,0.833659,-0.00801245,-0.138887,-0.534471,0.745005,0.032614,0.0947682,-0.659486,0.963209,0,0,-0.268754,0.984885,0.000302661,-0.00272565,-0.173189,0.976192,0,0,0.216908,0.992102,0,0,0.125435,0.928874,0.578332,-0.178252,0.653742,0.5355,0.164659,0.875575,0.793409,-0.184857,0.639746,0.747751,0.102213,0.816096,1.15006,-0.103377,0.659222,1.12286,0.0517382,0.741483,1.39005,0.0194119,0.734319,1.5479,0.0244443,0.7328,1.73156,0.0419809,0.780677,1.89931,-0.0846479,0.567836,1.89078,0.0363431,0.716062,2.09917,-0.108783,0.550349,2.08914,0.0025566,0.734013,1.94981,0.0679913,0,0,-0.525475,0,0,0.141762,0,0,0.175429,0.39241,-0.144026,0.259597,-0.558592,0.216703,0.673781,0,0,-1.36361,0,0,-1.31516,0.0319239,-1.53769,-2.72518,0.0399639,1.06209,2.23909,0,0,1.91004,0.00392257,-0.0353254,-1.12398,0,0,0.478301,0,0,0.523963,0.730421,1.43401,0.00313313,1,0.498128,-0.0276837,0.866515,0.0159266,3.14155,1.04346,3.20544,1.31132,0.0440732,-0.0163142,-0.829115,12.8844,-0.0242672
0.999573,0,0,0.0292152,0.999409,0,0,0.0343826,0.999997,0,0,0.00263712,0.928054,0.0987957,0.224546,0.280241,0.933605,-0.0869213,-0.159147,0.309028,0.829779,0,0,0.558092,0.793862,0,0,0.608097,0.806897,-0.00827448,-0.160339,-0.568454,0.766044,0.0345859,0.111482,-0.632101,0.970632,0,0,-0.240568,0.981583,0.000362226,-0.00326207,-0.191008,0.972863,0,0,0.23138,0.989899,0,0,0.141773,0.935237,0.559308,-0.206488,0.721071,0.531527,0.197391,0.874285,0.772139,-0.196981,0.69156,0.744017,0.141236,0.824495,1.1329,-0.114074,0.708635,1.11657,0.0813627,0.784686,1.3802,0.0160449,0.778404,1.53818,0.01883,0.781171,1.72233,0.0296831,0.773556,1.88394,-0.114051,0.622106,1.88028,0.0837783,0.693132,2.08374,-0.123775,0.583163,2.07993,0.0490058,0.790027,1.94129,0.0467834,0,0,-0.456012,0,0,0.145022,0,0,0.175148,0.27183,-0.535347,-0.625123,-0.287154,0.486538,-0.341506,0,0,-1.70778,0,0,-1.65632,-0.0218045,-1.46337,-2.5138,0.111603,1.04009,2.12631,0,0,1.74892,0.00361625,-0.0325668,-1.08732,0,0,0.891014,0,0,0.989209,0.766788,1.42326,0.00333283,1,0.317695,-0.029891,0.947669,0.0100225,3.14159,0.646929,3.20465,1.29611,-0.295492,-0.10101,-0.75512,11.8721,-0.024233
0.999673,0,0,0.0255792,0.999343,0,0,0.0362366,0.999988,0,0,0.00490777,0.940595,0.100452,0.207319,0.249419,0.945482,-0.0844166,-0.145451,0.278895,0.848163,0,0,0.529736,0.813284,0,0,0.581867,0.783806,-0.00994306,-0.178474,-0.594724,0.781969,0.0384232,0.126845,-0.609063,0.976084,0,0,-0.217395,0.97874,0.000410562,-0.00369736,-0.205069,0.967068,0,0,0.254519,0.985762,0,0,0.168146,0.943073,0.534554,-0.236794,0.788996,0.518732,0.229767,0.88169,0.745449,-0.209022,0.750714,0.731308,0.179336,0.838372,1.1077,-0.119729,0.763787,1.10028,0.104965,0.825927,1.35947,0.0111037,0.819892,1.5175,0.0123938,0.82457,1.70184,0.0178296,0.765127,1.85322,-0.124769,0.682918,1.85405,0.115954,0.663685,2.0487,-0.118471,0.615364,2.05157,0.0829183,0.837468,1.92108,0.0267544,0,0,-0.218241,0,0,0.111311,0,0,0.13624,0.0752726,-1.114,-1.96095,0.174762,0.876775,-1.91867,0,0,-2.02777,0,0,-1.95837,-0.112558,-1.26199,-2.01259,0.235239,0.95222,1.73626,0,0,1.42833,0.00294179,-0.0264925,-0.860736,0,0,1.43122,0,0,1.60178,0.803155,1.40161,0.00353254,1,0.161333,-0.0307963,0.986407,0.0050409,3.14158,0.324242,3.20401,1.23722,-0.621833,-0.148235,-0.606865,9.66158,-0.019012
0.999623,0,0,0.0274648,0.999312,0,0,0.0370968,0.999981,0,0,0.00609862,0.958766,0.0988112,0.180536,0.195986,0.9642,-0.0736586,-0.125437,0.221717,0.867306,0,0,0.497775,0.833498,0,0,0.552522,0.76673,-0.0131496,-0.192779,-0.6122,0.791909,0.044337,0.140078,-0.5927,0.979753,0,0,-0.200212,0.97693,0.000445422,-0.00401131,-0.213521,0.958336,0,0,0.285644,0.979,0,0,0.203859,0.950405,0.503062,-0.264886,0.856266,0.496351,0.258672,0.894351,0.712422,-0.221524,0.813739,0.708592,0.210563,0.857888,1.07455,-0.123174,0.819472,1.07361,0.120853,0.864931,1.3285,0.00633707,0.859441,1.48655,0.00673204,0.865871,1.6709,0.00836192,0.765674,1.80763,-0.124346,0.740568,1.81112,0.135976,0.637782,1.99141,-0.0998136,0.63698,1.99951,0.110035,0.881603,1.89012,0.0110364,0,0,0.113174,0,0,0.0516417,0,0,0.0714523,-0.137869,-1.7079,-3.34521,0.686072,1.27185,-3.58052,0,0,-2.23546,0,0,-2.13809,-0.213012,-1.0057,-1.38426,0.372549,0.823861,1.20107,0,0,1.05426,0.00212299,-0.0191189,-0.51864,0,0,1.93969,0,0,2.18093,0.839522,1.36905,0.00373224,1,0.045468,-0.0310037,0.998484,0.00141253,3.14159,0.0910113,3.20367,1.17012,-0.929015,-0.143,-0.435482,6.98335,-0.0101444
0.999366,0,0,0.0356056,0.999306,0,0,0.0372484,0.999979,0,0,0.00646402,0.981473,0.0917307,0.135109,0.10021,0.987786,-0.0492521,-0.0926015,0.11523,0.891212,0,0,0.453587,0.859066,0,0,0.511866,0.756749,-0.0189294,-0.203973,-0.62078,0.796485,0.0538479,0.152126,-0.582725,0.981798,0,0,-0.18993,0.976116,0.00046567,-0.00419365,-0.217207,0.942678,0,0,0.333705,0.965804,0,0,0.259272,0.962831,0.466021,-0.288903,0.915085,0.465703,0.286049,0.914476,0.673818,-0.234295,0.872078,0.676798,0.235219,0.884282,1.03461,-0.126376,0.870378,1.03766,0.131011,0.90296,1.28892,0.00313401,0.898788,1.44696,0.00288303,0.908326,1.63119,0.00194885,0.778768,1.74304,-0.125092,0.789396,1.7461,0.150029,0.610486,1.89696,-0.0858956,0.635762,1.9072,0.134955,0.927872,1.85011,0.000472903,0,0,0.488695,0,0,0.00910416,0,0,0.0219245,-0.473443,-2.8266,-5.8735,1.50581,2.03851,-6.52198,0,0,-3.01474,0,0,-2.88194,-0.381174,-0.779096,-0.710704,0.607992,0.761084,0.707208,0,0,0.628978,0.00123202,-0.0110948,-0.226462,0,0,3.03317,0,0,3.41824,0.875889,1.3256,0.00393194,1,-0.0222911,-0.0309737,0.999271,-0.000690801,3.14159,-0.0446072,3.20357,1.14087,-1.18754,-0.0960918,-0.252233,4.06073,-0.00326144
0.998866,0,0,0.0476057,0.999304,0,0,0.0373043,0.999978,0,0,0.00662091,0.993662,0.0791945,0.0712232,-0.0359374,0.998112,-0.0124254,-0.0468726,-0.0376921,0.918831,0,0,0.394651,0.88938,0,0,0.457169,0.751862,-0.0269623,-0.213349,-0.623265,0.797879,0.066491,0.163865,-0.576295,0.98272,0,0,-0.185097,0.975743,0.000475147,-0.004279,-0.218879,0.917588,0,0,0.397532,0.942889,0,0,0.333108,0.981652,0.423933,-0.310237,0.962405,0.428505,0.31426,0.9409,0.629486,-0.247648,0.921516,0.637149,0.256804,0.915136,0.988046,-0.130298,0.914458,0.993469,0.138642,0.939783,1.24152,0.00138531,0.937479,1.39952,0.00057361,0.951333,1.58345,-0.00216258,0.804867,1.65897,-0.134047,0.836222,1.6591,0.164505,0.590513,1.75459,-0.0917127,0.629775,1.7625,0.168298,0.976004,1.80182,-0.00630189,0,0,0.720631,0,0,0.00335438,0,0,0.00941336,-0.776346,-3.87453,-8.21082,2.22122,2.76469,-9.20506,0,0,-3.90586,0,0,-3.75273,-0.52855,-0.638846,-0.23763,0.812436,0.750949,0.433371,0,0,0.295237,0.000576802,-0.00519479,-0.102774,0,0,4.11566,0,0,4.63976,0.912256,1.27125,0.00413165,1,-0.0540039,-0.0309126,0.998061,-0.00167262,3.14159,-0.108112,3.20352,1.10467,-1.42194,-0.0524609,-0.117953,1.90149,-0.00141449
0.998063,0,0,0.0622159,0.999304,0,0,0.0373105,0.999978,0,0,0.00663812,0.978128,0.0623901,-0.00515596,-0.198361,0.974865,0.032635,0.007393,-0.220268,0.945883,0,0,0.324509,0.92014,0,0,0.391591,0.750981,-0.0365637,-0.221182,-0.621103,0.79675,0.0812242,0.175086,-0.572658,0.982819,0,0,-0.184574,0.975702,0.000476173,-0.00428823,-0.21906,0.882412,0,0,0.470477,0.908577,0,0,0.417717,1.00634,0.376071,-0.329489,0.994626,0.384311,0.343072,0.971613,0.578332,-0.261232,0.958355,0.588933,0.276861,0.947522,0.933948,-0.1348,0.949489,0.940464,0.145285,0.973425,1.18573,0.00114538,0.973413,1.34362,1.82996e-05,0.992591,1.52706,-0.00350348,0.848243,1.55914,-0.153227,0.88852,1.55555,0.180578,0.603977,1.56829,-0.130777,0.65181,1.5698,0.209028,1.02358,1.7446,-0.00863026,0,0,0.877947,0,0,0.000377397,0,0,0.00103276,-0.990797,-4.59408,-9.82839,2.72066,3.26146,-11.065,0,0,-4.51174,0,0,-4.347,-0.629829,-0.517994,0.128133,0.950998,0.727343,0.218912,0,0,0.0319452,6.24285e-05,-0.000562137,-0.0111311,0,0,4.86032,0,0,5.47999,0.948623,1.206,0.00433135,1,-0.0574343,-0.0309041,0.997869,-0.00177873,3.14159,-0.114987,3.20351,1.00926,-1.67362,-0.00719786,-0.0127641,0.205853,-0.00015219
0.996935,0,0,0.0782356,0.999305,0,0,0.037281,0.999979,0,0,0.00655425,0.924712,0.0431908,-0.0857434,-0.368361,0.906394,0.0802142,0.0639689,-0.409786,0.968815,0,0,0.247786,0.947632,0,0,0.319365,0.752946,-0.0470181,-0.227677,-0.61565,0.793715,0.0969613,0.185551,-0.571127,0.982327,0,0,-0.18717,0.975903,0.000471083,-0.0042424,-0.218164,0.837982,0,0,0.545697,0.863074,0,0,0.505077,1.03554,0.320037,-0.347335,1.01026,0.330818,0.370455,1.00455,0.517873,-0.274913,0.981043,0.529947,0.295256,0.979023,0.869996,-0.139846,0.974594,0.876594,0.150974,1.00226,1.11946,0.00182306,1.0048,1.27715,0.000826183,1.02993,1.45988,-0.00212391,0.911864,1.44968,-0.178062,0.949287,1.4441,0.197777,0.677893,1.35998,-0.197997,0.726402,1.35572,0.252424,1.06798,1.67632,-0.00628826,0,0,0.963573,0,0,-0.00177442,0,0,-0.0050322,-1.11244,-4.96609,-10.6844,2.99421,3.51523,-12.0563,0,0,-4.80585,0,0,-4.63799,-0.682858,-0.414602,0.387221,1.02089,0.6876,0.0574237,0,0,-0.158556,-0.000309777,0.00278989,0.0550727,0,0,5.2434,0,0,5.9124,0.98499,1.12984,0.00453105,1,-0.0404096,-0.0309425,0.998703,-0.00125195,3.14159,-0.08088,3.20354,0.86497,-1.98824,0.0203302,0.0633318,-1.02125,0.000752881
0.995538,0,0,0.0943598,0.999307,0,0,0.0372322,0.999979,0,0,0.00641642,0.835041,0.0238738,-0.161329,-0.525461,0.795559,0.124004,0.116014,-0.581592,0.985426,0,0,0.170102,0.96933,0,0,0.245763,0.756342,-0.0575324,-0.233134,-0.608511,0.789577,0.112557,0.195104,-0.570818,0.981506,0,0,-0.191429,0.976231,0.00046273,-0.00416717,-0.216692,0.787221,0,0,0.616671,0.809265,0,0,0.587444,1.06755,0.252261,-0.364483,1.01308,0.264745,0.393304,1.03812,0.444814,-0.288893,0.992437,0.457375,0.310478,1.00864,0.793116,-0.145843,0.991934,0.799171,0.154616,1.02657,1.03989,0.00199415,1.03169,1.1973,0.00162413,1.06281,1.37913,0.000569952,0.992413,1.3368,-0.199156,1.01607,1.33309,0.215236,0.817718,1.16201,-0.264603,0.853294,1.1595,0.296631,1.10794,1.59424,-0.000883841,0,0,0.971085,0,0,-0.00293063,0,0,-0.00826995,-1.14172,-4.97207,-10.7108,3.02387,3.51518,-12.1025,0,0,-4.76767,0,0,-4.60519,-0.683735,-0.337878,0.518464,1.01702,0.635371,-0.0363681,0,0,-0.260247,-0.000508394,0.00457816,0.0904721,0,0,5.23715,0,0,5.90557,1.02136,1.04279,0.00473076,1,-0.0124447,-0.0309861,0.999442,-0.000385795,3.14159,-0.024902,3.20358,0.729501,-2.387,0.00513292,0.103995,-1.67612,0.00124345
0.994011,0,0,0.109278,0.999309,0,0,0.0371776,0.99998,0,0,0.0062622,0.723017,0.00693889,-0.223908,-0.653501,0.65998,0.159017,0.157808,-0.717102,0.995208,0,0,0.0977782,0.984242,0,0,0.176826,0.760093,-0.0672825,-0.237652,-0.601044,0.785074,0.12684,0.203437,-0.571125,0.980566,0,0,-0.196189,0.976596,0.000453382,-0.00408298,-0.215045,0.735094,0,0,0.677966,0.75269,0,0,0.658375,1.10228,0.169792,-0.380757,1.01036,0.18334,0.409247,1.07265,0.356806,-0.30289,0.998429,0.369252,0.320949,1.03768,0.701281,-0.152932,1.00602,0.706486,0.155303,1.049,0.945304,0.000603085,1.05645,1.10238,0.001251,1.09297,1.28319,0.00304914,1.08023,1.22374,-0.2091,1.0823,1.2258,0.231172,0.995896,0.997621,-0.300781,1.00478,1.00745,0.338453,1.14444,1.49686,0.00548721,0,0,0.899776,0,0,-0.00327568,0,0,-0.00925327,-1.05718,-4.58111,-9.90126,2.802,3.23491,-11.1931,0,0,-4.37994,0,0,-4.23273,-0.631491,-0.273619,0.543796,0.936339,0.560268,-0.0813845,0,0,-0.291111,-0.000568713,0.00512176,0.101238,0,0,4.8291,0,0,5.44562,1.05772,0.94484,0.00493046,1,0.0188455,-0.0310062,0.999341,0.000584793,3.14159,0.0377114,3.20363,0.672841,-2.83757,-0.041732,0.116408,-1.87479,0.00139026
0.992522,0,0,0.122063,0.99931,0,0,0.0371314,0.999981,0,0,0.00613152,0.6074,-0.00657877,-0.270731,-0.746811,0.522407,0.18374,0.187845,-0.8112,0.999379,0,0,0.0352331,0.993143,0,0,0.116908,0.763113,-0.0756662,-0.241556,-0.594629,0.780996,0.139058,0.210576,-0.571284,0.979751,0,0,-0.200219,0.976902,0.000445459,-0.00401164,-0.213649,0.686526,0,0,0.727106,0.699153,0,0,0.714972,1.13819,0.0716581,-0.395442,1.01132,0.0862373,0.419429,1.10766,0.253489,-0.315949,1.00666,0.265893,0.327619,1.06731,0.594467,-0.16025,1.02214,0.598955,0.154004,1.07255,0.836009,-0.00210767,1.08194,0.992736,-0.000370407,1.1229,1.17254,0.00436606,1.16347,1.1094,-0.207949,1.14397,1.11943,0.243616,1.17034,0.867202,-0.300144,1.15021,0.896844,0.373204,1.17956,1.38481,0.0107119,0,0,0.772292,0,0,-0.00277482,0,0,-0.007841,-0.915758,-3.94068,-8.49573,2.40723,2.78428,-9.606,0,0,-3.76166,0,0,-3.63511,-0.541958,-0.237076,0.462929,0.804179,0.482545,-0.0662848,0,0,-0.24668,-0.000481897,0.00433941,0.085745,0,0,4.14629,0,0,4.67559,1.09409,0.835988,0.00513016,1,0.0453463,-0.0309994,0.998489,0.00140783,3.14159,0.0907675,3.20367,0.706521,-3.27887,-0.0813225,0.0987003,-1.58862,0.00117942
0.991676,0,0,0.128755,0.999311,0,0,0.0371131,0.999982,0,0,0.00607982,0.540332,-0.0130242,-0.292365,-0.78892,0.443666,0.194402,0.201161,-0.851412,0.999998,0,0,0.00198623,0.996384,0,0,0.0849602,0.764137,-0.0800726,-0.243941,-0.591756,0.778979,0.14551,0.214598,-0.570934,0.979424,0,0,-0.201813,0.977023,0.000442323,-0.00398339,-0.213096,0.659562,0,0,0.75165,0.669172,0,0,0.743107,1.16642,0.0629357,-0.401579,1.02446,0.0785603,0.426663,1.13557,0.241891,-0.321186,1.02294,0.254708,0.333287,1.09279,0.580971,-0.162323,1.04194,0.585312,0.155278,1.09546,0.821239,-0.00195814,1.10585,0.977762,0.000294889,1.1491,1.15699,0.00638853,1.21612,1.09602,-0.20232,1.18741,1.11128,0.250652,1.27064,0.856589,-0.285928,1.2383,0.899919,0.390443,1.20843,1.36847,0.0145082,0,0,0.404717,0,0,-0.00109947,0,0,-0.00310231,-0.472512,-2.07486,-4.47083,1.25934,1.46719,-5.04961,0,0,-1.99525,0,0,-1.92679,-0.285459,-0.149487,0.202237,0.425185,0.271069,-0.00506486,0,0,-0.0976317,-0.000190715,0.00171801,0.0339641,0,0,2.18783,0,0,2.46707,1.12371,0.822757,0.00717672,1,0.0558297,-0.0309906,0.997958,0.00173374,3.14159,0.111771,3.20368,0.687339,-0.44311,0.00448575,0.0390933,-0.628903,0.000461645
0.991113,0,0,0.133019,0.999311,0,0,0.0371095,0.999982,0,0,0.00606948,0.495216,-0.0168368,-0.305154,-0.81324,0.391209,0.200282,0.208826,-0.873633,0.999805,0,0,-0.019751,0.997946,0,0,0.0640551,0.764095,-0.0828906,-0.245918,-0.590603,0.777941,0.149709,0.217555,-0.570144,0.979358,0,0,-0.202133,0.977047,0.000441692,-0.00397771,-0.212985,0.641654,0,0,0.766995,0.649178,0,0,0.760637,1.1822,0.0589886,-0.405592,1.03625,0.0759633,0.432856,1.15166,0.236028,-0.32441,1.03593,0.249706,0.338411,1.10819,0.57389,-0.163218,1.05594,0.578455,0.157091,1.11024,0.81343,-0.00156757,1.12127,0.969817,0.000846199,1.16603,1.14866,0.007344,1.24772,1.09048,-0.198498,1.21699,1.10957,0.253933,1.33112,0.856889,-0.274276,1.29679,0.910213,0.398508,1.22713,1.35962,0.0159747,0,0,0.258061,0,0,-0.000215851,0,0,-0.000620388,-0.295435,-1.33937,-2.87333,0.801041,0.949338,-3.23918,0,0,-1.30431,0,0,-1.25783,-0.183854,-0.129176,0.0745872,0.276064,0.197216,0.0369553,0,0,-0.0196041,-3.83647e-05,0.000345344,0.00681371,0,0,1.41502,0,0,1.59548,1.14279,0.816433,0.00862932,1,0.0579354,-0.0309885,0.997838,0.00179922,3.14159,0.115992,3.20368,0.443198,-0.234259,0.011717,0.00785571,-0.126364,9.76892e-05
0.990761,0,0,0.135619,0.999311,0,0,0.037109,0.999982,0,0,0.00606818,0.466906,-0.0190585,-0.312515,-0.827025,0.358479,0.203515,0.213142,-0.885802,0.999451,0,0,-0.0331265,0.998689,0,0,0.0511795,0.763913,-0.0846109,-0.247225,-0.590049,0.777356,0.15229,0.219445,-0.569535,0.97935,0,0,-0.202174,0.97705,0.000441611,-0.00397698,-0.212971,0.630495,0,0,0.776193,0.636689,0,0,0.77112,1.19065,0.0564411,-0.407846,1.04356,0.0744043,0.437188,1.16039,0.23229,-0.326148,1.04376,0.246636,0.342082,1.1167,0.569403,-0.163466,1.06411,0.574179,0.158626,1.1186,0.808517,-0.00105812,1.13004,0.964818,0.0014134,1.17572,1.14342,0.00804855,1.26576,1.0875,-0.195886,1.23461,1.10904,0.255643,1.36609,0.859025,-0.266239,1.33174,0.918775,0.402195,1.23792,1.35405,0.0168454,0,0,0.157423,0,0,-2.99793e-05,0,0,-7.79985e-05,-0.178942,-0.82075,-1.75796,0.488304,0.582278,-1.98036,0,0,-0.802817,0,0,-0.773827,-0.112562,-0.086331,0.0335107,0.169594,0.12571,0.0314858,0,0,-0.00250624,-4.92356e-06,4.43727e-05,0.000859041,0,0,0.86768,0,0,0.978339,1.15376,0.812606,0.00972528,1,0.0582059,-0.0309882,0.997822,0.00180763,3.14159,0.116534,3.20368,0.250927,-0.147388,0.0152836,0.00100922,-0.0162349,1.18207e-05
0.990506,0,0,0.137466,0.999311,0,0,0.0371087,0.999982,0,0,0.00606727,0.446488,-0.0205963,-0.317518,-0.836305,0.334949,0.205651,0.216023,-0.893785,0.999091,0,0,-0.0426264,0.999117,0,0,0.042026,0.76378,-0.085833,-0.248153,-0.589655,0.776932,0.154122,0.220787,-0.569101,0.979343,0,0,-0.202204,0.977053,0.000441554,-0.00397646,-0.212961,0.622487,0,0,0.78263,0.627714,0,0,0.778444,1.19619,0.0546022,-0.409282,1.0483,0.0732757,0.440392,1.16611,0.2296,-0.327232,1.04885,0.244427,0.344829,1.12225,0.566178,-0.163493,1.06942,0.571106,0.159862,1.12406,0.804987,-0.00054861,1.13578,0.961225,0.00196417,1.18212,1.13966,0.00869742,1.27797,1.08559,-0.193757,1.24647,1.10889,0.256846,1.39,0.861458,-0.259953,1.35555,0.925853,0.404387,1.24509,1.35005,0.0176128,0,0,0.111871,0,0,-1.79876e-05,0,0,-5.4599e-05,-0.127145,-0.583153,-1.24905,0.346903,0.41372,-1.40705,0,0,-0.570405,0,0,-0.549812,-0.079982,-0.061329,0.0237792,0.120463,0.0893508,0.0223209,0,0,-0.00183561,-3.48771e-06,3.18129e-05,0.000624553,0,0,0.616466,0,0,0.695051,1.16102,0.809922,0.010646,1,0.0583981,-0.0309879,0.997811,0.00181361,3.14159,0.116919,3.20368,0.163627,-0.105913,0.0152852,0.000717615,-0.0115341,2.5301e-06
0.990342,0,0,0.138645,0.999311,0,0,0.0371085,0.999982,0,0,0.00606668,0.433325,-0.0215601,-0.320612,-0.842005,0.319812,0.206945,0.21778,-0.898591,0.998814,0,0,-0.0486906,0.999345,0,0,0.0361791,0.763694,-0.0866132,-0.248745,-0.589403,0.776659,0.155292,0.221643,-0.568823,0.97934,0,0,-0.202222,0.977054,0.000441517,-0.00397613,-0.212954,0.617339,0,0,0.786697,0.621938,0,0,0.783067,1.1995,0.0534136,-0.410125,1.05111,0.0725445,0.442495,1.16955,0.227866,-0.327856,1.05187,0.243003,0.346648,1.12558,0.5641,-0.163443,1.0726,0.569126,0.160717,1.12732,0.802713,-0.000156664,1.13922,0.958912,0.00238256,1.18599,1.13723,0.00917866,1.2855,1.08447,-0.192278,1.25374,1.10889,0.25761,1.40482,0.8634,-0.255695,1.37027,0.930788,0.405601,1.24945,1.34747,0.0181701,0,0,0.0714211,0,0,-1.19917e-05,0,0,-3.53993e-05,-0.0811831,-0.372304,-0.797553,0.221569,0.264108,-0.898469,0,0,-0.364232,0,0,-0.351081,-0.0510673,-0.0391327,0.0151996,0.0769584,0.0570165,0.0142941,0,0,-0.00110622,-2.23691e-06,1.99508e-05,0.000423133,0,0,0.393641,0,0,0.443897,1.16542,0.808221,0.0112978,1,0.0585209,-0.0309878,0.997803,0.00181743,3.14159,0.117165,3.20368,0.0978976,-0.0681922,0.0117584,0.000458238,-0.00737279,8.90949e-06
0.990258,0,0,0.139242,0.999311,0,0,0.0371084,0.999982,0,0,0.00606638,0.426628,-0.0220424,-0.322148,-0.844822,0.312121,0.207578,0.218645,-0.900936,0.99866,0,0,-0.0517585,0.999448,0,0,0.03322,0.76365,-0.087008,-0.249045,-0.589275,0.77652,0.155884,0.222076,-0.568682,0.979338,0,0,-0.202232,0.977055,0.000441498,-0.00397597,-0.212951,0.614724,0,0,0.788743,0.619002,0,0,0.785389,1.20133,0.0541316,-0.410591,1.05267,0.0734947,0.443515,1.17143,0.228308,-0.328213,1.05354,0.243602,0.347525,1.12741,0.564367,-0.163459,1.07434,0.569443,0.161108,1.12911,0.802881,1.05835e-07,1.14111,0.959059,0.00255275,1.18808,1.13732,0.00938073,1.28943,1.08525,-0.191556,1.25754,1.11025,0.257934,1.41239,0.865819,-0.25353,1.37777,0.934728,0.406098,1.2518,1.34749,0.0184107,0,0,0.0361728,0,0,-5.99587e-06,0,0,-1.79997e-05,-0.041083,-0.188409,-0.40358,0.112059,0.133667,-0.454631,0,0,-0.184306,0,0,-0.177654,-0.0258442,-0.019836,0.00771207,0.0389491,0.0288509,0.00724271,0,0,-0.00061187,-1.16384e-06,9.80954e-06,0.000188643,0,0,0.199218,0,0,0.224594,1.16779,0.808688,0.0115852,1,0.0585831,-0.0309877,0.9978,0.00181936,3.14159,0.11729,3.20368,0.0537391,0.00502615,0.00470309,0.00023187,-0.00373074,-4.14943e-07
0.990244,0,0,0.139341,0.999311,0,0,0.0371084,0.999982,0,0,0.00606633,0.425513,-0.0221221,-0.322402,-0.845285,0.310841,0.207682,0.218788,-0.90132,0.998633,0,0,-0.0522681,0.999464,0,0,0.0327284,0.763642,-0.0870736,-0.249095,-0.589254,0.776497,0.155982,0.222148,-0.568659,0.979337,0,0,-0.202233,0.977055,0.000441495,-0.00397594,-0.212951,0.614289,0,0,0.789081,0.618514,0,0,0.785774,1.20171,0.0542541,-0.410695,1.05302,0.0736557,0.443658,1.17182,0.228385,-0.328299,1.0539,0.243705,0.347644,1.1278,0.564415,-0.163488,1.07472,0.569499,0.161147,1.12949,0.802912,9.86777e-08,1.1415,0.959087,0.00255496,1.18851,1.13734,0.00938823,1.29016,1.08538,-0.191462,1.25825,1.11048,0.257961,1.41372,0.866232,-0.253194,1.3791,0.935394,0.40615,1.25227,1.34749,0.0184246,0,0,0.00599074,0,0,0,0,0,-2.99994e-06,-0.00682048,-0.0313655,-0.0670208,0.0186323,0.0222756,-0.0755311,0,0,-0.0306189,0,0,-0.0295116,-0.00429706,-0.00331366,0.00124567,0.00644564,0.00479369,0.00118565,0,0,-7.08942e-05,-1.81387e-07,1.81387e-06,-1.04164e-09,0,0,0.0330528,0,0,0.0372951,1.16826,0.808769,0.0116067,1,0.0585933,-0.0309877,0.997799,0.00181968,3.14159,0.11731,3.20368,0.0114,0.00093,-2.14719e-07,3.82314e-05,-0.000613574,1.87061e-06
0.990289,0,0,0.139027,0.999311,0,0,0.0371085,0.999982,0,0,0.00606649,0.429037,-0.0218695,-0.321599,-0.843815,0.314886,0.207352,0.218337,-0.9001,0.998716,0,0,-0.0506563,0.999412,0,0,0.0342832,0.763666,-0.0868662,-0.248937,-0.589321,0.77657,0.155671,0.22192,-0.568733,0.979338,0,0,-0.202228,0.977054,0.000441505,-0.00397603,-0.212952,0.615664,0,0,0.788009,0.620058,0,0,0.784556,1.20049,0.0538666,-0.410368,1.05192,0.0731459,0.443205,1.17056,0.228142,-0.328028,1.05276,0.24338,0.347266,1.12657,0.564264,-0.163397,1.07353,0.569322,0.161024,1.12828,0.802814,1.21315e-07,1.14024,0.959,0.00254793,1.18714,1.13728,0.00936444,1.28783,1.08496,-0.191761,1.25599,1.10975,0.257876,1.40949,0.864935,-0.254256,1.3749,0.933297,0.405982,1.25077,1.34748,0.0183805,0,0,-0.0190241,0,0,5.99587e-06,0,0,9.59982e-06,0.0215842,0.0990206,0.212039,-0.0589008,-0.0702205,0.238852,0,0,0.0968362,0,0,0.0933402,0.0135803,0.0104565,-0.00401252,-0.0204601,-0.0151883,-0.00380843,0,0,0.000305935,6.27302e-07,-5.64585e-06,-7.13979e-05,0,0,-0.10461,0,0,-0.117995,1.16675,0.808513,0.0115383,1,0.0585608,-0.0309878,0.997801,0.00181867,3.14159,0.117245,3.20368,-0.0363,-0.00294,6.79119e-07,-0.000121463,0.00195085,2.26589e-06
0.990378,0,0,0.138386,0.999311,0,0,0.0371086,0.999982,0,0,0.00606681,0.436223,-0.0213497,-0.31994,-0.840769,0.323142,0.206665,0.2174,-0.897556,0.998878,0,0,-0.0473595,0.999298,0,0,0.0374627,0.763713,-0.0864419,-0.248615,-0.589458,0.776719,0.155035,0.221455,-0.568884,0.979341,0,0,-0.202218,0.977054,0.000441525,-0.00397621,-0.212956,0.618471,0,0,0.785807,0.623209,0,0,0.782056,1.19797,0.0536747,-0.409698,1.04969,0.0727049,0.442277,1.16799,0.228247,-0.327476,1.05041,0.243316,0.346491,1.12405,0.564557,-0.163211,1.0711,0.569561,0.160772,1.1258,0.803213,1.67613e-07,1.13766,0.95942,0.00253358,1.18433,1.13777,0.00931585,1.28305,1.08471,-0.192364,1.25135,1.10889,0.257689,1.40078,0.862948,-0.256399,1.36625,0.929677,0.405594,1.24769,1.34804,0.0182906,0,0,-0.0388289,0,0,5.99587e-06,0,0,1.91996e-05,0.0441447,0.202455,0.433657,-0.120486,-0.143686,0.48852,0,0,0.198047,0,0,0.190893,0.027773,0.0212851,-0.00826478,-0.0418392,-0.0309779,-0.00776052,0,0,0.000611871,1.194e-06,-1.07459e-05,-0.000234489,0,0,-0.214059,0,0,-0.241337,1.16366,0.808593,0.0113978,1,0.0584939,-0.0309878,0.997805,0.00181659,3.14159,0.117111,3.20368,-0.0744,0.0119668,1.38894e-06,-0.000249347,0.00401536,-7.44532e-06
0.990501,0,0,0.137502,0.999311,0,0,0.0371087,0.999982,0,0,0.00606725,0.446083,-0.0206263,-0.317615,-0.836484,0.334482,0.205692,0.216078,-0.893937,0.999083,0,0,-0.0428139,0.999124,0,0,0.0418453,0.763777,-0.0858571,-0.248171,-0.589647,0.776924,0.154159,0.220813,-0.569092,0.979343,0,0,-0.202204,0.977053,0.000441552,-0.00397645,-0.212961,0.622328,0,0,0.782756,0.627535,0,0,0.778588,1.19451,0.054563,-0.408771,1.04661,0.073251,0.440994,1.16444,0.229544,-0.326715,1.04716,0.244381,0.345423,1.12058,0.566111,-0.162954,1.06775,0.571042,0.160426,1.12238,0.804914,2.31437e-07,1.13411,0.961152,0.00251383,1.18046,1.13958,0.00924903,1.27643,1.08555,-0.193175,1.24492,1.10889,0.257407,1.38868,0.861511,-0.259287,1.35423,0.925999,0.404964,1.24345,1.34997,0.0181668,0,0,-0.053551,0,0,5.99587e-06,0,0,2.63995e-05,0.0608494,0.279092,0.597824,-0.166006,-0.197997,0.673465,0,0,0.273013,0,0,0.263163,0.0382753,0.0293431,-0.0114145,-0.0576234,-0.0427659,-0.0106766,0,0,0.000859046,1.63991e-06,-1.45779e-05,-0.000305888,0,0,-0.29507,0,0,-0.332669,1.15938,0.809867,0.011203,1,0.0584021,-0.0309879,0.99781,0.00181373,3.14159,0.116927,3.20368,-0.1026,0.0510306,1.91472e-06,-0.0003428,0.00550813,-3.34129e-06
0.990645,0,0,0.136461,0.999311,0,0,0.0371089,0.999982,0,0,0.00606777,0.457633,-0.0197635,-0.314818,-0.831307,0.347784,0.204505,0.214474,-0.889508,0.999298,0,0,-0.0374557,0.998894,0,0,0.047009,0.763853,-0.0851678,-0.247648,-0.589869,0.777164,0.153125,0.220056,-0.569337,0.979347,0,0,-0.202188,0.977051,0.000441585,-0.00397675,-0.212966,0.626854,0,0,0.779136,0.63261,0,0,0.774471,1.19045,0.0556059,-0.407676,1.04299,0.0738916,0.439476,1.16027,0.231067,-0.325816,1.04335,0.245632,0.34416,1.1165,0.567937,-0.162652,1.0638,0.572782,0.160016,1.11836,0.806912,3.06653e-07,1.12993,0.963185,0.00249061,1.17591,1.14171,0.00917043,1.26861,1.08661,-0.194102,1.2373,1.10895,0.257034,1.37431,0.86004,-0.262591,1.33992,0.9219,0.40408,1.23846,1.35223,0.0180212,0,0,-0.0630548,0,0,1.19917e-05,0,0,3.11994e-05,0.0717169,0.328968,0.704545,-0.195686,-0.233343,0.793686,0,0,0.321751,0,0,0.31013,0.0451168,0.0345752,-0.0133729,-0.0679978,-0.0504086,-0.0125947,0,0,0.000988698,2.02918e-06,-1.84442e-05,-0.000318664,0,0,-0.347737,0,0,-0.392096,1.15435,0.811379,0.0109717,1,0.0582935,-0.0309881,0.997817,0.00181035,3.14159,0.116709,3.20368,-0.1206,0.0599408,2.25648e-06,-0.000405736,0.00651995,-1.06688e-06
0.990798,0,0,0.135346,0.999311,0,0,0.0371091,0.999982,0,0,0.00606832,0.469903,-0.0188283,-0.311759,-0.825617,0.361939,0.203188,0.212703,-0.884575,0.999497,0,0,-0.0317218,0.998619,0,0,0.0525323,0.763932,-0.0844302,-0.247088,-0.590107,0.777418,0.152019,0.219246,-0.569599,0.97935,0,0,-0.20217,0.97705,0.00044162,-0.00397706,-0.212972,0.631674,0,0,0.775234,0.638009,0,0,0.770029,1.18609,0.0567106,-0.406498,1.03912,0.0745689,0.437846,1.1558,0.232685,-0.324854,1.03927,0.24696,0.342808,1.11213,0.569877,-0.162328,1.05958,0.574631,0.159577,1.11405,0.809036,3.87127e-07,1.12544,0.965346,0.00246583,1.17103,1.14398,0.00908654,1.2602,1.08779,-0.195058,1.2291,1.10908,0.256588,1.35878,0.858729,-0.266004,1.32444,0.917797,0.402964,1.23311,1.35464,0.0178659,0,0,-0.0675269,0,0,1.19917e-05,0,0,3.29994e-05,0.0767297,0.351921,0.753749,-0.209364,-0.249688,0.849186,0,0,0.344242,0,0,0.331809,0.0482677,0.0369965,-0.0143912,-0.0727074,-0.0539104,-0.0135095,0,0,0.00109409,2.1198e-06,-1.87759e-05,-0.00036451,0,0,-0.37205,0,0,-0.419489,1.14894,0.813005,0.0107225,1,0.0581776,-0.0309882,0.997824,0.00180675,3.14159,0.116477,3.20368,-0.1293,0.0637105,2.41422e-06,-0.00043213,0.00695659,-7.03032e-06
0.990948,0,0,0.134243,0.999311,0,0,0.0371093,0.999982,0,0,0.00606887,0.48195,-0.0178912,-0.308666,-0.819835,0.375857,0.201837,0.210896,-0.879498,0.999661,0,0,-0.0260494,0.998317,0,0,0.0579939,0.76401,-0.0837006,-0.246533,-0.590342,0.777667,0.150925,0.218445,-0.569857,0.979354,0,0,-0.202153,0.977049,0.000441654,-0.00397737,-0.212978,0.636416,0,0,0.771346,0.643319,0,0,0.765598,1.18178,0.057794,-0.405328,1.03529,0.0752329,0.436229,1.15137,0.234274,-0.3239,1.03522,0.248265,0.341469,1.1078,0.571784,-0.162007,1.05539,0.576448,0.159142,1.10978,0.811124,4.66725e-07,1.121,0.967471,0.00244138,1.1662,1.1462,0.00900374,1.25184,1.08903,-0.195966,1.22092,1.10927,0.256099,1.34328,0.857704,-0.269253,1.30895,0.914035,0.401689,1.22781,1.35701,0.0177125,0,0,-0.0667892,0,0,1.19917e-05,0,0,3.29994e-05,0.07589,0.348076,0.745623,-0.20711,-0.246954,0.839896,0,0,0.340487,0,0,0.328197,0.0477423,0.0366655,-0.0142013,-0.0718941,-0.0532861,-0.0133263,0,0,0.00104746,2.05934e-06,-1.87759e-05,-0.000364509,0,0,-0.367967,0,0,-0.414956,1.14357,0.814623,0.0104746,1,0.0580627,-0.0309883,0.99783,0.00180318,3.14159,0.116247,3.20368,-0.1281,0.0626505,2.38794e-06,-0.000428366,0.00689329,-5.17471e-06
0.991084,0,0,0.133238,0.999311,0,0,0.0371094,0.999982,0,0,0.00606937,0.492856,-0.0170262,-0.305787,-0.814431,0.388476,0.200564,0.209201,-0.874697,0.999782,0,0,-0.0208757,0.998015,0,0,0.062973,0.76408,-0.0830352,-0.246028,-0.590556,0.777893,0.149927,0.217714,-0.570093,0.979357,0,0,-0.202137,0.977048,0.000441685,-0.00397765,-0.212984,0.640721,0,0,0.767774,0.648134,0,0,0.761526,1.17786,0.0587749,-0.404257,1.03181,0.0758326,0.434748,1.14734,0.235715,-0.323031,1.03153,0.249449,0.340246,1.10385,0.573514,-0.161714,1.05158,0.578097,0.158745,1.10589,0.813018,5.39312e-07,1.11696,0.969398,0.00241916,1.16179,1.14822,0.00892851,1.24419,1.09021,-0.196762,1.21343,1.10951,0.255613,1.32903,0.857008,-0.272103,1.29471,0.910866,0.40038,1.22299,1.35915,0.0175731,0,0,-0.0608496,0,0,5.99587e-06,0,0,2.99994e-05,0.0692092,0.317453,0.679946,-0.188863,-0.225179,0.765961,0,0,0.310507,0,0,0.299295,0.0435366,0.0333548,-0.012946,-0.0655773,-0.0486255,-0.0121827,0,0,0.000976568,1.87795e-06,-1.6962e-05,-0.00036451,0,0,-0.335637,0,0,-0.37836,1.13867,0.816107,0.0102471,1,0.0579582,-0.0309884,0.997836,0.00179993,3.14159,0.116037,3.20368,-0.1167,0.0568213,2.17761e-06,-0.000389871,0.00627125,-5.1851e-06
0.991194,0,0,0.132414,0.999311,0,0,0.0371096,0.999982,0,0,0.00606978,0.501728,-0.0163105,-0.303388,-0.809913,0.398755,0.199493,0.207779,-0.870646,0.999862,0,0,-0.0166385,0.99775,0,0,0.0670493,0.764137,-0.0824903,-0.245614,-0.590731,0.778076,0.149109,0.217115,-0.570285,0.97936,0,0,-0.202124,0.977047,0.000441711,-0.00397788,-0.212988,0.64423,0,0,0.764831,0.652058,0,0,0.758169,1.17466,0.0595729,-0.403377,1.02897,0.0763199,0.433531,1.14404,0.236888,-0.322318,1.02852,0.250413,0.339243,1.10063,0.574923,-0.161473,1.04846,0.57944,0.158419,1.10271,0.814562,5.98756e-07,1.11365,0.970968,0.00240099,1.15819,1.14987,0.00886696,1.23791,1.09122,-0.197389,1.20728,1.10975,0.255185,1.31731,0.85661,-0.274354,1.28296,0.908461,0.399204,1.21904,1.3609,0.0174591,0,0,-0.0498786,0,0,1.19917e-05,0,0,2.45995e-05,0.0566783,0.259983,0.55676,-0.1546,-0.184409,0.627247,0,0,0.254277,0,0,0.245094,0.0356502,0.0273413,-0.0105882,-0.0537244,-0.0398142,-0.00995596,0,0,0.000800283,1.58327e-06,-1.40076e-05,-0.000247265,0,0,-0.274787,0,0,-0.309842,1.13465,0.81733,0.01006,1,0.0578725,-0.0309885,0.997841,0.00179726,3.14159,0.115866,3.20368,-0.0954,0.0463115,1.78332e-06,-0.000320084,0.00514329,-3.33917e-06
0.991269,0,0,0.131857,0.999311,0,0,0.0371096,0.999982,0,0,0.00607006,0.507693,-0.0158233,-0.301747,-0.806813,0.405672,0.198754,0.206801,-0.867848,0.999905,0,0,-0.0137753,0.997561,0,0,0.0698029,0.764175,-0.082122,-0.245334,-0.59085,0.778199,0.148556,0.21671,-0.570415,0.979362,0,0,-0.202115,0.977046,0.000441728,-0.00397804,-0.212991,0.646594,0,0,0.762834,0.6547,0,0,0.755889,1.1725,0.0601107,-0.40278,1.02705,0.0766485,0.432706,1.14182,0.237679,-0.321835,1.02648,0.251063,0.338564,1.09844,0.575873,-0.161311,1.04636,0.580345,0.158199,1.10056,0.815603,6.3892e-07,1.11141,0.972027,0.00238872,1.15576,1.15098,0.00882541,1.23366,1.09193,-0.197802,1.2031,1.10994,0.254881,1.30934,0.856431,-0.275834,1.27498,0.906935,0.398357,1.21637,1.36208,0.0173821,0,0,-0.0337216,0,0,0,0,0,1.67997e-05,0.0382918,0.175626,0.376235,-0.104512,-0.12462,0.423784,0,0,0.171811,0,0,0.165605,0.0240952,0.0184907,-0.00720347,-0.0363143,-0.0269143,-0.00674831,0,0,0.000553109,1.04292e-06,-9.80961e-06,-0.000188644,0,0,-0.185676,0,0,-0.209387,1.13194,0.818161,0.0099331,1,0.0578145,-0.0309886,0.997845,0.00179546,3.14159,0.115749,3.20368,-0.0645,0.0312252,1.20492e-06,-0.000216385,0.00348302,-1.44596e-06
0.991296,0,0,0.131653,0.999311,0,0,0.0371097,0.999982,0,0,0.00607016,0.509877,-0.0156436,-0.30114,-0.805665,0.408207,0.198479,0.206438,-0.866808,0.999919,0,0,-0.0127237,0.99749,0,0,0.0708141,0.764189,-0.0819867,-0.245232,-0.590893,0.778244,0.148353,0.216561,-0.570463,0.979362,0,0,-0.202112,0.977046,0.000441735,-0.0039781,-0.212992,0.647461,0,0,0.762098,0.655668,0,0,0.755049,1.1717,0.0603063,-0.402561,1.02635,0.076767,0.432403,1.141,0.237968,-0.321659,1.02573,0.251299,0.338314,1.09764,0.57622,-0.161251,1.04558,0.580675,0.158118,1.09977,0.815982,6.53672e-07,1.11059,0.972413,0.00238424,1.15486,1.15138,0.00881022,1.2321,1.09219,-0.19795,1.20156,1.11001,0.254766,1.30641,0.856381,-0.276368,1.27204,0.906392,0.398035,1.21539,1.36251,0.017354,0,0,-0.0123467,0,0,5.99587e-06,0,0,5.99989e-06,0.0140646,0.064501,0.138149,-0.038432,-0.0457994,0.155656,0,0,0.0631016,0,0,0.0608214,0.00885113,0.00673532,-0.00260235,-0.0133298,-0.00990081,-0.00249473,0,0,0.000176285,4.19423e-07,-3.5934e-06,-5.86213e-05,0,0,-0.0682363,0,0,-0.0768989,1.13094,0.818466,0.00988634,1,0.0577933,-0.0309886,0.997846,0.0017948,3.14159,0.115707,3.20368,-0.0237,0.0113941,4.4256e-07,-7.90399e-05,0.0012715,-1.86494e-06
