0.999703,0.00474391,-0.0237871,-0.00223816,0.999703,0.00474391,-0.0237871,-0.00223816,1,0,0,0,0.607547,-0.111475,0.0203901,-0.786158,0.757874,0.233844,0.0326775,-0.608174,0.996365,0,0,0.0851821,0.958051,0,0,0.286598,0.862572,0.057929,-0.023466,-0.502058,0.646703,-0.0775873,0.0480288,-0.757264,0.992253,0,0,-0.124236,0.980899,0,0,-0.194518,0.699518,-0.030127,-0.0160527,0.713799,0.593446,-0.0326902,0.110698,0.796554,0.248644,0.0480569,0.0222042,-0.305263,0.0841047,-0.0336758,0.184275,0.239071,0.0332302,-0.216056,0.255514,-0.0394819,0.0724602,0.603464,0.0556272,-0.0553522,0.596271,-0.0624781,0,0.853842,0,0.0159456,1.01115,0.00522578,0.0353325,1.19455,0.0132395,-0.0232322,1.12697,0.19422,0.0864018,1.14159,-0.198935,-0.0951212,0.879452,0.21344,0.191873,0.923944,-0.256451,0.0587671,1.41285,0.0237017,0,0,0,0,0,0,0,0,0,0,0,0,0,0,0,0,0,0,0,0,0,0,0,0,0,0,0,0,0,0,0,0,0,0,0,0,0,0,0,0.0164734,0.847935,0.00212383,1,0.998678,0.014104,-0.000698,-0.049423,0.0282435,-3.0504e-08,-0.0988962,0,0,0,0,0,0
0.999652,0.0115669,-0.0236872,0.00128948,0.999652,0.0115669,-0.0236872,0.00128948,1,0,0,0,0.605752,-0.108859,0.0147003,-0.788035,0.750566,0.226829,0.0203928,-0.620309,0.995885,0,0,0.0906279,0.960046,0,0,0.279841,0.859403,0.0562554,-0.00349812,-0.508182,0.66073,-0.0551251,0.0695889,-0.745355,0.988937,0,0,-0.148338,0.964988,0,0,-0.262294,0.710004,-0.015818,0.00219436,0.704017,0.606789,-0.0167895,0.121501,0.785342,0.258106,0.0396788,0.024243,-0.290495,0.101539,-0.036118,0.207091,0.235412,0.0374734,-0.18211,0.262664,-0.0422584,0.111588,0.603009,0.0612648,-0.0103202,0.591361,-0.0605117,0.0417315,0.852476,0.00474381,0.0579597,1.00983,0.00525205,0.0762249,1.19344,0.0103985,0.0203532,1.12714,0.193221,0.120117,1.13736,-0.19942,-0.0488965,0.879341,0.216455,0.218233,0.914757,-0.253054,0.0976034,1.41204,0.0186872,0.409431,0.00596977,0.211681,0.409431,0.00596977,0.211681,0,0,0,0.175868,-0.393743,-0.170248,-0.417657,-0.799328,-0.905011,0,0,0.328013,0,0,-0.422706,-0.101286,1.25591,-0.421392,1.55385,1.44491,1.09591,0,0,-1.45974,0,0,-4.17799,0.960688,1.21903,-0.844339,1.11523,0.707031,-1.081,0.0546401,0.846776,0.00276016,1,0.998608,-0.00378786,0.00745584,-0.052087,-0.00834286,0.0144968,-0.104285,1.25194,-0.0409785,0.142314,-1.04781,0.543927,-0.153696
0.999548,0.0206537,-0.0217458,0.00201411,0.999548,0.0206537,-0.0217458,0.00201411,1,0,0,0,0.612222,-0.121575,0.0207097,-0.781009,0.746065,0.2011,0.0169637,-0.634553,0.996148,0,0,0.0876925,0.964169,0,0,0.265288,0.854907,0.0754637,0.0124791,-0.513111,0.682757,-0.0317945,0.0967825,-0.723509,0.982685,0,0,-0.185283,0.937258,0,0,-0.348638,0.695293,0.00227304,-0.0278982,0.718181,0.646298,0.0187912,0.120312,0.753307,0.26304,0.0379665,0.0288563,-0.264019,0.122853,-0.0406072,0.228324,0.236004,0.0420503,-0.134671,0.27175,-0.0476922,0.150155,0.604993,0.0689911,0.0417374,0.586139,-0.0585755,0.0821014,0.85213,0.0105492,0.0977632,1.00945,0.00575894,0.114921,1.19319,0.00829649,0.0619898,1.12691,0.193191,0.154078,1.13386,-0.197137,-0.000953444,0.877796,0.22067,0.242714,0.905146,-0.246326,0.134732,1.41199,0.0151777,0.545315,0.116453,0.043487,0.545315,0.116453,0.043487,0,0,0,-0.860029,0.413164,0.630459,-1.66397,-0.222874,-1.00441,0,0,-0.176823,0,0,-0.907583,1.21739,1.00751,-0.362343,1.60196,1.78871,1.90687,0,0,-2.24838,0,0,-5.4431,1.20516,-2.01383,1.21606,2.44702,-0.214661,-3.04961,0.0932026,0.846833,0.00417972,1,0.998382,-0.0253188,0.00324386,-0.0508179,-0.0509077,0.00390394,-0.101812,1.2111,-0.0103605,0.174163,-1.30281,-0.184703,0.085928
0.999449,0.0254376,-0.0208605,0.00449347,0.999449,0.0254376,-0.0208605,0.00449347,1,0,0,0,0.625216,-0.139174,0.0292337,-0.767386,0.736908,0.174144,0.0193659,-0.65289,0.996334,0,0,0.0855513,0.967388,0,0,0.253298,0.845779,0.0831069,0.022356,-0.526546,0.715333,-0.00676322,0.0983437,-0.691796,0.980288,0,0,-0.197575,0.895516,0,0,-0.445029,0.678881,0.0160649,-0.0361954,0.733179,0.686092,0.0525241,0.10007,0.718683,0.266407,0.037583,0.0292611,-0.226137,0.152709,-0.0480675,0.242318,0.235834,0.0428852,-0.0771765,0.28696,-0.0556255,0.18004,0.606717,0.0722055,0.0951607,0.585359,-0.0590381,0.117502,0.854539,0.0136484,0.132481,1.01181,0.0064663,0.147777,1.19571,0.00805555,0.10115,1.1276,0.195217,0.180682,1.13491,-0.194463,0.0511113,0.875953,0.226348,0.258726,0.901228,-0.242484,0.164847,1.41475,0.014677,0.287127,0.0530811,0.148793,0.287127,0.0530811,0.148793,0,0,0,-1.16719,0.579215,1.2222,-1.7301,0.162151,-1.35312,0,0,-0.12896,0,0,-0.744893,0.499323,0.627671,-0.956356,1.68976,0.021902,2.71837,0,0,-0.751394,0,0,-6.30534,0.93027,-0.57108,1.3199,2.24648,-1.48825,-3.12884,0.12805,0.849601,0.00472381,1,0.998125,-0.0353455,0.00151374,-0.0499398,-0.0707688,-0.000508485,-0.0999659,1.06201,0.0722777,0.0929735,-0.606134,-0.0716842,0.0563995
0.999433,0.0259966,-0.0209176,0.00446382,0.999433,0.0259966,-0.0209176,0.00446382,1,0,0,0,0.642411,-0.151025,0.0331502,-0.7506,0.728661,0.1521,0.0226766,-0.667386,0.995968,0,0,0.0897061,0.972226,0,0,0.234046,0.831865,0.0943717,0.0174431,-0.546617,0.750388,0.01894,0.0864416,-0.655047,0.980711,0,0,-0.195465,0.851298,0,0,-0.524683,0.663839,0.0170216,-0.0420549,0.746498,0.737848,0.0718245,0.0806205,0.666274,0.268935,0.0373689,0.0297791,-0.174516,0.179393,-0.0572416,0.252613,0.23516,0.0437339,-0.01079,0.302621,-0.0630875,0.206322,0.60842,0.0745431,0.148781,0.588705,-0.0594212,0.15102,0.858627,0.0158534,0.165457,1.01588,0.00736905,0.18025,1.19983,0.00768398,0.143069,1.13111,0.197257,0.205094,1.13695,-0.192531,0.107935,0.877568,0.2324,0.270075,0.8979,-0.240108,0.19678,1.41894,0.0129071,0.0335569,-0.00343346,-0.0017782,0.0335569,-0.00343346,-0.0017782,0,0,0,-0.744061,0.253859,1.51187,-1.42089,0.22283,-1.09353,0,0,0.250248,0,0,-1.19103,0.742967,-0.305378,-1.4442,1.69082,-0.866888,3.01877,0,0,0.129127,0,0,-5.46816,0.0712805,-0.411661,1.19647,1.20148,-1.41376,-4.40548,0.162731,0.853802,0.00494451,1,0.998022,-0.0394801,0.00770578,-0.0483033,-0.0796379,0.0115673,-0.0971833,1.00556,0.122639,0.0661506,-0.229126,0.386698,0.0849462
0.999486,0.0253489,-0.019378,0.00314189,0.999486,0.0253489,-0.019378,0.00314189,1,0,0,0,0.658217,-0.158695,0.0309119,-0.735263,0.72092,0.140864,0.0206296,-0.678238,0.99457,0,0,0.104068,0.978364,0,0,0.206891,0.815216,0.0978069,0.0141767,-0.570662,0.78099,0.0371548,0.0766923,-0.618702,0.982354,0,0,-0.18703,0.815031,0,0,-0.579418,0.653415,0.0174851,-0.0445125,0.755488,0.79582,0.0897398,0.0522219,0.596566,0.271993,0.0382006,0.0304142,-0.112697,0.197715,-0.0664432,0.261916,0.235567,0.0442918,0.060366,0.316309,-0.0706979,0.231133,0.611009,0.0757368,0.202137,0.595904,-0.0605933,0.183908,0.863996,0.0174284,0.197126,1.02134,0.00862354,0.211155,1.20535,0.00834413,0.183614,1.13603,0.200216,0.228659,1.14142,-0.190201,0.164893,0.881554,0.238384,0.280578,0.897569,-0.237862,0.2271,1.42453,0.0127619,-0.0388982,0.092416,-0.0793341,-0.0388982,0.092416,-0.0793341,0,0,0,-0.456172,-0.166293,1.36434,-0.715016,-0.131249,-0.850221,0,0,0.865789,0,0,-1.67044,0.256245,-0.20229,-1.7497,1.16624,-0.69635,2.8445,0,0,0.515568,0,0,-3.94031,0.0363315,-0.179091,0.821675,1.0531,-1.94423,-5.43446,0.196919,0.859263,0.00527335,1,0.998158,-0.0400083,0.0126036,-0.043835,-0.081082,0.0216549,-0.0886539,0.986635,0.161058,0.0472516,-0.0150527,0.305343,0.256599
0.999607,0.0222127,-0.0169756,0.00201544,0.999607,0.0222127,-0.0169756,0.00201544,1,0,0,0,0.672219,-0.169823,0.0311235,-0.71994,0.711126,0.131158,0.0229384,-0.690342,0.992211,0,0,0.124565,0.983764,0,0,0.179465,0.797483,0.0936468,0.0139776,-0.595865,0.805432,0.0433995,0.0705984,-0.586866,0.984767,0,0,-0.173878,0.790027,0,0,-0.613073,0.645073,0.0161433,-0.0453046,0.762606,0.808307,0.0725597,0.0480635,0.582293,0.275237,0.0390512,0.0303001,-0.044352,0.20789,-0.075399,0.269984,0.23594,0.0439721,0.129246,0.327363,-0.0764509,0.253896,0.61321,0.0756564,0.252997,0.604687,-0.0619275,0.216251,0.869102,0.0181244,0.228184,1.0266,0.00989026,0.241187,1.21069,0.00904796,0.221376,1.1417,0.203169,0.252939,1.14558,-0.188508,0.220108,0.887601,0.24418,0.291361,0.897912,-0.236679,0.256159,1.42996,0.0122146,-0.188259,0.144208,-0.0676034,-0.188259,0.144208,-0.0676034,0,0,0,-0.692219,0.00269685,1.31099,-0.6106,0.158786,-0.975056,0,0,1.23798,0,0,-1.6772,-0.227133,-0.0069086,-1.8615,0.379423,-0.435996,2.40467,0,0,0.80231,0,0,-2.51578,-0.0876579,-0.06419,0.657529,-1.12864,-0.282182,-1.09167,0.230089,0.864501,0.00532789,1,0.998502,-0.0367579,0.0105977,-0.0391087,-0.0743155,0.0182895,-0.0789746,0.97027,0.153187,0.0208801,0.193792,-0.117597,0.286325
0.999731,0.0179018,-0.0147173,0.000555552,0.999731,0.0179018,-0.0147173,0.000555552,1,0,0,0,0.685182,-0.187519,0.0347795,-0.70296,0.698926,0.11896,0.031035,-0.704548,0.988671,0,0,0.150101,0.987564,0,0,0.157216,0.777702,0.0892704,0.0120526,-0.622145,0.824646,0.0436033,0.06795,-0.559857,0.987532,0,0,-0.157419,0.778286,0,0,-0.627909,0.63877,0.0135129,-0.0493728,0.767693,0.790261,0.0459376,0.054056,0.60865,0.278701,0.0397109,0.0298285,0.0295405,0.20724,-0.0841683,0.277379,0.236177,0.0430588,0.196158,0.333696,-0.0814637,0.275457,0.614841,0.0748802,0.301378,0.613545,-0.0635339,0.248194,0.873347,0.0180198,0.258642,1.031,0.0105904,0.270471,1.21519,0.00899193,0.257471,1.14749,0.205841,0.27701,1.14872,-0.187949,0.275166,0.89546,0.250029,0.301621,0.898391,-0.236598,0.284333,1.43454,0.0104545,-0.258733,0.135552,-0.0876062,-0.258733,0.135552,-0.0876062,0,0,0,-1.13116,0.235059,1.38814,-0.774205,0.548522,-1.1671,0,0,1.54686,0,0,-1.35432,-0.239626,-0.118283,-1.98716,-0.00647356,-0.200577,1.98577,0,0,1.0014,0,0,-1.1352,-0.177293,-0.286341,0.479993,-1.68829,0.407548,1.95105,0.262451,0.868756,0.00481244,1,0.998903,-0.0322835,0.00512492,-0.0335345,-0.0648875,0.00807346,-0.0673795,0.958292,0.127354,-0.00313898,0.259655,-0.326339,0.344118
0.999821,0.0142117,-0.0124606,0.000208887,0.999821,0.0142117,-0.0124606,0.000208887,1,0,0,0,0.697279,-0.21168,0.0387555,-0.683733,0.684551,0.102086,0.0441004,-0.720433,0.984521,0,0,0.175265,0.990176,0,0,0.139824,0.761084,0.0852429,0.00699289,-0.642989,0.843333,0.0396785,0.0674462,-0.531664,0.989686,0,0,-0.143252,0.780349,0,0,-0.625344,0.632146,0.00628928,-0.0562319,0.77278,0.762484,0.0197525,0.0660594,0.643323,0.281513,0.0404034,0.0299242,0.10874,0.195617,-0.0930099,0.284041,0.236351,0.0424257,0.262085,0.334332,-0.0861256,0.295253,0.615715,0.073895,0.34605,0.621907,-0.0652776,0.278255,0.876281,0.017368,0.288269,1.03403,0.0111409,0.299699,1.21825,0.00948866,0.293095,1.15172,0.209673,0.300732,1.15148,-0.187039,0.329365,0.903346,0.256931,0.310155,0.899663,-0.236878,0.313155,1.43763,0.0101939,-0.221451,0.135437,-0.0208021,-0.221451,0.135437,-0.0208021,0,0,0,-1.55703,0.254989,1.50848,-1.08972,0.890041,-1.33248,0,0,1.53027,0,0,-1.05523,-0.22686,-0.325465,-1.61233,-0.267328,-0.0610798,2.02616,0,0,0.85977,0,0,0.19753,-0.493389,-0.479852,0.48942,-1.67782,0.819552,2.67115,0.293866,0.871552,0.00450143,1,0.999129,-0.0268749,-0.00230473,-0.0318327,-0.0535829,-0.00631649,-0.06353,0.901853,0.0880213,-0.0195546,0.310177,-0.452952,0.115184
0.999878,0.011545,-0.0105397,-0.000259482,0.999878,0.011545,-0.0105397,-0.000259482,1,0,0,0,0.708849,-0.237044,0.0420841,-0.663002,0.669364,0.0819238,0.0624121,-0.735761,0.979775,0,0,0.200104,0.992097,0,0,0.125472,0.744398,0.0844166,0.00132146,-0.662377,0.858163,0.0351179,0.0703364,-0.507322,0.99161,0,0,-0.129264,0.795905,0,0,-0.605421,0.625894,-0.00167728,-0.0650331,0.77719,0.7246,-0.0129484,0.0729005,0.685181,0.284175,0.041143,0.0300585,0.193449,0.175765,-0.100383,0.290427,0.236525,0.0418853,0.327138,0.329266,-0.0894609,0.314357,0.616031,0.0735026,0.387552,0.628615,-0.0659277,0.307646,0.877884,0.0172522,0.317444,1.03568,0.0117911,0.328781,1.21991,0.00998421,0.328054,1.15505,0.213553,0.324764,1.1532,-0.186254,0.382314,0.911801,0.263535,0.318978,0.901037,-0.237415,0.342212,1.4393,0.0100067,-0.160024,0.115274,-0.0281036,-0.160024,0.115274,-0.0281036,0,0,0,-1.62592,0.210088,1.58515,-1.32258,1.25621,-1.32658,0,0,1.51731,0,0,-0.868793,-0.0191677,-0.369727,-1.53871,-0.300678,0.159462,1.71228,0,0,0.847195,0,0,1.5166,-0.547146,-0.615428,0.437551,-2.14605,0.515175,3.3778,0.324755,0.872863,0.0045333,1,0.999194,-0.0233827,-0.0108324,-0.0307909,-0.0460891,-0.0230893,-0.0610799,0.881713,0.0480862,-0.0034728,0.193026,-0.516203,0.0768072
0.99992,0.00900499,-0.00888586,-0.000122612,0.99992,0.00900499,-0.00888586,-0.000122612,1,0,0,0,0.72041,-0.261211,0.0438004,-0.640984,0.653681,0.0596417,0.0839559,-0.74973,0.975326,0,0,0.220771,0.993595,0,0,0.112999,0.730391,0.0806167,-0.00293711,-0.678249,0.868742,0.0277742,0.0756288,-0.488668,0.9928,0,0,-0.119787,0.82556,0,0,-0.564314,0.618861,-0.00762726,-0.0723211,0.782127,0.690139,-0.0282521,0.0588998,0.720722,0.28676,0.0417451,0.0300468,0.284163,0.148598,-0.106178,0.297234,0.236411,0.0410908,0.391348,0.318265,-0.0930719,0.333158,0.61545,0.0724942,0.424656,0.633143,-0.0671159,0.335746,0.878139,0.0164986,0.345516,1.03596,0.01189,0.356756,1.2202,0.0100703,0.36158,1.15738,0.216823,0.348405,1.15397,-0.185833,0.432887,0.920334,0.269322,0.328165,0.902399,-0.238177,0.370048,1.4396,0.0095973,-0.152414,0.0992413,0.00821266,-0.152414,0.0992413,0.00821266,0,0,0,-1.53226,0.101356,1.65591,-1.48184,1.49247,-1.26089,0,0,1.26845,0,0,-0.75378,-0.22137,-0.280815,-1.28067,-0.469295,0.315551,1.2911,0,0,0.573081,0,0,3.04157,-0.410959,-0.515742,0.493316,-1.03812,-0.874539,2.99217,0.354562,0.872584,0.00414118,1,0.99913,-0.0197028,-0.0202858,-0.0306658,-0.0381696,-0.0417569,-0.0605685,0.842993,0.00764542,-0.0226095,0.202984,-0.573423,0.023042
0.999942,0.00718694,-0.00802333,-0.000377899,0.999942,0.00718694,-0.00802333,-0.000377899,1,0,0,0,0.732825,-0.279844,0.0422623,-0.618764,0.638606,0.0403182,0.102461,-0.761616,0.971665,0,0,0.236363,0.994935,0,0,0.100524,0.719545,0.075707,-0.00593473,-0.690281,0.875815,0.0200234,0.0796264,-0.475612,0.993324,0,0,-0.115358,0.865648,0,0,-0.500653,0.611822,-0.012174,-0.0749773,0.78734,0.684089,-0.0433185,0.0498038,0.726405,0.289032,0.0427343,0.029624,0.380574,0.118005,-0.111471,0.30462,0.236514,0.0401609,0.455793,0.303442,-0.096169,0.352503,0.614469,0.071111,0.457499,0.635388,-0.0683142,0.363356,0.877584,0.0152669,0.373786,1.03539,0.0114413,0.385902,1.21958,0.00982341,0.39608,1.1587,0.219142,0.373274,1.15436,-0.185647,0.481753,0.927926,0.273551,0.338216,0.904223,-0.238733,0.400293,1.43891,0.00925202,-0.109089,0.0517571,-0.0153175,-0.109089,0.0517571,-0.0153175,0,0,0,-1.14754,-0.115251,1.66749,-1.29847,1.30149,-1.12219,0,0,0.960974,0,0,-0.752843,-0.303492,-0.199624,-0.984364,-0.489675,0.238417,0.894316,0,0,0.267628,0,0,4.51493,-0.316197,-0.198153,0.515603,-1.01759,-0.602286,0.496579,0.384574,0.871246,0.00345682,1,0.998956,-0.0165975,-0.0273891,-0.0325778,-0.03143,-0.0558315,-0.0643228,0.828315,-0.0166485,-0.0369513,0.175206,-0.434016,-0.102765
0.999952,0.00611844,-0.00771521,-9.87422e-05,0.999952,0.00611844,-0.00771521,-9.87422e-05,1,0,0,0,0.745409,-0.290022,0.0373068,-0.599049,0.625328,0.0249715,0.117591,-0.771047,0.968556,0,0,0.248797,0.996094,0,0,0.0882957,0.710656,0.0721203,-0.00750225,-0.699793,0.87936,0.0125107,0.0840232,-0.468519,0.993646,0,0,-0.112547,0.908477,0,0,-0.417935,0.604827,-0.013182,-0.0778987,0.792428,0.698913,-0.0491459,0.0387956,0.712461,0.291116,0.0439242,0.0295425,0.480017,0.0904137,-0.114989,0.312063,0.236663,0.0394767,0.518709,0.287913,-0.0984815,0.37174,0.613108,0.0698663,0.485968,0.634747,-0.0693403,0.390447,0.876112,0.0139088,0.402114,1.03384,0.0103494,0.415574,1.21794,0.00861116,0.430468,1.15918,0.219836,0.399105,1.15359,-0.186364,0.527875,0.934449,0.276044,0.35049,0.90542,-0.239426,0.431518,1.43715,0.00769105,-0.064113,0.0184887,0.0167498,-0.064113,0.0184887,0.0167498,0,0,0,-0.580406,-0.338742,1.48943,-1.04155,1.07913,-0.928963,0,0,0.769028,0,0,-0.736968,-0.221502,-0.10567,-0.789823,-0.471381,0.268713,0.480866,0,0,0.169777,0,0,5.59097,-0.0723729,-0.217626,0.509099,-0.372813,-0.755247,-1.21367,0.414249,0.868985,0.00239001,1,0.998691,-0.0155021,-0.0321971,-0.0365937,-0.0286726,-0.0654913,-0.0723112,0.812718,-0.0441638,-0.0407423,0.0625954,-0.294755,-0.234635
0.999952,0.00640785,-0.00738029,0.000448133,0.999952,0.00640785,-0.00738029,0.000448133,1,0,0,0,0.756256,-0.295022,0.0311311,-0.583154,0.61442,0.0117112,0.131413,-0.77787,0.96549,0,0,0.26044,0.996993,0,0,0.0774945,0.701659,0.0698349,-0.00571453,-0.70906,0.879255,0.00189977,0.0941065,-0.466959,0.994187,0,0,-0.107671,0.946867,0,0,-0.321627,0.598696,-0.014797,-0.0784804,0.796985,0.709928,-0.0460351,0.0303059,0.702115,0.293178,0.045479,0.0302827,0.579321,0.0722118,-0.116206,0.31916,0.237138,0.0396427,0.578801,0.274332,-0.0995579,0.390883,0.611744,0.0693246,0.511625,0.631222,-0.06997,0.418125,0.873866,0.0128751,0.431523,1.03144,0.00874758,0.446759,1.21539,0.00643947,0.464982,1.15883,0.219239,0.427241,1.15164,-0.188026,0.571122,0.939482,0.277343,0.366853,0.90571,-0.240566,0.464701,1.43445,0.00488435,0.017365,0.0200959,0.032813,0.017365,0.0200959,0.032813,0,0,0,-0.249212,-0.413938,1.20034,-0.909166,0.99152,-0.707158,0,0,0.7224,0,0,-0.650314,-0.1359,0.117651,-0.781169,-0.663556,0.630778,0.0964758,0,0,0.29431,0,0,6.22344,-0.114688,-0.0540881,0.455545,0.221065,-0.576195,-0.891355,0.444216,0.866194,0.00118842,1,0.998278,-0.0177956,-0.036595,-0.0422451,-0.0325343,-0.0746368,-0.0833707,0.830335,-0.0673685,-0.0310103,-0.136555,-0.264549,-0.339892
0.999938,0.00841603,-0.00726141,0.000662931,0.999938,0.00841603,-0.00726141,0.000662931,1,0,0,0,0.763966,-0.299854,0.027094,-0.57071,0.603116,-0.00297576,0.146757,-0.784031,0.963051,0,0,0.269317,0.997322,0,0,0.0731423,0.690399,0.0704907,-0.0037792,-0.719976,0.874838,-0.0135035,0.108587,-0.471895,0.994697,0,0,-0.102853,0.975623,0,0,-0.219454,0.595368,-0.0204849,-0.0785718,0.79934,0.71382,-0.0318042,0.0398802,0.698469,0.295658,0.0476593,0.0312929,0.673132,0.0656662,-0.116716,0.327079,0.238254,0.0402573,0.634948,0.264333,-0.0991983,0.411518,0.610452,0.0693053,0.53647,0.625419,-0.0698559,0.447369,0.87102,0.011968,0.462084,1.02844,0.00666865,0.478679,1.21226,0.00377155,0.499044,1.1574,0.217808,0.456295,1.14945,-0.190117,0.611562,0.942362,0.277316,0.386229,0.905922,-0.242245,0.498151,1.43119,0.00188536,0.120495,0.00713074,0.0128883,0.120495,0.00713074,0.0128883,0,0,0,-0.259332,-0.269172,0.921896,-1.01639,1.10776,-0.676831,0,0,0.552384,0,0,-0.261871,0.0644535,0.128142,-0.940018,-0.964606,0.916174,-0.354807,0,0,0.290733,0,0,6.37154,-0.397739,-0.0138456,0.240066,0.95054,0.633389,-0.312367,0.474491,0.863274,-2.16721e-05,1,0.997844,-0.0228327,-0.0404475,-0.0463779,-0.0419718,-0.0829334,-0.0911477,0.877338,-0.0853843,-0.0272131,-0.302864,-0.223352,-0.25559
0.999928,0.0102143,-0.00629727,0.000466244,0.999928,0.0102143,-0.00629727,0.000466244,1,0,0,0,0.768191,-0.305006,0.0255385,-0.562319,0.592087,-0.0173208,0.161845,-0.789265,0.960767,0,0,0.277356,0.997294,0,0,0.0735155,0.679432,0.0704073,-0.00831097,-0.730305,0.866194,-0.0359423,0.123269,-0.48293,0.994708,0,0,-0.102742,0.992998,0,0,-0.118131,0.591839,-0.0331497,-0.0826921,0.801118,0.714586,-0.00133339,0.0463784,0.698008,0.298846,0.0507453,0.0325265,0.756179,0.0685371,-0.116581,0.33698,0.239869,0.0406619,0.6854,0.257949,-0.0981299,0.434666,0.608933,0.0681808,0.562082,0.618521,-0.0701016,0.479075,0.868027,0.00937331,0.49494,1.02531,0.00355612,0.512831,1.20901,0.000761181,0.532835,1.1548,0.215721,0.488842,1.14778,-0.192789,0.648802,0.942546,0.276117,0.410983,0.906782,-0.245582,0.533823,1.4278,-0.000666699,0.107903,0.0578482,-0.0118014,0.107903,0.0578482,-0.0118014,0,0,0,-0.304518,-0.104077,0.605164,-1.00185,1.09911,-0.612625,0,0,0.501417,0,0,0.0224526,0.0147042,-0.306374,-0.903396,-1.41239,0.94339,-0.784139,0,0,0.00670529,0,0,6.17084,-0.885843,-0.295486,0.205109,2.02545,0.431032,-0.0443611,0.506026,0.860535,-0.00183556,1,0.997249,-0.0259176,-0.0484208,-0.0497737,-0.0471221,-0.0993185,-0.0973968,0.951169,-0.0897862,-0.0778409,-0.199458,-0.474888,-0.201529
0.999932,0.0103903,-0.00516541,-0.000849506,0.999932,0.0103903,-0.00516541,-0.000849506,1,0,0,0,0.769633,-0.308402,0.0266304,-0.55843,0.584034,-0.0282039,0.175357,-0.79206,0.958835,0,0,0.283963,0.997117,0,0,0.0758742,0.66929,0.0679385,-0.0159507,-0.739717,0.857191,-0.0466861,0.125957,-0.497172,0.993876,0,0,-0.110501,0.999188,0,0,-0.0403022,0.58797,-0.0435158,-0.0876994,0.802936,0.711559,0.0131626,0.0451347,0.701052,0.303038,0.054997,0.0331059,0.821615,0.0749229,-0.115051,0.349675,0.241934,0.0404424,0.728747,0.254228,-0.0963236,0.461093,0.606894,0.0660213,0.590172,0.611954,-0.0706461,0.512669,0.864805,0.005457,0.529169,1.02202,-0.000488628,0.54825,1.2056,-0.00330822,0.566538,1.15185,0.212044,0.523626,1.14532,-0.196837,0.683164,0.940665,0.27289,0.440418,0.906386,-0.250605,0.570876,1.42423,-0.00470446,0.0105546,0.0679135,-0.0789468,0.0105546,0.0679135,-0.0789468,0,0,0,-0.210333,0.0701593,0.272787,-0.765921,0.983566,-0.379302,0,0,0.413005,0,0,0.141919,-0.148008,-0.518949,-0.833285,-0.684437,0.194292,-0.995156,0,0,-0.46825,0,0,4.68564,-0.728209,-0.359205,0.216468,0.964297,-0.0791446,0.256633,0.538403,0.857826,-0.00455689,1,0.996735,-0.0269654,-0.05652,-0.0509754,-0.0483342,-0.115678,-0.0993966,1.00783,-0.096685,-0.117489,-0.0841933,-0.484853,-0.0638934
0.999942,0.00969244,-0.00448454,-0.00154893,0.999942,0.00969244,-0.00448454,-0.00154893,1,0,0,0,0.767041,-0.313032,0.0321786,-0.559127,0.578688,-0.0307739,0.182136,-0.794355,0.957474,0,0,0.28852,0.996846,0,0,0.0793606,0.659972,0.0618909,-0.0211319,-0.748438,0.854946,-0.0445822,0.121702,-0.502264,0.992154,0,0,-0.12502,0.999561,0,0,-0.0296397,0.586448,-0.0475295,-0.0907844,0.803479,0.70163,0.0249769,0.0166122,0.711909,0.308612,0.060782,0.0335075,0.860511,0.0728054,-0.108683,0.365231,0.244842,0.0402797,0.764723,0.250097,-0.0942532,0.490704,0.604661,0.0636079,0.62503,0.607805,-0.0725259,0.547928,0.861519,0.00102302,0.564324,1.01874,-0.00514581,0.583547,1.2023,-0.00846374,0.599441,1.14919,0.206849,0.559107,1.14203,-0.202462,0.715163,0.937884,0.26757,0.473903,0.904122,-0.257325,0.606471,1.42089,-0.0105661,-0.0418722,0.0408544,-0.0419659,-0.0418722,0.0408544,-0.0419659,0,0,0,-0.32106,0.3631,-0.0806311,-0.184706,0.502913,-0.284194,0,0,0.285342,0,0,0.209815,-0.393571,-0.355709,-0.776821,0.130355,-0.262069,-0.346385,0,0,-0.877241,0,0,0.640146,-0.282622,-0.219613,0.0732828,0.792382,-1.89332,0.904457,0.571217,0.855142,-0.00800809,1,0.996386,-0.027645,-0.0627637,-0.0501204,-0.0492222,-0.128196,-0.0973597,1.05777,-0.0985707,-0.13302,-0.0631991,-0.371123,0.0578649
0.999956,0.00802466,-0.00486857,-0.000574225,0.999956,0.00802466,-0.00486857,-0.000574225,1,0,0,0,0.761847,-0.313018,0.0377293,-0.56585,0.577703,-0.0274469,0.185365,-0.794447,0.956946,0,0,0.290267,0.99665,0,0,0.0817845,0.65571,0.0545727,-0.0284921,-0.752499,0.862038,-0.03809,0.108147,-0.493705,0.989144,0,0,-0.146951,0.996997,0,0,-0.0774398,0.589161,-0.047332,-0.0903372,0.801554,0.711587,0.0163236,0.0230261,0.70203,0.315037,0.0684335,0.0337017,0.875831,0.0612489,-0.104305,0.383122,0.248813,0.0400424,0.793672,0.246353,-0.0932329,0.522687,0.602344,0.060334,0.663858,0.606981,-0.0765376,0.583603,0.858808,-0.00434164,0.60045,1.01601,-0.00982597,0.619919,1.19954,-0.0130503,0.63416,1.14569,0.201398,0.594706,1.13951,-0.208195,0.74635,0.932065,0.260045,0.50942,0.902161,-0.265064,0.643003,1.41812,-0.0153777,-0.100071,-0.0230411,0.0584834,-0.100071,-0.0230411,0.0584834,0,0,0,-0.0388126,0.366374,-0.509704,0.23264,0.231896,-0.0292705,0,0,0.10956,0,0,0.145908,-0.490513,-0.502918,-0.362186,0.415607,-0.872278,0.618662,0,0,-1.32823,0,0,-2.8724,0.0175263,0.0383627,-0.197451,-0.582095,0.422446,-0.839868,0.60446,0.852906,-0.0119062,1,0.996486,-0.0246015,-0.0607468,-0.0521501,-0.0430375,-0.12395,-0.101902,1.07024,-0.0813243,-0.16094,0.195825,0.108436,-0.112924
0.999703,-0.00474909,0.023787,-0.00223548,0.999703,-0.00474909,0.023787,-0.00223548,1,0,0,0,0.757869,-0.233838,-0.0326682,-0.608183,0.607546,0.111473,-0.0203858,-0.786159,0.958052,0,0,0.286593,0.996365,0,0,0.0851863,0.646714,0.0775702,-0.0480452,-0.757255,0.86257,-0.0579277,0.0234509,-0.502063,0.980889,0,0,-0.19457,0.99225,0,0,-0.124255,0.593457,0.0326782,-0.110706,0.796546,0.699526,0.0301161,0.0160389,0.713792,0.316873,0.0841172,0.0336781,0.870778,0.0480512,-0.0222046,0.406095,0.25552,0.0394842,0.806419,0.239069,-0.0332328,0.566808,0.596269,0.0624766,0.694616,0.603465,-0.0556314,0.622157,0.853842,-3.60527e-06,0.638103,1.01115,-0.0052258,0.657489,1.19455,-0.0132373,0.708553,1.14159,0.198935,0.598927,1.12697,-0.19422,0.814018,0.923938,0.256449,0.52704,0.879453,-0.213443,0.680922,1.41285,-0.0236979,-0.766461,1.71948,-0.0996883,-0.766461,1.71948,-0.0996883,0,0,0,5.14511,-4.59794,-2.82243,9.65526,-14.4243,1.25648,0,0,-0.230256,0,0,0.204822,1.58277,-1.34134,-0.508393,-1.24752,-5.32945,-0.519916,0,0,-2.90002,0,0,-2.82355,5.58533,-1.40927,-0.448384,0.926958,-0.459861,1.00448,0.638628,0.847935,-0.00212421,1,0.998678,-0.0140904,0.000691802,-0.049425,-0.0282157,-1.10615e-05,-0.0989001,1.15663,-0.148993,0.130141,0.814522,3.65486,0.117487
0.999652,-0.0115738,0.0236857,0.00129003,0.999652,-0.0115738,0.0236857,0.00129003,1,0,0,0,0.750563,-0.226809,-0.0203902,-0.62032,0.605757,0.108869,-0.0147048,-0.788029,0.960049,0,0,0.27983,0.995885,0,0,0.0906256,0.660748,0.0551074,-0.0696096,-0.745339,0.8594,-0.05627,0.00348598,-0.508186,0.96497,0,0,-0.262361,0.988933,0,0,-0.148366,0.60682,0.0167625,-0.1215,0.785319,0.709993,0.0158042,-0.00217148,0.704028,0.331649,0.101551,0.0361221,0.880236,0.0396746,-0.0242466,0.440051,0.262667,0.042263,0.829232,0.23541,-0.0374769,0.611845,0.591355,0.0605104,0.733743,0.603008,-0.0612707,0.663888,0.852474,-0.00474823,0.680115,1.00983,-0.00525244,0.69838,1.19344,-0.0103969,0.742269,1.13736,0.199419,0.64251,1.12714,-0.193221,0.840377,0.914747,0.253049,0.573265,0.879338,-0.216458,0.719757,1.41204,-0.0186845,-0.409535,-0.00605373,0.211553,-0.409535,-0.00605373,0.211553,0,0,0,0.418601,0.798891,-0.905093,-0.175078,0.393129,-0.169642,0,0,-0.423075,0,0,0.327629,-1.55389,-1.44518,1.09652,0.100285,-1.25573,-0.421349,0,0,-4.17895,0,0,-1.46034,-1.11627,-0.706333,-1.08248,-0.960866,-1.21658,-0.842764,0.676795,0.846774,-0.00276118,1,0.998608,0.00380423,-0.00745264,-0.052086,0.0083752,-0.0144887,-0.104284,1.25191,-0.0410423,-0.142339,1.04801,-0.543369,-0.153525
0.999548,-0.0206574,0.0217451,0.00201599,0.999548,-0.0206574,0.0217451,0.00201599,1,0,0,0,0.746059,-0.20108,-0.0169655,-0.634567,0.612232,0.121588,-0.0207162,-0.780999,0.964172,0,0,0.265279,0.996148,0,0,0.0876909,0.682782,0.0317755,-0.0967838,-0.723486,0.854901,-0.0754696,-0.0124866,-0.513121,0.93723,0,0,-0.348713,0.982683,0,0,-0.185293,0.646329,-0.0188169,-0.120297,0.753282,0.695281,-0.00228352,0.0279045,0.718192,0.358134,0.122873,0.0406126,0.885168,0.0379656,-0.0288565,0.487497,0.27176,0.0476984,0.850461,0.236003,-0.0420509,0.663903,0.586137,0.0585762,0.772303,0.604994,-0.0689935,0.704254,0.852132,-0.0105516,0.719915,1.00945,-0.00575948,0.737071,1.19319,-0.00829632,0.776224,1.13386,0.197136,0.684145,1.12691,-0.193192,0.864852,0.905142,0.246323,0.621211,0.877795,-0.220675,0.756881,1.41199,-0.0151773,-0.545119,-0.116405,0.0435671,-0.545119,-0.116405,0.0435671,0,0,0,1.66402,0.222582,-1.00468,0.860267,-0.413292,0.630905,0,0,-0.90746,0,0,-0.176787,-1.60203,-1.78736,1.90749,-1.21684,-1.00722,-0.36279,0,0,-5.44375,0,0,-2.24724,-2.44687,0.215644,-3.04967,-1.20495,2.01274,1.21613,0.715354,0.846834,-0.00418008,1,0.998382,0.0253264,-0.00324255,-0.0508172,0.0509228,-0.00390057,-0.101811,1.21098,-0.0102458,-0.174101,1.30228,0.184618,0.0859057
0.999449,-0.025438,0.0208606,0.00449345,0.999449,-0.025438,0.0208606,0.00449345,1,0,0,0,0.736902,-0.174128,-0.0193685,-0.652901,0.625229,0.139183,-0.0292367,-0.767373,0.967392,0,0,0.253283,0.996333,0,0,0.0855545,0.71536,0.00674368,-0.0983348,-0.691769,0.845769,-0.0831155,-0.0223523,-0.526561,0.895485,0,0,-0.445091,0.980288,0,0,-0.197573,0.686133,-0.0525389,-0.100055,0.718645,0.67887,-0.0160656,0.0361998,0.73319,0.396027,0.152727,0.0480741,0.888535,0.0375823,-0.0292614,0.544999,0.28697,0.0556313,0.864452,0.235833,-0.0428858,0.717327,0.585361,0.0590386,0.802186,0.606718,-0.0722073,0.739653,0.854543,-0.01365,0.754632,1.01181,-0.00646698,0.769927,1.19571,-0.00805526,0.802826,1.13491,0.194462,0.723307,1.1276,-0.195219,0.88086,0.901225,0.242483,0.67328,0.875953,-0.226353,0.786996,1.41475,-0.0146757,-0.286934,-0.0530381,0.148679,-0.286934,-0.0530381,0.148679,0,0,0,1.72986,-0.162197,-1.35292,1.16686,-0.578966,1.22243,0,0,-0.745232,0,0,-0.128672,-1.68976,-0.0212181,2.7186,-0.499507,-0.626965,-0.956726,0,0,-6.30471,0,0,-0.750725,-2.24569,1.48819,-3.12982,-0.929621,0.57096,1.3198,0.750202,0.849604,-0.00472395,1,0.998125,0.0353487,-0.00151845,-0.0499386,0.0707755,0.000499317,-0.0999637,1.06196,0.072316,-0.0929531,0.605847,0.0713363,0.0564244
0.999433,-0.0259961,0.0209164,0.00446282,0.999433,-0.0259961,0.0209164,0.00446282,1,0,0,0,0.728655,-0.152091,-0.022675,-0.667395,0.642423,0.151031,-0.0331485,-0.750589,0.972231,0,0,0.234025,0.995967,0,0,0.089717,0.750412,-0.0189538,-0.0864343,-0.65502,0.831853,-0.0943744,-0.0174406,-0.546635,0.851272,0,0,-0.524725,0.980712,0,0,-0.195458,0.737895,-0.0718384,-0.0805992,0.666224,0.663832,-0.0170219,0.0420567,0.746505,0.447657,0.179404,0.0572486,0.891063,0.037369,-0.0297795,0.61139,0.30263,0.0630935,0.874746,0.23516,-0.0437342,0.770947,0.58871,0.0594222,0.828467,0.608422,-0.0745439,0.773171,0.858632,-0.0158546,0.787607,1.01589,-0.00737,0.802399,1.19983,-0.00768448,0.827238,1.13695,0.19253,0.765225,1.13111,-0.19726,0.892208,0.897899,0.240106,0.730104,0.87757,-0.232405,0.818929,1.41895,-0.012907,-0.0335019,0.00336061,-0.00183716,-0.0335019,0.00336061,-0.00183716,0,0,0,1.42036,-0.222562,-1.09334,0.74384,-0.253538,1.51176,0,0,-1.1914,0,0,0.250716,-1.69042,0.866758,3.01864,-0.742599,0.305299,-1.44443,0,0,-5.467,0,0,0.129421,-1.20137,1.41417,-4.40626,-0.0712541,0.411485,1.19619,0.784882,0.853806,-0.00494472,1,0.998023,0.0394805,-0.0077095,-0.0482999,0.079639,-0.011575,-0.0971768,1.00555,0.122668,-0.0661362,0.228964,-0.386636,0.0850774
0.999486,-0.0253465,0.0193762,0.00314103,0.999486,-0.0253465,0.0193762,0.00314103,1,0,0,0,0.720913,-0.140856,-0.0206313,-0.678247,0.658227,0.158704,-0.0309121,-0.735251,0.978368,0,0,0.20687,0.994569,0,0,0.104083,0.781009,-0.0371595,-0.0766877,-0.618678,0.815203,-0.0978038,-0.0141766,-0.570681,0.815012,0,0,-0.579444,0.982356,0,0,-0.18702,0.795829,-0.0897267,-0.0522187,0.596555,0.653409,-0.017484,0.0445131,0.755493,0.50948,0.197722,0.0664502,0.894122,0.0382007,-0.0304142,0.682544,0.316316,0.0707026,0.884048,0.235567,-0.0442916,0.824301,0.59591,0.0605944,0.853276,0.61101,-0.0757368,0.806058,0.864,-0.017429,0.819275,1.02135,-0.00862451,0.833303,1.20536,-0.00834467,0.850803,1.14142,0.190199,0.805768,1.13603,-0.200218,0.902712,0.897569,0.237861,0.787061,0.881558,-0.238388,0.849247,1.42453,-0.0127614,0.0390117,-0.0924554,-0.0793252,0.0390117,-0.0924554,-0.0793252,0,0,0,0.714936,0.131029,-0.850315,0.456352,0.166164,1.3643,0,0,-1.67044,0,0,0.866072,-1.16564,0.696151,2.84417,-0.25588,0.202142,-1.74978,0,0,-3.93923,0,0,0.515786,-1.05141,1.94295,-5.43117,-0.0362376,0.179004,0.82155,0.819069,0.859267,-0.00527336,1,0.998158,0.0400059,-0.0126021,-0.0438315,0.0810769,-0.0216524,-0.0886466,0.986623,0.161052,-0.0472316,0.0148955,-0.305021,0.256622
0.999607,-0.0222094,0.0169739,0.00201433,0.999607,-0.0222094,0.0169739,0.00201433,1,0,0,0,0.711117,-0.131148,-0.0229445,-0.690353,0.672229,0.169837,-0.0311263,-0.719927,0.983767,0,0,0.179449,0.992209,0,0,0.124585,0.805447,-0.0433996,-0.0705964,-0.586845,0.797468,-0.0936435,-0.0139762,-0.595886,0.790018,0,0,-0.613084,0.984769,0,0,-0.173866,0.808294,-0.0725395,-0.0480681,0.582313,0.645069,-0.0161413,0.0453077,0.76261,0.57783,0.207889,0.075406,0.897365,0.0390512,-0.0303,0.751422,0.327367,0.076455,0.892115,0.235939,-0.0439716,0.875159,0.604693,0.0619289,0.876038,0.613211,-0.0756559,0.8384,0.869105,-0.0181244,0.850333,1.0266,-0.0098908,0.863335,1.21069,-0.00904793,0.875083,1.14558,0.188508,0.843529,1.14171,-0.203171,0.913494,0.897912,0.236679,0.842276,0.887606,-0.244185,0.878306,1.42996,-0.0122133,0.188313,-0.144201,-0.0676187,0.188313,-0.144201,-0.0676187,0,0,0,0.610723,-0.159081,-0.975203,0.692555,-0.00287454,1.31104,0,0,-1.67695,0,0,1.23822,-0.379127,0.435816,2.40435,0.227143,0.00699258,-1.8616,0,0,-2.51473,0,0,0.802461,1.12906,0.281658,-1.08935,0.0877259,0.0643585,0.657394,0.85224,0.864504,-0.00532749,1,0.998503,0.0367545,-0.0105935,-0.0391044,0.0743083,-0.0182818,-0.0789657,0.970261,0.153167,-0.0208618,-0.193841,0.117756,0.286369
0.999731,-0.017899,0.0147156,0.000555289,0.999731,-0.017899,0.0147156,0.000555289,1,0,0,0,0.698915,-0.118947,-0.031045,-0.704561,0.685192,0.187537,-0.0347825,-0.702946,0.987566,0,0,0.157203,0.988668,0,0,0.15012,0.824661,-0.0436004,-0.0679496,-0.559836,0.77769,-0.0892673,-0.0120488,-0.622161,0.778288,0,0,-0.627907,0.987534,0,0,-0.157408,0.790241,-0.0459178,-0.0540652,0.608677,0.638765,-0.0135074,0.049378,0.767697,0.651726,0.207229,0.0841754,0.900828,0.039711,-0.0298289,0.818333,0.333695,0.0814676,0.89951,0.236177,-0.0430586,0.923538,0.613551,0.0635354,0.897598,0.614842,-0.0748796,0.870342,0.87335,-0.0180193,0.88079,1.031,-0.0105909,0.892619,1.21519,-0.00899231,0.899153,1.14872,0.187949,0.879624,1.14749,-0.205844,0.923753,0.898392,0.236599,0.897333,0.895465,-0.250034,0.90648,1.43455,-0.0104543,0.258704,-0.135552,-0.0875554,0.258704,-0.135552,-0.0875554,0,0,0,0.774443,-0.54878,-1.16723,1.13149,-0.235075,1.38823,0,0,-1.35409,0,0,1.54684,0.0066732,0.20047,1.9858,0.239618,0.11844,-1.98687,0,0,-1.13419,0,0,1.00129,1.68828,-0.407859,1.9516,0.177532,0.286487,0.480002,0.8846,0.868758,-0.00481221,1,0.998903,0.0322794,-0.00511927,-0.0335332,0.0648789,-0.00806254,-0.0673765,0.95825,0.127324,0.00315147,-0.259692,0.326437,0.343944
0.999821,-0.0142097,0.0124592,0.000208531,0.999821,-0.0142097,0.0124592,0.000208531,1,0,0,0,0.68454,-0.102071,-0.0441143,-0.720445,0.697288,0.211699,-0.038758,-0.683718,0.990178,0,0,0.139813,0.984518,0,0,0.175284,0.843344,-0.0396751,-0.0674484,-0.531646,0.761072,-0.0852423,-0.00698858,-0.643004,0.780361,0,0,-0.625329,0.989688,0,0,-0.143242,0.762457,-0.0197276,-0.0660648,0.643355,0.632142,-0.00628323,0.0562386,0.772784,0.730929,0.1956,0.0930159,0.903641,0.0404036,-0.0299247,0.88426,0.334327,0.0861285,0.906172,0.236351,-0.0424257,0.968207,0.621912,0.0652782,0.917393,0.615715,-0.0738949,0.900403,0.876283,-0.0173679,0.910416,1.03403,-0.0111414,0.921847,1.21825,-0.00948904,0.922876,1.15148,0.187039,0.915247,1.15172,-0.209676,0.932287,0.899663,0.236879,0.951531,0.903352,-0.256937,0.935303,1.43763,-0.0101938,0.221404,-0.135422,-0.0208077,0.221404,-0.135422,-0.0208077,0,0,0,1.08989,-0.890318,-1.33248,1.55708,-0.254955,1.50854,0,0,-1.05509,0,0,1.53026,0.267354,0.0609115,2.02592,0.226703,0.325499,-1.61227,0,0,0.198532,0,0,0.859761,1.67817,-0.819324,2.67169,0.49343,0.479955,0.489381,0.916015,0.871552,-0.00450147,1,0.999129,0.0268722,0.00231121,-0.0318319,0.0535772,0.00632922,-0.0635281,0.901837,0.0879909,0.0195424,-0.310087,0.453,0.115156
0.999878,-0.0115431,0.0105384,-0.000259378,0.999878,-0.0115431,0.0105384,-0.000259378,1,0,0,0,0.669353,-0.0819069,-0.0624285,-0.735772,0.708858,0.237063,-0.0420854,-0.662986,0.992098,0,0,0.125463,0.979772,0,0,0.200119,0.858171,-0.0351124,-0.0703404,-0.507308,0.744387,-0.0844137,-0.00131823,-0.66239,0.795928,0,0,-0.605391,0.991611,0,0,-0.129257,0.724574,0.01296,-0.0728899,0.685209,0.625888,0.0016818,0.0650386,0.777194,0.815641,0.175742,0.100387,0.906303,0.0411431,-0.0300589,0.949312,0.329256,0.0894639,0.912557,0.236524,-0.041885,1.00971,0.628619,0.0659287,0.936497,0.616031,-0.073502,0.929793,0.877884,-0.0172517,0.939591,1.03568,-0.0117912,0.950928,1.21991,-0.00998428,0.946907,1.1532,0.186253,0.950205,1.15505,-0.213555,0.941111,0.901037,0.237416,1.00448,0.911807,-0.26354,0.964358,1.4393,-0.0100064,0.160018,-0.115262,-0.028076,0.160018,-0.115262,-0.028076,0,0,0,1.3227,-1.25639,-1.32654,1.62585,-0.210005,1.58521,0,0,-0.868706,0,0,1.51712,0.300806,-0.15958,1.71196,0.0193209,0.369661,-1.53851,0,0,1.51776,0,0,0.846987,2.14522,-0.514131,3.3775,0.547043,0.615352,0.437592,0.946903,0.872863,-0.00453301,1,0.999194,0.0233799,0.0108396,-0.0307908,0.0460831,0.0231035,-0.0610794,0.881683,0.0480555,0.00348734,-0.193033,0.516247,0.0767664
0.99992,-0.00900361,0.00888521,-0.000122806,0.99992,-0.00900361,0.00888521,-0.000122806,1,0,0,0,0.65367,-0.059627,-0.08397,-0.749739,0.720419,0.261226,-0.0437993,-0.640967,0.993596,0,0,0.11299,0.975323,0,0,0.220782,0.868747,-0.0277683,-0.0756319,-0.488658,0.730382,-0.080613,0.00293939,-0.678258,0.825592,0,0,-0.564267,0.9928,0,0,-0.119784,0.690135,0.0282636,-0.0588929,0.720727,0.618856,0.00763071,0.0723231,0.782131,0.90636,0.148571,0.106183,0.908887,0.0417455,-0.0300467,1.01352,0.318252,0.0930744,0.919365,0.236411,-0.0410903,1.04681,0.633145,0.0671168,0.955298,0.615449,-0.0724932,0.957892,0.878139,-0.0164976,0.967663,1.03596,-0.0118897,0.978904,1.2202,-0.0100701,0.970549,1.15397,0.185833,0.983731,1.15738,-0.216825,0.950298,0.9024,0.238178,1.05505,0.920339,-0.269326,0.992196,1.4396,-0.00959702,0.152381,-0.0992052,0.00819476,0.152381,-0.0992052,0.00819476,0,0,0,1.48171,-1.49232,-1.26078,1.53197,-0.101191,1.65592,0,0,-0.753779,0,0,1.26821,0.46931,-0.315491,1.2908,0.221433,0.280754,-1.28045,0,0,3.04269,0,0,0.572849,1.03811,0.874343,2.99027,0.410887,0.515502,0.493332,0.976711,0.872583,-0.00414065,1,0.999129,0.0197004,0.0202912,-0.0306672,0.0381645,0.0417676,-0.0605714,0.842982,0.00762696,0.0226204,-0.202962,0.573317,0.0229462
0.999942,-0.00718613,0.00802309,-0.000377687,0.999942,-0.00718613,0.00802309,-0.000377687,1,0,0,0,0.638596,-0.0403065,-0.102472,-0.761623,0.732835,0.279852,-0.0422585,-0.618749,0.994936,0,0,0.100514,0.971663,0,0,0.236372,0.875818,-0.0200177,-0.0796298,-0.475607,0.719538,-0.0757042,0.00593593,-0.690289,0.865683,0,0,-0.500592,0.993324,0,0,-0.115356,0.684101,0.043323,-0.0497954,0.726395,0.611817,0.0121748,0.0749795,0.787344,1.00277,0.117979,0.111474,0.911159,0.0427349,-0.029624,1.07797,0.303427,0.0961708,0.926751,0.236514,-0.0401605,1.07965,0.635388,0.068315,0.974643,0.614468,-0.0711101,0.985502,0.877583,-0.0152658,0.995933,1.03539,-0.0114405,1.00805,1.21958,-0.00982248,0.995419,1.15435,0.185648,1.01823,1.1587,-0.219143,0.960351,0.904224,0.238734,1.10391,0.927931,-0.273553,1.02244,1.43891,-0.00925082,0.109055,-0.0517318,-0.0152931,0.109055,-0.0517318,-0.0152931,0,0,0,1.29827,-1.30132,-1.12204,1.1471,0.115422,1.66736,0,0,-0.752831,0,0,0.960828,0.489661,-0.238439,0.894002,0.30343,0.199553,-0.984216,0,0,4.51575,0,0,0.267553,1.0171,0.602407,0.495276,0.316012,0.198168,0.515598,1.00672,0.871244,-0.00345601,1,0.998956,0.0165967,0.0273928,-0.0325808,0.0314279,0.0558388,-0.0643289,0.828303,-0.0166694,0.0369541,-0.175119,0.43391,-0.102865
0.999952,-0.00611865,0.00771496,-9.83265e-05,0.999952,-0.00611865,0.00771496,-9.83265e-05,1,0,0,0,0.62532,-0.0249614,-0.117602,-0.771052,0.745418,0.290026,-0.0373022,-0.599037,0.996095,0,0,0.0882875,0.968553,0,0,0.248806,0.87936,-0.0125026,-0.0840309,-0.468518,0.71065,-0.0721185,0.00750089,-0.6998,0.90851,0,0,-0.417863,0.993647,0,0,-0.112543,0.698921,0.0491436,-0.0387891,0.712453,0.604823,0.0131832,0.0778992,0.792431,1.10222,0.0903942,0.114989,0.913243,0.043925,-0.0295432,1.14088,0.287899,0.098482,0.934194,0.236663,-0.0394769,1.10811,0.634744,0.0693408,0.99388,0.613107,-0.0698659,1.01259,0.87611,-0.013908,1.02426,1.03384,-0.0103482,1.03772,1.21793,-0.00860949,1.02125,1.15359,0.186365,1.05262,1.15918,-0.219835,0.972628,0.90542,0.239427,1.15003,0.934452,-0.276045,1.05367,1.43715,-0.00768891,0.064051,-0.0184899,0.016762,0.064051,-0.0184899,0.016762,0,0,0,1.04145,-1.07906,-0.928793,0.580152,0.3388,1.48922,0,0,-0.736902,0,0,0.768993,0.471526,-0.268988,0.480573,0.221437,0.105501,-0.789816,0,0,5.59145,0,0,0.169871,0.372359,0.75511,-1.21342,0.0724049,0.217502,0.509058,1.0364,0.868983,-0.00238913,1,0.998691,0.0155038,0.0322004,-0.036598,0.0286755,0.0654982,-0.0723196,0.812732,-0.0441814,0.0407349,-0.0624435,0.294733,-0.234714
0.999952,-0.00640937,0.0073802,0.000448296,0.999952,-0.00640937,0.0073802,0.000448296,1,0,0,0,0.614412,-0.0117001,-0.131425,-0.777875,0.756262,0.295026,-0.031128,-0.583145,0.996993,0,0,0.0774911,0.965488,0,0,0.260447,0.879252,-0.00188806,-0.0941175,-0.466963,0.70165,-0.0698354,0.00571306,-0.709068,0.946893,0,0,-0.32155,0.994187,0,0,-0.107668,0.709931,0.0460243,-0.0303132,0.702112,0.598694,0.0148014,0.0784805,0.796987,1.20152,0.0722014,0.116204,0.915305,0.0454803,-0.0302837,1.20097,0.274321,0.0995569,0.941291,0.237139,-0.0396433,1.13377,0.631217,0.0699699,1.01302,0.611743,-0.0693247,1.04027,0.873864,-0.0128744,1.05367,1.03144,-0.00874599,1.06891,1.21539,-0.00643743,1.04939,1.15164,0.188027,1.08713,1.15883,-0.219238,0.988993,0.90571,0.240567,1.19328,0.939484,-0.277343,1.08685,1.43445,-0.00488206,-0.0174434,-0.0200861,0.0327979,-0.0174434,-0.0200861,0.0327979,0,0,0,0.909248,-0.991609,-0.707137,0.249219,0.413828,1.20013,0,0,-0.650019,0,0,0.722271,0.663784,-0.630994,0.0961311,0.135749,-0.117659,-0.781289,0,0,6.22355,0,0,0.294307,-0.221619,0.575272,-0.890912,0.114903,0.0540574,0.455382,1.06636,0.866191,-0.00118757,1,0.998278,0.0177994,0.0365979,-0.0422483,0.0325415,0.0746431,-0.0833766,0.830371,-0.0673822,0.0310074,0.136681,0.264519,-0.339828
0.999938,-0.0084174,0.00726068,0.000662782,0.999938,-0.0084174,0.00726068,0.000662782,1,0,0,0,0.603108,0.00298667,-0.146768,-0.784035,0.763969,0.299858,-0.0270929,-0.570703,0.997321,0,0,0.0731426,0.96305,0,0,0.269324,0.874832,0.0135205,-0.108598,-0.471903,0.690391,-0.0704907,0.00378264,-0.719984,0.97564,0,0,-0.219377,0.994697,0,0,-0.102853,0.713821,0.031781,-0.0398852,0.698469,0.595365,0.0204945,0.0785749,0.799341,1.29532,0.065664,0.116714,0.917786,0.0476612,-0.0312943,1.25711,0.264325,0.0991967,0.949212,0.238255,-0.0402579,1.15862,0.625413,0.0698562,1.03366,0.610451,-0.0693046,1.06952,0.871018,-0.011966,1.08423,1.02844,-0.00666628,1.10083,1.21226,-0.00376924,1.07845,1.14945,0.190119,1.1212,1.1574,-0.217806,1.00837,0.905922,0.242248,1.23372,0.942362,-0.277315,1.1203,1.43119,-0.0018834,-0.120486,-0.0071693,0.0128695,-0.120486,-0.0071693,0.0128695,0,0,0,1.01638,-1.10776,-0.676782,0.259365,0.269046,0.921656,0,0,-0.261655,0,0,0.552345,0.964945,-0.916194,-0.355135,-0.0644159,-0.127813,-0.93999,0,0,6.37139,0,0,0.290517,-0.951357,-0.633236,-0.312155,0.398109,0.0140597,0.240042,1.09664,0.863272,2.29569e-05,1,0.997843,0.0228351,0.0404535,-0.0463805,0.0419757,0.0829458,-0.0911525,0.877394,-0.0853877,0.0272516,0.302785,0.223544,-0.25555
0.999928,-0.0102145,0.00629641,0.000465244,0.999928,-0.0102145,0.00629641,0.000465244,1,0,0,0,0.592081,0.017329,-0.161855,-0.789267,0.768192,0.305008,-0.0255394,-0.562316,0.997294,0,0,0.0735173,0.960766,0,0,0.277361,0.866187,0.0359505,-0.123272,-0.482941,0.679425,-0.0704054,0.00831678,-0.730312,0.993005,0,0,-0.118072,0.994707,0,0,-0.102747,0.714583,0.00132237,-0.0463775,0.69801,0.591836,0.0331576,0.0826959,0.801119,1.37836,0.0685398,0.11658,0.920975,0.050748,-0.0325274,1.30756,0.257945,0.0981284,0.959115,0.23987,-0.040662,1.18423,0.618516,0.070102,1.05681,0.608932,-0.0681793,1.10123,0.868025,-0.00937033,1.11709,1.02531,-0.00355304,1.13498,1.20901,-0.000758073,1.11099,1.14777,0.192792,1.15499,1.1548,-0.215718,1.03313,0.906781,0.245586,1.27095,0.942544,-0.276115,1.15598,1.4278,0.000669799,-0.107829,-0.0578559,-0.0118525,-0.107829,-0.0578559,-0.0118525,0,0,0,1.00167,-1.09903,-0.612445,0.304446,0.103945,0.604911,0,0,0.0225434,0,0,0.50135,1.41184,-0.942821,-0.784296,-0.0145811,0.306535,-0.903344,0,0,6.16971,0,0,0.00634431,-2.02464,-0.430644,-0.0441423,0.885723,0.295535,0.205117,1.12818,0.860533,0.00183759,1,0.997249,0.0259184,0.048427,-0.0497746,0.047123,0.099331,-0.0973983,0.951212,-0.0897915,0.0778711,0.199369,0.474896,-0.201425
0.999932,-0.0103897,0.0051649,-0.000850038,0.999932,-0.0103897,0.0051649,-0.000850038,1,0,0,0,0.58403,0.0282058,-0.175362,-0.792062,0.769631,0.308406,-0.0266346,-0.558431,0.997117,0,0,0.0758769,0.958834,0,0,0.283966,0.857189,0.0466845,-0.125954,-0.497176,0.669283,-0.0679339,0.0159546,-0.739723,0.999188,0,0,-0.0402941,0.993875,0,0,-0.110512,0.711552,-0.0131716,-0.0451131,0.70106,0.587969,0.0435188,0.0877018,0.802936,1.44377,0.0749213,0.115046,0.925168,0.0550008,-0.0331065,1.3509,0.254224,0.096322,0.971812,0.241936,-0.0404424,1.21232,0.611951,0.0706475,1.08324,0.606892,-0.0660195,1.13482,0.864802,-0.00545363,1.15132,1.02202,0.000492167,1.1704,1.2056,0.00331214,1.14578,1.14532,0.196842,1.18869,1.15184,-0.21204,1.06257,0.906385,0.25061,1.30531,0.940663,-0.272886,1.19303,1.42423,0.00470893,-0.0105148,-0.067893,-0.0789187,-0.0105148,-0.067893,-0.0789187,0,0,0,0.76548,-0.983201,-0.379226,0.210417,-0.0703818,0.272518,0,0,0.141971,0,0,0.412908,0.683819,-0.193945,-0.994663,0.148194,0.518826,-0.833242,0,0,4.68256,0,0,-0.468561,-0.964166,0.0805196,0.257136,0.727871,0.359099,0.216358,1.16055,0.857824,0.00455949,1,0.996734,0.026966,0.0565247,-0.0509748,0.0483349,0.115687,-0.099395,1.00787,-0.0966864,0.117501,0.0841768,0.484767,-0.0638008
0.999942,-0.00969117,0.00448484,-0.00154818,0.999942,-0.00969117,0.00448484,-0.00154818,1,0,0,0,0.578687,0.0307715,-0.182139,-0.794355,0.767037,0.313032,-0.0321828,-0.559132,0.996846,0,0,0.0793625,0.957474,0,0,0.288521,0.854951,0.0445772,-0.121691,-0.502258,0.659969,-0.0618853,0.0211375,-0.748441,0.99956,0,0,-0.0296761,0.992152,0,0,-0.125037,0.701638,-0.0249703,-0.0166171,0.711902,0.58645,0.0475294,0.0907841,0.803477,1.48265,0.0727958,0.10868,0.930742,0.0607872,-0.0335075,1.38687,0.250094,0.0942523,0.98737,0.244844,-0.0402795,1.24719,0.607804,0.072529,1.11285,0.604659,-0.0636054,1.17008,0.861517,-0.00101894,1.18648,1.01874,0.00514937,1.2057,1.20229,0.00846723,1.18126,1.14202,0.202466,1.22159,1.14918,-0.206845,1.09606,0.904121,0.257331,1.33731,0.937879,-0.267564,1.22862,1.42089,0.0105697,0.0419161,-0.0408049,-0.0418894,0.0419161,-0.0408049,-0.0418894,0,0,0,0.184394,-0.502716,-0.284,0.320849,-0.363105,-0.0809557,0,0,0.209766,0,0,0.285208,-0.130573,0.262532,-0.345652,0.393647,0.35582,-0.776507,0,0,0.637474,0,0,-0.877583,-0.791336,1.89157,0.903118,0.282397,0.219417,0.0730766,1.19337,0.855141,0.00801105,1,0.996386,0.0276426,0.0627622,-0.050122,0.0492175,0.128193,-0.0973632,1.05778,-0.0985575,0.133041,0.0630029,0.37076,0.0577341
0.999956,-0.00802739,0.00488859,-0.000570343,0.999956,-0.00802739,0.00488859,-0.000570343,1,0,0,0,0.577671,0.0275381,-0.185514,-0.794432,0.761831,0.313071,-0.03779,-0.565837,0.99665,0,0,0.0817845,0.956945,0,0,0.290271,0.862043,0.0380529,-0.108163,-0.493695,0.655717,-0.0545368,0.0284992,-0.752495,0.996995,0,0,-0.0774662,0.989142,0,0,-0.146962,0.711603,-0.0162906,-0.0230126,0.702016,0.589167,0.0473965,0.0903204,0.801548,1.49798,0.061242,0.104335,0.937173,0.068431,-0.0337217,1.41583,0.24635,0.0932562,1.00526,0.248809,-0.0400608,1.28602,0.606978,0.0765428,1.14483,0.602338,-0.0603423,1.20576,0.858802,0.00433834,1.22261,1.016,0.00981926,1.24208,1.19954,0.0130388,1.21689,1.13951,0.208192,1.25629,1.14568,-0.201406,1.1316,0.902171,0.265091,1.36847,0.932053,-0.26005,1.26516,1.41811,0.01536,0.0998312,0.024224,0.0586718,0.0998312,0.024224,0.0586718,0,0,0,-0.226041,-0.242336,-0.0289514,0.0423308,-0.370064,-0.508728,0,0,0.145799,0,0,0.109676,-0.417625,0.870627,0.618887,0.492595,0.503012,-0.361495,0,0,-2.87181,0,0,-1.32788,0.583851,-0.421211,-0.840474,-0.0130144,-0.0395191,-0.197869,1.22661,0.852901,0.0119019,1,0.996484,0.0245945,0.0607883,-0.0521579,0.0430184,0.124032,-0.101917,1.07031,-0.0814315,0.160718,-0.195996,-0.10583,-0.113219
