0.99764,-0.0633876,0.00839181,-0.0250201,0.99764,-0.0633876,0.00839181,-0.0250201,0.991553,0.03391,0.008489,0.124901,0.677962,-0.665418,-0.208872,-0.23229,0.679365,0.660849,0.190012,-0.256196,0.935269,0,0,0.353938,0.935821,0,0,0.352476,0.762987,-0.102423,-0.0707517,-0.634315,0.510477,0.095685,-0.0720535,-0.851508,0.984265,0,0,-0.176698,0.998211,0,0,-0.0597943,0.670083,0.010707,0.00722946,0.742174,0.721402,0.0738623,0.0718202,0.684811,0.128536,0.040386,0.184478,-0.292592,0.0922494,-0.205136,0.109171,0.236217,0.151985,-0.22434,0.281049,-0.170579,0.0645697,0.607235,0.0902972,-0.0643355,0.623781,-0.103685,0,0.867296,0,-0.0131039,1.02455,0.00333442,-0.0189287,1.2074,-0.0179413,0.100463,1.31485,0.2144,0.0855,1.22126,-0.278148,0.333899,1.32084,0.28067,0.313637,1.18773,-0.354421,-0.0439894,1.42189,-0.0477595,0,0,0,0,0,0,0,0,0,0,0,0,0,0,0,0,0,0,0,0,0,0,0,0,0,0,0,0,0,0,0,0,0,0,0,0,0,0,0,0.00634953,0.888308,-0.0132023,1,0.997655,0.042322,0.00228,0.053742,0.0847921,3.68952e-07,0.107633,0,0,0,0,0,0
0.998174,-0.0534694,0.00260385,-0.027966,0.998174,-0.0534694,0.00260385,-0.027966,0.991693,0.0354721,0.00794301,0.123386,0.675793,-0.668045,-0.205707,-0.23389,0.68167,0.659361,0.185505,-0.25721,0.935662,0,0,0.352898,0.93808,0,0,0.346419,0.746905,-0.0843003,-0.0691099,-0.655935,0.522236,0.112542,-0.0449054,-0.844149,0.987834,0,0,-0.15551,0.996876,0,0,-0.0789878,0.65422,0.0200371,0.0149686,0.75589,0.747862,0.066756,0.0697554,0.656796,0.126715,0.0449053,0.188962,-0.283821,0.102456,-0.200667,0.109295,0.240045,0.159136,-0.2088,0.29011,-0.161683,0.0772383,0.614391,0.101441,-0.046806,0.630659,-0.0914563,0.0199584,0.876436,0.0131787,0.00883072,1.03394,0.0150552,0.00544142,1.21714,-0.00455702,0.136168,1.31762,0.224409,0.10024,1.23211,-0.267604,0.372198,1.31614,0.281476,0.324798,1.19334,-0.353287,-0.0160439,1.43264,-0.0296823,0.596132,-0.347578,-0.176599,0.596132,-0.347578,-0.176599,0.0938894,-0.0328746,-0.0915099,-0.215518,0.201568,-0.121342,-0.140403,-0.314964,-0.0526548,0,0,-0.0666873,0,0,-0.387861,1.14893,0.0797235,-1.67048,1.17631,1.97711,0.840075,0,0,1.2892,0,0,-1.15441,0.63938,0.52965,1.24961,-0.515332,-0.183181,-2.29304,0.0255558,0.896248,-0.00202864,1,0.997763,0.0320034,0.0331325,0.0484532,0.0672586,0.0630572,0.0991695,0.598753,0.274217,0.39536,-0.718276,1.82728,-0.237219
0.998882,-0.0377003,-0.000535499,-0.0285304,0.998882,-0.0377003,-0.000535499,-0.0285304,0.991501,0.0310841,0.00649008,0.126168,0.668698,-0.674372,-0.211579,-0.230867,0.679847,0.66168,0.187101,-0.254914,0.936047,0,0,0.351875,0.938689,0,0,0.344766,0.738808,-0.0598781,-0.0690692,-0.667688,0.535558,0.13049,-0.0165798,-0.834191,0.990027,0,0,-0.14088,0.99567,0,0,-0.0929571,0.648401,0.0247861,0.0190713,0.760657,0.766535,0.057363,0.0634568,0.63648,0.122583,0.0460146,0.193872,-0.277687,0.108969,-0.198899,0.107996,0.241288,0.166592,-0.197067,0.295062,-0.155952,0.0872628,0.617873,0.112864,-0.0329128,0.632978,-0.0807316,0.0369133,0.880576,0.0254041,0.0289412,1.0384,0.0257122,0.0291985,1.22213,0.0100259,0.170441,1.31391,0.237559,0.114995,1.24496,-0.255765,0.408261,1.30784,0.28677,0.335464,1.20502,-0.351398,0.0117269,1.43869,-0.00769862,0.94726,-0.188468,-0.0334775,0.94726,-0.188468,-0.0334775,-0.263892,-0.0873926,0.16787,-0.554169,-0.436144,0.160382,0.187931,0.116454,0.14226,0,0,-0.0656426,0,0,-0.105675,1.59092,-0.0112629,-0.90612,1.23636,2.04216,1.05659,0,0,0.887597,0,0,-0.841282,0.327037,0.282159,0.444471,-0.642647,-0.442418,-1.6253,0.0428661,0.90024,0.00933252,1,0.99745,0.0191656,0.057008,0.0384264,0.0428989,0.112489,0.0794269,0.508646,0.124181,0.366763,-0.857405,1.41208,-0.528059
0.999208,-0.026395,-0.000910249,-0.0297635,0.999208,-0.026395,-0.000910249,-0.0297635,0.991872,0.0317999,0.00482407,0.123104,0.670502,-0.670075,-0.220579,-0.229719,0.671569,0.669414,0.193972,-0.251504,0.935871,0,0,0.352344,0.937104,0,0,0.34905,0.731773,-0.043318,-0.0758666,-0.675926,0.548012,0.140406,-0.000376224,-0.824602,0.99161,0,0,-0.129265,0.994635,0,0,-0.10345,0.644706,0.0246314,0.0192475,0.763791,0.780748,0.0553168,0.0636902,0.619125,0.116938,0.0416785,0.191365,-0.273352,0.113753,-0.203547,0.105709,0.237238,0.166852,-0.187688,0.297958,-0.156909,0.0961194,0.615522,0.117789,-0.0207114,0.632814,-0.0764273,0.052728,0.879929,0.0329213,0.0484135,1.03794,0.0345962,0.0534554,1.22205,0.024481,0.205089,1.30185,0.251283,0.129941,1.25601,-0.244212,0.443993,1.29033,0.293556,0.345281,1.2169,-0.350271,0.0427635,1.43968,0.0160443,0.678741,-0.0224874,-0.073819,0.678741,-0.0224874,-0.073819,0.0428344,-0.100281,-0.185255,0.322964,-0.598225,0.0887037,0.667916,0.505409,0.174467,0,0,0.030089,0,0,0.27404,1.08265,-0.460923,-0.661709,0.655518,1.15786,0.996103,0,0,0.703374,0,0,-0.632632,-0.00806746,0.0139558,0.290737,-0.152369,-0.006725,-1.34392,0.0597028,0.899653,0.0176496,1,0.996545,0.0185241,0.076016,0.0278596,0.0416418,0.151048,0.0590492,0.47444,-0.0194003,0.225516,-0.117331,1.15143,-0.606302
0.999269,-0.0209426,4.54733e-05,-0.0319977,0.999269,-0.0209426,4.54733e-05,-0.0319977,0.992839,0.0291455,0.00434402,0.11577,0.677157,-0.661838,-0.228833,-0.225974,0.668972,0.670141,0.204113,-0.248445,0.934662,0,0,0.355537,0.935803,0,0,0.352524,0.726154,-0.0414194,-0.081147,-0.681469,0.558587,0.143112,-0.00111035,-0.817005,0.99273,0,0,-0.120363,0.993463,0,0,-0.114159,0.638028,0.023867,0.0187928,0.769414,0.78849,0.0538629,0.0633763,0.609398,0.116417,0.0392269,0.195621,-0.265946,0.116223,-0.198937,0.107208,0.234437,0.17183,-0.176444,0.299142,-0.151697,0.105271,0.613357,0.123433,-0.00786862,0.632523,-0.0705747,0.0672307,0.879242,0.0398608,0.0659886,1.03728,0.0434529,0.0755449,1.2214,0.0372845,0.23501,1.29211,0.262691,0.145162,1.26321,-0.233642,0.474411,1.27696,0.298771,0.355929,1.22549,-0.348276,0.0721204,1.43962,0.0341607,0.327253,0.0573584,-0.134051,0.327253,0.0573584,-0.134051,-0.160266,-0.0289656,-0.443533,0.67388,-0.517517,0.293135,0.0955587,0.699387,0.189511,0,0,0.204815,0,0,0.222569,0.119469,-0.360096,-0.462568,0.147013,-0.0518239,0.798487,0,0,0.538319,0,0,-0.646364,-0.0478379,-0.027613,0.52491,-0.104232,-0.0321135,-0.743592,0.0758933,0.898791,0.0262665,1,0.995717,0.0228056,0.0873472,0.0199296,0.0496667,0.173913,0.0443558,0.435083,-0.0206006,0.208186,0.20182,0.697293,-0.479725
0.999311,-0.0148501,0.00177999,-0.0339592,0.999311,-0.0148501,0.00177999,-0.0339592,0.993487,0.025887,0.00360112,0.110906,0.682351,-0.656635,-0.236589,-0.217377,0.668716,0.667433,0.216872,-0.245598,0.934181,0,0,0.3568,0.934532,0,0,0.355879,0.724221,-0.0403112,-0.0856586,-0.683039,0.569073,0.14468,-0.00686364,-0.809429,0.993147,0,0,-0.11687,0.991926,0,0,-0.126819,0.63325,0.0247882,0.0196122,0.773302,0.791264,0.0511535,0.0606611,0.606304,0.112814,0.0348817,0.186736,-0.264191,0.122256,-0.202028,0.10684,0.230158,0.165803,-0.169906,0.302672,-0.153517,0.11273,0.609811,0.122462,0.00216337,0.63296,-0.0698966,0.0797647,0.877909,0.0432604,0.0825034,1.03581,0.0505651,0.0976851,1.21966,0.0506701,0.265437,1.27811,0.274247,0.160676,1.27316,-0.22157,0.505471,1.25919,0.302696,0.366204,1.23867,-0.345652,0.102392,1.43796,0.0556438,0.365655,0.104095,-0.117691,0.365655,0.104095,-0.117691,-0.196311,-0.0447281,-0.293941,0.440944,-0.490437,0.609516,-0.178619,0.864524,0.190914,0,0,0.0810971,0,0,0.215273,0.0713388,-0.302665,-0.137264,0.0660311,-0.404939,0.78732,0,0,0.211084,0,0,-0.765183,0.0663493,0.0586965,0.368093,-0.178484,-0.179484,-0.240121,0.0907999,0.897394,0.0319508,1,0.994717,0.0329074,0.0967482,0.00978397,0.068689,0.193027,0.0263239,0.376019,-0.0400054,0.101987,0.540498,0.592879,-0.645041
0.999342,-0.00939852,0.00304846,-0.0349079,0.999342,-0.00939852,0.00304846,-0.0349079,0.993765,0.0269479,0.00428476,0.108105,0.697135,-0.643207,-0.239942,-0.206679,0.66428,0.667731,0.231,-0.243938,0.935083,0,0,0.354428,0.933063,0,0,0.359712,0.724541,-0.0403647,-0.0915615,-0.681929,0.582343,0.143169,-0.0115476,-0.800154,0.993136,0,0,-0.116967,0.989809,0,0,-0.142401,0.630303,0.0258702,0.0205796,0.775645,0.795167,0.0515185,0.0616046,0.60105,0.110177,0.0339341,0.190864,-0.259229,0.125533,-0.19559,0.107751,0.229034,0.16978,-0.160275,0.304012,-0.147883,0.120624,0.608459,0.125999,0.0137829,0.632683,-0.0657349,0.0921357,0.87755,0.047317,0.0988058,1.03524,0.0564068,0.119255,1.21854,0.0604304,0.292985,1.26656,0.281364,0.177939,1.28118,-0.212947,0.533643,1.24451,0.30359,0.378934,1.24967,-0.344296,0.131253,1.43641,0.071337,0.327174,0.076124,-0.056911,0.327174,0.076124,-0.056911,0.0636385,0.0410839,-0.169024,1.15246,-0.132773,0.799781,0.0994041,0.983196,0.0832878,0,0,-0.152248,0,0,0.246263,-0.0032125,-0.390065,0.0789847,-0.162052,-0.325474,0.963971,0,0,-0.00584596,0,0,-0.94352,0.0763465,0.0680543,0.224024,0.0187782,0.0551841,-0.395072,0.105941,0.896627,0.0383198,1,0.994026,0.037312,0.102565,-0.00117461,0.0755973,0.205434,0.0054329,0.371131,-0.0107766,0.121698,0.19722,0.375419,-0.667738
0.999304,-0.00580524,0.00343027,-0.0366897,0.999304,-0.00580524,0.00343027,-0.0366897,0.994022,0.0247796,0.00323449,0.106282,0.709056,-0.630897,-0.242604,-0.20088,0.661031,0.668706,0.240838,-0.240555,0.934122,0,0,0.356954,0.932681,0,0,0.360703,0.722586,-0.0428924,-0.10196,-0.682374,0.598166,0.137149,-0.0140284,-0.789425,0.993212,0,0,-0.116318,0.987111,0,0,-0.160036,0.62481,0.0292742,0.0233219,0.77988,0.80055,0.0477905,0.0582316,0.594512,0.107807,0.0346193,0.188753,-0.252906,0.131385,-0.195438,0.108437,0.229344,0.168134,-0.149587,0.308037,-0.148319,0.12773,0.608589,0.124895,0.0247492,0.635439,-0.0664996,0.102883,0.87938,0.0484593,0.113096,1.03664,0.0610303,0.138526,1.21913,0.070036,0.318419,1.255,0.288048,0.19261,1.29198,-0.203112,0.558939,1.22855,0.303115,0.389332,1.26389,-0.341344,0.157288,1.43617,0.0872252,0.21564,0.0229162,-0.106958,0.21564,0.0229162,-0.106958,-0.130497,-0.0631643,-0.110177,1.01798,-0.103371,0.449876,0.124444,0.687724,0.208304,0,0,0.162182,0,0,0.0637575,-0.169459,-0.693397,-0.0632449,-0.48426,-0.167396,1.11176,0,0,0.0392068,0,0,-1.07046,0.238308,0.191944,0.409924,-0.246424,-0.224876,-0.497368,0.119603,0.897733,0.0423137,1,0.992435,0.04824,0.112472,-0.00975387,0.0961476,0.226106,-0.00873118,0.322408,0.0549057,0.0342704,0.603255,0.61914,-0.55689
0.999222,0.000526357,0.00333271,-0.0392977,0.999222,0.000526357,0.00333271,-0.0392977,0.994212,0.0234588,0.00236873,0.104815,0.713205,-0.626277,-0.246304,-0.196085,0.659856,0.66917,0.246374,-0.236858,0.934669,0,0,0.355519,0.933025,0,0,0.359812,0.718715,-0.0460826,-0.102855,-0.68611,0.614007,0.133065,-0.0092668,-0.777948,0.993622,0,0,-0.112762,0.983816,0,0,-0.179181,0.618031,0.0356181,0.0284496,0.784831,0.808123,0.0442172,0.0553582,0.584737,0.106365,0.0355057,0.184545,-0.244675,0.136567,-0.197451,0.109319,0.2298,0.165147,-0.136961,0.311376,-0.150647,0.134726,0.609005,0.123346,0.0366443,0.637497,-0.0680324,0.113521,0.880998,0.0493613,0.126721,1.03779,0.0645216,0.157096,1.21921,0.0783688,0.342526,1.24328,0.293628,0.207878,1.30179,-0.193287,0.582916,1.2122,0.303204,0.40105,1.27606,-0.337032,0.182843,1.43493,0.102251,0.379985,-0.0058497,-0.156582,0.379985,-0.0058497,-0.156582,-0.0794947,-0.0520579,-0.0885755,0.374275,-0.220157,0.34022,0.0526215,0.383436,0.243393,0,0,-0.0921428,0,0,-0.0573348,-0.215875,-0.0694462,-0.315058,-0.344041,0.335573,1.14848,0,0,0.214755,0,0,-1.16561,0.44351,0.35842,0.489606,-0.237794,-0.194749,-0.733286,0.133226,0.898429,0.0454318,1,0.990721,0.0551202,0.123191,-0.0160361,0.108815,0.248412,-0.0187713,0.319142,0.0485498,0.02706,0.378539,0.664022,-0.390505
0.999114,0.00759094,0.00188446,-0.0413538,0.999114,0.00759094,0.00188446,-0.0413538,0.994089,0.0226975,0.00349303,0.106115,0.731507,-0.609712,-0.244189,-0.183085,0.660248,0.666892,0.252052,-0.236212,0.940091,0,0,0.340925,0.932784,0,0,0.360437,0.71547,-0.0498296,-0.0988325,-0.68982,0.630611,0.129432,-0.00217221,-0.765227,0.993857,0,0,-0.110673,0.979854,0,0,-0.199715,0.610721,0.0401786,0.0320923,0.790174,0.815355,0.0414781,0.0533221,0.575006,0.104983,0.0364862,0.179577,-0.235561,0.140567,-0.199072,0.110426,0.23027,0.161422,-0.123555,0.313616,-0.153255,0.141673,0.609281,0.12102,0.0486223,0.63864,-0.0703021,0.123622,0.882086,0.0492914,0.139592,1.03842,0.0662945,0.174604,1.21859,0.0844051,0.364796,1.23089,0.294703,0.222977,1.30961,-0.185747,0.606295,1.19649,0.298933,0.412627,1.28568,-0.334306,0.206438,1.43268,0.114612,0.424001,-0.0869137,-0.123488,0.424001,-0.0869137,-0.123488,-0.0457077,0.0675967,0.078401,1.38468,0.254107,0.949362,-0.161654,0.382824,0.0463152,0,0,-0.934144,0,0,0.0402184,-0.252727,0.258711,-0.30324,-0.311243,0.491598,1.23453,0,0,0.126146,0,0,-1.25475,0.32311,0.25808,0.531453,-0.182757,-0.139667,-0.721717,0.146334,0.898445,0.0469428,1,0.988927,0.0593851,0.134224,-0.0219121,0.116072,0.271398,-0.0284419,0.303029,0.0326398,-0.00209677,0.226645,0.684418,-0.34606
0.998977,0.0137415,0.000224551,-0.0430707,0.998977,0.0137415,0.000224551,-0.0430707,0.994042,0.0221297,0.00306103,0.106685,0.747624,-0.592924,-0.242468,-0.175241,0.658165,0.666908,0.25607,-0.237657,0.942995,0,0,0.332806,0.931413,0,0,0.363965,0.713704,-0.050403,-0.103668,-0.690897,0.649665,0.124564,-0.000404754,-0.749946,0.993641,0,0,-0.112593,0.974711,0,0,-0.22347,0.607032,0.0426154,0.0341556,0.792798,0.822138,0.0399055,0.0525286,0.565453,0.101966,0.0370842,0.179525,-0.225063,0.142457,-0.196971,0.110937,0.230407,0.160959,-0.108729,0.313912,-0.153567,0.148417,0.60865,0.119462,0.060946,0.638385,-0.0722896,0.133152,0.882103,0.0485042,0.152299,1.03787,0.0671478,0.192247,1.21658,0.0889103,0.386108,1.21695,0.294829,0.238576,1.3147,-0.17981,0.627632,1.17752,0.29424,0.424558,1.29076,-0.332374,0.23057,1.42876,0.124507,0.369178,-0.0996231,-0.103163,0.369178,-0.0996231,-0.103163,-0.0341195,-0.0259681,0.0343261,1.34724,0.21126,0.588457,0.0385129,0.287099,-0.111385,0,0,-0.517366,0,0,0.227104,-0.0403653,-0.325917,-0.102753,-0.399514,0.121612,1.44182,0,0,-0.115936,0,0,-1.45836,0.173181,0.146439,0.264462,-0.10693,-0.0590687,-0.700541,0.159403,0.897009,0.0482654,1,0.986897,0.0638566,0.145272,-0.0291865,0.123168,0.294712,-0.0408261,0.285912,0.000519217,-0.0236167,0.2285,0.69193,-0.430961
0.998794,0.0200026,-0.000947941,-0.0448241,0.998794,0.0200026,-0.000947941,-0.0448241,0.994313,0.0244086,0.00262815,0.10363,0.744942,-0.594377,-0.242221,-0.181953,0.651815,0.672435,0.257549,-0.237984,0.940254,0,0,0.340474,0.930734,0,0,0.365696,0.71227,-0.05026,-0.110433,-0.691339,0.66882,0.120004,-0.000588882,-0.733675,0.99317,0,0,-0.116678,0.968478,0,0,-0.2491,0.604769,0.041874,0.0337931,0.794581,0.814193,0.0393954,0.0505585,0.577046,0.101786,0.0384195,0.182805,-0.208329,0.143256,-0.193742,0.11408,0.231234,0.162816,-0.0899521,0.313277,-0.15334,0.156551,0.608464,0.118661,0.0753486,0.637784,-0.0742404,0.142895,0.882246,0.0473657,0.164549,1.0375,0.0672435,0.208734,1.21476,0.0922045,0.404469,1.20373,0.296412,0.254123,1.31972,-0.174509,0.643764,1.15622,0.291461,0.437359,1.29561,-0.330065,0.253517,1.4248,0.132917,0.375869,-0.070377,-0.105406,0.375869,-0.070377,-0.105406,0.136876,-0.0260389,-0.184174,-0.134944,9.48071e-05,-0.452505,0.490976,0.144679,-0.0631426,0,0,0.488616,0,0,0.111528,0.0076591,-0.453757,-0.0547964,-0.37279,-0.0122468,1.48776,0,0,-0.246726,0,0,-1.58271,-0.0487253,-0.0229742,0.174645,-0.0252722,-0.116399,0.846741,0.172819,0.895591,0.0495481,1,0.985104,0.0667767,0.154667,-0.0344757,0.12748,0.314489,-0.0497263,0.292289,0.00428258,-0.0341546,0.150134,0.587129,-0.305795
0.99857,0.027507,-0.00198854,-0.0457914,0.99857,0.027507,-0.00198854,-0.0457914,0.994413,0.024846,0.00281281,0.102558,0.729327,-0.610953,-0.245325,-0.186102,0.652263,0.67304,0.259641,-0.232717,0.936845,0,0,0.349746,0.931676,0,0,0.363289,0.710886,-0.0486627,-0.111534,-0.6927,0.687791,0.115944,0.00212654,-0.716586,0.992619,0,0,-0.121273,0.962645,0,0,-0.270767,0.599537,0.0443044,0.0355211,0.79833,0.783436,0.0403722,0.0470159,0.618375,0.103854,0.0389328,0.180834,-0.182108,0.141569,-0.193341,0.119338,0.231091,0.160726,-0.0662574,0.310887,-0.155364,0.166473,0.607533,0.116411,0.0920857,0.636487,-0.0770646,0.153899,0.881586,0.0460589,0.177342,1.0364,0.0670268,0.224842,1.21222,0.0955241,0.422649,1.19283,0.298592,0.270227,1.32505,-0.167981,0.659963,1.14079,0.289026,0.452416,1.30403,-0.325579,0.27449,1.42003,0.141764,0.45057,-0.0624699,-0.0582629,0.45057,-0.0624699,-0.0582629,0.0262448,0.0110948,-0.0646642,-1.32773,-0.299873,-0.345356,0.0330083,0.139334,0.361574,0,0,0.592718,0,0,-0.155045,0.104508,-0.0771916,-0.115089,-0.332843,0.182623,1.51569,0,0,-0.277703,0,0,-1.34628,0.175302,0.125243,0.379254,0.0919486,-0.192521,3.09635,0.187402,0.893779,0.0501813,1,0.983381,0.0683361,0.163913,-0.0377441,0.129513,0.333695,-0.0548849,0.33011,-0.0197981,-0.0392052,0.0878686,0.572374,-0.174178
0.998363,0.0337438,-0.00236593,-0.0461239,0.998363,0.0337438,-0.00236593,-0.0461239,0.994298,0.0216733,0.00300212,0.10437,0.725539,-0.616017,-0.248283,-0.180201,0.654071,0.670328,0.2631,-0.231581,0.937265,0,0,0.348617,0.930515,0,0,0.366255,0.70869,-0.0481872,-0.110282,-0.69518,0.705101,0.109097,0.00457695,-0.70065,0.992385,0,0,-0.123175,0.960485,0,0,-0.278332,0.596513,0.0501816,0.039827,0.800042,0.754833,0.0359059,0.0391832,0.65376,0.103553,0.0392733,0.176905,-0.149393,0.135125,-0.195027,0.122298,0.230942,0.15705,-0.0399748,0.306222,-0.158532,0.175154,0.606574,0.113091,0.108595,0.635516,-0.0804524,0.165204,0.880906,0.0437707,0.190555,1.03524,0.0657447,0.241149,1.20963,0.0973366,0.441097,1.1837,0.298008,0.286048,1.32896,-0.163761,0.67813,1.13069,0.284828,0.46657,1.31018,-0.323091,0.294504,1.41547,0.147923,0.374527,-0.0226639,-0.0201509,0.374527,-0.0226639,-0.0201509,-0.190671,0.0113868,0.10916,-0.393618,-0.219218,0.372701,-0.217517,0.222657,0.0886906,0,0,-0.0722797,0,0,0.191075,0.0289264,0.077091,-0.204242,-0.50884,0.162473,1.38554,0,0,-0.114986,0,0,-0.472035,0.41316,0.302963,0.188288,-0.264181,-0.479862,2.74594,0.202043,0.891849,0.0493846,1,0.981976,0.0701463,0.170414,-0.041977,0.131687,0.347528,-0.062295,0.339146,-0.0204052,-0.0686445,0.0856666,0.41067,-0.244087
0.998244,0.0368622,-0.00163459,-0.0463509,0.998244,0.0368622,-0.00163459,-0.0463509,0.99427,0.0221248,0.00323476,0.104534,0.727689,-0.61472,-0.247719,-0.176698,0.655895,0.669413,0.264195,-0.227791,0.937969,0,0,0.346718,0.930321,0,0,0.366746,0.704046,-0.0539722,-0.101999,-0.700716,0.71789,0.101139,0.00209404,-0.688768,0.992607,0,0,-0.121369,0.963366,0,0,-0.268189,0.593104,0.0599868,0.0469164,0.801516,0.736508,0.0275792,0.0300233,0.6752,0.101849,0.0402933,0.173351,-0.109796,0.12331,-0.196805,0.123703,0.231422,0.153774,-0.0106833,0.29886,-0.160411,0.183334,0.606103,0.109628,0.125417,0.634798,-0.0826531,0.177753,0.880598,0.0410276,0.204745,1.03454,0.0636736,0.2577,1.20788,0.0969494,0.459076,1.17688,0.295072,0.302948,1.33084,-0.162315,0.695694,1.12208,0.278749,0.483137,1.31312,-0.322066,0.314159,1.41222,0.150185,0.187291,0.0439005,-0.0137416,0.187291,0.0439005,-0.0137416,0.0271579,0.0139871,0.00988899,0.119238,0.0507803,0.241408,-0.0952828,0.0614481,0.269087,0,0,-0.121539,0,0,0.0317213,-0.391755,0.539516,-0.452584,-0.563964,-0.166285,1.01839,0,0,0.109203,0,0,0.632655,0.688768,0.498342,0.181034,-0.532346,-0.58576,1.71056,0.217251,0.890089,0.047674,1,0.981159,0.0720134,0.173241,-0.04614,0.134009,0.353943,-0.0699814,0.376488,-0.0092542,-0.0822952,0.078,0.187722,-0.254526
0.998158,0.0392318,-0.000576412,-0.0462782,0.998158,0.0392318,-0.000576412,-0.0462782,0.994467,0.0289019,0.00462555,0.100886,0.720714,-0.622623,-0.246527,-0.179265,0.65484,0.671887,0.264807,-0.222778,0.93638,0,0,0.350989,0.930304,0,0,0.366788,0.70161,-0.0489407,-0.121711,-0.700382,0.730571,0.0927249,-0.00442285,-0.676498,0.992252,0,0,-0.124239,0.968752,0,0,-0.24803,0.594774,0.0470775,0.0366751,0.801675,0.71929,0.0220066,0.0241519,0.693941,0.101255,0.0423332,0.180593,-0.0648909,0.10979,-0.201804,0.126707,0.232753,0.157821,0.0206646,0.290507,-0.164186,0.192438,0.605606,0.108366,0.141551,0.63433,-0.0858527,0.190102,0.880145,0.0369937,0.219335,1.03351,0.060682,0.275128,1.20557,0.0958301,0.477476,1.16855,0.292078,0.321516,1.33258,-0.161132,0.712348,1.1095,0.271899,0.501774,1.31565,-0.320886,0.336167,1.40766,0.152637,0.14233,0.0635267,0.00428586,0.14233,0.0635267,0.00428586,0.407291,0.0835888,-0.219673,-0.632601,0.0352634,-0.201403,0.187404,0.0491772,0.334504,0,0,0.273443,0,0,0.0027026,0.332629,-1.32292,-0.0217974,-0.58821,-0.431084,1.03174,0,0,-0.173495,0,0,1.252,-0.902614,-0.716035,-0.0273429,-0.357644,-0.376396,1.53677,0.233294,0.887889,0.04612,1,0.980188,0.0757324,0.175398,-0.0522615,0.139467,0.359453,-0.0811556,0.370453,-0.0135844,-0.121017,0.165469,0.153233,-0.392397
0.99807,0.0417565,9.36243e-05,-0.0459619,0.99807,0.0417565,9.36243e-05,-0.0459619,0.994619,0.0300388,0.00522197,0.0990093,0.716221,-0.628933,-0.240969,-0.18277,0.649454,0.676654,0.265555,-0.223225,0.935387,0,0,0.353626,0.928847,0,0,0.370465,0.699555,-0.0485217,-0.131029,-0.700785,0.74493,0.082785,-0.0110954,-0.661893,0.992359,0,0,-0.123386,0.975335,0,0,-0.220729,0.59598,0.0414605,0.0317775,0.801298,0.704162,0.0151616,0.0178569,0.709653,0.10739,0.0442111,0.188222,-0.00372234,0.0924356,-0.202557,0.134441,0.234148,0.162731,0.0633901,0.279278,-0.164108,0.203659,0.605704,0.108212,0.162088,0.632999,-0.0866559,0.203929,0.879831,0.0337244,0.234579,1.03288,0.0575399,0.29216,1.20411,0.0937599,0.493998,1.16235,0.288788,0.339931,1.33359,-0.161997,0.727088,1.0986,0.265566,0.520006,1.31603,-0.321321,0.355787,1.40493,0.15236,0.151644,0.0402271,0.0189116,0.151644,0.0402271,0.0189116,0.0682463,0.0358353,-0.113118,-0.4903,0.340873,-0.253323,0.423093,0.0897023,-0.0630189,0,0,0.169056,0,0,0.237278,0.0253998,-0.629284,-0.0642423,-0.686247,-0.436706,1.20252,0,0,0.0515433,0,0,1.68502,-0.392918,-0.342442,-0.0539946,-0.448155,-0.410627,1.31752,0.25129,0.885814,0.044869,1,0.980032,0.0756824,0.174923,-0.056675,0.137706,0.359107,-0.0904978,0.414838,-0.00941041,-0.0980761,-0.0501693,-0.00611101,-0.26169
0.997954,0.0440111,0.00421833,-0.0461837,0.997954,0.0440111,0.00421833,-0.0461837,0.994962,0.0294932,0.00214666,0.0957957,0.720255,-0.622545,-0.238914,-0.191288,0.646317,0.684822,0.260112,-0.213622,0.935746,0,0,0.352674,0.929218,0,0,0.369532,0.693279,-0.0602302,-0.109336,-0.709776,0.756432,0.0740975,-0.0164815,-0.649653,0.993353,0,0,-0.115111,0.982408,0,0,-0.186748,0.59127,0.0572038,0.0427768,0.803304,0.692074,0.012015,0.0149566,0.721572,0.100753,0.0454741,0.169605,0.0536339,0.0830147,-0.216124,0.131003,0.235057,0.147797,0.102149,0.273719,-0.174013,0.209594,0.605902,0.0987366,0.180362,0.634494,-0.0925717,0.217948,0.880472,0.0283265,0.250872,1.03274,0.0539084,0.311374,1.20236,0.0927884,0.513086,1.15069,0.285452,0.361855,1.33636,-0.158827,0.743942,1.07967,0.26013,0.54371,1.31826,-0.316204,0.379231,1.40088,0.154614,0.135471,0.247652,-0.0134276,0.135471,0.247652,-0.0134276,-0.0329974,-0.184865,-0.19382,0.488205,0.161017,-0.546034,0.615352,-0.348806,0.636385,0,0,-0.0610508,0,0,-0.0602131,-0.792408,1.4321,-0.71686,-0.591731,-0.349101,0.988843,0,0,0.500081,0,0,2.08264,1.10445,0.77202,0.248481,-0.20617,-0.188817,1.02171,0.268593,0.884211,0.0400325,1,0.979657,0.0813983,0.172318,-0.0628799,0.147529,0.355288,-0.101662,0.420548,0.0192159,-0.161937,0.263831,-0.14051,-0.437964
0.997772,0.046647,0.00667326,-0.0472304,0.997772,0.046647,0.00667326,-0.0472304,0.995434,0.0303033,0.00253148,0.0904788,0.728728,-0.614948,-0.23224,-0.191987,0.642382,0.689314,0.259614,-0.211643,0.937647,0,0,0.347588,0.929015,0,0,0.370042,0.687624,-0.0655843,-0.0971754,-0.716539,0.767268,0.0661224,-0.0174577,-0.637669,0.994116,0,0,-0.108321,0.988748,0,0,-0.149592,0.591066,0.0623883,0.0459124,0.802896,0.68585,0.00762156,0.0113447,0.727615,0.111131,0.0490373,0.184528,0.129271,0.0666459,-0.203345,0.141637,0.238199,0.159599,0.15511,0.261553,-0.162911,0.22316,0.607695,0.103373,0.20551,0.631039,-0.08742,0.2346,0.880222,0.0271094,0.267117,1.03305,0.0495251,0.3278,1.20315,0.0857691,0.528739,1.15168,0.277522,0.379604,1.33401,-0.167131,0.75907,1.07745,0.251944,0.562264,1.31319,-0.323153,0.397139,1.40216,0.144702,0.15843,0.147421,-0.0630151,0.15843,0.147421,-0.0630151,0.0484008,0.0231042,-0.320411,0.635731,0.492403,-0.00512906,0.380726,-0.00612455,0.112337,0,0,-0.325763,0,0,0.0329226,-0.368436,0.800386,-0.559112,-0.539128,-0.0592079,0.952966,0,0,0.409999,0,0,2.26172,0.362233,0.219127,-0.023813,-0.293262,-0.240266,0.523728,0.288634,0.883257,0.0391206,1,0.981472,0.0693153,0.167111,-0.0630991,0.122411,0.343492,-0.107145,0.499559,-0.00748423,-0.0365151,-0.741029,-0.278157,0.0934678
0.997815,0.0448687,0.00294089,-0.0484093,0.997815,0.0448687,0.00294089,-0.0484093,0.995546,0.024611,0.00693291,0.0907399,0.722929,-0.628127,-0.222676,-0.182334,0.642416,0.682887,0.269137,-0.220301,0.937088,0,0,0.349093,0.928054,0,0,0.372447,0.682846,-0.0695208,-0.10664,-0.719386,0.780158,0.0488167,-0.0232226,-0.623243,0.994564,0,0,-0.10413,0.993494,0,0,-0.113881,0.594173,0.0566084,0.0410155,0.801294,0.687117,0.00245417,0.00744175,0.726504,0.109169,0.0499104,0.17407,0.195645,0.063086,-0.218647,0.142779,0.238796,0.149292,0.201215,0.259158,-0.175549,0.231908,0.606766,0.0934339,0.226898,0.632504,-0.0974194,0.25004,0.879794,0.0181238,0.284974,1.03164,0.0434624,0.348334,1.20011,0.082641,0.545004,1.1449,0.275416,0.406107,1.33289,-0.169889,0.774132,1.0682,0.247757,0.588688,1.31204,-0.325616,0.420257,1.39758,0.143693,-0.106816,-0.224111,-0.0707435,-0.106816,-0.224111,-0.0707435,-0.342115,0.264473,0.0154859,-0.963155,0.59943,0.611241,-0.440015,0.65079,-0.591667,0,0,0.096294,0,0,0.155393,-0.273062,-0.648911,-0.28149,-1.14248,-0.368254,1.13432,0,0,0.252882,0,0,2.16166,-0.408516,-0.345487,-0.183416,-0.34731,-0.262509,-0.0987962,0.308206,0.881443,0.0323428,1,0.981276,0.0801075,0.1607,-0.0696758,0.143129,0.332646,-0.117705,0.463198,-0.0128372,-0.269567,0.546155,-0.389089,-0.522919
0.997721,0.0446694,-0.000360635,-0.0505787,0.997721,0.0446694,-0.000360635,-0.0505787,0.995074,0.0174295,0.0108659,0.0969811,0.708848,-0.6485,-0.217366,-0.172435,0.646415,0.672661,0.281175,-0.224978,0.934203,0,0,0.356741,0.928415,0,0,0.371544,0.67857,-0.0692498,-0.112658,-0.722534,0.792252,0.0354423,-0.0223621,-0.608753,0.995019,0,0,-0.0996828,0.996761,0,0,-0.0804229,0.598287,0.0498138,0.0354006,0.798948,0.692717,-0.000500576,0.00526342,0.72119,0.113887,0.0528899,0.183648,0.267707,0.0574785,-0.214906,0.149456,0.24125,0.155457,0.252843,0.253765,-0.172874,0.244025,0.607024,0.0932779,0.252069,0.630114,-0.0988866,0.267176,0.878417,0.0128453,0.303078,1.03024,0.03683,0.367994,1.19839,0.074733,0.560316,1.14662,0.271561,0.432376,1.32729,-0.180129,0.78847,1.06909,0.244704,0.616275,1.30536,-0.334291,0.440344,1.39637,0.133236,-0.0118813,-0.198236,-0.130355,-0.0118813,-0.198236,-0.130355,-0.431365,0.236435,0.375949,-1.58277,0.273568,0.593665,-0.772522,0.792222,-0.29514,0,0,0.490472,0,0,-0.0583763,0.0104126,-0.417577,-0.293366,-0.877246,0.0622611,1.11568,0,0,0.268214,0,0,2.01711,-0.479551,-0.395607,-0.257729,-0.198376,-0.147075,-0.46261,0.329216,0.879941,0.0283698,1,0.98287,0.0752699,0.151304,-0.0735448,0.132539,0.313612,-0.12839,0.514079,-0.0413086,-0.158355,-0.369069,-0.529739,-0.219654
0.997561,0.0474779,0.00411187,-0.0509999,0.997561,0.0474779,0.00411187,-0.0509999,0.995229,0.0269322,0.0102779,0.0932055,0.704579,-0.651747,-0.215962,-0.179318,0.640615,0.679023,0.285071,-0.217429,0.93218,0,0,0.361996,0.928351,0,0,0.371704,0.675076,-0.0697486,-0.0987669,-0.727772,0.804548,0.0274172,-0.0111678,-0.593149,0.995684,0,0,-0.0928049,0.998765,0,0,-0.0496855,0.600831,0.048955,0.0343288,0.797137,0.705072,-0.00178413,0.00429557,0.709121,0.116095,0.0537032,0.175387,0.337024,0.0575363,-0.224259,0.154085,0.242005,0.148627,0.303695,0.252093,-0.180004,0.255804,0.606519,0.0888043,0.278532,0.627915,-0.103646,0.285796,0.876418,0.00784651,0.322504,1.02818,0.0307688,0.388543,1.19583,0.0688488,0.577784,1.14098,0.268127,0.458184,1.32636,-0.18409,0.803901,1.05862,0.243181,0.645424,1.30552,-0.334307,0.463301,1.39233,0.129392,0.168788,0.268568,-0.0254556,0.168788,0.268568,-0.0254556,0.571013,-0.0353729,-0.227197,-0.287909,0.0697507,-0.478087,0.54192,0.311155,0.480693,0,0,0.337844,0,0,0.0103547,-0.0400744,0.926926,-0.420368,-0.525886,0.725666,1.17981,0,0,0.414603,0,0,1.84823,-0.063327,-0.0770893,-0.183983,-0.0854473,-0.0662391,-1.03623,0.350906,0.877836,0.0231421,1,0.984854,0.0693431,0.1387,-0.0775612,0.1203,0.287916,-0.139724,0.558599,-0.0599674,-0.149964,-0.450582,-0.717068,-0.231227
0.997516,0.0479959,0.009253,-0.0507266,0.997516,0.0479959,0.009253,-0.0507266,0.995591,0.0365779,0.00875825,0.0859279,0.70454,-0.6491,-0.216957,-0.187677,0.634433,0.687502,0.285575,-0.208046,0.932456,0,0,0.361283,0.928078,0,0,0.372387,0.669439,-0.0702418,-0.0929676,-0.733672,0.81487,0.0155577,-0.00091389,-0.579435,0.996228,0,0,-0.086773,0.999737,0,0,-0.02292,0.603966,0.0419027,0.0286793,0.795391,0.724842,-0.00164153,0.00442681,0.688899,0.119003,0.0561984,0.176701,0.404964,0.0567314,-0.223858,0.159839,0.243935,0.148532,0.355178,0.249601,-0.180294,0.2693,0.606001,0.086222,0.307389,0.624208,-0.106954,0.306403,0.873584,0.00169752,0.343286,1.02556,0.0228421,0.409204,1.19353,0.0596788,0.594879,1.13895,0.263098,0.484358,1.32276,-0.192009,0.820244,1.05277,0.244354,0.676167,1.30143,-0.336158,0.485198,1.38968,0.120093,0.0311455,0.308727,0.0163674,0.0311455,0.308727,0.0163674,0.579397,-0.0913866,-0.437976,0.175947,-0.0665839,-0.55779,0.696991,0.0830432,0.606521,0,0,-0.045881,0,0,0.0441285,-0.0438136,0.377392,-0.508178,-0.765652,0.658963,1.02139,0,0,0.36338,0,0,1.60704,-0.494045,-0.395334,-0.192382,0.0103409,0.00651616,-1.69686,0.373537,0.875622,0.0178673,1,0.987225,0.0614099,0.123012,-0.0805261,0.105037,0.255544,-0.149269,0.618233,-0.0850386,-0.18447,-0.576351,-0.897527,-0.163429
0.997327,0.0493547,0.0104496,-0.0528477,0.997327,0.0493547,0.0104496,-0.0528477,0.995733,0.034445,0.0100331,0.085021,0.703864,-0.651339,-0.212997,-0.186988,0.632433,0.687341,0.288354,-0.210815,0.934031,0,0,0.357191,0.928599,0,0,0.371084,0.66212,-0.0688272,-0.0805442,-0.741871,0.822923,0.00546913,0.0194311,-0.567794,0.996683,0,0,-0.0813852,0.999978,0,0,-0.0065954,0.608044,0.037323,0.0251985,0.792625,0.734516,0.004712,0.0102321,0.678497,0.122344,0.0585983,0.178789,0.465508,0.0554187,-0.223443,0.166948,0.245649,0.14963,0.404133,0.245799,-0.180037,0.285569,0.604745,0.0858299,0.339369,0.618321,-0.108635,0.33036,0.869138,-0.00240237,0.36695,1.02156,0.0156606,0.432956,1.18994,0.0501905,0.612131,1.13854,0.259356,0.516006,1.31289,-0.202774,0.837116,1.04894,0.248486,0.710843,1.28736,-0.34233,0.50905,1.38698,0.107637,0.0817819,0.0718976,-0.127569,0.0817819,0.0718976,-0.127569,-0.128257,0.0765747,-0.0547391,-0.160752,0.260437,0.042655,0.0269298,0.206529,-0.201516,0,0,-0.263047,0,0,-0.0842143,0.0821775,0.824417,-0.699935,-0.646699,1.29845,0.851439,0,0,0.324417,0,0,0.979593,-0.322305,-0.244602,-0.283745,0.419392,0.381758,-0.854045,0.398383,0.871992,0.0130664,1,0.990017,0.0482994,0.104485,-0.0813374,0.0806031,0.216426,-0.155186,0.718687,-0.133376,-0.122997,-0.882451,-1.05181,-0.00606526
0.997215,0.04987,0.0123735,-0.0540549,0.997215,0.04987,0.0123735,-0.0540549,0.995903,0.0355413,0.0107202,0.0824512,0.704243,-0.650347,-0.209665,-0.192692,0.62964,0.689717,0.287964,-0.211947,0.934067,0,0,0.357098,0.928497,0,0,0.37134,0.656209,-0.0621909,-0.0814649,-0.747587,0.830993,0.00128067,0.0362047,-0.555102,0.996584,0,0,-0.0825911,0.999965,0,0,-0.00841571,0.612711,0.0205435,0.0125206,0.78994,0.729737,0.00884658,0.0138176,0.683531,0.131339,0.0608318,0.187186,0.521681,0.0523594,-0.218657,0.180318,0.246627,0.154907,0.453915,0.240623,-0.177408,0.306937,0.60221,0.0871603,0.37622,0.611342,-0.109644,0.357393,0.863343,-0.00622623,0.392798,1.01638,0.00856843,0.457459,1.18579,0.0404205,0.629485,1.13867,0.256163,0.547894,1.30209,-0.213222,0.85356,1.04616,0.254537,0.746576,1.27268,-0.346405,0.532175,1.38426,0.0948422,0.0310607,0.115562,-0.072618,0.0310607,0.115562,-0.072618,0.0657512,0.0412492,-0.154688,0.0725531,0.224363,-0.378717,0.216439,-0.00451193,-0.0941211,0,0,-0.00601606,0,0,0.0165996,0.440215,-0.0754268,-0.506716,-0.267517,1.06362,0.913425,0,0,-0.0725962,0,0,-0.109222,-1.16584,-0.880464,-0.290323,0.273724,0.238113,0.414131,0.425445,0.867528,0.0092198,1,0.992625,0.0345187,0.0847764,-0.0794837,0.0559314,0.174677,-0.154909,0.811003,-0.173842,-0.114716,-0.910795,-1.12527,0.152132
0.997109,0.0507097,0.0126119,-0.055167,0.997109,0.0507097,0.0126119,-0.055167,0.996111,0.0358593,0.0132167,0.0793896,0.691847,-0.662629,-0.210798,-0.194513,0.627974,0.689506,0.290839,-0.213642,0.932594,0,0,0.360926,0.928936,0,0,0.37024,0.646816,-0.0588526,-0.0711655,-0.757034,0.836929,0.0162262,0.0408714,-0.545542,0.996517,0,0,-0.0833917,0.999575,0,0,-0.0291415,0.614286,0.0102683,0.00467813,0.789003,0.727279,-0.00589367,0.000514486,0.686316,0.133249,0.0674249,0.181478,0.558751,0.0473362,-0.216039,0.188468,0.251509,0.148775,0.492973,0.236963,-0.179006,0.326797,0.602765,0.081501,0.412183,0.60754,-0.115045,0.385191,0.860483,-0.0141234,0.419757,1.01394,-0.00213768,0.483354,1.18409,0.0277577,0.647672,1.14324,0.251433,0.582508,1.29476,-0.225693,0.870928,1.05013,0.259975,0.785203,1.26305,-0.352346,0.556996,1.38361,0.079935,0.0505344,0.0143425,-0.0669101,0.0505344,0.0143425,-0.0669101,0.0189579,0.149939,-0.184278,-1.03275,-0.14344,-0.184068,0.0173785,0.210946,-0.126326,0,0,0.246132,0,0,-0.0710841,0.211952,0.682071,-0.83533,0.948722,0.291355,0.682701,0,0,-0.0482065,0,0,-1.24379,-0.71136,-0.542799,-0.0998578,-0.974203,-0.878861,0.226638,0.451662,0.866001,0.00112635,1,0.994533,0.0222456,0.0654577,-0.0782612,0.034317,0.134083,-0.154755,0.833941,-0.0858008,-0.236915,-0.820897,-1.10438,0.104332
0.99706,0.0508341,0.0123601,-0.0559933,0.99706,0.0508341,0.0123601,-0.0559933,0.996346,0.0403699,0.0163223,0.0734769,0.683273,-0.670463,-0.211354,-0.197349,0.626529,0.689581,0.291863,-0.216231,0.9325,0,0,0.361171,0.929744,0,0,0.368207,0.638253,-0.0595565,-0.0575475,-0.765359,0.845982,0.0304168,0.0476676,-0.530205,0.99606,0,0,-0.0886863,0.996558,0,0,-0.0829034,0.617139,0.000975264,-0.00245386,0.78685,0.731441,-0.0286267,-0.0199854,0.68101,0.145721,0.070568,0.181182,0.594053,0.036995,-0.204886,0.206476,0.252942,0.147391,0.538646,0.231303,-0.173627,0.353306,0.600405,0.0794431,0.457933,0.601744,-0.116072,0.417022,0.85482,-0.0192299,0.449162,1.00903,-0.0108681,0.509606,1.1808,0.0161154,0.663947,1.14963,0.248847,0.618466,1.28425,-0.236729,0.886911,1.05821,0.27131,0.826261,1.25079,-0.354766,0.58007,1.38224,0.0654888,0.00752229,-0.0151087,-0.049677,0.00752229,-0.0151087,-0.049677,0.270793,0.186501,-0.35557,-0.675982,-0.0848231,-0.234536,0.0328461,0.0821968,-0.186695,0,0,0.0157284,0,0,-0.131258,-0.0620005,0.915812,-0.74755,0.894677,0.42164,1.08326,0,0,-0.318858,0,0,-3.23118,-0.642617,-0.492924,-0.211978,-1.5003,-1.35353,-0.422378,0.481413,0.862447,-0.00398436,1,0.996481,0.0070241,0.0422836,-0.0720344,0.007936,0.0853853,-0.143987,0.95492,-0.169885,-0.153195,-0.995391,-1.32751,0.40962
0.997074,0.0468347,0.0129558,-0.0590133,0.997074,0.0468347,0.0129558,-0.0590133,0.996359,0.047663,0.0195054,0.06795,0.681665,-0.669818,-0.213325,-0.202901,0.630927,0.685932,0.289161,-0.218665,0.932161,0,0,0.362045,0.929722,0,0,0.368262,0.636474,-0.0615382,-0.0671792,-0.765898,0.857133,0.0471876,0.0412231,-0.51127,0.99421,0,0,-0.107451,0.987695,0,0,-0.156392,0.628942,-0.0223723,-0.0210323,0.776846,0.712587,-0.0542507,-0.04038,0.698317,0.148557,0.0778541,0.190685,0.604607,0.0290066,-0.19452,0.218589,0.256849,0.151637,0.567891,0.227013,-0.169109,0.375147,0.597674,0.0762059,0.49605,0.596951,-0.119756,0.443105,0.849067,-0.0286869,0.475349,1.00339,-0.0232551,0.536325,1.17557,-0.00032178,0.682314,1.15137,0.239262,0.653326,1.26686,-0.253876,0.902543,1.05748,0.274132,0.86366,1.22529,-0.364605,0.608423,1.37746,0.0447108,-0.240209,0.0357709,-0.181364,-0.240209,0.0357709,-0.181364,0.438109,0.191213,-0.332034,0.0150248,-0.141627,-0.382057,-0.334798,-0.221224,-0.140777,0,0,0.0562317,0,0,0.00353788,-0.13871,-0.662822,-0.0744219,1.04941,-0.41823,1.3273,0,0,-1.13133,0,0,-4.44228,-1.60506,-1.27614,-0.946784,-1.71777,-1.36586,1.47705,0.50716,0.857565,-0.0122895,1,0.997132,-0.00284725,0.022625,-0.0721593,-0.00895244,0.0447242,-0.144682,0.782506,-0.172594,-0.28371,-0.675808,-1.13439,0.0121078
0.997027,0.0403687,0.0161132,-0.0636259,0.997027,0.0403687,0.0161132,-0.0636259,0.996272,0.0512853,0.0219818,0.0657872,0.67929,-0.669323,-0.217697,-0.207797,0.635718,0.681941,0.283577,-0.224507,0.932345,0,0,0.361569,0.929653,0,0,0.368437,0.641578,-0.0741548,-0.0685674,-0.76038,0.856341,0.0561344,0.0419205,-0.511636,0.991627,0,0,-0.129135,0.980863,0,0,-0.194697,0.655753,-0.0382968,-0.0358007,0.753153,0.684471,-0.070207,-0.0495744,0.723956,0.160947,0.0903691,0.201876,0.611376,0.0308446,-0.183932,0.238815,0.267361,0.157827,0.587672,0.229003,-0.162139,0.399307,0.603535,0.0751713,0.527235,0.599195,-0.120128,0.468918,0.85291,-0.0357114,0.501138,1.00731,-0.0330962,0.563013,1.17972,-0.0147609,0.699672,1.16467,0.232071,0.688654,1.25562,-0.268671,0.916488,1.06939,0.281753,0.900632,1.20294,-0.371188,0.636737,1.38225,0.0243293,-0.388303,0.189648,-0.277084,-0.388303,0.189648,-0.277084,0.21769,0.148802,-0.129814,-0.00869221,-0.30787,-0.342569,-0.364291,-0.421034,-0.371519,0,0,-0.0305905,0,0,0.0113092,-0.854145,-0.0855116,0.484785,0.564929,0.0447065,-0.0322238,0,0,-1.31028,0,0,-2.3347,-1.06641,-0.988778,-2.18149,-1.11238,-0.647637,2.23349,0.53232,0.861287,-0.0183039,1,0.997404,-0.0121577,-0.00493264,-0.0707975,-0.0235575,-0.0115614,-0.14159,0.774368,0.11527,-0.210736,-0.674536,-1.60877,0.100014
0.997082,0.030449,0.0222518,-0.0663679,0.997082,0.030449,0.0222518,-0.0663679,0.995941,0.0548426,0.0242506,0.0671282,0.672775,-0.67349,-0.22142,-0.211559,0.632316,0.685477,0.279228,-0.228757,0.933174,0,0,0.359424,0.930704,0,0,0.365773,0.651155,-0.0939835,-0.0546563,-0.751117,0.843343,0.0451671,0.0623258,-0.531834,0.98872,0,0,-0.149774,0.981089,0,0,-0.193558,0.689297,-0.0418445,-0.0418244,0.72206,0.67227,-0.0763941,-0.0528893,0.734452,0.180309,0.0955573,0.190945,0.615431,0.0315717,-0.190388,0.264638,0.272808,0.1475,0.598665,0.229434,-0.168279,0.425403,0.608253,0.0676168,0.552281,0.601703,-0.125969,0.496217,0.858447,-0.0423007,0.528198,1.01293,-0.0399352,0.590107,1.18562,-0.0242381,0.716533,1.17995,0.229382,0.725562,1.25011,-0.275942,0.929882,1.08524,0.293961,0.940072,1.18985,-0.369239,0.663442,1.38899,0.0106807,-0.595805,0.368656,-0.164611,-0.595805,0.368656,-0.164611,0.21407,0.136463,0.0810061,-0.397048,-0.289092,-0.289967,0.306748,-0.271865,-0.312763,0,0,-0.137989,0,0,-0.171855,-1.33142,0.965575,0.829653,-0.678178,1.30489,-1.4301,0,0,-1.25061,0,0,0.0696499,-0.203893,-0.372276,-2.75877,-0.440636,-0.239941,0.942699,0.557399,0.86592,-0.0253562,1,0.996649,-0.0127081,-0.0415086,-0.0693329,-0.0196468,-0.084602,-0.138077,0.818986,0.166134,-0.197678,-0.189339,-2.18616,0.110976
0.99723,0.0167083,0.02675,-0.0673663,0.99723,0.0167083,0.02675,-0.0673663,0.995608,0.0589047,0.0267955,0.0676602,0.664561,-0.680412,-0.223173,-0.213523,0.625317,0.691164,0.279869,-0.230096,0.933073,0,0,0.359688,0.932684,0,0,0.360694,0.666757,-0.107969,-0.0474166,-0.735887,0.829926,0.0359651,0.0750818,-0.551627,0.983562,0,0,-0.180569,0.982536,0,0,-0.186075,0.71397,-0.0374583,-0.0394472,0.69806,0.659074,-0.0860082,-0.0586652,0.744838,0.198457,0.103405,0.187107,0.614966,0.0318377,-0.188693,0.290577,0.279169,0.14417,0.603801,0.229176,-0.167543,0.450808,0.612801,0.0650457,0.571512,0.603692,-0.127028,0.520245,0.863718,-0.0456401,0.552876,1.01812,-0.0447778,0.615762,1.19093,-0.0348246,0.734716,1.19939,0.222943,0.759067,1.24093,-0.285821,0.944686,1.10658,0.300048,0.975459,1.17399,-0.371204,0.689965,1.39521,-0.00840794,-0.825298,0.270074,-0.0597611,-0.825298,0.270074,-0.0597611,0.244451,0.153077,0.0324167,-0.616721,-0.16734,-0.179504,0.524604,0.0983497,-0.13664,0,0,0.0169758,0,0,-0.327085,-0.90731,0.513128,1.34702,-0.571831,0.8311,-1.42335,0,0,-1.87351,0,0,0.457296,0.318261,0.184717,-2.05637,-0.679873,-0.410922,0.96486,0.580225,0.870403,-0.0307327,1,0.994774,-0.0147741,-0.0721542,-0.070709,-0.0193979,-0.146164,-0.140502,0.720826,0.158135,-0.100184,-0.249069,-1.82999,-0.0718764
0.997406,0.00307203,0.0250647,-0.0674079,0.997406,0.00307203,0.0250647,-0.0674079,0.995462,0.0613649,0.0299808,0.0662701,0.664919,-0.680018,-0.222785,-0.214068,0.623394,0.689204,0.285137,-0.23468,0.933061,0,0,0.359718,0.932761,0,0,0.360496,0.684274,-0.111574,-0.0547693,-0.718554,0.820392,0.0272775,0.077179,-0.565912,0.97673,0,0,-0.214471,0.983682,0,0,-0.179917,0.72399,-0.0256974,-0.0280549,0.688761,0.648179,-0.0902538,-0.060576,0.75369,0.216516,0.112418,0.186945,0.613966,0.0316364,-0.181443,0.315902,0.285328,0.144824,0.607563,0.228585,-0.162808,0.47531,0.61608,0.0644864,0.587276,0.604866,-0.12703,0.541339,0.867329,-0.0490408,0.575116,1.02151,-0.0498224,0.639656,1.19398,-0.0460277,0.751294,1.21608,0.214151,0.789495,1.22829,-0.296919,0.95767,1.12538,0.302621,1.00646,1.15499,-0.375406,0.715904,1.39849,-0.0289708,-0.818942,-0.101301,-0.00226062,-0.818942,-0.101301,-0.00226062,0.148004,0.19149,-0.0833303,0.0331713,0.0283949,-0.0348579,-0.09799,0.377924,-0.328099,0,0,0.00193702,0,0,-0.0127588,-0.192206,-0.47234,1.50737,-0.546956,0.150527,-1.0342,0,0,-2.07513,0,0,0.375815,0.788274,0.764376,-0.793818,-0.314952,-0.147644,0.82364,0.60108,0.873197,-0.035696,1,0.993033,-0.0161064,-0.0906607,-0.0735289,-0.0189755,-0.183454,-0.146074,0.632823,0.108315,-0.102018,-0.147375,-1.10904,-0.165069
0.99748,-0.00892248,0.0213141,-0.0670859,0.99748,-0.00892248,0.0213141,-0.0670859,0.995346,0.059922,0.0324969,0.0681123,0.661049,-0.681773,-0.231699,-0.210985,0.632831,0.679009,0.291331,-0.231512,0.932051,0,0,0.362326,0.933337,0,0,0.359003,0.697904,-0.105882,-0.0691026,-0.704943,0.81116,0.0248447,0.0690362,-0.580203,0.970629,0,0,-0.240582,0.984633,0,0,-0.174634,0.722777,-0.0136172,-0.0157048,0.690768,0.642085,-0.0944138,-0.063007,0.758184,0.242444,0.115751,0.175095,0.616303,0.0326481,-0.184204,0.345591,0.287171,0.136583,0.614099,0.229292,-0.166328,0.502338,0.617248,0.0592326,0.604196,0.606481,-0.131869,0.563539,0.869953,-0.0547306,0.597425,1.02411,-0.0556718,0.662562,1.19639,-0.0561709,0.770204,1.23179,0.205525,0.816407,1.21986,-0.306358,0.975461,1.14813,0.302419,1.03499,1.14533,-0.379456,0.739264,1.40121,-0.0467615,-0.720281,-0.225259,0.0194334,-0.720281,-0.225259,0.0194334,-0.0865645,0.151267,0.110854,-0.189738,-0.627985,0.186974,-0.880235,0.350317,0.278891,0,0,0.167814,0,0,-0.095998,0.420441,-0.939114,1.16639,-0.150035,-0.505225,-1.03779,0,0,-1.60889,0,0,0.322093,0.79943,0.817239,0.154139,-0.299444,-0.176287,0.432707,0.622751,0.875661,-0.0430508,1,0.992377,-0.0118022,-0.0982311,-0.0734823,-0.00916714,-0.19799,-0.146913,0.666004,0.0787239,-0.170695,0.222168,-0.473579,0.0306148
0.997408,-0.0174297,0.0181529,-0.0674122,0.997408,-0.0174297,0.0181529,-0.0674122,0.995359,0.057387,0.0343595,0.0691911,0.656045,-0.684699,-0.238113,-0.209987,0.644077,0.670592,0.290644,-0.225828,0.930965,0,0,0.365109,0.936416,0,0,0.350892,0.708662,-0.0919452,-0.0851882,-0.694325,0.800198,0.0298484,0.0608585,-0.595893,0.967557,0,0,-0.252655,0.985638,0,0,-0.168873,0.72017,-0.00831534,-0.0103263,0.693671,0.638645,-0.0996585,-0.0664565,0.760121,0.274604,0.121106,0.174648,0.618621,0.0361446,-0.177035,0.37729,0.292991,0.138158,0.620709,0.232712,-0.16109,0.529131,0.624091,0.0610934,0.621431,0.610716,-0.130067,0.586491,0.876216,-0.0562945,0.620317,1.03033,-0.0597166,0.686021,1.20226,-0.0657993,0.790006,1.25132,0.196219,0.84408,1.21286,-0.313527,0.993674,1.17402,0.300754,1.06462,1.13526,-0.379902,0.763427,1.40705,-0.0651163,-0.510888,-0.189804,-0.0196909,-0.510888,-0.189804,-0.0196909,-0.15235,0.111924,0.064813,-0.290936,-0.46736,0.0393608,-0.784961,-0.137018,0.459914,0,0,0.179226,0,0,-0.520519,0.957652,-1.05214,0.903201,0.328384,-0.508376,-1.15931,0,0,-0.747447,0,0,0.350899,0.350659,0.355598,0.238215,-0.367986,-0.242114,0.204138,0.645115,0.881498,-0.0466103,1,0.991786,-0.016426,-0.104543,-0.0718459,-0.0179606,-0.211298,-0.142725,0.688559,0.18789,-0.0469181,-0.313214,-0.357786,0.0720476
0.997192,-0.0240987,0.0167455,-0.0688998,0.997192,-0.0240987,0.0167455,-0.0688998,0.995263,0.0592596,0.0366305,0.067812,0.652711,-0.686421,-0.239169,-0.213525,0.649993,0.667325,0.286704,-0.223577,0.930551,0,0,0.366161,0.938944,0,0,0.344071,0.717863,-0.0784657,-0.0925209,-0.685533,0.785981,0.0329487,0.059819,-0.614467,0.967741,0,0,-0.251947,0.987284,0,0,-0.158966,0.716183,-0.00540305,-0.00746497,0.697852,0.634661,-0.102417,-0.0678659,0.762962,0.313831,0.116504,0.166899,0.619928,0.0382478,-0.179683,0.411507,0.291524,0.133495,0.625799,0.2344,-0.163281,0.554998,0.62727,0.0602851,0.637845,0.612718,-0.130703,0.609247,0.879726,-0.0571435,0.643002,1.03378,-0.0619237,0.709659,1.20514,-0.0713902,0.808755,1.26218,0.191354,0.872391,1.2055,-0.315431,1.00902,1.18654,0.303168,1.09396,1.12339,-0.374951,0.788742,1.40925,-0.0755488,-0.400588,-0.0844445,-0.0896331,-0.400588,-0.0844445,-0.0896331,0.112643,0.13654,-0.0827462,-0.179034,-0.0933814,-0.25979,-0.330797,-0.315417,0.189827,0,0,0.067844,0,0,-0.436474,0.91626,-0.466585,0.74705,0.210639,-0.0466333,-1.40317,0,0,0.0438761,0,0,0.602571,0.192561,0.188974,0.348187,-0.200096,-0.103946,0.278228,0.667449,0.883715,-0.0495679,1,0.990824,-0.0188719,-0.114188,-0.0698048,-0.0220429,-0.230962,-0.138113,0.682686,0.105303,-0.0254686,-0.200874,-0.567387,0.111477
0.99697,-0.0328975,0.0176334,-0.0682483,0.99697,-0.0328975,0.0176334,-0.0682483,0.995153,0.0622207,0.0385228,0.0656837,0.651436,-0.686231,-0.244181,-0.212354,0.652066,0.667481,0.28507,-0.219123,0.930162,0,0,0.367148,0.939794,0,0,0.341742,0.728819,-0.0709331,-0.0962055,-0.674192,0.770293,0.0270163,0.0601609,-0.634271,0.969195,0,0,-0.246295,0.989375,0,0,-0.145384,0.709027,-0.0054596,-0.00754552,0.70512,0.629751,-0.105107,-0.0689555,0.766558,0.363246,0.109028,0.166755,0.621685,0.039789,-0.175676,0.452346,0.288003,0.133873,0.630695,0.235556,-0.160605,0.582958,0.629661,0.0610579,0.65432,0.61426,-0.129506,0.632486,0.882473,-0.057116,0.665612,1.03657,-0.0633798,0.732056,1.20767,-0.0773739,0.828699,1.27618,0.184253,0.897727,1.19916,-0.31873,1.0283,1.20735,0.301318,1.12079,1.11589,-0.371613,0.81131,1.41147,-0.0879363,-0.528573,0.0533986,0.0388229,-0.528573,0.0533986,0.0388229,0.178086,0.113802,-0.127754,-0.0107719,-0.349692,0.0723822,-0.0269972,-0.127415,0.315912,0,0,0.0636402,0,0,-0.148752,0.519637,-0.217799,0.94003,-0.373502,0.0448908,-1.52116,0,0,0.350162,0,0,0.82452,-0.0047567,-0.00673301,0.611936,-0.198767,-0.0840793,0.35072,0.690197,0.885845,-0.0516048,1,0.989662,-0.020439,-0.125322,-0.0666763,-0.0245296,-0.253484,-0.131416,0.697177,0.0823992,0.000823914,-0.162548,-0.65979,0.182997
0.996831,-0.0393356,0.0178337,-0.066798,0.996831,-0.0393356,0.0178337,-0.066798,0.995118,0.0631963,0.0396714,0.0645882,0.655386,-0.683215,-0.24514,-0.208787,0.650069,0.669692,0.284989,-0.218412,0.929825,0,0,0.368002,0.939646,0,0,0.342148,0.739818,-0.0625522,-0.0877071,-0.664126,0.754688,0.0236313,0.0633068,-0.652594,0.97251,0,0,-0.232861,0.991105,0,0,-0.133084,0.699422,-0.00372847,-0.00607156,0.714674,0.627667,-0.109407,-0.0715539,0.767427,0.419946,0.097328,0.16024,0.623702,0.0420908,-0.17708,0.496881,0.281243,0.128741,0.635929,0.237524,-0.161717,0.610941,0.630906,0.059676,0.670593,0.615902,-0.128885,0.655125,0.884819,-0.0560245,0.68769,1.03897,-0.0634295,0.753642,1.20993,-0.0806678,0.846866,1.28694,0.179673,0.92291,1.19521,-0.319214,1.0461,1.22369,0.300289,1.14717,1.11165,-0.366058,0.832383,1.41362,-0.0961028,-0.386781,0.0120798,0.0869237,-0.386781,0.0120798,0.0869237,0.0586758,0.0690559,-0.0657941,0.278518,-0.0390475,0.26526,0.186933,0.00995658,0.0365454,0,0,0.0550502,0,0,0.025933,0.571169,0.585885,0.848708,-0.211205,0.228855,-1.44139,0,0,0.830219,0,0,0.745227,0.114358,0.0966513,0.813484,-0.30175,-0.182678,0.1041,0.712796,0.887432,-0.0533022,1,0.988325,-0.0220451,-0.136392,-0.0642333,-0.0270812,-0.275918,-0.126041,0.679151,0.0703782,0.0327464,-0.15967,-0.657983,0.141217
0.996765,-0.0429975,0.0170969,-0.065712,0.996765,-0.0429975,0.0170969,-0.065712,0.995225,0.060924,0.0406391,0.0645333,0.65541,-0.68452,-0.246059,-0.203285,0.6539,0.666605,0.284243,-0.217388,0.930512,0,0,0.366262,0.940246,0,0,0.340497,0.750492,-0.0530731,-0.0691546,-0.655105,0.740594,0.0250445,0.0668856,-0.668146,0.976918,0,0,-0.213616,0.992293,0,0,-0.123917,0.689092,-0.000880762,-0.00373285,0.724663,0.626266,-0.113287,-0.0738231,0.767794,0.481604,0.0846027,0.150778,0.626062,0.0445658,-0.180067,0.543801,0.273386,0.120952,0.641702,0.239585,-0.163627,0.638505,0.631596,0.0574406,0.686501,0.617075,-0.127673,0.676802,0.886568,-0.054053,0.709228,1.04066,-0.0628514,0.775123,1.21137,-0.0825473,0.864837,1.29576,0.176558,0.948481,1.19081,-0.31742,1.06362,1.23754,0.300746,1.17386,1.10666,-0.358235,0.85376,1.41478,-0.10203,-0.220007,-0.0442305,0.0651422,-0.220007,-0.0442305,0.0651422,-0.136693,0.0580706,-0.00343415,-0.0882482,-0.0623803,0.374338,-0.279667,-0.0803605,0.0923747,0,0,-0.112178,0,0,-0.105418,0.63794,1.23936,0.76757,0.10124,0.257599,-1.25142,0,0,1.18462,0,0,0.554639,0.190109,0.155318,0.862836,-0.27124,-0.15892,0.0551015,0.735417,0.888271,-0.0544723,1,0.986963,-0.0258285,-0.145866,-0.0629344,-0.0341079,-0.29546,-0.122283,0.650333,0.0524679,0.0591441,-0.273308,-0.556695,0.0533449
0.996685,-0.0472354,0.01483,-0.0645624,0.996685,-0.0472354,0.01483,-0.0645624,0.995338,0.0565798,0.041102,0.0664223,0.652737,-0.689061,-0.246773,-0.195534,0.659746,0.661558,0.283931,-0.215546,0.930519,0,0,0.366244,0.940531,0,0,0.339709,0.760392,-0.0425806,-0.0580223,-0.645465,0.72724,0.0253072,0.0636497,-0.682957,0.981409,0,0,-0.191929,0.993163,0,0,-0.116736,0.681311,-0.00051634,-0.00364025,0.731985,0.623861,-0.114162,-0.0736309,0.769639,0.54983,0.074808,0.145399,0.629175,0.0484887,-0.179377,0.595968,0.267535,0.115884,0.648689,0.242978,-0.162981,0.669281,0.633078,0.0557022,0.703851,0.619365,-0.126318,0.70024,0.888925,-0.0526232,0.732064,1.04305,-0.0625352,0.797355,1.21365,-0.0848897,0.885945,1.30576,0.171673,0.973054,1.18798,-0.317192,1.08596,1.25312,0.296381,1.19948,1.10437,-0.353525,0.875032,1.41693,-0.109242,-0.254627,-0.136137,0.0689468,-0.254627,-0.136137,0.0689468,-0.261193,0.0277238,0.113369,-0.358698,-0.0663868,0.513001,-0.44796,-0.0661077,0.159414,0,0,-0.00116267,0,0,-0.05029,0.698147,0.743849,0.789275,0.025776,-0.191545,-1.20353,0,0,1.32886,0,0,0.434008,0.0243511,0.00547016,0.641097,-0.0678223,0.00829231,0.178496,0.759734,0.890206,-0.0557268,1,0.98662,-0.0273622,-0.148871,-0.060571,-0.0376667,-0.301626,-0.116906,0.703134,0.070718,0.042894,-0.123382,-0.171468,0.129895
0.996655,-0.0513005,0.0124123,-0.0623999,0.996655,-0.0513005,0.0124123,-0.0623999,0.995606,0.054439,0.0399672,0.0648672,0.655417,-0.689031,-0.244767,-0.189084,0.666971,0.657317,0.281217,-0.209767,0.930694,0,0,0.365799,0.940969,0,0,0.338491,0.771049,-0.0295051,-0.0502017,-0.634108,0.714068,0.0265714,0.0566286,-0.697276,0.984852,0,0,-0.173396,0.993815,0,0,-0.111049,0.678029,-0.00131861,-0.00454569,0.73502,0.626607,-0.116558,-0.0756007,0.766852,0.623076,0.0669608,0.13784,0.633461,0.0526848,-0.179123,0.653055,0.26275,0.109476,0.657155,0.246946,-0.162704,0.703014,0.634266,0.0537936,0.722287,0.62191,-0.125212,0.724559,0.891032,-0.0509783,0.755132,1.04536,-0.061593,0.81865,1.21626,-0.0864284,0.907089,1.31427,0.167232,0.99576,1.18789,-0.316368,1.10928,1.26674,0.290561,1.22406,1.1073,-0.348282,0.894336,1.41981,-0.114951,-0.244205,-0.145214,0.129851,-0.244205,-0.145214,0.129851,-0.128942,-0.0684069,-0.0938027,0.0519987,0.154297,0.452788,-0.415372,-0.238793,0.433014,0,0,-0.028702,0,0,-0.0776341,0.861558,0.523771,0.906596,0.0925,-0.445337,-1.18049,0,0,1.13101,0,0,0.343486,-0.0541197,-0.0613447,0.26804,-0.156109,-0.129891,-0.250538,0.784711,0.89248,-0.0567949,1,0.987001,-0.0267476,-0.147836,-0.0570828,-0.0376025,-0.299333,-0.10987,0.729573,0.0631971,0.0493459,0.00961292,0.068135,0.211667
0.996535,-0.0564344,0.0111712,-0.0600651,0.996535,-0.0564344,0.0111712,-0.0600651,0.996077,0.0506076,0.0369529,0.0624773,0.658084,-0.687417,-0.243221,-0.187686,0.674363,0.656053,0.274037,-0.199331,0.930654,0,0,0.3659,0.94201,0,0,0.335585,0.782172,-0.0211058,-0.0423811,-0.621261,0.700794,0.0243207,0.0473844,-0.711373,0.987584,0,0,-0.157091,0.994534,0,0,-0.104418,0.679391,-0.00398909,-0.00716275,0.733731,0.629757,-0.118121,-0.0772136,0.763866,0.696099,0.0615022,0.132823,0.63738,0.0563064,-0.175051,0.710678,0.259246,0.105148,0.665331,0.250341,-0.15955,0.737382,0.634708,0.0528705,0.740867,0.623718,-0.12293,0.749339,0.892006,-0.0487021,0.778673,1.04653,-0.0596405,0.840447,1.21766,-0.0869943,0.928749,1.3209,0.164243,1.01889,1.1869,-0.313585,1.13217,1.2775,0.28705,1.24945,1.1098,-0.339324,0.914397,1.42122,-0.120204,-0.308514,-0.0745224,0.140106,-0.308514,-0.0745224,0.140106,-0.230699,-0.181472,-0.144191,0.159277,0.122716,0.108635,-0.214776,-0.540012,0.745752,0,0,0.00652069,0,0,-0.185255,0.551995,0.520077,1.00261,-0.141279,-0.598221,-1.18005,0,0,0.991963,0,0,0.400188,-0.179853,-0.176138,-0.113345,-0.0972413,-0.104209,-0.272289,0.810078,0.89387,-0.0565024,1,0.987331,-0.0244185,-0.147253,-0.0538273,-0.0338623,-0.297786,-0.103848,0.7434,0.0292253,0.0682862,0.111578,0.0347069,0.213647
0.996249,-0.0631788,0.00927719,-0.0584021,0.996249,-0.0631788,0.00927719,-0.0584021,0.996111,0.0469094,0.0348876,0.0659249,0.65741,-0.689342,-0.243358,-0.182746,0.679718,0.65491,0.270202,-0.189914,0.930008,0,0,0.36754,0.942157,0,0,0.335171,0.792986,-0.013512,-0.0410017,-0.607708,0.685466,0.0183107,0.0371086,-0.726928,0.989597,0,0,-0.143866,0.995325,0,0,-0.0965777,0.68557,-0.0133293,-0.0159504,0.72771,0.630111,-0.115229,-0.0751735,0.76422,0.770307,0.0566817,0.122874,0.641852,0.0610193,-0.178091,0.770531,0.255675,0.096709,0.67412,0.254371,-0.162361,0.774315,0.633488,0.0492666,0.7609,0.625487,-0.12451,0.77606,0.891744,-0.0480681,0.803705,1.04661,-0.0577388,0.863592,1.21814,-0.086403,0.952651,1.32614,0.162276,1.04296,1.18702,-0.310866,1.1582,1.28725,0.282693,1.27548,1.1145,-0.332294,0.934801,1.42203,-0.123322,-0.405491,-0.11372,0.0995578,-0.405491,-0.11372,0.0995578,-0.222216,-0.124103,0.20708,-0.143317,-0.0137251,0.332225,-0.170095,-0.297171,0.662585,0,0,0.105759,0,0,-0.0263203,0.495394,0.0999652,1.03515,-0.394189,-0.671647,-1.32991,0,0,0.802622,0,0,0.472803,-0.627045,-0.589394,-0.524082,0.199832,0.140916,0.0168212,0.836981,0.894671,-0.0575695,1,0.98804,-0.0159265,-0.145157,-0.0495333,-0.0178512,-0.292576,-0.0975516,0.801628,-0.00785779,0.0190207,0.472945,0.109307,0.32863
0.996009,-0.0687335,0.00741427,-0.056443,0.996009,-0.0687335,0.00741427,-0.056443,0.996068,0.0460899,0.0332932,0.0679335,0.652177,-0.696156,-0.241548,-0.178008,0.678874,0.658424,0.268002,-0.183801,0.928012,0,0,0.372549,0.940928,0,0,0.338607,0.802978,-0.00518197,-0.0403542,-0.594618,0.668719,0.0123804,0.0288858,-0.742851,0.991135,0,0,-0.132856,0.995949,0,0,-0.089922,0.694499,-0.0265877,-0.0289367,0.718419,0.633596,-0.110886,-0.0728008,0.762208,0.845904,0.0543646,0.11689,0.646251,0.0653925,-0.17734,0.832551,0.253793,0.0918281,0.68353,0.258099,-0.161709,0.813801,0.632239,0.0484091,0.782227,0.626452,-0.123639,0.80454,0.890613,-0.0455856,0.830059,1.04584,-0.05463,0.8872,1.21794,-0.0851256,0.978496,1.33096,0.159992,1.06576,1.18769,-0.30962,1.18707,1.29604,0.275287,1.29971,1.12046,-0.328989,0.954657,1.42241,-0.125589,-0.334034,-0.111879,0.117424,-0.334034,-0.111879,0.117424,-0.0491949,-0.0957635,0.120729,-0.561586,0.0887848,0.29676,0.251357,-0.142244,0.407617,0,0,0.323501,0,0,0.218969,0.53865,0.0513301,0.985387,-0.393056,-0.539804,-1.39967,0,0,0.667007,0,0,0.401086,-0.884797,-0.865966,-0.792245,0.309079,0.170025,-0.211722,0.864955,0.895149,-0.0572349,1,0.989229,-0.00944755,-0.139272,-0.0440395,-0.00668511,-0.28002,-0.088037,0.854405,-0.0339163,0.074476,0.354872,0.345259,0.380032
0.995721,-0.0739086,0.00567911,-0.0551858,0.995721,-0.0739086,0.00567911,-0.0551858,0.996126,0.0443957,0.0314538,0.0690852,0.651698,-0.698119,-0.238267,-0.176487,0.674777,0.664486,0.2646,-0.18199,0.926726,0,0,0.375738,0.938793,0,0,0.344481,0.811889,0.00472371,-0.0469258,-0.581904,0.651998,0.0056259,0.0198512,-0.75794,0.991995,0,0,-0.12628,0.996124,0,0,-0.0879626,0.707765,-0.0424599,-0.0456464,0.703692,0.63477,-0.104879,-0.0687669,0.762456,0.919722,0.0523445,0.108492,0.653829,0.0704202,-0.181884,0.894776,0.251964,0.0850473,0.696702,0.261909,-0.165029,0.855178,0.629662,0.0464888,0.806851,0.626839,-0.124788,0.834867,0.888217,-0.043816,0.85761,1.04393,-0.0509166,0.911483,1.217,-0.0815305,1.0035,1.33172,0.161892,1.08922,1.18964,-0.306437,1.21412,1.29927,0.273442,1.32395,1.12677,-0.324061,0.974843,1.42247,-0.123518,-0.311346,-0.104215,0.0752089,-0.311346,-0.104215,0.0752089,-0.101839,-0.110544,0.0691121,-0.142751,0.220299,0.101295,0.480621,-0.200468,0.102281,0,0,0.206301,0,0,0.374992,0.635745,-0.412589,0.939139,-0.45441,-0.602256,-1.36192,0,0,0.39791,0,0,0.118036,-1.04837,-1.10336,-1.22801,0.415507,0.278968,-0.00766756,0.894177,0.894742,-0.0565535,1,0.990341,0.00112806,-0.133707,-0.0366882,0.0124913,-0.267943,-0.0757418,0.909783,-0.0718948,0.0530872,0.581626,0.315811,0.524498
0.995451,-0.0789119,0.00411416,-0.0532347,0.995451,-0.0789119,0.00411416,-0.0532347,0.99635,0.0395996,0.029133,0.0697785,0.647584,-0.702859,-0.2366,-0.175057,0.674841,0.666597,0.260637,-0.179742,0.925268,0,0,0.379314,0.937823,0,0,0.347115,0.818203,0.0138011,-0.0560377,-0.572025,0.634481,-0.00194733,0.0122057,-0.77284,0.992528,0,0,-0.122016,0.996065,0,0,-0.0886218,0.723824,-0.0514716,-0.0572561,0.685676,0.636385,-0.097076,-0.0635436,0.762596,0.989144,0.0501587,0.101571,0.662221,0.0753705,-0.184655,0.955006,0.249927,0.0796684,0.711587,0.265275,-0.166765,0.89817,0.626038,0.0453586,0.83393,0.62613,-0.125235,0.867804,0.884545,-0.041776,0.887399,1.04071,-0.0470986,0.937152,1.21488,-0.0781551,1.03058,1.33257,0.162997,1.11283,1.19059,-0.304189,1.24376,1.30417,0.269899,1.34862,1.1329,-0.321899,0.995396,1.42138,-0.122584,-0.301053,-0.0940092,0.116947,-0.301053,-0.0940092,0.116947,-0.288314,-0.139557,0.0413378,-0.401431,0.0870822,0.0778513,0.141322,-0.267952,0.152033,0,0,0.231726,0,0,0.168382,0.579557,-0.575537,0.71731,-0.51667,-0.514809,-1.38513,0,0,0.257883,0,0,-0.0397081,-0.579305,-0.750019,-1.48164,0.539376,0.360993,-0.0243468,0.92479,0.893453,-0.0557417,1,0.991589,0.0114014,-0.125727,-0.0285431,0.0307593,-0.251325,-0.0614406,0.988136,-0.110158,0.0612011,0.562607,0.461048,0.569713
0.99526,-0.0829432,0.00236684,-0.0507221,0.99526,-0.0829432,0.00236684,-0.0507221,0.996497,0.0347999,0.026156,0.0714039,0.643293,-0.70742,-0.235884,-0.173463,0.67467,0.669027,0.256804,-0.176847,0.924647,0,0,0.380825,0.93742,0,0,0.3482,0.821646,0.0187946,-0.0649592,-0.565973,0.61758,-0.00870495,0.00220113,-0.786457,0.993088,0,0,-0.117369,0.995646,0,0,-0.0932102,0.731889,-0.0538554,-0.0614754,0.676505,0.641784,-0.0900795,-0.0594793,0.75925,1.05328,0.0467408,0.0927098,0.670131,0.0800605,-0.185763,1.01161,0.245954,0.0728128,0.727421,0.268079,-0.167289,0.941585,0.620452,0.0431464,0.862798,0.624067,-0.125684,0.902824,0.879272,-0.0402558,0.91924,1.03583,-0.0434097,0.964331,1.21126,-0.0742931,1.05984,1.33124,0.164748,1.1369,1.19185,-0.302336,1.27596,1.30761,0.266409,1.37386,1.14033,-0.321837,1.01642,1.41907,-0.12031,-0.242563,-0.10499,0.150787,-0.242563,-0.10499,0.150787,-0.288436,-0.178917,0.0974359,-0.394078,0.0212011,0.0883739,0.16702,-0.257474,0.194558,0,0,0.0979821,0,0,0.0694738,0.317694,-0.565087,0.432194,-0.467527,-0.68507,-1.30373,0,0,0.28083,0,0,-0.276453,-0.146869,-0.266865,-0.745094,0.49281,0.287341,-0.3419,0.956385,0.890795,-0.0550057,1,0.992944,0.0225468,-0.114535,-0.0208847,0.050904,-0.228495,-0.0479024,1.05058,-0.158179,0.0456041,0.6236,0.651768,0.549718
0.99519,-0.085342,0.000821683,-0.0480918,0.99519,-0.085342,0.000821683,-0.0480918,0.996433,0.0334209,0.0241789,0.0736223,0.647406,-0.704671,-0.234129,-0.171721,0.67519,0.669714,0.253745,-0.176679,0.925551,0,0,0.378623,0.936216,0,0,0.351425,0.824058,0.0233954,-0.0755852,-0.560953,0.601018,-0.0134046,-0.0053975,-0.799105,0.993049,0,0,-0.117699,0.994766,0,0,-0.102175,0.734916,-0.049082,-0.0570876,0.673966,0.649316,-0.0811669,-0.0542772,0.754225,1.11606,0.0428906,0.0872456,0.681619,0.0842069,-0.184956,1.06888,0.241318,0.0694271,0.747698,0.269848,-0.165853,0.988362,0.613953,0.0433342,0.895838,0.620367,-0.124429,0.941352,0.872651,-0.0374171,0.95431,1.02955,-0.0387026,0.994074,1.20632,-0.069189,1.09167,1.32727,0.168023,1.16234,1.19241,-0.300271,1.311,1.30925,0.264346,1.39999,1.14723,-0.323014,1.03886,1.41571,-0.115598,-0.144273,-0.0928549,0.158005,-0.144273,-0.0928549,0.158005,-0.0827957,-0.118731,0.133353,0.267034,0.146232,0.138319,0.0371257,-0.209988,0.0137695,0,0,-0.142805,0,0,0.206538,0.292418,-0.67416,0.351884,-0.330787,-0.527211,-1.2477,0,0,-0.0199307,0,0,-0.540454,0.318837,0.293995,-0.218883,0.62612,0.366875,-0.498748,0.990767,0.886898,-0.0526768,1,0.994236,0.0318956,-0.101615,-0.0123408,0.0673599,-0.202655,-0.0316749,1.15585,-0.198643,0.0851625,0.512726,0.755402,0.592393
0.995292,-0.0862603,-0.000718255,-0.0441888,0.995292,-0.0862603,-0.000718255,-0.0441888,0.996332,0.0330573,0.0224874,0.0756558,0.65116,-0.702659,-0.230713,-0.170385,0.67547,0.669574,0.251657,-0.179111,0.925703,0,0,0.378252,0.93505,0,0,0.354516,0.824111,0.0304937,-0.0907889,-0.558273,0.584138,-0.016213,-0.0102053,-0.811428,0.991844,0,0,-0.127459,0.993376,0,0,-0.114912,0.729785,-0.0257885,-0.0324031,0.682421,0.657466,-0.071611,-0.0484957,0.748504,1.16899,0.036003,0.0827131,0.69509,0.0884462,-0.185586,1.1209,0.234033,0.068159,0.770979,0.270817,-0.165158,1.03621,0.605489,0.0455193,0.932228,0.614775,-0.122637,0.98269,0.864166,-0.0335881,0.991934,1.02135,-0.0329944,1.02552,1.19958,-0.0624631,1.12364,1.32107,0.173515,1.18976,1.1925,-0.296514,1.34567,1.30896,0.264539,1.42799,1.15454,-0.322948,1.06172,1.41077,-0.10808,-0.0550117,-0.0925432,0.234643,-0.0550117,-0.0925432,0.234643,-0.0217724,-0.101571,0.122309,0.208979,0.256578,0.108558,-0.0144159,-0.142744,-0.162748,0,0,-0.0240491,0,0,0.19818,0.452738,-0.969685,0.17159,-0.203106,-0.339186,-1.25062,0,0,-0.590062,0,0,-0.76881,1.53256,1.62342,0.645563,0.667268,0.40485,-0.555279,1.02646,0.881281,-0.0490385,1,0.99511,0.0402697,-0.0901193,-0.00349156,0.0821947,-0.180047,-0.0144411,1.24013,-0.254543,0.114869,0.452458,0.667986,0.601627
0.995401,-0.0869106,-0.00266735,-0.0402056,0.995401,-0.0869106,-0.00266735,-0.0402056,0.996263,0.0329211,0.021387,0.0769395,0.654456,-0.701499,-0.226751,-0.167839,0.675947,0.668299,0.24972,-0.184693,0.926402,0,0,0.376536,0.934524,0,0,0.355899,0.821626,0.0231183,-0.0921816,-0.562049,0.570117,-0.0171802,-0.0179426,-0.821188,0.987544,0,0,-0.15734,0.990598,0,0,-0.136806,0.697194,0.0121522,0.0047258,0.716764,0.667001,-0.0598138,-0.0408373,0.741528,1.19875,0.037682,0.0657596,0.706135,0.106773,-0.185673,1.15917,0.235282,0.0584774,0.794268,0.284247,-0.164263,1.08247,0.607193,0.0441481,0.969604,0.620004,-0.121546,1.02454,0.866703,-0.0310107,1.03049,1.02404,-0.0282837,1.05821,1.20353,-0.056301,1.15746,1.32501,0.178282,1.21764,1.20263,-0.293764,1.38219,1.31849,0.263544,1.45591,1.17023,-0.325402,1.08628,1.41624,-0.100456,-0.0388901,-0.117124,0.239456,-0.0388901,-0.117124,0.239456,-0.00813947,-0.0660721,0.0772257,0.14172,0.290156,0.188453,-0.0944454,-0.133843,-0.374268,0,0,-0.111145,0,0,0.0888025,-0.469108,-0.094147,-0.273225,-0.0747479,-0.548982,-1.01955,0,0,-1.81141,0,0,-1.32417,2.5167,2.45688,2.86694,0.816966,0.530861,-0.664002,1.06143,0.886237,-0.0471018,1,0.995794,0.0489494,-0.0773454,0.00402187,0.0981987,-0.155054,0.000443209,1.2555,0.0761119,0.0773238,0.478653,0.746444,0.526567
0.995652,-0.0852725,-0.00409831,-0.037277,0.995652,-0.0852725,-0.00409831,-0.037277,0.99608,0.0323909,0.0210829,0.0795669,0.663393,-0.696282,-0.218601,-0.165272,0.680638,0.662028,0.248613,-0.19142,0.925834,0,0,0.37793,0.93546,0,0,0.353434,0.819964,0.0020936,-0.0723536,-0.567819,0.562239,-0.0166097,-0.0161269,-0.82665,0.978978,0,0,-0.203964,0.985872,0,0,-0.167498,0.655159,0.044171,0.0295593,0.753619,0.69088,-0.0523338,-0.0377157,0.720086,1.22372,0.047131,0.0349636,0.729427,0.128677,-0.196992,1.19789,0.24372,0.0378466,0.829501,0.301416,-0.171826,1.13214,0.61465,0.0383318,1.013,0.629914,-0.123508,1.06721,0.874658,-0.0279518,1.06886,1.03204,-0.0217534,1.08988,1.21307,-0.045704,1.18951,1.3299,0.189312,1.24455,1.22198,-0.286217,1.41668,1.32718,0.267604,1.48291,1.19635,-0.324556,1.10875,1.42772,-0.0848978,0.0988689,-0.085969,0.176175,0.0988689,-0.085969,0.176175,-0.0317299,-0.0181926,0.158131,0.522697,0.607136,0.214433,-0.50521,-0.10552,-0.430024,0,0,0.0903102,0,0,-0.158217,-1.3422,1.26309,-0.390325,0.0363071,0.124097,-0.577005,0,0,-2.84454,0,0,-1.8633,2.19128,1.6943,3.3056,0.53941,0.235136,-1.90626,1.09776,0.89658,-0.0452311,1,0.995858,0.0605432,-0.0661356,0.0150756,0.11995,-0.133949,0.0222191,1.28025,0.238641,0.0917645,0.638553,0.64043,0.747195
0.996119,-0.0795623,-0.00606295,-0.0371446,0.996119,-0.0795623,-0.00606295,-0.0371446,0.995436,0.0342832,0.0202706,0.0867277,0.67729,-0.685919,-0.206553,-0.167716,0.686187,0.655,0.245967,-0.199055,0.924848,0,0,0.380336,0.936729,0,0,0.350055,0.811238,-0.00382535,-0.0682215,-0.58071,0.562887,-0.00982249,-0.0047962,-0.826462,0.971284,0,0,-0.237923,0.978187,0,0,-0.207726,0.629251,0.0516107,0.0331897,0.774776,0.726165,-0.045696,-0.0359989,0.685055,1.22936,0.0456058,0.0474545,0.752135,0.137565,-0.186429,1.21918,0.241527,0.0519251,0.865944,0.30482,-0.159744,1.17132,0.612199,0.053758,1.05519,0.626309,-0.109587,1.10625,0.872581,-0.0128067,1.10526,1.03007,-0.00727537,1.12249,1.21174,-0.0300621,1.22272,1.32334,0.20498,1.27396,1.22395,-0.272288,1.45119,1.31937,0.278544,1.51203,1.19977,-0.315152,1.13521,1.42716,-0.066572,0.343854,-0.117993,0.00830546,0.343854,-0.117993,0.00830546,0.114132,-0.0485409,0.43133,0.956656,0.893297,-0.103548,-0.568941,-0.214132,-0.485015,0,0,0.155989,0,0,-0.216558,-0.378892,0.250067,-0.941741,0.479677,0.800556,0.0292052,0,0,-2.0893,0,0,-2.4575,0.542637,0.270473,1.98882,0.486634,0.147809,-2.971,1.13149,0.895094,-0.0306669,1,0.996543,0.0562591,-0.0565596,0.0231759,0.110468,-0.115593,0.0401059,1.17099,-0.0623145,0.454355,-0.299284,0.541619,0.501184
