1,0,0,0,1,0,0,0,1,0,0,0,0.707107,0,0,-0.707107,0.707107,0,0,-0.707107,1,0,0,0,1,0,0,0,0.707107,0,0,-0.707107,0.707107,0,0,-0.707107,1,0,0,0,1,0,0,0,0.707107,0,0,0.707107,0.707107,0,0,0.707107,0.0308001,0.0264001,0.0659,0.0308001,0.0264001,-0.0659,4.47035e-08,0.2265,0.0659,4.47035e-08,0.2265,-0.0659,1.49012e-08,0.6113,0.0659,1.49012e-08,0.6113,-0.0659,0,0.8773,0,0,1.0355,0,0,1.2201,0,0,1.1497,0.1671,0,1.1497,-0.1671,7.45058e-09,0.8903,0.1671,7.45058e-09,0.8903,-0.1671,0,1.4399,0,0,0,0,0,0,0,0,0,0,0,0,0,0,0,0,0,0,0,0,0,0,0,0,0,0,0,0,0,0,0,0,0,0,0,0,0,0,0,0,0.0013689,0.859514,0,1,1,0,0,0,0,0,0,0,0,0,0,0,0
1,0,0,0,1,0,0,0,1,0,0,0,0.708389,-0.00556385,-0.00556385,-0.705778,0.708376,0.00553696,0.00553696,-0.705792,1,0,0,0,1,0,0,0,0.707107,0,0,-0.707107,0.707107,0,0,-0.707107,1,0,0,0,1,0,0,0,0.707107,0,0,0.707107,0.707107,0,0,0.707107,0.0308001,0.0264001,0.0659,0.0308001,0.0264001,-0.0659,4.47035e-08,0.2265,0.0659,4.47035e-08,0.2265,-0.0659,1.49012e-08,0.6113,0.0659,1.49012e-08,0.6113,-0.0659,0,0.8773,0,0,1.0355,0,0,1.2201,0,0.000519603,1.14972,0.169314,0.000514209,1.14972,-0.169303,0.00147758,0.890352,0.173396,0.00146223,0.890352,-0.173366,0,1.4399,0,0,0,0,0,0,0,0,0,0,-0.370609,-0.370609,0.111859,0.36882,0.36882,0.1107,0,0,0,0,0,0,0,0,0,0,0,0,0,0,0,0,0,0,0,0,0,0,0,0,0.00148865,0.859518,1.23911e-06,0,1,0,0,0,0,0,0,0,0,0,0,0,0
1,0,0,0,1,0,0,0,1,0,0,0,0.709758,-0.0118815,-0.0118815,-0.704245,0.709731,0.011824,0.011824,-0.704274,1,0,0,0,1,0,0,0,0.707107,0,0,-0.707107,0.707107,0,0,-0.707107,1,0,0,0,1,0,0,0,0.707107,0,0,0.707107,0.707107,0,0,0.707107,0.0308001,0.0264001,0.0659,0.0308001,0.0264001,-0.0659,4.47035e-08,0.2265,0.0659,4.47035e-08,0.2265,-0.0659,1.49012e-08,0.6113,0.0659,1.49012e-08,0.6113,-0.0659,0,0.8773,0,0,1.0355,0,0,1.2201,0,0.00109693,1.14978,0.171828,0.00108556,1.14978,-0.171805,0.00311928,0.890538,0.180544,0.00308695,0.890536,-0.180479,0,1.4399,0,0,0,0,0,0,0,0,0,0,-0.420404,-0.420404,0.126904,0.418374,0.418374,0.125595,0,0,0,0,0,0,0,0,0,0,0,0,0,0,0,0,0,0,0,0,0,0,0,0,0.0016217,0.859534,2.64943e-06,0,1,0,0,0,0,0,0,0,0,0,0,0,0
1,0,0,0,1,0,0,0,1,0,0,0,0.711174,-0.0189214,-0.0189214,-0.702506,0.711132,0.0188297,0.0188297,-0.702554,1,0,0,0,1,0,0,0,0.707107,0,0,-0.707107,0.707107,0,0,-0.707107,1,0,0,0,1,0,0,0,0.707107,0,0,0.707107,0.707107,0,0,0.707107,0.0308001,0.0264001,0.0659,0.0308001,0.0264001,-0.0659,4.47035e-08,0.2265,0.0659,4.47035e-08,0.2265,-0.0659,1.49012e-08,0.6113,0.0659,1.49012e-08,0.6113,-0.0659,0,0.8773,0,0,1.0355,0,0,1.2201,0,0.00172417,1.14991,0.174627,0.00170627,1.14991,-0.174591,0.00490292,0.890903,0.188504,0.00485203,0.890897,-0.188401,0,1.4399,0,0,0,0,0,0,0,0,0,0,-0.467993,-0.467993,0.141292,0.465732,0.465732,0.139822,0,0,0,0,0,0,0,0,0,0,0,0,0,0,0,0,0,0,0,0,0,0,0,0,0.00176625,0.859563,4.22133e-06,0,1,0,0,0,0,0,0,0,0,0,0,0,0
1,0,0,0,1,0,0,0,1,0,0,0,0.712597,-0.0266515,-0.0266515,-0.700561,0.71254,0.0265222,0.0265222,-0.700629,1,0,0,0,1,0,0,0,0.707107,0,0,-0.707107,0.707107,0,0,-0.707107,1,0,0,0,1,0,0,0,0.707107,0,0,0.707107,0.707107,0,0,0.707107,0.0308001,0.0264001,0.0659,0.0308001,0.0264001,-0.0659,4.47035e-08,0.2265,0.0659,4.47035e-08,0.2265,-0.0659,1.49012e-08,0.6113,0.0659,1.49012e-08,0.6113,-0.0659,0,0.8773,0,0,1.0355,0,0,1.2201,0,0.00239316,1.15012,0.177698,0.00236833,1.15012,-0.177647,0.00680527,0.891495,0.197238,0.00673468,0.891482,-0.197092,0,1.4399,0,0,0,0,0,0,0,0,0,0,-0.513375,-0.513375,0.154996,0.510895,0.510895,0.153397,0,0,0,0,0,0,0,0,0,0,0,0,0,0,0,0,0,0,0,0,0,0,0,0,0.00192042,0.859611,5.94656e-06,0,1,0,0,0,0,0,0,0,0,0,0,0,0
1,0,0,0,1,0,0,0,1,0,0,0,0.713984,-0.0350391,-0.0350391,-0.698407,0.713912,0.0348689,0.0348689,-0.698497,1,0,0,0,1,0,0,0,0.707107,0,0,-0.707107,0.707107,0,0,-0.707107,1,0,0,0,1,0,0,0,0.707107,0,0,0.707107,0.707107,0,0,0.707107,0.0308001,0.0264001,0.0659,0.0308001,0.0264001,-0.0659,4.47035e-08,0.2265,0.0659,4.47035e-08,0.2265,-0.0659,1.49012e-08,0.6113,0.0659,1.49012e-08,0.6113,-0.0659,0,0.8773,0,0,1.0355,0,0,1.2201,0,0.00309555,1.15043,0.181026,0.00306343,1.15042,-0.180959,0.00880262,0.892362,0.206701,0.00871126,0.892341,-0.206509,0,1.4399,0,0,0,0,0,0,0,0,0,0,-0.55655,-0.55655,0.168046,0.553861,0.553861,0.166308,0,0,0,0,0,0,0,0,0,0,0,0,0,0,0,0,0,0,0,0,0,0,0,0,0.0020823,0.859681,7.8145e-06,0,1,0,0,0,0,0,0,0,0,0,0,0,0
1,0,0,0,1,0,0,0,1,0,0,0,0.715293,-0.044051,-0.044051,-0.696043,0.715207,0.0438368,0.0438368,-0.696157,1,0,0,0,1,0,0,0,0.707107,0,0,-0.707107,0.707107,0,0,-0.707107,1,0,0,0,1,0,0,0,0.707107,0,0,0.707107,0.707107,0,0,0.707107,0.0308001,0.0264001,0.0659,0.0308001,0.0264001,-0.0659,4.47035e-08,0.2265,0.0659,4.47035e-08,0.2265,-0.0659,1.49012e-08,0.6113,0.0659,1.49012e-08,0.6113,-0.0659,0,0.8773,0,0,1.0355,0,0,1.2201,0,0.00382257,1.15084,0.184595,0.0037829,1.15083,-0.18451,0.01087,0.893554,0.216849,0.0107572,0.893521,-0.216608,0,1.4399,0,0,0,0,0,0,0,0,0,0,-0.597518,-0.597518,0.180423,0.594631,0.594631,0.178556,0,0,0,0,0,0,0,0,0,0,0,0,0,0,0,0,0,0,0,0,0,0,0,0,0.00224984,0.859778,9.81424e-06,0,1,0,0,0,0,0,0,0,0,0,0,0,0
1,0,0,0,1,0,0,0,1,0,0,0,0.716481,-0.0536532,-0.0536532,-0.693467,0.716383,0.0533921,0.0533921,-0.693609,1,0,0,0,1,0,0,0,0.707107,0,0,-0.707107,0.707107,0,0,-0.707107,1,0,0,0,1,0,0,0,0.707107,0,0,0.707107,0.707107,0,0,0.707107,0.0308001,0.0264001,0.0659,0.0308001,0.0264001,-0.0659,4.47035e-08,0.2265,0.0659,4.47035e-08,0.2265,-0.0659,1.49012e-08,0.6113,0.0659,1.49012e-08,0.6113,-0.0659,0,0.8773,0,0,1.0355,0,0,1.2201,0,0.00456551,1.15139,0.188387,0.00451814,1.15138,-0.188284,0.0129827,0.895119,0.227634,0.0128479,0.89507,-0.227341,0,1.4399,0,0,0,0,0,0,0,0,0,0,-0.63628,-0.63628,0.192136,0.633206,0.633206,0.190147,0,0,0,0,0,0,0,0,0,0,0,0,0,0,0,0,0,0,0,0,0,0,0,0,0.00242106,0.859905,1.19276e-05,0,1,0,0,0,0,0,0,0,0,0,0,0,0
1,0,0,0,1,0,0,0,1,0,0,0,0.717508,-0.063811,-0.063811,-0.69068,0.717399,0.0635001,0.0635001,-0.69085,1,0,0,0,1,0,0,0,0.707107,0,0,-0.707107,0.707107,0,0,-0.707107,1,0,0,0,1,0,0,0,0.707107,0,0,0.707107,0.707107,0,0,0.707107,0.0308001,0.0264001,0.0659,0.0308001,0.0264001,-0.0659,4.47035e-08,0.2265,0.0659,4.47035e-08,0.2265,-0.0659,1.49012e-08,0.6113,0.0659,1.49012e-08,0.6113,-0.0659,0,0.8773,0,0,1.0355,0,0,1.2201,0,0.00531538,1.15209,0.192386,0.00526033,1.15207,-0.192264,0.015115,0.897105,0.239004,0.0149585,0.897035,-0.238657,0,1.4399,0,0,0,0,0,0,0,0,0,0,-0.672836,-0.672836,0.203176,0.669586,0.669586,0.20108,0,0,0,0,0,0,0,0,0,0,0,0,0,0,0,0,0,0,0,0,0,0,0,0,0.00259389,0.860066,1.41429e-05,0,1,0,0,0,0,0,0,0,0,0,0,0,0
1,0,0,0,1,0,0,0,1,0,0,0,0.718331,-0.0744887,-0.0744887,-0.68768,0.718213,0.0741255,0.0741255,-0.687882,1,0,0,0,1,0,0,0,0.707107,0,0,-0.707107,0.707107,0,0,-0.707107,1,0,0,0,1,0,0,0,0.707107,0,0,0.707107,0.707107,0,0,0.707107,0.0308001,0.0264001,0.0659,0.0308001,0.0264001,-0.0659,4.47035e-08,0.2265,0.0659,4.47035e-08,0.2265,-0.0659,1.49012e-08,0.6113,0.0659,1.49012e-08,0.6113,-0.0659,0,0.8773,0,0,1.0355,0,0,1.2201,0,0.00606348,1.15295,0.196572,0.0060007,1.15292,-0.19643,0.0172423,0.899556,0.250906,0.0170638,0.899462,-0.250503,0,1.4399,0,0,0,0,0,0,0,0,0,0,-0.707184,-0.707185,0.213561,0.703767,0.703767,0.211351,0,0,0,0,0,0,0,0,0,0,0,0,0,0,0,0,0,0,0,0,0,0,0,0,0.0027663,0.860264,1.64423e-05,0,1,0,0,0,0,0,0,0,0,0,0,0,0
1,0,0,0,1,0,0,0,1,0,0,0,0.71891,-0.0856496,-0.0856496,-0.684468,0.718786,0.0852318,0.0852318,-0.684703,1,0,0,0,1,0,0,0,0.707107,0,0,-0.707107,0.707107,0,0,-0.707107,1,0,0,0,1,0,0,0,0.707107,0,0,0.707107,0.707107,0,0,0.707107,0.0308001,0.0264001,0.0659,0.0308001,0.0264001,-0.0659,4.47035e-08,0.2265,0.0659,4.47035e-08,0.2265,-0.0659,1.49012e-08,0.6113,0.0659,1.49012e-08,0.6113,-0.0659,0,0.8773,0,0,1.0355,0,0,1.2201,0,0.00680089,1.154,0.200924,0.00673054,1.15395,-0.200762,0.0193393,0.902515,0.263283,0.0191392,0.902391,-0.262821,0,1.4399,0,0,0,0,0,0,0,0,0,0,-0.739326,-0.739325,0.223267,0.735754,0.735754,0.22096,0,0,0,0,0,0,0,0,0,0,0,0,0,0,0,0,0,0,0,0,0,0,0,0,0.00293625,0.860504,1.88059e-05,0,1,0,0,0,0,0,0,0,0,0,0,0,0
1,0,0,0,1,0,0,0,1,0,0,0,0.719209,-0.0972563,-0.0972563,-0.681044,0.719081,0.0967817,0.0967817,-0.681314,1,0,0,0,1,0,0,0,0.707107,0,0,-0.707107,0.707107,0,0,-0.707107,1,0,0,0,1,0,0,0,0.707107,0,0,0.707107,0.707107,0,0,0.707107,0.0308001,0.0264001,0.0659,0.0308001,0.0264001,-0.0659,4.47035e-08,0.2265,0.0659,4.47035e-08,0.2265,-0.0659,1.49012e-08,0.6113,0.0659,1.49012e-08,0.6113,-0.0659,0,0.8773,0,0,1.0355,0,0,1.2201,0,0.0075191,1.15523,0.205422,0.00744137,1.15517,-0.205239,0.0213816,0.906021,0.276074,0.0211606,0.905861,-0.275553,0,1.4399,0,0,0,0,0,0,0,0,0,0,-0.769262,-0.769262,0.232311,0.765544,0.765544,0.229905,0,0,0,0,0,0,0,0,0,0,0,0,0,0,0,0,0,0,0,0,0,0,0,0,0.00310178,0.860788,2.12126e-05,0,1,0,0,0,0,0,0,0,0,0,0,0,0
1,0,0,0,1,0,0,0,1,0,0,0,0.71919,-0.109271,-0.109271,-0.677411,0.719062,0.108737,0.108737,-0.677719,1,0,0,0,1,0,0,0,0.707107,0,0,-0.707107,0.707107,0,0,-0.707107,1,0,0,0,1,0,0,0,0.707107,0,0,0.707107,0.707107,0,0,0.707107,0.0308001,0.0264001,0.0659,0.0308001,0.0264001,-0.0659,4.47035e-08,0.2265,0.0659,4.47035e-08,0.2265,-0.0659,1.49012e-08,0.6113,0.0659,1.49012e-08,0.6113,-0.0659,0,0.8773,0,0,1.0355,0,0,1.2201,0,0.00820974,1.15667,0.210044,0.00812507,1.15659,-0.20984,0.0233455,0.910107,0.289216,0.0231048,0.909907,-0.288636,0,1.4399,0,0,0,0,0,0,0,0,0,0,-0.796991,-0.796991,0.240684,0.79314,0.79314,0.238198,0,0,0,0,0,0,0,0,0,0,0,0,0,0,0,0,0,0,0,0,0,0,0,0,0.00326097,0.86112,2.36379e-05,0,1,0,0,0,0,0,0,0,0,0,0,0,0
1,0,0,0,1,0,0,0,1,0,0,0,0.718821,-0.121653,-0.121653,-0.673571,0.718696,0.121059,0.121059,-0.673918,1,0,0,0,1,0,0,0,0.707107,0,0,-0.707107,0.707107,0,0,-0.707107,1,0,0,0,1,0,0,0,0.707107,0,0,0.707107,0.707107,0,0,0.707107,0.0308001,0.0264001,0.0659,0.0308001,0.0264001,-0.0659,4.47035e-08,0.2265,0.0659,4.47035e-08,0.2265,-0.0659,1.49012e-08,0.6113,0.0659,1.49012e-08,0.6113,-0.0659,0,0.8773,0,0,1.0355,0,0,1.2201,0,0.008865,1.15832,0.214766,0.00877377,1.15823,-0.214541,0.0252089,0.914804,0.302645,0.0249494,0.914557,-0.302005,0,1.4399,0,0,0,0,0,0,0,0,0,0,-0.822513,-0.822513,0.248398,0.818538,0.818538,0.245826,0,0,0,0,0,0,0,0,0,0,0,0,0,0,0,0,0,0,0,0,0,0,0,0,0.00341201,0.8615,2.60618e-05,0,1,0,0,0,0,0,0,0,0,0,0,0,0
1,0,0,0,1,0,0,0,1,0,0,0,0.718071,-0.134363,-0.134363,-0.669528,0.717953,0.133708,0.133708,-0.669917,1,0,0,0,1,0,0,0,0.707107,0,0,-0.707107,0.707107,0,0,-0.707107,1,0,0,0,1,0,0,0,0.707107,0,0,0.707107,0.707107,0,0,0.707107,0.0308001,0.0264001,0.0659,0.0308001,0.0264001,-0.0659,4.47035e-08,0.2265,0.0659,4.47035e-08,0.2265,-0.0659,1.49012e-08,0.6113,0.0659,1.49012e-08,0.6113,-0.0659,0,0.8773,0,0,1.0355,0,0,1.2201,0,0.00947738,1.16019,0.219565,0.0093801,1.16009,-0.219319,0.0269502,0.920136,0.316291,0.0266736,0.919835,-0.315593,0,1.4399,0,0,0,0,0,0,0,0,0,0,-0.845827,-0.845827,0.255432,0.841742,0.841742,0.252793,0,0,0,0,0,0,0,0,0,0,0,0,0,0,0,0,0,0,0,0,0,0,0,0,0.00355317,0.861933,2.84546e-05,0,1,0,0,0,0,0,0,0,0,0,0,0,0
1,0,0,0,1,0,0,0,1,0,0,0,0.716913,-0.147362,-0.147362,-0.665286,0.716805,0.146644,0.146644,-0.665719,1,0,0,0,1,0,0,0,0.707107,0,0,-0.707107,0.707107,0,0,-0.707107,1,0,0,0,1,0,0,0,0.707107,0,0,0.707107,0.707107,0,0,0.707107,0.0308001,0.0264001,0.0659,0.0308001,0.0264001,-0.0659,4.47035e-08,0.2265,0.0659,4.47035e-08,0.2265,-0.0659,1.49012e-08,0.6113,0.0659,1.49012e-08,0.6113,-0.0659,0,0.8773,0,0,1.0355,0,0,1.2201,0,0.0100401,1.1623,0.224416,0.00993739,1.16217,-0.224151,0.0285503,0.92612,0.330087,0.0282583,0.92576,-0.329331,0,1.4399,0,0,0,0,0,0,0,0,0,0,-0.866938,-0.866938,0.261816,0.862748,0.862748,0.259105,0,0,0,0,0,0,0,0,0,0,0,0,0,0,0,0,0,0,0,0,0,0,0,0,0.0036829,0.862418,3.07911e-05,0,1,0,0,0,0,0,0,0,0,0,0,0,0
1,0,0,0,1,0,0,0,1,0,0,0,0.715322,-0.160606,-0.160606,-0.660852,0.71523,0.159824,0.159824,-0.661331,1,0,0,0,1,0,0,0,0.707107,0,0,-0.707107,0.707107,0,0,-0.707107,1,0,0,0,1,0,0,0,0.707107,0,0,0.707107,0.707107,0,0,0.707107,0.0308001,0.0264001,0.0659,0.0308001,0.0264001,-0.0659,4.47035e-08,0.2265,0.0659,4.47035e-08,0.2265,-0.0659,1.49012e-08,0.6113,0.0659,1.49012e-08,0.6113,-0.0659,0,0.8773,0,0,1.0355,0,0,1.2201,0,0.0105468,1.16463,0.229295,0.0104394,1.16448,-0.22901,0.0299914,0.932768,0.343962,0.0296858,0.932343,-0.34315,0,1.4399,0,0,0,0,0,0,0,0,0,0,-0.885839,-0.885839,0.26752,0.881561,0.881561,0.264752,0,0,0,0,0,0,0,0,0,0,0,0,0,0,0,0,0,0,0,0,0,0,0,0,0.00379974,0.862957,3.30461e-05,0,1,0,0,0,0,0,0,0,0,0,0,0,0
1,0,0,0,1,0,0,0,1,0,0,0,0.713279,-0.174055,-0.174055,-0.656233,0.713208,0.173209,0.173209,-0.656759,1,0,0,0,1,0,0,0,0.707107,0,0,-0.707107,0.707107,0,0,-0.707107,1,0,0,0,1,0,0,0,0.707107,0,0,0.707107,0.707107,0,0,0.707107,0.0308001,0.0264001,0.0659,0.0308001,0.0264001,-0.0659,4.47035e-08,0.2265,0.0659,4.47035e-08,0.2265,-0.0659,1.49012e-08,0.6113,0.0659,1.49012e-08,0.6113,-0.0659,0,0.8773,0,0,1.0355,0,0,1.2201,0,0.0109922,1.16721,0.234177,0.0108807,1.16703,-0.233874,0.0312579,0.940086,0.357844,0.0309409,0.939589,-0.35698,0,1.4399,0,0,0,0,0,0,0,0,0,0,-0.902536,-0.902536,0.272559,0.898176,0.898176,0.269744,0,0,0,0,0,0,0,0,0,0,0,0,0,0,0,0,0,0,0,0,0,0,0,0,0.00390245,0.86355,3.51899e-05,0,1,0,0,0,0,0,0,0,0,0,0,0,0
1,0,0,0,1,0,0,0,1,0,0,0,0.710769,-0.187666,-0.187666,-0.651437,0.710722,0.186756,0.186756,-0.652012,1,0,0,0,1,0,0,0,0.707107,0,0,-0.707107,0.707107,0,0,-0.707107,1,0,0,0,1,0,0,0,0.707107,0,0,0.707107,0.707107,0,0,0.707107,0.0308001,0.0264001,0.0659,0.0308001,0.0264001,-0.0659,4.47035e-08,0.2265,0.0659,4.47035e-08,0.2265,-0.0659,1.49012e-08,0.6113,0.0659,1.49012e-08,0.6113,-0.0659,0,0.8773,0,0,1.0355,0,0,1.2201,0,0.0113716,1.17002,0.239037,0.0112568,1.16981,-0.238716,0.0323367,0.948072,0.371663,0.0320104,0.947498,-0.37075,0,1.4399,0,0,0,0,0,0,0,0,0,0,-0.917026,-0.917026,0.276936,0.912594,0.912594,0.274068,0,0,0,0,0,0,0,0,0,0,0,0,0,0,0,0,0,0,0,0,0,0,0,0,0.00398996,0.864197,3.71993e-05,0,1,0,0,0,0,0,0,0,0,0,0,0,0
1,0,0,0,1,0,0,0,1,0,0,0,0.707778,-0.201398,-0.201398,-0.646474,0.70776,0.200423,0.200423,-0.647098,1,0,0,0,1,0,0,0,0.707107,0,0,-0.707107,0.707107,0,0,-0.707107,1,0,0,0,1,0,0,0,0.707107,0,0,0.707107,0.707107,0,0,0.707107,0.0308001,0.0264001,0.0659,0.0308001,0.0264001,-0.0659,4.47035e-08,0.2265,0.0659,4.47035e-08,0.2265,-0.0659,1.49012e-08,0.6113,0.0659,1.49012e-08,0.6113,-0.0659,0,0.8773,0,0,1.0355,0,0,1.2201,0,0.0116811,1.17306,0.24385,0.0115639,1.17283,-0.243513,0.0332168,0.956718,0.385349,0.0328836,0.95606,-0.384391,0,1.4399,0,0,0,0,0,0,0,0,0,0,-0.929308,-0.929308,0.280638,0.924818,0.924818,0.277741,0,0,0,0,0,0,0,0,0,0,0,0,0,0,0,0,0,0,0,0,0,0,0,0,0.00406138,0.864898,3.9045e-05,0,1,0,0,0,0,0,0,0,0,0,0,0,0
1,0,0,0,1,0,0,0,1,0,0,0,0.7043,-0.215207,-0.215207,-0.641353,0.704316,0.214169,0.214169,-0.642029,1,0,0,0,1,0,0,0,0.707107,0,0,-0.707107,0.707107,0,0,-0.707107,1,0,0,0,1,0,0,0,0.707107,0,0,0.707107,0.707107,0,0,0.707107,0.0308001,0.0264001,0.0659,0.0308001,0.0264001,-0.0659,4.47035e-08,0.2265,0.0659,4.47035e-08,0.2265,-0.0659,1.49012e-08,0.6113,0.0659,1.49012e-08,0.6113,-0.0659,0,0.8773,0,0,1.0355,0,0,1.2201,0,0.0119179,1.17632,0.248592,0.0117991,1.17606,-0.24824,0.0338903,0.966007,0.398833,0.0335525,0.96526,-0.397834,0,1.4399,0,0,0,0,0,0,0,0,0,0,-0.939382,-0.939383,0.283685,0.934845,0.934845,0.280741,0,0,0,0,0,0,0,0,0,0,0,0,0,0,0,0,0,0,0,0,0,0,0,0,0.00411606,0.865651,4.07047e-05,0,1,0,0,0,0,0,0,0,0,0,0,0,0
1,0,0,0,1,0,0,0,1,0,0,0,0.700331,-0.229053,-0.229053,-0.636086,0.700387,0.227952,0.227952,-0.636816,1,0,0,0,1,0,0,0,0.707107,0,0,-0.707107,0.707107,0,0,-0.707107,1,0,0,0,1,0,0,0,0.707107,0,0,0.707107,0.707107,0,0,0.707107,0.0308001,0.0264001,0.0659,0.0308001,0.0264001,-0.0659,4.47035e-08,0.2265,0.0659,4.47035e-08,0.2265,-0.0659,1.49012e-08,0.6113,0.0659,1.49012e-08,0.6113,-0.0659,0,0.8773,0,0,1.0355,0,0,1.2201,0,0.0120801,1.17981,0.25324,0.0119606,1.17951,-0.252876,0.0343516,0.975917,0.41205,0.0340116,0.975077,-0.411015,0,1.4399,0,0,0,0,0,0,0,0,0,0,-0.947252,-0.947252,0.286052,0.942676,0.942676,0.283095,0,0,0,0,0,0,0,0,0,0,0,0,0,0,0,0,0,0,0,0,0,0,0,0,0.00415355,0.866455,4.2157e-05,0,1,0,0,0,0,0,0,0,0,0,0,0,0
1,0,0,0,1,0,0,0,1,0,0,0,0.695873,-0.242894,-0.242894,-0.630687,0.695973,0.24173,0.24173,-0.63147,1,0,0,0,1,0,0,0,0.707107,0,0,-0.707107,0.707107,0,0,-0.707107,1,0,0,0,1,0,0,0,0.707107,0,0,0.707107,0.707107,0,0,0.707107,0.0308001,0.0264001,0.0659,0.0308001,0.0264001,-0.0659,4.47035e-08,0.2265,0.0659,4.47035e-08,0.2265,-0.0659,1.49012e-08,0.6113,0.0659,1.49012e-08,0.6113,-0.0659,0,0.8773,0,0,1.0355,0,0,1.2201,0,0.0121667,1.1835,0.257771,0.0120473,1.18317,-0.257396,0.0345978,0.986419,0.424935,0.0342582,0.985481,-0.42387,0,1.4399,0,0,0,0,0,0,0,0,0,0,-0.952915,-0.952915,0.287755,0.948311,0.948311,0.284783,0,0,0,0,0,0,0,0,0,0,0,0,0,0,0,0,0,0,0,0,0,0,0,0,0.00417362,0.867307,4.3371e-05,0,1,0,0,0,0,0,0,0,0,0,0,0,0
1,0,0,0,1,0,0,0,1,0,0,0,0.690932,-0.256688,-0.256688,-0.625169,0.691081,0.255462,0.255462,-0.626007,1,0,0,0,1,0,0,0,0.707107,0,0,-0.707107,0.707107,0,0,-0.707107,1,0,0,0,1,0,0,0,0.707107,0,0,0.707107,0.707107,0,0,0.707107,0.0308001,0.0264001,0.0659,0.0308001,0.0264001,-0.0659,4.47035e-08,0.2265,0.0659,4.47035e-08,0.2265,-0.0659,1.49012e-08,0.6113,0.0659,1.49012e-08,0.6113,-0.0659,0,0.8773,0,0,1.0355,0,0,1.2201,0,0.0121778,1.18739,0.262165,0.0120593,1.18702,-0.261782,0.0346291,0.997479,0.437429,0.0342922,0.996438,-0.436341,0,1.4399,0,0,0,0,0,0,0,0,0,0,-0.956372,-0.956372,0.288795,0.951751,0.951751,0.285809,0,0,0,0,0,0,0,0,0,0,0,0,0,0,0,0,0,0,0,0,0,0,0,0,0.00417628,0.868203,4.43406e-05,0,1,0,0,0,0,0,0,0,0,0,0,0,0
1,0,0,0,1,0,0,0,1,0,0,0,0.685519,-0.270395,-0.270395,-0.619546,0.685722,0.26911,0.26911,-0.62044,1,0,0,0,1,0,0,0,0.707107,0,0,-0.707107,0.707107,0,0,-0.707107,1,0,0,0,1,0,0,0,0.707107,0,0,0.707107,0.707107,0,0,0.707107,0.0308001,0.0264001,0.0659,0.0308001,0.0264001,-0.0659,4.47035e-08,0.2265,0.0659,4.47035e-08,0.2265,-0.0659,1.49012e-08,0.6113,0.0659,1.49012e-08,0.6113,-0.0659,0,0.8773,0,0,1.0355,0,0,1.2201,0,0.0121141,1.19146,0.266401,0.0119974,1.19106,-0.266012,0.0344481,1.00905,0.449477,0.0341161,1.00791,-0.448371,0,1.4399,0,0,0,0,0,0,0,0,0,0,-0.95762,-0.957618,0.289171,0.952992,0.952992,0.286177,0,0,0,0,0,0,0,0,0,0,0,0,0,0,0,0,0,0,0,0,0,0,0,0,0.00416174,0.869142,4.50452e-05,0,1,0,0,0,0,0,0,0,0,0,0,0,0
1,0,0,0,1,0,0,0,1,0,0,0,0.679648,-0.283976,-0.283976,-0.613835,0.679909,0.282633,0.282633,-0.614784,1,0,0,0,1,0,0,0,0.707107,0,0,-0.707107,0.707107,0,0,-0.707107,1,0,0,0,1,0,0,0,0.707107,0,0,0.707107,0.707107,0,0,0.707107,0.0308001,0.0264001,0.0659,0.0308001,0.0264001,-0.0659,4.47035e-08,0.2265,0.0659,4.47035e-08,0.2265,-0.0659,1.49012e-08,0.6113,0.0659,1.49012e-08,0.6113,-0.0659,0,0.8773,0,0,1.0355,0,0,1.2201,0,0.0119777,1.1957,0.270463,0.0118634,1.19525,-0.270071,0.0340602,1.02109,0.461028,0.0337353,1.01984,-0.459912,0,1.4399,0,0,0,0,0,0,0,0,0,0,-0.956663,-0.956663,0.28887,0.952039,0.952039,0.285881,0,0,0,0,0,0,0,0,0,0,0,0,0,0,0,0,0,0,0,0,0,0,0,0,0.00413042,0.870118,4.54704e-05,0,1,0,0,0,0,0,0,0,0,0,0,0,0
1,0,0,0,1,0,0,0,1,0,0,0,0.673341,-0.297394,-0.297394,-0.608051,0.673664,0.295994,0.295994,-0.609058,1,0,0,0,1,0,0,0,0.707107,0,0,-0.707107,0.707107,0,0,-0.707107,1,0,0,0,1,0,0,0,0.707107,0,0,0.707107,0.707107,0,0,0.707107,0.0308001,0.0264001,0.0659,0.0308001,0.0264001,-0.0659,4.47035e-08,0.2265,0.0659,4.47035e-08,0.2265,-0.0659,1.49012e-08,0.6113,0.0659,1.49012e-08,0.6113,-0.0659,0,0.8773,0,0,1.0355,0,0,1.2201,0,0.0117712,1.20008,0.274335,0.0116601,1.1996,-0.273942,0.033473,1.03355,0.472038,0.0331572,1.03219,-0.470919,0,1.4399,0,0,0,0,0,0,0,0,0,0,-0.953498,-0.953498,0.287905,0.948892,0.948892,0.284929,0,0,0,0,0,0,0,0,0,0,0,0,0,0,0,0,0,0,0,0,0,0,0,0,0.00408296,0.871129,4.56082e-05,0,1,0,0,0,0,0,0,0,0,0,0,0,0
1,0,0,0,1,0,0,0,1,0,0,0,0.66662,-0.31061,-0.31061,-0.602213,0.66701,0.309157,0.309157,-0.603276,1,0,0,0,1,0,0,0,0.707107,0,0,-0.707107,0.707107,0,0,-0.707107,1,0,0,0,1,0,0,0,0.707107,0,0,0.707107,0.707107,0,0,0.707107,0.0308001,0.0264001,0.0659,0.0308001,0.0264001,-0.0659,4.47035e-08,0.2265,0.0659,4.47035e-08,0.2265,-0.0659,1.49012e-08,0.6113,0.0659,1.49012e-08,0.6113,-0.0659,0,0.8773,0,0,1.0355,0,0,1.2201,0,0.0114982,1.20458,0.278003,0.0113911,1.20406,-0.277611,0.0326968,1.04636,0.482469,0.0323921,1.04489,-0.481353,0,1.4399,0,0,0,0,0,0,0,0,0,0,-0.948127,-0.948129,0.286278,0.943549,0.943549,0.283316,0,0,0,0,0,0,0,0,0,0,0,0,0,0,0,0,0,0,0,0,0,0,0,0,0.00402017,0.872168,4.54558e-05,0,1,0,0,0,0,0,0,0,0,0,0,0,0
1,0,0,0,1,0,0,0,1,0,0,0,0.659514,-0.32359,-0.32359,-0.596339,0.659974,0.322085,0.322085,-0.597458,1,0,0,0,1,0,0,0,0.707107,0,0,-0.707107,0.707107,0,0,-0.707107,1,0,0,0,1,0,0,0,0.707107,0,0,0.707107,0.707107,0,0,0.707107,0.0308001,0.0264001,0.0659,0.0308001,0.0264001,-0.0659,4.47035e-08,0.2265,0.0659,4.47035e-08,0.2265,-0.0659,1.49012e-08,0.6113,0.0659,1.49012e-08,0.6113,-0.0659,0,0.8773,0,0,1.0355,0,0,1.2201,0,0.0111631,1.20919,0.281456,0.0110603,1.20863,-0.281067,0.0317437,1.05948,0.492286,0.0314516,1.05789,-0.491181,0,1.4399,0,0,0,0,0,0,0,0,0,0,-0.940552,-0.940551,0.283978,0.936009,0.936009,0.281042,0,0,0,0,0,0,0,0,0,0,0,0,0,0,0,0,0,0,0,0,0,0,0,0,0.00394304,0.873232,4.50108e-05,0,1,0,0,0,0,0,0,0,0,0,0,0,0
1,0,0,0,1,0,0,0,1,0,0,0,0.652057,-0.3363,-0.3363,-0.590447,0.652589,0.334746,0.334746,-0.591622,1,0,0,0,1,0,0,0,0.707107,0,0,-0.707107,0.707107,0,0,-0.707107,1,0,0,0,1,0,0,0,0.707107,0,0,0.707107,0.707107,0,0,0.707107,0.0308001,0.0264001,0.0659,0.0308001,0.0264001,-0.0659,4.47035e-08,0.2265,0.0659,4.47035e-08,0.2265,-0.0659,1.49012e-08,0.6113,0.0659,1.49012e-08,0.6113,-0.0659,0,0.8773,0,0,1.0355,0,0,1.2201,0,0.0107707,1.21389,0.284684,0.0106729,1.21329,-0.284302,0.0306279,1.07282,0.501466,0.0303499,1.07112,-0.500379,0,1.4399,0,0,0,0,0,0,0,0,0,0,-0.930766,-0.930768,0.281017,0.92627,0.92627,0.278109,0,0,0,0,0,0,0,0,0,0,0,0,0,0,0,0,0,0,0,0,0,0,0,0,0.00385272,0.874314,4.4281e-05,0,1,0,0,0,0,0,0,0,0,0,0,0,0
1,0,0,0,1,0,0,0,1,0,0,0,0.644283,-0.348708,-0.348708,-0.584556,0.644892,0.347108,0.347108,-0.585788,1,0,0,0,1,0,0,0,0.707107,0,0,-0.707107,0.707107,0,0,-0.707107,1,0,0,0,1,0,0,0,0.707107,0,0,0.707107,0.707107,0,0,0.707107,0.0308001,0.0264001,0.0659,0.0308001,0.0264001,-0.0659,4.47035e-08,0.2265,0.0659,4.47035e-08,0.2265,-0.0659,1.49012e-08,0.6113,0.0659,1.49012e-08,0.6113,-0.0659,0,0.8773,0,0,1.0355,0,0,1.2201,0,0.0103266,1.21864,0.287681,0.0102342,1.218,-0.287308,0.0293652,1.08633,0.50999,0.0291025,1.08452,-0.508928,0,1.4399,0,0,0,0,0,0,0,0,0,0,-0.918775,-0.918773,0.277383,0.914338,0.914338,0.274512,0,0,0,0,0,0,0,0,0,0,0,0,0,0,0,0,0,0,0,0,0,0,0,0,0.00375047,0.87541,4.32611e-05,0,1,0,0,0,0,0,0,0,0,0,0,0,0
1,0,0,0,1,0,0,0,1,0,0,0,0.636233,-0.360783,-0.360783,-0.578687,0.636921,0.359139,0.359139,-0.579974,1,0,0,0,1,0,0,0,0.707107,0,0,-0.707107,0.707107,0,0,-0.707107,1,0,0,0,1,0,0,0,0.707107,0,0,0.707107,0.707107,0,0,0.707107,0.0308001,0.0264001,0.0659,0.0308001,0.0264001,-0.0659,4.47035e-08,0.2265,0.0659,4.47035e-08,0.2265,-0.0659,1.49012e-08,0.6113,0.0659,1.49012e-08,0.6113,-0.0659,0,0.8773,0,0,1.0355,0,0,1.2201,0,0.00983691,1.22342,0.290444,0.00975031,1.22275,-0.290082,0.0279726,1.09994,0.517846,0.0277264,1.09802,-0.516815,0,1.4399,0,0,0,0,0,0,0,0,0,0,-0.90458,-0.904582,0.273081,0.900208,0.900208,0.270263,0,0,0,0,0,0,0,0,0,0,0,0,0,0,0,0,0,0,0,0,0,0,0,0,0.00363769,0.876514,4.19815e-05,0,1,0,0,0,0,0,0,0,0,0,0,0,0
1,0,0,0,1,0,0,0,1,0,0,0,0.627951,-0.372498,-0.372498,-0.572859,0.628719,0.370814,0.370814,-0.574201,1,0,0,0,1,0,0,0,0.707107,0,0,-0.707107,0.707107,0,0,-0.707107,1,0,0,0,1,0,0,0,0.707107,0,0,0.707107,0.707107,0,0,0.707107,0.0308001,0.0264001,0.0659,0.0308001,0.0264001,-0.0659,4.47035e-08,0.2265,0.0659,4.47035e-08,0.2265,-0.0659,1.49012e-08,0.6113,0.0659,1.49012e-08,0.6113,-0.0659,0,0.8773,0,0,1.0355,0,0,1.2201,0,0.00930797,1.22822,0.29297,0.00922731,1.2275,-0.292621,0.0264685,1.11358,0.525029,0.0262391,1.11155,-0.524036,0,1.4399,0,0,0,0,0,0,0,0,0,0,-0.888172,-0.888172,0.268121,0.883884,0.883884,0.265342,0,0,0,0,0,0,0,0,0,0,0,0,0,0,0,0,0,0,0,0,0,0,0,0,0.00351585,0.877621,4.04345e-05,0,1,0,0,0,0,0,0,0,0,0,0,0,0
1,0,0,0,1,0,0,0,1,0,0,0,0.619483,-0.383826,-0.383826,-0.567094,0.620334,0.382104,0.382104,-0.568489,1,0,0,0,1,0,0,0,0.707107,0,0,-0.707107,0.707107,0,0,-0.707107,1,0,0,0,1,0,0,0,0.707107,0,0,0.707107,0.707107,0,0,0.707107,0.0308001,0.0264001,0.0659,0.0308001,0.0264001,-0.0659,4.47035e-08,0.2265,0.0659,4.47035e-08,0.2265,-0.0659,1.49012e-08,0.6113,0.0659,1.49012e-08,0.6113,-0.0659,0,0.8773,0,0,1.0355,0,0,1.2201,0,0.0087464,1.233,0.295261,0.00867192,1.23225,-0.294927,0.0248716,1.12717,0.531543,0.0246598,1.12504,-0.530594,0,1.4399,0,0,0,0,0,0,0,0,0,0,-0.869565,-0.869567,0.262485,0.865365,0.865365,0.259774,0,0,0,0,0,0,0,0,0,0,0,0,0,0,0,0,0,0,0,0,0,0,0,0,0.00338647,0.878725,3.86543e-05,0,1,0,0,0,0,0,0,0,0,0,0,0,0
1,0,0,0,1,0,0,0,1,0,0,0,0.610878,-0.394743,-0.394743,-0.561412,0.611812,0.392986,0.392986,-0.562859,1,0,0,0,1,0,0,0,0.707107,0,0,-0.707107,0.707107,0,0,-0.707107,1,0,0,0,1,0,0,0,0.707107,0,0,0.707107,0.707107,0,0,0.707107,0.0308001,0.0264001,0.0659,0.0308001,0.0264001,-0.0659,4.47035e-08,0.2265,0.0659,4.47035e-08,0.2265,-0.0659,1.49012e-08,0.6113,0.0659,1.49012e-08,0.6113,-0.0659,0,0.8773,0,0,1.0355,0,0,1.2201,0,0.00815904,1.23774,0.297319,0.00809078,1.23695,-0.297002,0.0232014,1.14066,0.537395,0.0230073,1.13842,-0.536495,0,1.4399,0,0,0,0,0,0,0,0,0,0,-0.848747,-0.848746,0.256187,0.844647,0.844647,0.253533,0,0,0,0,0,0,0,0,0,0,0,0,0,0,0,0,0,0,0,0,0,0,0,0,0.00325112,0.879819,3.66542e-05,0,1,0,0,0,0,0,0,0,0,0,0,0,0
1,0,0,0,1,0,0,0,1,0,0,0,0.602189,-0.405226,-0.405226,-0.555834,0.603207,0.403437,0.403437,-0.557332,1,0,0,0,1,0,0,0,0.707107,0,0,-0.707107,0.707107,0,0,-0.707107,1,0,0,0,1,0,0,0,0.707107,0,0,0.707107,0.707107,0,0,0.707107,0.0308001,0.0264001,0.0659,0.0308001,0.0264001,-0.0659,4.47035e-08,0.2265,0.0659,4.47035e-08,0.2265,-0.0659,1.49012e-08,0.6113,0.0659,1.49012e-08,0.6113,-0.0659,0,0.8773,0,0,1.0355,0,0,1.2201,0,0.00755286,1.24242,0.29915,0.00749083,1.2416,-0.298853,0.0214776,1.15396,0.542603,0.0213012,1.15163,-0.541757,0,1.4399,0,0,0,0,0,0,0,0,0,0,-0.825725,-0.825725,0.24922,0.821738,0.821738,0.246642,0,0,0,0,0,0,0,0,0,0,0,0,0,0,0,0,0,0,0,0,0,0,0,0,0.00311142,0.880899,3.44634e-05,0,1,0,0,0,0,0,0,0,0,0,0,0,0
1,0,0,0,1,0,0,0,1,0,0,0,0.59347,-0.415256,-0.415256,-0.550381,0.594571,0.413437,0.413437,-0.551928,1,0,0,0,1,0,0,0,0.707107,0,0,-0.707107,0.707107,0,0,-0.707107,1,0,0,0,1,0,0,0,0.707107,0,0,0.707107,0.707107,0,0,0.707107,0.0308001,0.0264001,0.0659,0.0308001,0.0264001,-0.0659,4.47035e-08,0.2265,0.0659,4.47035e-08,0.2265,-0.0659,1.49012e-08,0.6113,0.0659,1.49012e-08,0.6113,-0.0659,0,0.8773,0,0,1.0355,0,0,1.2201,0,0.00693466,1.24701,0.300762,0.00687878,1.24616,-0.300485,0.0197197,1.16701,0.547187,0.0195608,1.16458,-0.546399,0,1.4399,0,0,0,0,0,0,0,0,0,0,-0.800494,-0.800494,0.241585,0.796629,0.796629,0.239081,0,0,0,0,0,0,0,0,0,0,0,0,0,0,0,0,0,0,0,0,0,0,0,0,0.00296891,0.881958,3.2111e-05,0,1,0,0,0,0,0,0,0,0,0,0,0,0
1,0,0,0,1,0,0,0,1,0,0,0,0.584775,-0.424813,-0.424813,-0.545074,0.58596,0.422968,0.422968,-0.546669,1,0,0,0,1,0,0,0,0.707107,0,0,-0.707107,0.707107,0,0,-0.707107,1,0,0,0,1,0,0,0,0.707107,0,0,0.707107,0.707107,0,0,0.707107,0.0308001,0.0264001,0.0659,0.0308001,0.0264001,-0.0659,4.47035e-08,0.2265,0.0659,4.47035e-08,0.2265,-0.0659,1.49012e-08,0.6113,0.0659,1.49012e-08,0.6113,-0.0659,0,0.8773,0,0,1.0355,0,0,1.2201,0,0.00631124,1.25149,0.302165,0.00626141,1.2506,-0.301909,0.0179469,1.17975,0.551176,0.0178052,1.17723,-0.550449,0,1.4399,0,0,0,0,0,0,0,0,0,0,-0.773057,-0.773057,0.233281,0.769324,0.769324,0.230874,0,0,0,0,0,0,0,0,0,0,0,0,0,0,0,0,0,0,0,0,0,0,0,0,0.00282519,0.882992,2.96182e-05,0,1,0,0,0,0,0,0,0,0,0,0,0,0
1,0,0,0,1,0,0,0,1,0,0,0,0.576164,-0.433881,-0.433881,-0.539935,0.57743,0.432013,0.432013,-0.541575,1,0,0,0,1,0,0,0,0.707107,0,0,-0.707107,0.707107,0,0,-0.707107,1,0,0,0,1,0,0,0,0.707107,0,0,0.707107,0.707107,0,0,0.707107,0.0308001,0.0264001,0.0659,0.0308001,0.0264001,-0.0659,4.47035e-08,0.2265,0.0659,4.47035e-08,0.2265,-0.0659,1.49012e-08,0.6113,0.0659,1.49012e-08,0.6113,-0.0659,0,0.8773,0,0,1.0355,0,0,1.2201,0,0.00568916,1.25583,0.303369,0.00564519,1.25492,-0.303136,0.0161779,1.1921,0.5546,0.0160529,1.18951,-0.553937,0,1.4399,0,0,0,0,0,0,0,0,0,0,-0.74341,-0.743415,0.224315,0.73983,0.73983,0.221994,0,0,0,0,0,0,0,0,0,0,0,0,0,0,0,0,0,0,0,0,0,0,0,0,0.00268176,0.883995,2.70314e-05,0,1,0,0,0,0,0,0,0,0,0,0,0,0
1,0,0,0,1,0,0,0,1,0,0,0,0.567694,-0.442445,-0.442445,-0.534984,0.569041,0.440556,0.440556,-0.536668,1,0,0,0,1,0,0,0,0.707107,0,0,-0.707107,0.707107,0,0,-0.707107,1,0,0,0,1,0,0,0,0.707107,0,0,0.707107,0.707107,0,0,0.707107,0.0308001,0.0264001,0.0659,0.0308001,0.0264001,-0.0659,4.47035e-08,0.2265,0.0659,4.47035e-08,0.2265,-0.0659,1.49012e-08,0.6113,0.0659,1.49012e-08,0.6113,-0.0659,0,0.8773,0,0,1.0355,0,0,1.2201,0,0.0050748,1.26002,0.304388,0.00503641,1.25908,-0.304178,0.0144309,1.20402,0.557497,0.0143217,1.20134,-0.556899,0,1.4399,0,0,0,0,0,0,0,0,0,0,-0.711565,-0.711565,0.21468,0.708125,0.708125,0.212456,0,0,0,0,0,0,0,0,0,0,0,0,0,0,0,0,0,0,0,0,0,0,0,0,0.00254008,0.884963,2.43717e-05,0,1,0,0,0,0,0,0,0,0,0,0,0,0
1,0,0,0,1,0,0,0,1,0,0,0,0.559425,-0.450492,-0.450492,-0.530242,0.560851,0.448585,0.448585,-0.531968,1,0,0,0,1,0,0,0,0.707107,0,0,-0.707107,0.707107,0,0,-0.707107,1,0,0,0,1,0,0,0,0.707107,0,0,0.707107,0.707107,0,0,0.707107,0.0308001,0.0264001,0.0659,0.0308001,0.0264001,-0.0659,4.47035e-08,0.2265,0.0659,4.47035e-08,0.2265,-0.0659,1.49012e-08,0.6113,0.0659,1.49012e-08,0.6113,-0.0659,0,0.8773,0,0,1.0355,0,0,1.2201,0,0.00447421,1.26404,0.305236,0.00444101,1.26307,-0.305048,0.012723,1.21543,0.559908,0.0126286,1.21268,-0.559376,0,1.4399,0,0,0,0,0,0,0,0,0,0,-0.677504,-0.677501,0.204374,0.674236,0.674236,0.202264,0,0,0,0,0,0,0,0,0,0,0,0,0,0,0,0,0,0,0,0,0,0,0,0,0.00240155,0.885889,2.16683e-05,0,1,0,0,0,0,0,0,0,0,0,0,0,0
1,0,0,0,1,0,0,0,1,0,0,0,0.551417,-0.45801,-0.45801,-0.52573,0.552918,0.456087,0.456087,-0.527495,1,0,0,0,1,0,0,0,0.707107,0,0,-0.707107,0.707107,0,0,-0.707107,1,0,0,0,1,0,0,0,0.707107,0,0,0.707107,0.707107,0,0,0.707107,0.0308001,0.0264001,0.0659,0.0308001,0.0264001,-0.0659,4.47035e-08,0.2265,0.0659,4.47035e-08,0.2265,-0.0659,1.49012e-08,0.6113,0.0659,1.49012e-08,0.6113,-0.0659,0,0.8773,0,0,1.0355,0,0,1.2201,0,0.00389293,1.26785,0.305927,0.00386472,1.26686,-0.305763,0.0110701,1.22629,0.561874,0.0109899,1.22347,-0.561408,0,1.4399,0,0,0,0,0,0,0,0,0,0,-0.641245,-0.641245,0.193409,0.638151,0.638151,0.191406,0,0,0,0,0,0,0,0,0,0,0,0,0,0,0,0,0,0,0,0,0,0,0,0,0.00226747,0.886771,1.89808e-05,0,1,0,0,0,0,0,0,0,0,0,0,0,0
1,0,0,0,1,0,0,0,1,0,0,0,0.543731,-0.464988,-0.464988,-0.521469,0.545304,0.463051,0.463051,-0.52327,1,0,0,0,1,0,0,0,0.707107,0,0,-0.707107,0.707107,0,0,-0.707107,1,0,0,0,1,0,0,0,0.707107,0,0,0.707107,0.707107,0,0,0.707107,0.0308001,0.0264001,0.0659,0.0308001,0.0264001,-0.0659,4.47035e-08,0.2265,0.0659,4.47035e-08,0.2265,-0.0659,1.49012e-08,0.6113,0.0659,1.49012e-08,0.6113,-0.0659,0,0.8773,0,0,1.0355,0,0,1.2201,0,0.00333641,1.27145,0.306479,0.00331277,1.27044,-0.306338,0.00948755,1.23653,0.563443,0.00942031,1.23365,-0.563042,0,1.4399,0,0,0,0,0,0,0,0,0,0,-0.602778,-0.602778,0.181768,0.599863,0.599863,0.17989,0,0,0,0,0,0,0,0,0,0,0,0,0,0,0,0,0,0,0,0,0,0,0,0,0.00213908,0.887603,1.63211e-05,0,1,0,0,0,0,0,0,0,0,0,0,0,0
1,0,0,0,1,0,0,0,1,0,0,0,0.536425,-0.471415,-0.471415,-0.517478,0.538067,0.469466,0.469466,-0.519313,1,0,0,0,1,0,0,0,0.707107,0,0,-0.707107,0.707107,0,0,-0.707107,1,0,0,0,1,0,0,0,0.707107,0,0,0.707107,0.707107,0,0,0.707107,0.0308001,0.0264001,0.0659,0.0308001,0.0264001,-0.0659,4.47035e-08,0.2265,0.0659,4.47035e-08,0.2265,-0.0659,1.49012e-08,0.6113,0.0659,1.49012e-08,0.6113,-0.0659,0,0.8773,0,0,1.0355,0,0,1.2201,0,0.00280957,1.27482,0.306907,0.00279006,1.27379,-0.306788,0.00798939,1.2461,0.56466,0.00793394,1.24317,-0.564323,0,1.4399,0,0,0,0,0,0,0,0,0,0,-0.562098,-0.562094,0.169469,0.559387,0.559387,0.167713,0,0,0,0,0,0,0,0,0,0,0,0,0,0,0,0,0,0,0,0,0,0,0,0,0.00201751,0.888381,1.37316e-05,0,1,0,0,0,0,0,0,0,0,0,0,0,0
1,0,0,0,1,0,0,0,1,0,0,0,0.52956,-0.477283,-0.477283,-0.513778,0.531267,0.475324,0.475324,-0.515645,1,0,0,0,1,0,0,0,0.707107,0,0,-0.707107,0.707107,0,0,-0.707107,1,0,0,0,1,0,0,0,0.707107,0,0,0.707107,0.707107,0,0,0.707107,0.0308001,0.0264001,0.0659,0.0308001,0.0264001,-0.0659,4.47035e-08,0.2265,0.0659,4.47035e-08,0.2265,-0.0659,1.49012e-08,0.6113,0.0659,1.49012e-08,0.6113,-0.0659,0,0.8773,0,0,1.0355,0,0,1.2201,0,0.00231682,1.27794,0.307228,0.00230111,1.27689,-0.307131,0.00658821,1.25497,0.565574,0.00654353,1.25198,-0.565297,0,1.4399,0,0,0,0,0,0,0,0,0,0,-0.519208,-0.519211,0.156494,0.516708,0.516708,0.154874,0,0,0,0,0,0,0,0,0,0,0,0,0,0,0,0,0,0,0,0,0,0,0,0,0.0019038,0.889101,1.12547e-05,0,1,0,0,0,0,0,0,0,0,0,0,0,0
1,0,0,0,1,0,0,0,1,0,0,0,0.523195,-0.482582,-0.482582,-0.510388,0.52496,0.480616,0.480616,-0.512283,1,0,0,0,1,0,0,0,0.707107,0,0,-0.707107,0.707107,0,0,-0.707107,1,0,0,0,1,0,0,0,0.707107,0,0,0.707107,0.707107,0,0,0.707107,0.0308001,0.0264001,0.0659,0.0308001,0.0264001,-0.0659,4.47035e-08,0.2265,0.0659,4.47035e-08,0.2265,-0.0659,1.49012e-08,0.6113,0.0659,1.49012e-08,0.6113,-0.0659,0,0.8773,0,0,1.0355,0,0,1.2201,0,0.00186242,1.28079,0.307459,0.00185005,1.27972,-0.307382,0.00529604,1.26308,0.566231,0.00526088,1.26004,-0.566012,0,1.4399,0,0,0,0,0,0,0,0,0,0,-0.474125,-0.474125,0.142858,0.47184,0.47184,0.141381,0,0,0,0,0,0,0,0,0,0,0,0,0,0,0,0,0,0,0,0,0,0,0,0,0.00179892,0.889759,8.91421e-06,0,1,0,0,0,0,0,0,0,0,0,0,0,0
1,0,0,0,1,0,0,0,1,0,0,0,0.517385,-0.487304,-0.487304,-0.507328,0.519205,0.485331,0.485331,-0.509249,1,0,0,0,1,0,0,0,0.707107,0,0,-0.707107,0.707107,0,0,-0.707107,1,0,0,0,1,0,0,0,0.707107,0,0,0.707107,0.707107,0,0,0.707107,0.0308001,0.0264001,0.0659,0.0308001,0.0264001,-0.0659,4.47035e-08,0.2265,0.0659,4.47035e-08,0.2265,-0.0659,1.49012e-08,0.6113,0.0659,1.49012e-08,0.6113,-0.0659,0,0.8773,0,0,1.0355,0,0,1.2201,0,0.00145008,1.28336,0.307616,0.00144063,1.28228,-0.307558,0.00412349,1.27038,0.566678,0.00409664,1.26731,-0.566512,0,1.4399,0,0,0,0,0,0,0,0,0,0,-0.426825,-0.426825,0.128553,0.424772,0.424772,0.127223,0,0,0,0,0,0,0,0,0,0,0,0,0,0,0,0,0,0,0,0,0,0,0,0,0.00170373,0.890353,6.73797e-06,0,1,0,0,0,0,0,0,0,0,0,0,0,0
1,0,0,0,1,0,0,0,1,0,0,0,0.512188,-0.49144,-0.49144,-0.504616,0.514055,0.489461,0.489461,-0.506559,1,0,0,0,1,0,0,0,0.707107,0,0,-0.707107,0.707107,0,0,-0.707107,1,0,0,0,1,0,0,0,0.707107,0,0,0.707107,0.707107,0,0,0.707107,0.0308001,0.0264001,0.0659,0.0308001,0.0264001,-0.0659,4.47035e-08,0.2265,0.0659,4.47035e-08,0.2265,-0.0659,1.49012e-08,0.6113,0.0659,1.49012e-08,0.6113,-0.0659,0,0.8773,0,0,1.0355,0,0,1.2201,0,0.00108324,1.28563,0.307715,0.00107642,1.28454,-0.307674,0.00308035,1.27684,0.566958,0.00306093,1.27373,-0.566841,0,1.4399,0,0,0,0,0,0,0,0,0,0,-0.377333,-0.377337,0.113579,0.375506,0.375506,0.112406,0,0,0,0,0,0,0,0,0,0,0,0,0,0,0,0,0,0,0,0,0,0,0,0,0.00161905,0.890878,4.77897e-06,0,1,0,0,0,0,0,0,0,0,0,0,0,0
1,0,0,0,1,0,0,0,1,0,0,0,0.507657,-0.494979,-0.494979,-0.502272,0.509566,0.492996,0.492996,-0.504234,1,0,0,0,1,0,0,0,0.707107,0,0,-0.707107,0.707107,0,0,-0.707107,1,0,0,0,1,0,0,0,0.707107,0,0,0.707107,0.707107,0,0,0.707107,0.0308001,0.0264001,0.0659,0.0308001,0.0264001,-0.0659,4.47035e-08,0.2265,0.0659,4.47035e-08,0.2265,-0.0659,1.49012e-08,0.6113,0.0659,1.49012e-08,0.6113,-0.0659,0,0.8773,0,0,1.0355,0,0,1.2201,0,0.00076516,1.28759,0.30777,0.000760451,1.28649,-0.307744,0.00217582,1.28242,0.567114,0.00216246,1.27928,-0.56704,0,1.4399,0,0,0,0,0,0,0,0,0,0,-0.325609,-0.325609,0.09794,0.324054,0.324054,0.0969315,0,0,0,0,0,0,0,0,0,0,0,0,0,0,0,0,0,0,0,0,0,0,0,0,0.00154561,0.891331,3.04249e-06,0,1,0,0,0,0,0,0,0,0,0,0,0,0
1,0,0,0,1,0,0,0,1,0,0,0,0.503842,-0.49791,-0.49791,-0.500313,0.505787,0.495925,0.495925,-0.502292,1,0,0,0,1,0,0,0,0.707107,0,0,-0.707107,0.707107,0,0,-0.707107,1,0,0,0,1,0,0,0,0.707107,0,0,0.707107,0.707107,0,0,0.707107,0.0308001,0.0264001,0.0659,0.0308001,0.0264001,-0.0659,4.47035e-08,0.2265,0.0659,4.47035e-08,0.2265,-0.0659,1.49012e-08,0.6113,0.0659,1.49012e-08,0.6113,-0.0659,0,0.8773,0,0,1.0355,0,0,1.2201,0,0.000498638,1.28923,0.307794,0.000495687,1.28812,-0.307781,0.00141794,1.28707,0.567184,0.00140955,1.28391,-0.567145,0,1.4399,0,0,0,0,0,0,0,0,0,0,-0.271704,-0.271704,0.0816393,0.270388,0.270388,0.0807846,0,0,0,0,0,0,0,0,0,0,0,0,0,0,0,0,0,0,0,0,0,0,0,0,0.00148407,0.891709,1.57621e-06,0,1,0,0,0,0,0,0,0,0,0,0,0,0
1,0,0,0,1,0,0,0,1,0,0,0,0.500795,-0.500223,-0.500223,-0.498758,0.502767,0.498235,0.498235,-0.50075,1,0,0,0,1,0,0,0,0.707107,0,0,-0.707107,0.707107,0,0,-0.707107,1,0,0,0,1,0,0,0,0.707107,0,0,0.707107,0.707107,0,0,0.707107,0.0308001,0.0264001,0.0659,0.0308001,0.0264001,-0.0659,4.47035e-08,0.2265,0.0659,4.47035e-08,0.2265,-0.0659,1.49012e-08,0.6113,0.0659,1.49012e-08,0.6113,-0.0659,0,0.8773,0,0,1.0355,0,0,1.2201,0,0.0002864,1.29053,0.3078,0.000284776,1.28941,-0.307796,0.000814423,1.29076,0.567199,0.000809811,1.28758,-0.567189,0,1.4399,0,0,0,0,0,0,0,0,0,0,-0.215574,-0.215571,0.0646591,0.214545,0.214545,0.0639975,0,0,0,0,0,0,0,0,0,0,0,0,0,0,0,0,0,0,0,0,0,0,0,0,0.00143506,0.892009,3.94715e-07,0,1,0,0,0,0,0,0,0,0,0,0,0,0
1,0,0,0,1,0,0,0,1,0,0,0,0.498559,-0.501901,-0.501901,-0.497624,0.500551,0.499912,0.499912,-0.499625,1,0,0,0,1,0,0,0,0.707107,0,0,-0.707107,0.707107,0,0,-0.707107,1,0,0,0,1,0,0,0,0.707107,0,0,0.707107,0.707107,0,0,0.707107,0.0308001,0.0264001,0.0659,0.0308001,0.0264001,-0.0659,4.47035e-08,0.2265,0.0659,4.47035e-08,0.2265,-0.0659,1.49012e-08,0.6113,0.0659,1.49012e-08,0.6113,-0.0659,0,0.8773,0,0,1.0355,0,0,1.2201,0,0.000130937,1.29147,0.307796,0.000130311,1.29035,-0.3078,0.000372335,1.29345,0.567188,0.000370547,1.29026,-0.5672,0,1.4399,0,0,0,0,0,0,0,0,0,0,-0.157245,-0.157249,0.0470209,0.156494,0.156494,0.0465345,0,0,0,0,0,0,0,0,0,0,0,0,0,0,0,0,0,0,0,0,0,0,0,0,0.00139916,0.892227,-4.74188e-07,0,1,0,0,0,0,0,0,0,0,0,0,0,0
1,0,0,0,1,0,0,0,1,0,0,0,0.497177,-0.50293,-0.50293,-0.496929,0.499182,0.500939,0.500939,-0.498936,1,0,0,0,1,0,0,0,0.707107,0,0,-0.707107,0.707107,0,0,-0.707107,1,0,0,0,1,0,0,0,0.707107,0,0,0.707107,0.707107,0,0,0.707107,0.0308001,0.0264001,0.0659,0.0308001,0.0264001,-0.0659,4.47035e-08,0.2265,0.0659,4.47035e-08,0.2265,-0.0659,1.49012e-08,0.6113,0.0659,1.49012e-08,0.6113,-0.0659,0,0.8773,0,0,1.0355,0,0,1.2201,0,3.4675e-05,1.29205,0.30779,3.46154e-05,1.29093,-0.307799,9.8601e-05,1.2951,0.567172,9.84371e-05,1.2919,-0.567197,0,1.4399,0,0,0,0,0,0,0,0,0,0,-0.0967133,-0.0967133,0.0287139,0.096252,0.096252,0.0284135,0,0,0,0,0,0,0,0,0,0,0,0,0,0,0,0,0,0,0,0,0,0,0,0,0.00137693,0.892362,-1.00931e-06,0,1,0,0,0,0,0,0,0,0,0,0,0,0
1,0,0,0,1,0,0,0,1,0,0,0,0.496688,-0.50329,-0.50329,-0.496689,0.498697,0.501299,0.501299,-0.498697,1,0,0,0,1,0,0,0,0.707107,0,0,-0.707107,0.707107,0,0,-0.707107,1,0,0,0,1,0,0,0,0.707107,0,0,0.707107,0.707107,0,0,0.707107,0.0308001,0.0264001,0.0659,0.0308001,0.0264001,-0.0659,4.47035e-08,0.2265,0.0659,4.47035e-08,0.2265,-0.0659,1.49012e-08,0.6113,0.0659,1.49012e-08,0.6113,-0.0659,0,0.8773,0,0,1.0355,0,0,1.2201,0,-1.3411e-07,1.29226,0.307788,-1.49012e-08,1.29113,-0.307798,-3.7998e-07,1.29568,0.567165,-2.98023e-08,1.29248,-0.567195,0,1.4399,0,0,0,0,0,0,0,0,0,0,-0.0339675,-0.0339675,0.00973463,0.0338209,0.0338209,0.00963092,0,0,0,0,0,0,0,0,0,0,0,0,0,0,0,0,0,0,0,0,0,0,0,0,0.00136888,0.892409,-1.20004e-06,1,1,0,0,0,0,0,0,0,0,0,0,0,0
1,0,0,0,1,0,0,0,1,0,0,0,0.497055,-0.503012,-0.503012,-0.496884,0.499061,0.501022,0.501022,-0.498891,1,0,0,0,1,0,0,0,0.707107,0,0,-0.707107,0.707107,0,0,-0.707107,1,0,0,0,1,0,0,0,0.707107,0,0,0.707107,0.707107,0,0,0.707107,0.0308001,0.0264001,0.0659,0.0308001,0.0264001,-0.0659,4.47035e-08,0.2265,0.0659,4.47035e-08,0.2265,-0.0659,1.49012e-08,0.6113,0.0659,1.49012e-08,0.6113,-0.0659,0,0.8773,0,0,1.0355,0,0,1.2201,0,2.39164e-05,1.2921,0.30779,2.39015e-05,1.29098,-0.307799,6.80089e-05,1.29524,0.567171,6.79716e-05,1.29204,-0.567197,0,1.4399,0,0,0,0,0,0,0,0,0,0,0.0260138,0.026021,-0.00837564,-0.0258851,-0.0258851,-0.00828266,0,0,0,0,0,0,0,0,0,0,0,0,0,0,0,0,0,0,0,0,0,0,0,0,0.00137444,0.892373,-1.04904e-06,0,1,0,0,0,0,0,0,0,0,0,0,0,0
1,0,0,0,1,0,0,0,1,0,0,0,0.498195,-0.502156,-0.502156,-0.497473,0.50019,0.500167,0.500167,-0.499475,1,0,0,0,1,0,0,0,0.707107,0,0,-0.707107,0.707107,0,0,-0.707107,1,0,0,0,1,0,0,0,0.707107,0,0,0.707107,0.707107,0,0,0.707107,0.0308001,0.0264001,0.0659,0.0308001,0.0264001,-0.0659,4.47035e-08,0.2265,0.0659,4.47035e-08,0.2265,-0.0659,1.49012e-08,0.6113,0.0659,1.49012e-08,0.6113,-0.0659,0,0.8773,0,0,1.0355,0,0,1.2201,0,0.000101164,1.29162,0.307795,0.000100642,1.29049,-0.3078,0.000287689,1.29386,0.567185,0.000286192,1.29067,-0.5672,0,1.4399,0,0,0,0,0,0,0,0,0,0,0.0803447,0.0803447,-0.0248158,-0.0799441,-0.0799441,-0.0245655,0,0,0,0,0,0,0,0,0,0,0,0,0,0,0,0,0,0,0,0,0,0,0,0,0.00139228,0.892261,-6.06643e-07,0,1,0,0,0,0,0,0,0,0,0,0,0,0
1,0,0,0,1,0,0,0,1,0,0,0,0.500079,-0.500737,-0.500737,-0.498443,0.502056,0.498749,0.498749,-0.500437,1,0,0,0,1,0,0,0,0.707107,0,0,-0.707107,0.707107,0,0,-0.707107,1,0,0,0,1,0,0,0,0.707107,0,0,0.707107,0.707107,0,0,0.707107,0.0308001,0.0264001,0.0659,0.0308001,0.0264001,-0.0659,4.47035e-08,0.2265,0.0659,4.47035e-08,0.2265,-0.0659,1.49012e-08,0.6113,0.0659,1.49012e-08,0.6113,-0.0659,0,0.8773,0,0,1.0355,0,0,1.2201,0,0.000229731,1.29082,0.307799,0.00022836,1.2897,-0.307798,0.000653267,1.29158,0.567198,0.000649363,1.2884,-0.567194,0,1.4399,0,0,0,0,0,0,0,0,0,0,0.132895,0.132891,-0.0407302,-0.132244,-0.132244,-0.0403082,0,0,0,0,0,0,0,0,0,0,0,0,0,0,0,0,0,0,0,0,0,0,0,0,0.00142196,0.892076,1.35104e-07,0,1,0,0,0,0,0,0,0,0,0,0,0,0
1,0,0,0,1,0,0,0,1,0,0,0,0.502672,-0.498769,-0.498769,-0.499781,0.504625,0.496783,0.496783,-0.501764,1,0,0,0,1,0,0,0,0.707107,0,0,-0.707107,0.707107,0,0,-0.707107,1,0,0,0,1,0,0,0,0.707107,0,0,0.707107,0.707107,0,0,0.707107,0.0308001,0.0264001,0.0659,0.0308001,0.0264001,-0.0659,4.47035e-08,0.2265,0.0659,4.47035e-08,0.2265,-0.0659,1.49012e-08,0.6113,0.0659,1.49012e-08,0.6113,-0.0659,0,0.8773,0,0,1.0355,0,0,1.2201,0,0.00040774,1.28971,0.307798,0.000405177,1.2886,-0.307788,0.00115947,1.28844,0.567194,0.00115219,1.28527,-0.567165,0,1.4399,0,0,0,0,0,0,0,0,0,0,0.183674,0.183678,-0.0561011,-0.182776,-0.182776,-0.0555217,0,0,0,0,0,0,0,0,0,0,0,0,0,0,0,0,0,0,0,0,0,0,0,0,0.00146306,0.89182,1.14441e-06,0,1,0,0,0,0,0,0,0,0,0,0,0,0
1,0,0,0,1,0,0,0,1,0,0,0,0.505939,-0.496262,-0.496262,-0.501472,0.507862,0.494279,0.494279,-0.50344,1,0,0,0,1,0,0,0,0.707107,0,0,-0.707107,0.707107,0,0,-0.707107,1,0,0,0,1,0,0,0,0.707107,0,0,0.707107,0.707107,0,0,0.707107,0.0308001,0.0264001,0.0659,0.0308001,0.0264001,-0.0659,4.47035e-08,0.2265,0.0659,4.47035e-08,0.2265,-0.0659,1.49012e-08,0.6113,0.0659,1.49012e-08,0.6113,-0.0659,0,0.8773,0,0,1.0355,0,0,1.2201,0,0.000633165,1.28831,0.307783,0.000629112,1.2872,-0.307762,0.0018005,1.28445,0.567152,0.00178896,1.2813,-0.567093,0,1.4399,0,0,0,0,0,0,0,0,0,0,0.232683,0.232683,-0.0709355,-0.23155,-0.23155,-0.0702059,0,0,0,0,0,0,0,0,0,0,0,0,0,0,0,0,0,0,0,0,0,0,0,0,0.00151511,0.891496,2.40935e-06,0,1,0,0,0,0,0,0,0,0,0,0,0,0
1,0,0,0,1,0,0,0,1,0,0,0,0.509841,-0.493228,-0.493228,-0.503501,0.511728,0.491249,0.491249,-0.505453,1,0,0,0,1,0,0,0,0.707107,0,0,-0.707107,0.707107,0,0,-0.707107,1,0,0,0,1,0,0,0,0.707107,0,0,0.707107,0.707107,0,0,0.707107,0.0308001,0.0264001,0.0659,0.0308001,0.0264001,-0.0659,4.47035e-08,0.2265,0.0659,4.47035e-08,0.2265,-0.0659,1.49012e-08,0.6113,0.0659,1.49012e-08,0.6113,-0.0659,0,0.8773,0,0,1.0355,0,0,1.2201,0,0.000903949,1.28662,0.307746,0.000898033,1.28552,-0.307713,0.0025705,1.27965,0.567047,0.00255367,1.27653,-0.566952,0,1.4399,0,0,0,0,0,0,0,0,0,0,0.279926,0.279926,-0.0852334,-0.278556,-0.278556,-0.0843501,0,0,0,0,0,0,0,0,0,0,0,0,0,0,0,0,0,0,0,0,0,0,0,0,0.00157762,0.891106,3.90344e-06,0,1,0,0,0,0,0,0,0,0,0,0,0,0
1,0,0,0,1,0,0,0,1,0,0,0,0.514339,-0.489676,-0.489676,-0.505855,0.516184,0.487702,0.487702,-0.507788,1,0,0,0,1,0,0,0,0.707107,0,0,-0.707107,0.707107,0,0,-0.707107,1,0,0,0,1,0,0,0,0.707107,0,0,0.707107,0.707107,0,0,0.707107,0.0308001,0.0264001,0.0659,0.0308001,0.0264001,-0.0659,4.47035e-08,0.2265,0.0659,4.47035e-08,0.2265,-0.0659,1.49012e-08,0.6113,0.0659,1.49012e-08,0.6113,-0.0659,0,0.8773,0,0,1.0355,0,0,1.2201,0,0.00121775,1.28466,0.307678,0.00120969,1.28357,-0.307629,0.00346285,1.27408,0.566852,0.00343992,1.27099,-0.566714,0,1.4399,0,0,0,0,0,0,0,0,0,0,0.325388,0.325388,-0.0990021,-0.323807,-0.323807,-0.0979757,0,0,0,0,0,0,0,0,0,0,0,0,0,0,0,0,0,0,0,0,0,0,0,0,0.00165007,0.890653,5.61343e-06,0,1,0,0,0,0,0,0,0,0,0,0,0,0
1,0,0,0,1,0,0,0,1,0,0,0,0.51939,-0.485615,-0.485615,-0.508519,0.521188,0.483645,0.483645,-0.510429,1,0,0,0,1,0,0,0,0.707107,0,0,-0.707107,0.707107,0,0,-0.707107,1,0,0,0,1,0,0,0,0.707107,0,0,0.707107,0.707107,0,0,0.707107,0.0308001,0.0264001,0.0659,0.0308001,0.0264001,-0.0659,4.47035e-08,0.2265,0.0659,4.47035e-08,0.2265,-0.0659,1.49012e-08,0.6113,0.0659,1.49012e-08,0.6113,-0.0659,0,0.8773,0,0,1.0355,0,0,1.2201,0,0.00157227,1.28244,0.307566,0.00156166,1.28136,-0.307501,0.00447096,1.26776,0.566534,0.00444079,1.2647,-0.566349,0,1.4399,0,0,0,0,0,0,0,0,0,0,0.369093,0.36909,-0.112227,-0.367298,-0.367298,-0.111065,0,0,0,0,0,0,0,0,0,0,0,0,0,0,0,0,0,0,0,0,0,0,0,0,0.0017319,0.89014,7.52343e-06,0,1,0,0,0,0,0,0,0,0,0,0,0,0
1,0,0,0,1,0,0,0,1,0,0,0,0.52495,-0.481051,-0.481051,-0.511477,0.526696,0.479088,0.479088,-0.513362,1,0,0,0,1,0,0,0,0.707107,0,0,-0.707107,0.707107,0,0,-0.707107,1,0,0,0,1,0,0,0,0.707107,0,0,0.707107,0.707107,0,0,0.707107,0.0308001,0.0264001,0.0659,0.0308001,0.0264001,-0.0659,4.47035e-08,0.2265,0.0659,4.47035e-08,0.2265,-0.0659,1.49012e-08,0.6113,0.0659,1.49012e-08,0.6113,-0.0659,0,0.8773,0,0,1.0355,0,0,1.2201,0,0.00196476,1.27996,0.307399,0.00195126,1.2789,-0.307316,0.00558708,1.26072,0.566059,0.00554869,1.2577,-0.565823,0,1.4399,0,0,0,0,0,0,0,0,0,0,0.411018,0.411018,-0.124916,-0.409019,-0.409019,-0.123628,0,0,0,0,0,0,0,0,0,0,0,0,0,0,0,0,0,0,0,0,0,0,0,0,0.00182249,0.889568,9.5884e-06,0,1,0,0,0,0,0,0,0,0,0,0,0,0
1,0,0,0,1,0,0,0,1,0,0,0,0.530974,-0.475992,-0.475992,-0.514714,0.532664,0.474037,0.474037,-0.516571,1,0,0,0,1,0,0,0,0.707107,0,0,-0.707107,0.707107,0,0,-0.707107,1,0,0,0,1,0,0,0,0.707107,0,0,0.707107,0.707107,0,0,0.707107,0.0308001,0.0264001,0.0659,0.0308001,0.0264001,-0.0659,4.47035e-08,0.2265,0.0659,4.47035e-08,0.2265,-0.0659,1.49012e-08,0.6113,0.0659,1.49012e-08,0.6113,-0.0659,0,0.8773,0,0,1.0355,0,0,1.2201,0,0.00239243,1.27725,0.307164,0.00237569,1.2762,-0.307062,0.00680321,1.25301,0.565391,0.00675562,1.25003,-0.565101,0,1.4399,0,0,0,0,0,0,0,0,0,0,0.451173,0.451176,-0.137075,-0.448977,-0.448977,-0.135655,0,0,0,0,0,0,0,0,0,0,0,0,0,0,0,0,0,0,0,0,0,0,0,0,0.00192119,0.888941,1.17924e-05,0,1,0,0,0,0,0,0,0,0,0,0,0,0
1,0,0,0,1,0,0,0,1,0,0,0,0.537417,-0.470445,-0.470445,-0.518214,0.539046,0.468501,0.468501,-0.520042,1,0,0,0,1,0,0,0,0.707107,0,0,-0.707107,0.707107,0,0,-0.707107,1,0,0,0,1,0,0,0,0.707107,0,0,0.707107,0.707107,0,0,0.707107,0.0308001,0.0264001,0.0659,0.0308001,0.0264001,-0.0659,4.47035e-08,0.2265,0.0659,4.47035e-08,0.2265,-0.0659,1.49012e-08,0.6113,0.0659,1.49012e-08,0.6113,-0.0659,0,0.8773,0,0,1.0355,0,0,1.2201,0,0.00285217,1.27431,0.306848,0.00283185,1.27328,-0.306726,0.00811055,1.24465,0.564492,0.00805275,1.24172,-0.564146,0,1.4399,0,0,0,0,0,0,0,0,0,0,0.48956,0.48956,-0.148691,-0.487179,-0.487179,-0.147157,0,0,0,0,0,0,0,0,0,0,0,0,0,0,0,0,0,0,0,0,0,0,0,0,0.00202728,0.888262,1.41157e-05,0,1,0,0,0,0,0,0,0,0,0,0,0,0
1,0,0,0,1,0,0,0,1,0,0,0,0.54423,-0.464419,-0.464419,-0.521962,0.545795,0.462485,0.462485,-0.523758,1,0,0,0,1,0,0,0,0.707107,0,0,-0.707107,0.707107,0,0,-0.707107,1,0,0,0,1,0,0,0,0.707107,0,0,0.707107,0.707107,0,0,0.707107,0.0308001,0.0264001,0.0659,0.0308001,0.0264001,-0.0659,4.47035e-08,0.2265,0.0659,4.47035e-08,0.2265,-0.0659,1.49012e-08,0.6113,0.0659,1.49012e-08,0.6113,-0.0659,0,0.8773,0,0,1.0355,0,0,1.2201,0,0.00334056,1.27116,0.306438,0.00331633,1.27015,-0.306295,0.00949934,1.23568,0.563327,0.00943044,1.23281,-0.562921,0,1.4399,0,0,0,0,0,0,0,0,0,0,0.526171,0.526171,-0.15977,-0.523617,-0.523617,-0.158122,0,0,0,0,0,0,0,0,0,0,0,0,0,0,0,0,0,0,0,0,0,0,0,0,0.00213997,0.887534,1.65224e-05,0,1,0,0,0,0,0,0,0,0,0,0,0,0
1,0,0,0,1,0,0,0,1,0,0,0,0.551367,-0.457919,-0.457919,-0.525941,0.552865,0.455999,0.455999,-0.527703,1,0,0,0,1,0,0,0,0.707107,0,0,-0.707107,0.707107,0,0,-0.707107,1,0,0,0,1,0,0,0,0.707107,0,0,0.707107,0.707107,0,0,0.707107,0.0308001,0.0264001,0.0659,0.0308001,0.0264001,-0.0659,4.47035e-08,0.2265,0.0659,4.47035e-08,0.2265,-0.0659,1.49012e-08,0.6113,0.0659,1.49012e-08,0.6113,-0.0659,0,0.8773,0,0,1.0355,0,0,1.2201,0,0.00385396,1.2678,0.30592,0.00382547,1.26681,-0.305756,0.0109593,1.22615,0.561855,0.0108783,1.22333,-0.561389,0,1.4399,0,0,0,0,0,0,0,0,0,0,0.561025,0.561018,-0.170324,-0.558293,-0.558293,-0.168561,0,0,0,0,0,0,0,0,0,0,0,0,0,0,0,0,0,0,0,0,0,0,0,0,0.00225841,0.88676,1.89861e-05,0,1,0,0,0,0,0,0,0,0,0,0,0,0
1,0,0,0,1,0,0,0,1,0,0,0,0.55878,-0.450955,-0.450955,-0.530136,0.560207,0.44905,0.44905,-0.531862,1,0,0,0,1,0,0,0,0.707107,0,0,-0.707107,0.707107,0,0,-0.707107,1,0,0,0,1,0,0,0,0.707107,0,0,0.707107,0.707107,0,0,0.707107,0.0308001,0.0264001,0.0659,0.0308001,0.0264001,-0.0659,4.47035e-08,0.2265,0.0659,4.47035e-08,0.2265,-0.0659,1.49012e-08,0.6113,0.0659,1.49012e-08,0.6113,-0.0659,0,0.8773,0,0,1.0355,0,0,1.2201,0,0.00438842,1.26427,0.305282,0.00435539,1.2633,-0.305097,0.0124791,1.21609,0.56004,0.0123851,1.21334,-0.559513,0,1.4399,0,0,0,0,0,0,0,0,0,0,0.594091,0.594091,-0.18033,-0.591209,-0.591209,-0.178463,0,0,0,0,0,0,0,0,0,0,0,0,0,0,0,0,0,0,0,0,0,0,0,0,0.0023817,0.885943,2.14789e-05,0,1,0,0,0,0,0,0,0,0,0,0,0,0
1,0,0,0,1,0,0,0,1,0,0,0,0.566419,-0.443535,-0.443535,-0.53453,0.567774,0.441647,0.441647,-0.536217,1,0,0,0,1,0,0,0,0.707107,0,0,-0.707107,0.707107,0,0,-0.707107,1,0,0,0,1,0,0,0,0.707107,0,0,0.707107,0.707107,0,0,0.707107,0.0308001,0.0264001,0.0659,0.0308001,0.0264001,-0.0659,4.47035e-08,0.2265,0.0659,4.47035e-08,0.2265,-0.0659,1.49012e-08,0.6113,0.0659,1.49012e-08,0.6113,-0.0659,0,0.8773,0,0,1.0355,0,0,1.2201,0,0.00493972,1.26056,0.30451,0.00490181,1.25962,-0.304303,0.0140468,1.20554,0.557845,0.013939,1.20286,-0.557257,0,1.4399,0,0,0,0,0,0,0,0,0,0,0.625391,0.625395,-0.189807,-0.622358,-0.622358,-0.187844,0,0,0,0,0,0,0,0,0,0,0,0,0,0,0,0,0,0,0,0,0,0,0,0,0.00250885,0.885087,2.3977e-05,0,1,0,0,0,0,0,0,0,0,0,0,0,0
1,0,0,0,1,0,0,0,1,0,0,0,0.574238,-0.435669,-0.435669,-0.539106,0.575519,0.4338,0.4338,-0.540753,1,0,0,0,1,0,0,0,0.707107,0,0,-0.707107,0.707107,0,0,-0.707107,1,0,0,0,1,0,0,0,0.707107,0,0,0.707107,0.707107,0,0,0.707107,0.0308001,0.0264001,0.0659,0.0308001,0.0264001,-0.0659,4.47035e-08,0.2265,0.0659,4.47035e-08,0.2265,-0.0659,1.49012e-08,0.6113,0.0659,1.49012e-08,0.6113,-0.0659,0,0.8773,0,0,1.0355,0,0,1.2201,0,0.00550334,1.2567,0.303593,0.00546028,1.25578,-0.303365,0.0156495,1.19456,0.555237,0.0155271,1.19195,-0.554588,0,1.4399,0,0,0,0,0,0,0,0,0,0,0.654927,0.654931,-0.198737,-0.651745,-0.651745,-0.196685,0,0,0,0,0,0,0,0,0,0,0,0,0,0,0,0,0,0,0,0,0,0,0,0,0.00263882,0.884195,2.64366e-05,0,1,0,0,0,0,0,0,0,0,0,0,0,0
1,0,0,0,1,0,0,0,1,0,0,0,0.582189,-0.427367,-0.427367,-0.543848,0.583393,0.42552,0.42552,-0.545453,1,0,0,0,1,0,0,0,0.707107,0,0,-0.707107,0.707107,0,0,-0.707107,1,0,0,0,1,0,0,0,0.707107,0,0,0.707107,0.707107,0,0,0.707107,0.0308001,0.0264001,0.0659,0.0308001,0.0264001,-0.0659,4.47035e-08,0.2265,0.0659,4.47035e-08,0.2265,-0.0659,1.49012e-08,0.6113,0.0659,1.49012e-08,0.6113,-0.0659,0,0.8773,0,0,1.0355,0,0,1.2201,0,0.00607444,1.2527,0.302518,0.00602603,1.25181,-0.302269,0.0172735,1.18319,0.552181,0.0171359,1.18066,-0.551473,0,1.4399,0,0,0,0,0,0,0,0,0,0,0.682687,0.682685,-0.207142,-0.67937,-0.67937,-0.204999,0,0,0,0,0,0,0,0,0,0,0,0,0,0,0,0,0,0,0,0,0,0,0,0,0.0027705,0.883272,2.885e-05,0,1,0,0,0,0,0,0,0,0,0,0,0,0
1,0,0,0,1,0,0,0,1,0,0,0,0.590224,-0.418642,-0.418642,-0.548739,0.591351,0.416818,0.416818,-0.550299,1,0,0,0,1,0,0,0,0.707107,0,0,-0.707107,0.707107,0,0,-0.707107,1,0,0,0,1,0,0,0,0.707107,0,0,0.707107,0.707107,0,0,0.707107,0.0308001,0.0264001,0.0659,0.0308001,0.0264001,-0.0659,4.47035e-08,0.2265,0.0659,4.47035e-08,0.2265,-0.0659,1.49012e-08,0.6113,0.0659,1.49012e-08,0.6113,-0.0659,0,0.8773,0,0,1.0355,0,0,1.2201,0,0.00664806,1.24858,0.301276,0.00659417,1.24772,-0.301007,0.0189047,1.17148,0.548649,0.0187514,1.16902,-0.547884,0,1.4399,0,0,0,0,0,0,0,0,0,0,0.708679,0.708677,-0.215009,-0.70524,-0.70524,-0.212785,0,0,0,0,0,0,0,0,0,0,0,0,0,0,0,0,0,0,0,0,0,0,0,0,0.00290275,0.882321,3.11812e-05,0,1,0,0,0,0,0,0,0,0,0,0,0,0
1,0,0,0,1,0,0,0,1,0,0,0,0.598297,-0.409505,-0.409505,-0.553761,0.599347,0.407708,0.407708,-0.555277,1,0,0,0,1,0,0,0,0.707107,0,0,-0.707107,0.707107,0,0,-0.707107,1,0,0,0,1,0,0,0,0.707107,0,0,0.707107,0.707107,0,0,0.707107,0.0308001,0.0264001,0.0659,0.0308001,0.0264001,-0.0659,4.47035e-08,0.2265,0.0659,4.47035e-08,0.2265,-0.0659,1.49012e-08,0.6113,0.0659,1.49012e-08,0.6113,-0.0659,0,0.8773,0,0,1.0355,0,0,1.2201,0,0.00721905,1.24436,0.299857,0.00715947,1.24353,-0.299569,0.0205284,1.15947,0.544614,0.0203589,1.1571,-0.543793,0,1.4399,0,0,0,0,0,0,0,0,0,0,0.732901,0.732901,-0.222334,-0.729343,-0.729343,-0.220038,0,0,0,0,0,0,0,0,0,0,0,0,0,0,0,0,0,0,0,0,0,0,0,0,0.00303437,0.881346,3.34091e-05,0,1,0,0,0,0,0,0,0,0,0,0,0,0
1,0,0,0,1,0,0,0,1,0,0,0,0.606363,-0.399972,-0.399972,-0.558899,0.607335,0.398204,0.398204,-0.560367,1,0,0,0,1,0,0,0,0.707107,0,0,-0.707107,0.707107,0,0,-0.707107,1,0,0,0,1,0,0,0,0.707107,0,0,0.707107,0.707107,0,0,0.707107,0.0308001,0.0264001,0.0659,0.0308001,0.0264001,-0.0659,4.47035e-08,0.2265,0.0659,4.47035e-08,0.2265,-0.0659,1.49012e-08,0.6113,0.0659,1.49012e-08,0.6113,-0.0659,0,0.8773,0,0,1.0355,0,0,1.2201,0,0.00778197,1.24005,0.298253,0.00771667,1.23925,-0.297946,0.0221291,1.14723,0.540051,0.0219434,1.14495,-0.53918,0,1.4399,0,0,0,0,0,0,0,0,0,0,0.755349,0.755346,-0.229132,-0.751682,-0.751682,-0.226761,0,0,0,0,0,0,0,0,0,0,0,0,0,0,0,0,0,0,0,0,0,0,0,0,0.00316411,0.880353,3.55018e-05,0,1,0,0,0,0,0,0,0,0,0,0,0,0
1,0,0,0,1,0,0,0,1,0,0,0,0.614379,-0.390059,-0.390059,-0.564134,0.615273,0.388321,0.388321,-0.565555,1,0,0,0,1,0,0,0,0.707107,0,0,-0.707107,0.707107,0,0,-0.707107,1,0,0,0,1,0,0,0,0.707107,0,0,0.707107,0.707107,0,0,0.707107,0.0308001,0.0264001,0.0659,0.0308001,0.0264001,-0.0659,4.47035e-08,0.2265,0.0659,4.47035e-08,0.2265,-0.0659,1.49012e-08,0.6113,0.0659,1.49012e-08,0.6113,-0.0659,0,0.8773,0,0,1.0355,0,0,1.2201,0,0.00833146,1.23568,0.296457,0.00826035,1.23491,-0.296133,0.0236917,1.1348,0.534943,0.0234895,1.13262,-0.534024,0,1.4399,0,0,0,0,0,0,0,0,0,0,0.776027,0.776027,-0.235383,-0.77226,-0.77226,-0.232952,0,0,0,0,0,0,0,0,0,0,0,0,0,0,0,0,0,0,0,0,0,0,0,0,0.00329074,0.879344,3.74397e-05,0,1,0,0,0,0,0,0,0,0,0,0,0,0
1,0,0,0,1,0,0,0,1,0,0,0,0.622301,-0.379781,-0.379781,-0.56945,0.623119,0.378078,0.378078,-0.570822,1,0,0,0,1,0,0,0,0.707107,0,0,-0.707107,0.707107,0,0,-0.707107,1,0,0,0,1,0,0,0,0.707107,0,0,0.707107,0.707107,0,0,0.707107,0.0308001,0.0264001,0.0659,0.0308001,0.0264001,-0.0659,4.47035e-08,0.2265,0.0659,4.47035e-08,0.2265,-0.0659,1.49012e-08,0.6113,0.0659,1.49012e-08,0.6113,-0.0659,0,0.8773,0,0,1.0355,0,0,1.2201,0,0.00886197,1.23127,0.294463,0.00878511,1.23053,-0.294125,0.0252002,1.12225,0.529274,0.0249817,1.12016,-0.528312,0,1.4399,0,0,0,0,0,0,0,0,0,0,0.794932,0.794937,-0.241102,-0.791075,-0.791075,-0.238609,0,0,0,0,0,0,0,0,0,0,0,0,0,0,0,0,0,0,0,0,0,0,0,0,0.00341297,0.878325,3.91947e-05,0,1,0,0,0,0,0,0,0,0,0,0,0,0
1,0,0,0,1,0,0,0,1,0,0,0,0.630089,-0.369159,-0.369159,-0.574831,0.630831,0.367491,0.367491,-0.576153,1,0,0,0,1,0,0,0,0.707107,0,0,-0.707107,0.707107,0,0,-0.707107,1,0,0,0,1,0,0,0,0.707107,0,0,0.707107,0.707107,0,0,0.707107,0.0308001,0.0264001,0.0659,0.0308001,0.0264001,-0.0659,4.47035e-08,0.2265,0.0659,4.47035e-08,0.2265,-0.0659,1.49012e-08,0.6113,0.0659,1.49012e-08,0.6113,-0.0659,0,0.8773,0,0,1.0355,0,0,1.2201,0,0.009368,1.22683,0.292269,0.00928551,1.22613,-0.291917,0.0266392,1.10962,0.523034,0.0264046,1.10763,-0.522034,0,1.4399,0,0,0,0,0,0,0,0,0,0,0.812073,0.812071,-0.246291,-0.80813,-0.80813,-0.243745,0,0,0,0,0,0,0,0,0,0,0,0,0,0,0,0,0,0,0,0,0,0,0,0,0.00352954,0.8773,4.07656e-05,0,1,0,0,0,0,0,0,0,0,0,0,0,0
1,0,0,0,1,0,0,0,1,0,0,0,0.637705,-0.358211,-0.358211,-0.58026,0.638372,0.356582,0.356582,-0.581531,1,0,0,0,1,0,0,0,0.707107,0,0,-0.707107,0.707107,0,0,-0.707107,1,0,0,0,1,0,0,0,0.707107,0,0,0.707107,0.707107,0,0,0.707107,0.0308001,0.0264001,0.0659,0.0308001,0.0264001,-0.0659,4.47035e-08,0.2265,0.0659,4.47035e-08,0.2265,-0.0659,1.49012e-08,0.6113,0.0659,1.49012e-08,0.6113,-0.0659,0,0.8773,0,0,1.0355,0,0,1.2201,0,0.00984418,1.22238,0.289872,0.00975627,1.22172,-0.289508,0.0279933,1.09698,0.516218,0.0277433,1.09509,-0.515184,0,1.4399,0,0,0,0,0,0,0,0,0,0,0.827442,0.827438,-0.250937,-0.823426,-0.823426,-0.24834,0,0,0,0,0,0,0,0,0,0,0,0,0,0,0,0,0,0,0,0,0,0,0,0,0.00363923,0.876274,4.21233e-05,0,1,0,0,0,0,0,0,0,0,0,0,0,0
1,0,0,0,1,0,0,0,1,0,0,0,0.645112,-0.34696,-0.34696,-0.58572,0.645707,0.345373,0.345373,-0.58694,1,0,0,0,1,0,0,0,0.707107,0,0,-0.707107,0.707107,0,0,-0.707107,1,0,0,0,1,0,0,0,0.707107,0,0,0.707107,0.707107,0,0,0.707107,0.0308001,0.0264001,0.0659,0.0308001,0.0264001,-0.0659,4.47035e-08,0.2265,0.0659,4.47035e-08,0.2265,-0.0659,1.49012e-08,0.6113,0.0659,1.49012e-08,0.6113,-0.0659,0,0.8773,0,0,1.0355,0,0,1.2201,0,0.0102853,1.21795,0.287272,0.0101921,1.21732,-0.286898,0.0292476,1.08437,0.508825,0.0289827,1.08258,-0.507763,0,1.4399,0,0,0,0,0,0,0,0,0,0,0.841033,0.841033,-0.255049,-0.836953,-0.836953,-0.252414,0,0,0,0,0,0,0,0,0,0,0,0,0,0,0,0,0,0,0,0,0,0,0,0,0.0037408,0.875252,4.32571e-05,0,1,0,0,0,0,0,0,0,0,0,0,0,0
1,0,0,0,1,0,0,0,1,0,0,0,0.652275,-0.335428,-0.335429,-0.591196,0.6528,0.333885,0.333885,-0.592363,1,0,0,0,1,0,0,0,0.707107,0,0,-0.707107,0.707107,0,0,-0.707107,1,0,0,0,1,0,0,0,0.707107,0,0,0.707107,0.707107,0,0,0.707107,0.0308001,0.0264001,0.0659,0.0308001,0.0264001,-0.0659,4.47035e-08,0.2265,0.0659,4.47035e-08,0.2265,-0.0659,1.49012e-08,0.6113,0.0659,1.49012e-08,0.6113,-0.0659,0,0.8773,0,0,1.0355,0,0,1.2201,0,0.0106862,1.21355,0.284471,0.0105881,1.21295,-0.28409,0.0303877,1.07186,0.50086,0.0301089,1.07017,-0.499776,0,1.4399,0,0,0,0,0,0,0,0,0,0,0.852858,0.852858,-0.258622,-0.848719,-0.848719,-0.255951,0,0,0,0,0,0,0,0,0,0,0,0,0,0,0,0,0,0,0,0,0,0,0,0,0.00383311,0.874236,4.41511e-05,0,1,0,0,0,0,0,0,0,0,0,0,0,0
1,0,0,0,1,0,0,0,1,0,0,0,0.659164,-0.323641,-0.323641,-0.596671,0.659621,0.322143,0.322143,-0.597786,1,0,0,0,1,0,0,0,0.707107,0,0,-0.707107,0.707107,0,0,-0.707107,1,0,0,0,1,0,0,0,0.707107,0,0,0.707107,0.707107,0,0,0.707107,0.0308001,0.0264001,0.0659,0.0308001,0.0264001,-0.0659,4.47035e-08,0.2265,0.0659,4.47035e-08,0.2265,-0.0659,1.49012e-08,0.6113,0.0659,1.49012e-08,0.6113,-0.0659,0,0.8773,0,0,1.0355,0,0,1.2201,0,0.0110423,1.2092,0.281472,0.0109397,1.20864,-0.281085,0.0314003,1.05949,0.492333,0.0311086,1.05791,-0.491233,0,1.4399,0,0,0,0,0,0,0,0,0,0,0.862913,0.862911,-0.261662,-0.858725,-0.858725,-0.258958,0,0,0,0,0,0,0,0,0,0,0,0,0,0,0,0,0,0,0,0,0,0,0,0,0.00391508,0.873233,4.48015e-05,0,1,0,0,0,0,0,0,0,0,0,0,0,0
1,0,0,0,1,0,0,0,1,0,0,0,0.665749,-0.311623,-0.311623,-0.602129,0.666141,0.310174,0.310174,-0.603192,1,0,0,0,1,0,0,0,0.707107,0,0,-0.707107,0.707107,0,0,-0.707107,1,0,0,0,1,0,0,0,0.707107,0,0,0.707107,0.707107,0,0,0.707107,0.0308001,0.0264001,0.0659,0.0308001,0.0264001,-0.0659,4.47035e-08,0.2265,0.0659,4.47035e-08,0.2265,-0.0659,1.49012e-08,0.6113,0.0659,1.49012e-08,0.6113,-0.0659,0,0.8773,0,0,1.0355,0,0,1.2201,0,0.0113492,1.20492,0.278281,0.0112425,1.2044,-0.277891,0.0322729,1.04733,0.483259,0.0319695,1.04586,-0.48215,0,1.4399,0,0,0,0,0,0,0,0,0,0,0.871198,0.871198,-0.264165,-0.866969,-0.866969,-0.26143,0,0,0,0,0,0,0,0,0,0,0,0,0,0,0,0,0,0,0,0,0,0,0,0,0.0039857,0.872247,4.52055e-05,0,1,0,0,0,0,0,0,0,0,0,0,0,0
1,0,0,0,1,0,0,0,1,0,0,0,0.672005,-0.299403,-0.299403,-0.607557,0.672336,0.298003,0.298003,-0.608567,1,0,0,0,1,0,0,0,0.707107,0,0,-0.707107,0.707107,0,0,-0.707107,1,0,0,0,1,0,0,0,0.707107,0,0,0.707107,0.707107,0,0,0.707107,0.0308001,0.0264001,0.0659,0.0308001,0.0264001,-0.0659,4.47035e-08,0.2265,0.0659,4.47035e-08,0.2265,-0.0659,1.49012e-08,0.6113,0.0659,1.49012e-08,0.6113,-0.0659,0,0.8773,0,0,1.0355,0,0,1.2201,0,0.0116029,1.20073,0.274906,0.0114926,1.20025,-0.274514,0.0329944,1.03542,0.47366,0.0326808,1.03405,-0.472546,0,1.4399,0,0,0,0,0,0,0,0,0,0,0.87771,0.877712,-0.266129,-0.873452,-0.873452,-0.263379,0,0,0,0,0,0,0,0,0,0,0,0,0,0,0,0,0,0,0,0,0,0,0,0,0.00404406,0.871281,4.53578e-05,0,1,0,0,0,0,0,0,0,0,0,0,0,0
1,0,0,0,1,0,0,0,1,0,0,0,0.677909,-0.287007,-0.287007,-0.612939,0.678181,0.285659,0.285659,-0.613896,1,0,0,0,1,0,0,0,0.707107,0,0,-0.707107,0.707107,0,0,-0.707107,1,0,0,0,1,0,0,0,0.707107,0,0,0.707107,0.707107,0,0,0.707107,0.0308001,0.0264001,0.0659,0.0308001,0.0264001,-0.0659,4.47035e-08,0.2265,0.0659,4.47035e-08,0.2265,-0.0659,1.49012e-08,0.6113,0.0659,1.49012e-08,0.6113,-0.0659,0,0.8773,0,0,1.0355,0,0,1.2201,0,0.0117999,1.19665,0.271354,0.0116867,1.19621,-0.270963,0.0335548,1.02382,0.46356,0.0332326,1.02255,-0.462449,0,1.4399,0,0,0,0,0,0,0,0,0,0,0.882452,0.88245,-0.267563,-0.878171,-0.878171,-0.264798,0,0,0,0,0,0,0,0,0,0,0,0,0,0,0,0,0,0,0,0,0,0,0,0,0.00408936,0.87034,4.52598e-05,0,1,0,0,0,0,0,0,0,0,0,0,0,0
1,0,0,0,1,0,0,0,1,0,0,0,0.68344,-0.274466,-0.274466,-0.618261,0.683658,0.273172,0.273172,-0.619166,1,0,0,0,1,0,0,0,0.707107,0,0,-0.707107,0.707107,0,0,-0.707107,1,0,0,0,1,0,0,0,0.707107,0,0,0.707107,0.707107,0,0,0.707107,0.0308001,0.0264001,0.0659,0.0308001,0.0264001,-0.0659,4.47035e-08,0.2265,0.0659,4.47035e-08,0.2265,-0.0659,1.49012e-08,0.6113,0.0659,1.49012e-08,0.6113,-0.0659,0,0.8773,0,0,1.0355,0,0,1.2201,0,0.0119375,1.19269,0.267636,0.0118218,1.19228,-0.267249,0.033946,1.01256,0.452989,0.0336169,1.01139,-0.451887,0,1.4399,0,0,0,0,0,0,0,0,0,0,0.885424,0.885426,-0.268461,-0.881131,-0.881131,-0.265682,0,0,0,0,0,0,0,0,0,0,0,0,0,0,0,0,0,0,0,0,0,0,0,0,0.00412095,0.869427,4.49167e-05,0,1,0,0,0,0,0,0,0,0,0,0,0,0
1,0,0,0,1,0,0,0,1,0,0,0,0.688583,-0.261809,-0.26181,-0.62351,0.68875,0.260571,0.260571,-0.624363,1,0,0,0,1,0,0,0,0.707107,0,0,-0.707107,0.707107,0,0,-0.707107,1,0,0,0,1,0,0,0,0.707107,0,0,0.707107,0.707107,0,0,0.707107,0.0308001,0.0264001,0.0659,0.0308001,0.0264001,-0.0659,4.47035e-08,0.2265,0.0659,4.47035e-08,0.2265,-0.0659,1.49012e-08,0.6113,0.0659,1.49012e-08,0.6113,-0.0659,0,0.8773,0,0,1.0355,0,0,1.2201,0,0.0120133,1.18887,0.263766,0.0118957,1.1885,-0.263383,0.0341614,1.00169,0.441983,0.0338272,1.00062,-0.440895,0,1.4399,0,0,0,0,0,0,0,0,0,0,0.886626,0.886624,-0.268807,-0.882318,-0.882318,-0.266029,0,0,0,0,0,0,0,0,0,0,0,0,0,0,0,0,0,0,0,0,0,0,0,0,0.00413829,0.868545,4.43233e-05,0,1,0,0,0,0,0,0,0,0,0,0,0,0
1,0,0,0,1,0,0,0,1,0,0,0,0.693325,-0.249069,-0.249069,-0.628673,0.693445,0.247887,0.247887,-0.629475,1,0,0,0,1,0,0,0,0.707107,0,0,-0.707107,0.707107,0,0,-0.707107,1,0,0,0,1,0,0,0,0.707107,0,0,0.707107,0.707107,0,0,0.707107,0.0308001,0.0264001,0.0659,0.0308001,0.0264001,-0.0659,4.47035e-08,0.2265,0.0659,4.47035e-08,0.2265,-0.0659,1.49012e-08,0.6113,0.0659,1.49012e-08,0.6113,-0.0659,0,0.8773,0,0,1.0355,0,0,1.2201,0,0.0120255,1.1852,0.259756,0.0119069,1.18486,-0.259381,0.0341962,0.991254,0.430581,0.0338589,0.990278,-0.429513,0,1.4399,0,0,0,0,0,0,0,0,0,0,0.886053,0.886053,-0.268639,-0.881758,-0.881758,-0.265861,0,0,0,0,0,0,0,0,0,0,0,0,0,0,0,0,0,0,0,0,0,0,0,0,0.004141,0.867699,4.35074e-05,0,1,0,0,0,0,0,0,0,0,0,0,0,0
1,0,0,0,1,0,0,0,1,0,0,0,0.697655,-0.236277,-0.236277,-0.633738,0.697732,0.235152,0.235152,-0.63449,1,0,0,0,1,0,0,0,0.707107,0,0,-0.707107,0.707107,0,0,-0.707107,1,0,0,0,1,0,0,0,0.707107,0,0,0.707107,0.707107,0,0,0.707107,0.0308001,0.0264001,0.0659,0.0308001,0.0264001,-0.0659,4.47035e-08,0.2265,0.0659,4.47035e-08,0.2265,-0.0659,1.49012e-08,0.6113,0.0659,1.49012e-08,0.6113,-0.0659,0,0.8773,0,0,1.0355,0,0,1.2201,0,0.0119733,1.18169,0.255622,0.0118543,1.18138,-0.255255,0.0340477,0.98128,0.418825,0.0337094,0.980397,-0.417782,0,1.4399,0,0,0,0,0,0,0,0,0,0,0.883716,0.883714,-0.26792,-0.87943,-0.87943,-0.265152,0,0,0,0,0,0,0,0,0,0,0,0,0,0,0,0,0,0,0,0,0,0,0,0,0.00412886,0.86689,4.24756e-05,0,1,0,0,0,0,0,0,0,0,0,0,0,0
1,0,0,0,1,0,0,0,1,0,0,0,0.701567,-0.223466,-0.223466,-0.638694,0.701605,0.222399,0.222399,-0.639396,1,0,0,0,1,0,0,0,0.707107,0,0,-0.707107,0.707107,0,0,-0.707107,1,0,0,0,1,0,0,0,0.707107,0,0,0.707107,0.707107,0,0,0.707107,0.0308001,0.0264001,0.0659,0.0308001,0.0264001,-0.0659,4.47035e-08,0.2265,0.0659,4.47035e-08,0.2265,-0.0659,1.49012e-08,0.6113,0.0659,1.49012e-08,0.6113,-0.0659,0,0.8773,0,0,1.0355,0,0,1.2201,0,0.0118563,1.17836,0.25138,0.0117377,1.17808,-0.251024,0.0337151,0.971801,0.406762,0.0333777,0.971006,-0.40575,0,1.4399,0,0,0,0,0,0,0,0,0,0,0.879603,0.879602,-0.266672,-0.875333,-0.875333,-0.263915,0,0,0,0,0,0,0,0,0,0,0,0,0,0,0,0,0,0,0,0,0,0,0,0,0.0041018,0.866121,4.12292e-05,0,1,0,0,0,0,0,0,0,0,0,0,0,0
1,0,0,0,1,0,0,0,1,0,0,0,0.705059,-0.210668,-0.210668,-0.643529,0.705063,0.209661,0.209661,-0.644183,1,0,0,0,1,0,0,0,0.707107,0,0,-0.707107,0.707107,0,0,-0.707107,1,0,0,0,1,0,0,0,0.707107,0,0,0.707107,0.707107,0,0,0.707107,0.0308001,0.0264001,0.0659,0.0308001,0.0264001,-0.0659,4.47035e-08,0.2265,0.0659,4.47035e-08,0.2265,-0.0659,1.49012e-08,0.6113,0.0659,1.49012e-08,0.6113,-0.0659,0,0.8773,0,0,1.0355,0,0,1.2201,0,0.011675,1.17521,0.247047,0.0115574,1.17496,-0.246703,0.0331994,0.962842,0.39444,0.032865,0.962133,-0.393463,0,1.4399,0,0,0,0,0,0,0,0,0,0,0.873717,0.873718,-0.264877,-0.869479,-0.869479,-0.262141,0,0,0,0,0,0,0,0,0,0,0,0,0,0,0,0,0,0,0,0,0,0,0,0,0.00405991,0.865395,3.97947e-05,0,1,0,0,0,0,0,0,0,0,0,0,0,0
1,0,0,0,1,0,0,0,1,0,0,0,0.70813,-0.197918,-0.197918,-0.648235,0.708104,0.19697,0.19697,-0.648841,1,0,0,0,1,0,0,0,0.707107,0,0,-0.707107,0.707107,0,0,-0.707107,1,0,0,0,1,0,0,0,0.707107,0,0,0.707107,0.707107,0,0,0.707107,0.0308001,0.0264001,0.0659,0.0308001,0.0264001,-0.0659,4.47035e-08,0.2265,0.0659,4.47035e-08,0.2265,-0.0659,1.49012e-08,0.6113,0.0659,1.49012e-08,0.6113,-0.0659,0,0.8773,0,0,1.0355,0,0,1.2201,0,0.0114304,1.17225,0.242641,0.0113147,1.17203,-0.242312,0.0325039,0.954425,0.381913,0.0321748,0.953796,-0.380975,0,1.4399,0,0,0,0,0,0,0,0,0,0,0.866068,0.866068,-0.262563,-0.861867,-0.861867,-0.259842,0,0,0,0,0,0,0,0,0,0,0,0,0,0,0,0,0,0,0,0,0,0,0,0,0.00400347,0.864713,3.81894e-05,0,1,0,0,0,0,0,0,0,0,0,0,0,0
1,0,0,0,1,0,0,0,1,0,0,0,0.710785,-0.185248,-0.185248,-0.652802,0.710733,0.18436,0.18436,-0.653362,1,0,0,0,1,0,0,0,0.707107,0,0,-0.707107,0.707107,0,0,-0.707107,1,0,0,0,1,0,0,0,0.707107,0,0,0.707107,0.707107,0,0,0.707107,0.0308001,0.0264001,0.0659,0.0308001,0.0264001,-0.0659,4.47035e-08,0.2265,0.0659,4.47035e-08,0.2265,-0.0659,1.49012e-08,0.6113,0.0659,1.49012e-08,0.6113,-0.0659,0,0.8773,0,0,1.0355,0,0,1.2201,0,0.0111245,1.16949,0.238182,0.0110112,1.16929,-0.237868,0.0316339,0.946566,0.369232,0.0313119,0.946012,-0.368338,0,1.4399,0,0,0,0,0,0,0,0,0,0,0.856647,0.856644,-0.259699,-0.852489,-0.852489,-0.257016,0,0,0,0,0,0,0,0,0,0,0,0,0,0,0,0,0,0,0,0,0,0,0,0,0.00393288,0.864075,3.6429e-05,0,1,0,0,0,0,0,0,0,0,0,0,0,0
1,0,0,0,1,0,0,0,1,0,0,0,0.713031,-0.172693,-0.172693,-0.657222,0.712957,0.171865,0.171865,-0.657737,1,0,0,0,1,0,0,0,0.707107,0,0,-0.707107,0.707107,0,0,-0.707107,1,0,0,0,1,0,0,0,0.707107,0,0,0.707107,0.707107,0,0,0.707107,0.0308001,0.0264001,0.0659,0.0308001,0.0264001,-0.0659,4.47035e-08,0.2265,0.0659,4.47035e-08,0.2265,-0.0659,1.49012e-08,0.6113,0.0659,1.49012e-08,0.6113,-0.0659,0,0.8773,0,0,1.0355,0,0,1.2201,0,0.0107597,1.16692,0.233689,0.0106496,1.16675,-0.23339,0.0305966,0.939275,0.356454,0.0302836,0.938792,-0.355606,0,1.4399,0,0,0,0,0,0,0,0,0,0,0.845452,0.845448,-0.256301,-0.84135,-0.84135,-0.253655,0,0,0,0,0,0,0,0,0,0,0,0,0,0,0,0,0,0,0,0,0,0,0,0,0.00384874,0.863484,3.45363e-05,0,1,0,0,0,0,0,0,0,0,0,0,0,0
1,0,0,0,1,0,0,0,1,0,0,0,0.714878,-0.160287,-0.160287,-0.661488,0.714786,0.159518,0.159518,-0.661959,1,0,0,0,1,0,0,0,0.707107,0,0,-0.707107,0.707107,0,0,-0.707107,1,0,0,0,1,0,0,0,0.707107,0,0,0.707107,0.707107,0,0,0.707107,0.0308001,0.0264001,0.0659,0.0308001,0.0264001,-0.0659,4.47035e-08,0.2265,0.0659,4.47035e-08,0.2265,-0.0659,1.49012e-08,0.6113,0.0659,1.49012e-08,0.6113,-0.0659,0,0.8773,0,0,1.0355,0,0,1.2201,0,0.0103392,1.16456,0.229181,0.0102331,1.16441,-0.2289,0.029401,0.932558,0.343635,0.0290991,0.93214,-0.342836,0,1.4399,0,0,0,0,0,0,0,0,0,0,0.832486,0.832488,-0.252374,-0.828447,-0.828447,-0.249757,0,0,0,0,0,0,0,0,0,0,0,0,0,0,0,0,0,0,0,0,0,0,0,0,0.00375179,0.86294,3.25289e-05,0,1,0,0,0,0,0,0,0,0,0,0,0,0
1,0,0,0,1,0,0,0,1,0,0,0,0.716339,-0.148063,-0.148063,-0.665593,0.716233,0.147353,0.147353,-0.666022,1,0,0,0,1,0,0,0,0.707107,0,0,-0.707107,0.707107,0,0,-0.707107,1,0,0,0,1,0,0,0,0.707107,0,0,0.707107,0.707107,0,0,0.707107,0.0308001,0.0264001,0.0659,0.0308001,0.0264001,-0.0659,4.47035e-08,0.2265,0.0659,4.47035e-08,0.2265,-0.0659,1.49012e-08,0.6113,0.0659,1.49012e-08,0.6113,-0.0659,0,0.8773,0,0,1.0355,0,0,1.2201,0,0.00986694,1.1624,0.224678,0.00976522,1.16227,-0.224415,0.028058,0.926415,0.330831,0.0277688,0.926058,-0.330084,0,1.4399,0,0,0,0,0,0,0,0,0,0,0.817748,0.817752,-0.247904,-0.813784,-0.813784,-0.245347,0,0,0,0,0,0,0,0,0,0,0,0,0,0,0,0,0,0,0,0,0,0,0,0,0.0036429,0.862442,3.04321e-05,0,1,0,0,0,0,0,0,0,0,0,0,0,0
1,0,0,0,1,0,0,0,1,0,0,0,0.71743,-0.136054,-0.136054,-0.669531,0.717314,0.135402,0.135402,-0.66992,1,0,0,0,1,0,0,0,0.707107,0,0,-0.707107,0.707107,0,0,-0.707107,1,0,0,0,1,0,0,0,0.707107,0,0,0.707107,0.707107,0,0,0.707107,0.0308001,0.0264001,0.0659,0.0308001,0.0264001,-0.0659,4.47035e-08,0.2265,0.0659,4.47035e-08,0.2265,-0.0659,1.49012e-08,0.6113,0.0659,1.49012e-08,0.6113,-0.0659,0,0.8773,0,0,1.0355,0,0,1.2201,0,0.00934727,1.16044,0.220201,0.00925061,1.16033,-0.219957,0.0265803,0.920843,0.318099,0.0263054,0.92054,-0.317405,0,1.4399,0,0,0,0,0,0,0,0,0,0,0.801242,0.801242,-0.242897,-0.797355,-0.797355,-0.240383,0,0,0,0,0,0,0,0,0,0,0,0,0,0,0,0,0,0,0,0,0,0,0,0,0.0035231,0.86199,2.82632e-05,0,1,0,0,0,0,0,0,0,0,0,0,0,0
1,0,0,0,1,0,0,0,1,0,0,0,0.718172,-0.124294,-0.124294,-0.673299,0.718049,0.123699,0.123699,-0.673649,1,0,0,0,1,0,0,0,0.707107,0,0,-0.707107,0.707107,0,0,-0.707107,1,0,0,0,1,0,0,0,0.707107,0,0,0.707107,0.707107,0,0,0.707107,0.0308001,0.0264001,0.0659,0.0308001,0.0264001,-0.0659,4.47035e-08,0.2265,0.0659,4.47035e-08,0.2265,-0.0659,1.49012e-08,0.6113,0.0659,1.49012e-08,0.6113,-0.0659,0,0.8773,0,0,1.0355,0,0,1.2201,0,0.00878522,1.15868,0.215769,0.00869411,1.15859,-0.215544,0.024982,0.91583,0.305496,0.0247229,0.915577,-0.304856,0,1.4399,0,0,0,0,0,0,0,0,0,0,0.782965,0.782964,-0.237358,-0.779164,-0.779164,-0.234904,0,0,0,0,0,0,0,0,0,0,0,0,0,0,0,0,0,0,0,0,0,0,0,0,0.00339354,0.861584,2.60486e-05,0,1,0,0,0,0,0,0,0,0,0,0,0,0
1,0,0,0,1,0,0,0,1,0,0,0,0.718584,-0.112815,-0.112815,-0.676891,0.718458,0.112277,0.112277,-0.677204,1,0,0,0,1,0,0,0,0.707107,0,0,-0.707107,0.707107,0,0,-0.707107,1,0,0,0,1,0,0,0,0.707107,0,0,0.707107,0.707107,0,0,0.707107,0.0308001,0.0264001,0.0659,0.0308001,0.0264001,-0.0659,4.47035e-08,0.2265,0.0659,4.47035e-08,0.2265,-0.0659,1.49012e-08,0.6113,0.0659,1.49012e-08,0.6113,-0.0659,0,0.8773,0,0,1.0355,0,0,1.2201,0,0.00818612,1.15711,0.211401,0.00810106,1.15703,-0.211195,0.0232784,0.911364,0.293076,0.0230365,0.911156,-0.292492,0,1.4399,0,0,0,0,0,0,0,0,0,0,0.762924,0.762919,-0.231285,-0.759222,-0.759222,-0.228889,0,0,0,0,0,0,0,0,0,0,0,0,0,0,0,0,0,0,0,0,0,0,0,0,0.00325545,0.861222,2.38094e-05,0,1,0,0,0,0,0,0,0,0,0,0,0,0
1,0,0,0,1,0,0,0,1,0,0,0,0.718692,-0.10165,-0.10165,-0.680306,0.718566,0.101166,0.101166,-0.680583,1,0,0,0,1,0,0,0,0.707107,0,0,-0.707107,0.707107,0,0,-0.707107,1,0,0,0,1,0,0,0,0.707107,0,0,0.707107,0.707107,0,0,0.707107,0.0308001,0.0264001,0.0659,0.0308001,0.0264001,-0.0659,4.47035e-08,0.2265,0.0659,4.47035e-08,0.2265,-0.0659,1.49012e-08,0.6113,0.0659,1.49012e-08,0.6113,-0.0659,0,0.8773,0,0,1.0355,0,0,1.2201,0,0.00755595,1.15572,0.207117,0.0074773,1.15566,-0.206931,0.0214864,0.907426,0.280895,0.0212627,0.907257,-0.280365,0,1.4399,0,0,0,0,0,0,0,0,0,0,0.741096,0.741098,-0.224669,-0.737505,-0.737505,-0.222352,0,0,0,0,0,0,0,0,0,0,0,0,0,0,0,0,0,0,0,0,0,0,0,0,0.00311021,0.860903,2.1565e-05,0,1,0,0,0,0,0,0,0,0,0,0,0,0
1,0,0,0,1,0,0,0,1,0,0,0,0.718522,-0.090829,-0.0908293,-0.68354,0.718398,0.0903984,0.0903984,-0.683784,1,0,0,0,1,0,0,0,0.707107,0,0,-0.707107,0.707107,0,0,-0.707107,1,0,0,0,1,0,0,0,0.707107,0,0,0.707107,0.707107,0,0,0.707107,0.0308001,0.0264001,0.0659,0.0308001,0.0264001,-0.0659,4.47035e-08,0.2265,0.0659,4.47035e-08,0.2265,-0.0659,1.49012e-08,0.6113,0.0659,1.49012e-08,0.6113,-0.0659,0,0.8773,0,0,1.0355,0,0,1.2201,0,0.00690098,1.15452,0.202936,0.00682899,1.15447,-0.202769,0.0196239,0.903993,0.269004,0.0194192,0.903858,-0.268529,0,1.4399,0,0,0,0,0,0,0,0,0,0,0.717511,0.717511,-0.217513,-0.714029,-0.714029,-0.215267,0,0,0,0,0,0,0,0,0,0,0,0,0,0,0,0,0,0,0,0,0,0,0,0,0.00295925,0.860624,1.93298e-05,0,1,0,0,0,0,0,0,0,0,0,0,0,0
1,0,0,0,1,0,0,0,1,0,0,0,0.718101,-0.0803843,-0.0803846,-0.686591,0.717983,0.080005,0.080005,-0.686804,1,0,0,0,1,0,0,0,0.707107,0,0,-0.707107,0.707107,0,0,-0.707107,1,0,0,0,1,0,0,0,0.707107,0,0,0.707107,0.707107,0,0,0.707107,0.0308001,0.0264001,0.0659,0.0308001,0.0264001,-0.0659,4.47035e-08,0.2265,0.0659,4.47035e-08,0.2265,-0.0659,1.49012e-08,0.6113,0.0659,1.49012e-08,0.6113,-0.0659,0,0.8773,0,0,1.0355,0,0,1.2201,0,0.00622764,1.15348,0.198874,0.0061626,1.15344,-0.198727,0.0177092,0.901039,0.257455,0.0175242,0.900933,-0.257034,0,1.4399,0,0,0,0,0,0,0,0,0,0,0.692153,0.692149,-0.209838,-0.688795,-0.688795,-0.207664,0,0,0,0,0,0,0,0,0,0,0,0,0,0,0,0,0,0,0,0,0,0,0,0,0.00280407,0.860385,1.71264e-05,0,1,0,0,0,0,0,0,0,0,0,0,0,0
1,0,0,0,1,0,0,0,1,0,0,0,0.71746,-0.0703459,-0.070346,-0.689459,0.717349,0.0700159,0.0700159,-0.689642,1,0,0,0,1,0,0,0,0.707107,0,0,-0.707107,0.707107,0,0,-0.707107,1,0,0,0,1,0,0,0,0.707107,0,0,0.707107,0.707107,0,0,0.707107,0.0308001,0.0264001,0.0659,0.0308001,0.0264001,-0.0659,4.47035e-08,0.2265,0.0659,4.47035e-08,0.2265,-0.0659,1.49012e-08,0.6113,0.0659,1.49012e-08,0.6113,-0.0659,0,0.8773,0,0,1.0355,0,0,1.2201,0,0.00554281,1.1526,0.19495,0.00548483,1.15257,-0.194821,0.0157618,0.898533,0.246297,0.0155969,0.898453,-0.245929,0,1.4399,0,0,0,0,0,0,0,0,0,0,0.665016,0.665027,-0.201613,-0.661794,-0.661794,-0.199528,0,0,0,0,0,0,0,0,0,0,0,0,0,0,0,0,0,0,0,0,0,0,0,0,0.00264624,0.860182,1.4972e-05,0,1,0,0,0,0,0,0,0,0,0,0,0,0
1,0,0,0,1,0,0,0,1,0,0,0,0.716629,-0.0607431,-0.0607434,-0.692144,0.716527,0.0604604,0.0604604,-0.692299,1,0,0,0,1,0,0,0,0.707107,0,0,-0.707107,0.707107,0,0,-0.707107,1,0,0,0,1,0,0,0,0.707107,0,0,0.707107,0.707107,0,0,0.707107,0.0308001,0.0264001,0.0659,0.0308001,0.0264001,-0.0659,4.47035e-08,0.2265,0.0659,4.47035e-08,0.2265,-0.0659,1.49012e-08,0.6113,0.0659,1.49012e-08,0.6113,-0.0659,0,0.8773,0,0,1.0355,0,0,1.2201,0,0.00485341,1.15186,0.19118,0.0048026,1.15184,-0.191069,0.0138013,0.896445,0.235576,0.0136569,0.896385,-0.23526,0,1.4399,0,0,0,0,0,0,0,0,0,0,0.636123,0.636116,-0.192851,-0.633033,-0.633033,-0.190859,0,0,0,0,0,0,0,0,0,0,0,0,0,0,0,0,0,0,0,0,0,0,0,0,0.00248736,0.860012,1.28839e-05,0,1,0,0,0,0,0,0,0,0,0,0,0,0
1,0,0,0,1,0,0,0,1,0,0,0,0.715642,-0.0516051,-0.0516054,-0.694644,0.71555,0.0513674,0.0513674,-0.694774,1,0,0,0,1,0,0,0,0.707107,0,0,-0.707107,0.707107,0,0,-0.707107,1,0,0,0,1,0,0,0,0.707107,0,0,0.707107,0.707107,0,0,0.707107,0.0308001,0.0264001,0.0659,0.0308001,0.0264001,-0.0659,4.47035e-08,0.2265,0.0659,4.47035e-08,0.2265,-0.0659,1.49012e-08,0.6113,0.0659,1.49012e-08,0.6113,-0.0659,0,0.8773,0,0,1.0355,0,0,1.2201,0,0.00416645,1.15126,0.18758,0.00412276,1.15125,-0.187486,0.0118479,0.894738,0.225337,0.0117237,0.894696,-0.22507,0,1.4399,0,0,0,0,0,0,0,0,0,0,0.605453,0.605453,-0.18356,-0.60251,-0.60251,-0.181664,0,0,0,0,0,0,0,0,0,0,0,0,0,0,0,0,0,0,0,0,0,0,0,0,0.00232904,0.859874,1.08699e-05,0,1,0,0,0,0,0,0,0,0,0,0,0,0
1,0,0,0,1,0,0,0,1,0,0,0,0.71453,-0.0429603,-0.0429606,-0.696962,0.714451,0.042765,0.042765,-0.697067,1,0,0,0,1,0,0,0,0.707107,0,0,-0.707107,0.707107,0,0,-0.707107,1,0,0,0,1,0,0,0,0.707107,0,0,0.707107,0.707107,0,0,0.707107,0.0308001,0.0264001,0.0659,0.0308001,0.0264001,-0.0659,4.47035e-08,0.2265,0.0659,4.47035e-08,0.2265,-0.0659,1.49012e-08,0.6113,0.0659,1.49012e-08,0.6113,-0.0659,0,0.8773,0,0,1.0355,0,0,1.2201,0,0.00348905,1.15078,0.184164,0.00345242,1.15077,-0.184086,0.00992158,0.893377,0.215623,0.00981743,0.893348,-0.215403,0,1.4399,0,0,0,0,0,0,0,0,0,0,0.573002,0.573002,-0.173728,-0.570227,-0.570227,-0.171933,0,0,0,0,0,0,0,0,0,0,0,0,0,0,0,0,0,0,0,0,0,0,0,0,0.00217293,0.859764,8.95858e-06,0,1,0,0,0,0,0,0,0,0,0,0,0,0
1,0,0,0,1,0,0,0,1,0,0,0,0.713328,-0.0348364,-0.0348367,-0.699096,0.713262,0.0346809,0.0346809,-0.69918,1,0,0,0,1,0,0,0,0.707107,0,0,-0.707107,0.707107,0,0,-0.707107,1,0,0,0,1,0,0,0,0.707107,0,0,0.707107,0.707107,0,0,0.707107,0.0308001,0.0264001,0.0659,0.0308001,0.0264001,-0.0659,4.47035e-08,0.2265,0.0659,4.47035e-08,0.2265,-0.0659,1.49012e-08,0.6113,0.0659,1.49012e-08,0.6113,-0.0659,0,0.8773,0,0,1.0355,0,0,1.2201,0,0.00282826,1.15041,0.180946,0.00279853,1.1504,-0.180884,0.00804254,0.892323,0.206473,0.00795802,0.892304,-0.206298,0,1.4399,0,0,0,0,0,0,0,0,0,0,0.538788,0.538788,-0.163361,-0.53617,-0.53617,-0.161666,0,0,0,0,0,0,0,0,0,0,0,0,0,0,0,0,0,0,0,0,0,0,0,0,0.00202065,0.859678,7.1456e-06,0,1,0,0,0,0,0,0,0,0,0,0,0,0
1,0,0,0,1,0,0,0,1,0,0,0,0.71207,-0.0272603,-0.0272607,-0.70105,0.712017,0.0271419,0.0271419,-0.701113,1,0,0,0,1,0,0,0,0.707107,0,0,-0.707107,0.707107,0,0,-0.707107,1,0,0,0,1,0,0,0,0.707107,0,0,0.707107,0.707107,0,0,0.707107,0.0308001,0.0264001,0.0659,0.0308001,0.0264001,-0.0659,4.47035e-08,0.2265,0.0659,4.47035e-08,0.2265,-0.0659,1.49012e-08,0.6113,0.0659,1.49012e-08,0.6113,-0.0659,0,0.8773,0,0,1.0355,0,0,1.2201,0,0.00219107,1.15014,0.17794,0.002168,1.15013,-0.177893,0.0062306,0.891538,0.197926,0.00616501,0.891527,-0.197792,0,1.4399,0,0,0,0,0,0,0,0,0,0,0.502807,0.5028,-0.15246,-0.500364,-0.500364,-0.150887,0,0,0,0,0,0,0,0,0,0,0,0,0,0,0,0,0,0,0,0,0,0,0,0,0.00187381,0.859615,5.45184e-06,0,1,0,0,0,0,0,0,0,0,0,0,0,0
1,0,0,0,1,0,0,0,1,0,0,0,0.710788,-0.0202587,-0.0202589,-0.702822,0.710749,0.0201745,0.0201745,-0.702867,1,0,0,0,1,0,0,0,0.707107,0,0,-0.707107,0.707107,0,0,-0.707107,1,0,0,0,1,0,0,0,0.707107,0,0,0.707107,0.707107,0,0,0.707107,0.0308001,0.0264001,0.0659,0.0308001,0.0264001,-0.0659,4.47035e-08,0.2265,0.0659,4.47035e-08,0.2265,-0.0659,1.49012e-08,0.6113,0.0659,1.49012e-08,0.6113,-0.0659,0,0.8773,0,0,1.0355,0,0,1.2201,0,0.00158434,1.14994,0.175159,0.0015676,1.14994,-0.175125,0.00450528,0.890982,0.190016,0.00445768,0.890976,-0.189921,0,1.4399,0,0,0,0,0,0,0,0,0,0,0.465052,0.465059,-0.14102,-0.462799,-0.462799,-0.139564,0,0,0,0,0,0,0,0,0,0,0,0,0,0,0,0,0,0,0,0,0,0,0,0,0.00173399,0.85957,3.88159e-06,0,1,0,0,0,0,0,0,0,0,0,0,0,0
1,0,0,0,1,0,0,0,1,0,0,0,0.709517,-0.0138576,-0.0138578,-0.704416,0.709491,0.0138046,0.0138046,-0.704444,1,0,0,0,1,0,0,0,0.707107,0,0,-0.707107,0.707107,0,0,-0.707107,1,0,0,0,1,0,0,0,0.707107,0,0,0.707107,0.707107,0,0,0.707107,0.0308001,0.0264001,0.0659,0.0308001,0.0264001,-0.0659,4.47035e-08,0.2265,0.0659,4.47035e-08,0.2265,-0.0659,1.49012e-08,0.6113,0.0659,1.49012e-08,0.6113,-0.0659,0,0.8773,0,0,1.0355,0,0,1.2201,0,0.00101477,1.14981,0.172614,0.00100397,1.14981,-0.172593,0.00288564,0.890618,0.182779,0.00285491,0.890615,-0.182719,0,1.4399,0,0,0,0,0,0,0,0,0,0,0.425527,0.425531,-0.129046,-0.423464,-0.423464,-0.127702,0,0,0,0,0,0,0,0,0,0,0,0,0,0,0,0,0,0,0,0,0,0,0,0,0.00160273,0.85954,2.44578e-06,0,1,0,0,0,0,0,0,0,0,0,0,0,0
1,0,0,0,1,0,0,0,1,0,0,0,0.708288,-0.00808287,-0.00808319,-0.705831,0.708275,0.00805808,0.00805808,-0.705845,1,0,0,0,1,0,0,0,0.707107,0,0,-0.707107,0.707107,0,0,-0.707107,1,0,0,0,1,0,0,0,0.707107,0,0,0.707107,0.707107,0,0,0.707107,0.0308001,0.0264001,0.0659,0.0308001,0.0264001,-0.0659,4.47035e-08,0.2265,0.0659,4.47035e-08,0.2265,-0.0659,1.49012e-08,0.6113,0.0659,1.49012e-08,0.6113,-0.0659,0,0.8773,0,0,1.0355,0,0,1.2201,0,0.000488773,1.14974,0.170317,0.000483468,1.14974,-0.170307,0.00138989,0.890407,0.176247,0.00137481,0.890406,-0.176218,0,1.4399,0,0,0,0,0,0,0,0,0,0,0.384235,0.384228,-0.116533,-0.382365,-0.382365,-0.115331,0,0,0,0,0,0,0,0,0,0,0,0,0,0,0,0,0,0,0,0,0,0,0,0,0.00148151,0.859523,1.14938e-06,0,1,0,0,0,0,0,0,0,0,0,0,0,0
1,0,0,0,1,0,0,0,1,0,0,0,0.707132,-0.00296003,-0.00296035,-0.707069,0.707131,0.00296008,0.00296008,-0.70707,1,0,0,0,1,0,0,0,0.707107,0,0,-0.707107,0.707107,0,0,-0.707107,1,0,0,0,1,0,0,0,0.707107,0,0,0.707107,0.707107,0,0,0.707107,0.0308001,0.0264001,0.0659,0.0308001,0.0264001,-0.0659,4.47035e-08,0.2265,0.0659,4.47035e-08,0.2265,-0.0659,1.49012e-08,0.6113,0.0659,1.49012e-08,0.6113,-0.0659,0,0.8773,0,0,1.0355,0,0,1.2201,0,1.25915e-05,1.1497,0.168278,1.21742e-05,1.1497,-0.168278,3.58e-05,0.890314,0.17045,3.46228e-05,0.890314,-0.17045,0,1.4399,0,0,0,0,0,0,0,0,0,0,0.341159,0.341159,-0.10348,-0.339507,-0.339507,-0.102417,0,0,0,0,0,0,0,0,0,0,0,0,0,0,0,0,0,0,0,0,0,0,0,0,0.00137177,0.859515,5.62933e-09,1,1,0,0,0,0,0,0,0,0,0,0,0,0
