1,0,0,0,1,0,0,0,1,0,0,0,0.707107,0,0,-0.707107,0.707107,0,0,-0.707107,1,0,0,0,1,0,0,0,0.706648,-0.0254504,-0.0254504,-0.706649,0.706541,0.0282767,0.0282767,-0.706541,1,0,0,0,1,0,0,0,0.707107,0,0,0.707107,0.707107,0,0,0.707107,0.0307989,0.0264,0.122055,0.0308,0.0268742,-0.128281,-8.34465e-07,0.225982,0.10766,-1.49012e-08,0.226334,-0.11229,-2.83122e-07,0.609785,0.0799783,0,0.609904,-0.0815393,0,0.875278,0,0,1.03348,0,0,1.21808,0,0,1.14768,0.1671,0,1.14768,-0.1671,7.45058e-09,0.888278,0.1671,7.45058e-09,0.888278,-0.1671,0,1.43788,0,0,0,0,0,0,0,0,0,0,0,0,0,0,0,0,0,0,0,0,0,0,0,0,0,0,0,0,0,0,0,0,0,0,0,0,0,0,0,0,0.00136879,0.857892,-0.000551718,1,1,0,0,0,0,0,0,0,0.000109076,0,0,0,0
0.999848,0,0,-0.0174418,0.999977,0,0,0.00682562,0.999984,0,0,0.00562609,0.692424,6.24945e-06,-6.13168e-06,-0.721491,0.693221,-4.75918e-06,4.89148e-06,-0.720725,1,0,0,0,1,0,0,0,0.717818,-0.0246911,-0.0274116,-0.695252,0.717552,0.0274646,0.0302652,-0.695305,0.999685,0,0,-0.0251058,0.999693,0,0,-0.0247659,0.700619,0,0,0.713536,0.700516,0,0,0.713636,0.0362193,0.0264,0.123487,0.0361151,0.0268916,-0.129688,0.00891817,0.225922,0.108632,0.00877016,0.226274,-0.11324,0.00620627,0.609548,0.0803204,0.00611304,0.609666,-0.0818742,0,0.874918,0,0.00276268,1.03307,0,0.00776601,1.2176,0,0.00049086,1.14745,0.1671,0.000801162,1.14744,-0.1671,-0.0156769,0.888559,0.1671,-0.0147945,0.888505,-0.1671,0.0113997,1.43736,0,0,0,-1.04656,0,0,0.409541,0,0,0.337567,0.000418863,-0.00041097,-1.23329,-0.00031888,0.000327745,-1.167,0,0,0,0,0,0,0.0576787,-0.122877,0.958704,-0.0618875,0.124004,0.945214,0,0,-1.5065,0,0,-1.48611,0,0,0.548047,0,0,0.556651,0.00563151,0.857611,-0.0005492,0,1,0,0,-1.20313e-05,0,0,-2.40627e-05,0,-0.0108021,0,0,0,-0.00072188
0.999225,0,0,-0.0393514,0.999882,0,0,0.0153594,0.99992,0,0,0.0126861,0.672593,2.3849e-05,-2.33996e-05,-0.740012,0.674437,-1.81694e-05,1.86745e-05,-0.738333,1,0,0,0,1,0,0,0,0.73157,-0.0237251,-0.0298919,-0.680698,0.731109,0.0264313,0.0327793,-0.68096,0.998403,0,0,-0.0564882,0.998447,0,0,-0.0557023,0.692068,0,0,0.721833,0.69178,0,0,0.722109,0.0430296,0.0264,0.125157,0.042811,0.0268968,-0.13132,0.0200831,0.225731,0.109819,0.0197564,0.226064,-0.114396,0.0139664,0.608769,0.0807801,0.013756,0.608878,-0.0823247,0,0.873702,0,0.0062378,1.03166,0,0.0175409,1.21589,0,0.000801604,1.14685,0.167099,0.00149643,1.14675,-0.1671,-0.0362929,0.890119,0.167098,-0.034317,0.889838,-0.167099,0.0257715,1.43552,0,0,0,-1.31513,0,0,0.512057,0,0,0.423621,0.00119206,-0.00116959,-1.62813,-0.000907513,0.000932739,-1.54478,0,0,0,0,0,0,0.0723824,-0.154201,1.2031,-0.0776642,0.155616,1.18617,0,0,-1.88459,0,0,-1.85776,0,0,0.714877,0,0,0.730194,0.0109089,0.856675,-0.000545677,0,1,0,0,-5.45262e-05,0,0,-0.000109052,0,-0.0364798,0,0,0,-0.00254969
0.997872,0,0,-0.065203,0.999677,0,0,0.0254091,0.999779,0,0,0.0210176,0.647896,5.0536e-05,-4.95837e-05,-0.761729,0.65104,-3.85213e-05,3.95921e-05,-0.759043,1,0,0,0,1,0,0,0,0.747409,-0.0225664,-0.0328454,-0.663168,0.746731,0.0251922,0.0357723,-0.663685,0.99563,0,0,-0.0933879,0.995753,0,0,-0.0920654,0.681636,0,0,0.731691,0.681088,0,0,0.732201,0.0510224,0.0264,0.126942,0.0506813,0.0268741,-0.133048,0.0331901,0.225366,0.11117,0.0326595,0.225647,-0.115704,0.0230789,0.60719,0.0813659,0.0227314,0.607277,-0.0828993,0,0.871206,0,0.0103317,1.02873,0,0.0290666,1.21232,0,0.00108691,1.14576,0.167098,0.002218,1.14549,-0.167099,-0.0608447,0.893865,0.167095,-0.0576284,0.893088,-0.167097,0.0427411,1.43165,0,0,0,-1.55326,0,0,0.603114,0,0,0.499957,0.00183621,-0.00180161,-1.97333,-0.00139791,0.00143677,-1.87487,0,0,0,0,0,0,0.0854256,-0.181988,1.4199,-0.0916592,0.183657,1.39992,0,0,-2.22035,0,0,-2.18789,0,0,0.861175,0,0,0.882171,0.0170963,0.854781,-0.000541058,0,1,0,0,-0.000122329,0,0,-0.000244658,0,-0.0748712,0,0,0,-0.00406818
0.995529,0,0,-0.0944575,0.999323,0,0,0.0367821,0.999536,0,0,0.0304573,0.618635,8.40114e-05,-8.24282e-05,-0.785679,0.623334,-6.40799e-05,6.58612e-05,-0.781956,1,0,0,0,1,0,0,0,0.76484,-0.0212301,-0.036225,-0.642851,0.763928,0.0237632,0.0391959,-0.643671,0.990845,0,0,-0.135007,0.991106,0,0,-0.133075,0.669509,0,0,0.742804,0.668635,0,0,0.74359,0.0599677,0.0264,0.128709,0.0594985,0.0268076,-0.134742,0.0479087,0.224785,0.112629,0.0471543,0.224972,-0.11711,0.0333271,0.604558,0.082086,0.0328265,0.604606,-0.0836064,0,0.867013,0,0.0149423,1.0238,0,0.0420658,1.20627,0,0.00158588,1.14406,0.167096,0.00317259,1.14349,-0.167097,-0.08805,0.900642,0.167088,-0.083538,0.899011,-0.167093,0.0619117,1.42507,0,0,0,-1.76095,0,0,0.682711,0,0,0.566575,0.00235133,-0.00230702,-2.26891,-0.00179007,0.00183983,-2.15727,0,0,0,0,0,0,0.0968081,-0.206237,1.60909,-0.103873,0.208128,1.58645,0,0,-2.51379,0,0,-2.4765,0,0,0.986928,0,0,1.01255,0.0240963,0.851622,-0.000535272,0,1,0,0,-0.000210285,0,0,-0.00042057,0,-0.125771,0,0,0,-0.00527735
0.991959,0,0,-0.126562,0.998785,0,0,0.0492845,0.999166,0,0,0.0408419,0.58517,0.000121987,-0.000119688,-0.810911,0.591674,-9.31187e-05,9.57073e-05,-0.806178,1,0,0,0,1,0,0,0,0.783367,-0.0197319,-0.0399812,-0.619958,0.782217,0.0221612,0.043,-0.621125,0.983574,0,0,-0.180507,0.984046,0,0,-0.177912,0.655878,0,0,0.754867,0.654622,0,0,0.755956,0.0696121,0.0264,0.130327,0.0690131,0.0266839,-0.136266,0.0638798,0.223951,0.114139,0.062889,0.22399,-0.118556,0.0444774,0.600645,0.0829466,0.0438127,0.600631,-0.0844525,0,0.860749,0,0.0199585,1.0164,0,0.0562402,1.19718,0,0.00262266,1.1416,0.167092,0.00464246,1.14057,-0.167095,-0.116343,0.911084,0.167077,-0.110599,0.908178,-0.167085,0.0828616,1.41518,0,0,0,-1.9382,0,0,0.750848,0,0,0.623473,0.00273742,-0.00268583,-2.51487,-0.002084,0.00214193,-2.39197,0,0,0,0,0,0,0.10653,-0.226949,1.77069,-0.114304,0.22903,1.74578,0,0,-2.7649,0,0,-2.72359,0,0,1.09215,0,0,1.12135,0.0318181,0.846916,-0.0005283,0,1,0,0,-0.000313238,0,0,-0.000626477,0,-0.187926,0,0,0,-0.0061772
0.986963,0,0,-0.160949,0.998031,0,0,0.0627221,0.998647,0,0,0.0520073,0.547942,0.000162233,-0.000159176,-0.836516,0.556486,-0.000123954,0.0001274,-0.830857,1,0,0,0,1,0,0,0,0.802514,-0.0180894,-0.044062,-0.594729,0.801128,0.020405,0.0471315,-0.596285,0.973423,0,0,-0.229013,0.974192,0,0,-0.225721,0.640947,0,0,0.767585,0.639263,0,0,0.768988,0.079683,0.0264,0.131672,0.0789568,0.0264914,-0.137498,0.0807199,0.222834,0.115643,0.0794881,0.222664,-0.119984,0.0562819,0.595266,0.0839508,0.0554472,0.595166,-0.0854409,0,0.852109,0,0.0252614,1.00619,0,0.0712733,1.1846,0,0.00458661,1.13816,0.167086,0.00696762,1.13653,-0.167091,-0.143935,0.925485,0.167061,-0.137164,0.920859,-0.167074,0.105148,1.40148,0,0,0,-2.085,0,0,0.807526,0,0,0.670653,0.00299447,-0.00293804,-2.7112,-0.00227969,0.00234306,-2.57899,0,0,0,0,0,0,0.114592,-0.244123,1.90468,-0.122954,0.246362,1.87788,0,0,-2.97368,0,0,-2.92915,0,0,1.17682,0,0,1.20859,0.0401751,0.840415,-0.000520166,0,1,0,0,-0.000426034,0,0,-0.000852068,0,-0.259216,0,0,0,-0.00676773
0.980395,0,0,-0.197043,0.997039,0,0,0.0768997,0.997963,0,0,0.0637894,0.507491,0.000202622,-0.000198804,-0.861657,0.518285,-0.000154978,0.000159286,-0.855208,1,0,0,0,1,0,0,0,0.821828,-0.0163223,-0.0484118,-0.56744,0.82022,0.0185156,0.0515341,-0.569422,0.96011,0,0,-0.279621,0.961266,0,0,-0.275622,0.624936,0,0,0.780676,0.622789,0,0,0.78239,0.0898957,0.0265775,0.132634,0.0890516,0.0264,-0.138327,0.0980292,0.22159,0.11709,0.0965614,0.221145,-0.121343,0.068482,0.58847,0.0850974,0.0674778,0.588256,-0.0865708,0,0.84106,0,0.0307264,0.993084,0,0.0868355,1.16839,0,0.00789251,1.13367,0.167079,0.0105113,1.13129,-0.167086,-0.168938,0.94388,0.167041,-0.161491,0.937115,-0.16706,0.128312,1.3838,0,0,0,-2.20136,0,0,0.852744,0,0,0.708115,0.00312248,-0.00306364,-2.8579,-0.00237714,0.00244322,-2.71832,0,0,0,0,0,0,0.120992,-0.257759,2.01107,-0.129822,0.260123,1.98278,0,0,-3.14013,0,0,-3.09319,0,0,1.24096,0,0,1.27422,0.0490791,0.832102,-0.000510949,0,1,0,0,-0.000543516,0,0,-0.00108703,0,-0.331469,0,0,0,-0.00704894
0.972173,0,0,-0.234265,0.995794,0,0,0.0916221,0.997106,0,0,0.0760236,0.464457,0.000241178,-0.000236633,-0.885596,0.47768,-0.00018469,0.000189824,-0.878534,1,0,0,0,1,0,0,0,0.840895,-0.0144521,-0.0529719,-0.538406,0.839082,0.016516,0.0561483,-0.540847,0.943485,0,0,-0.331416,0.945121,0,0,-0.326721,0.60808,0,0,0.793876,0.60545,0,0,0.795883,0.0999641,0.0269255,0.133127,0.0990174,0.0264,-0.138669,0.115403,0.220204,0.118431,0.113714,0.219415,-0.122588,0.0808158,0.580188,0.08638,0.0796483,0.579833,-0.0878363,0,0.827499,0,0.0362269,0.976969,0,0.102593,1.14841,0,0.0129258,1.12781,0.167071,0.0156118,1.12455,-0.16708,-0.189541,0.965647,0.167017,-0.181903,0.956398,-0.167043,0.15189,1.36198,0,0,0,-2.28728,0,0,0.886503,0,0,0.735859,0.00312146,-0.00306264,-2.95499,-0.00237637,0.00244243,-2.80997,0,0,0,0,0,0,0.125733,-0.267857,2.08986,-0.134908,0.270314,2.06046,0,0,-3.26427,0,0,-3.21571,0,0,1.28456,0,0,1.3183,0.0584332,0.821837,-0.000500772,0,1,0,0,-0.00066053,0,0,-0.00132106,0,-0.406827,0,0,0,-0.00702084
0.962287,0,0,-0.272036,0.994292,0,0,0.106694,0.996072,0,0,0.0885456,0.419578,0.000276105,-0.000270902,-0.907719,0.435368,-0.00021172,0.000217605,-0.900253,1,0,0,0,1,0,0,0,0.859343,-0.0125028,-0.0576805,-0.507983,0.857351,0.0144317,0.0609115,-0.510911,0.923545,0,0,-0.383489,0.925752,0,0,-0.378131,0.590635,0,0,0.806939,0.587515,0,0,0.809213,0.109613,0.0273513,0.133094,0.108585,0.0264,-0.138469,0.132448,0.218584,0.11963,0.13056,0.217386,-0.123681,0.0930264,0.570342,0.0877865,0.0917077,0.569819,-0.0892258,0,0.811362,0,0.0416392,0.95779,0,0.118216,1.12462,0,0.0199828,1.12014,0.167061,0.0225292,1.11594,-0.167073,-0.204196,0.989632,0.16699,-0.196955,0.977679,-0.167023,0.175424,1.33598,0,0,0,-2.34275,0,0,0.9088,0,0,0.753881,0.0029914,-0.00293502,-3.00243,-0.00227735,0.00234066,-2.85391,0,0,0,0,0,0,0.128812,-0.274419,2.14105,-0.138212,0.276935,2.11093,0,0,-3.34606,0,0,-3.2967,0,0,1.30762,0,0,1.34078,0.0681253,0.809474,-0.000489803,0,1,0,0,-0.00077192,0,0,-0.00154384,0,-0.484119,0,0,0,-0.00668341
0.950805,0,0,-0.309789,0.99254,0,0,0.121921,0.994867,0,0,0.101191,0.373683,0.000305822,-0.000300059,-0.927557,0.392128,-0.000234851,0.00024138,-0.919911,1,0,0,0,1,0,0,0,0.876852,-0.0105001,-0.062473,-0.476569,0.874712,0.0122903,0.0657586,-0.480004,0.900448,0,0,-0.434963,0.903307,0,0,-0.428995,0.572876,0,0,0.819642,0.569275,0,0,0.822147,0.118589,0.0278482,0.132512,0.117506,0.0264,-0.137705,0.148795,0.216739,0.120661,0.14674,0.215074,-0.124601,0.104871,0.559014,0.0892993,0.103418,0.5583,-0.0907223,0,0.792799,0,0.0468472,0.935735,0,0.133397,1.09726,0,0.029214,1.11033,0.167052,0.0313952,1.10516,-0.167066,-0.211805,1.01443,0.166963,-0.205603,0.999703,-0.167003,0.198478,1.30605,0,0,0,-2.36778,0,0,0.91964,0,0,0.762188,0.0027323,-0.00268081,-3.00027,-0.0020801,0.00213792,-2.85018,0,0,0,0,0,0,0.130232,-0.277442,2.16465,-0.139735,0.279986,2.13419,0,0,-3.38554,0,0,-3.33618,0,0,1.31014,0,0,1.34168,0.0780218,0.795043,-0.00047823,0,1,0,0,-0.000872531,0,0,-0.00174506,0,-0.55687,0,0,0,-0.00603666
0.937874,0,0,-0.346975,0.990556,0,0,0.137109,0.993504,0,0,0.113797,0.327669,0.000328971,-0.000322772,-0.944793,0.348807,-0.000253027,0.00026006,-0.937194,1,0,0,0,1,0,0,0,0.893161,-0.0084718,-0.0672828,-0.444596,0.890906,0.0101213,0.0706223,-0.44855,0.874508,0,0,-0.485011,0.878086,0,0,-0.478503,0.555093,0,0,0.831788,0.551037,0,0,0.834481,0.126678,0.0284057,0.131393,0.125571,0.0264,-0.136395,0.164118,0.214687,0.12151,0.161933,0.212506,-0.125334,0.11613,0.546364,0.0908952,0.114566,0.545437,-0.092303,0,0.772087,0,0.0517476,0.911142,0,0.147852,1.06675,0,0.040585,1.09812,0.167042,0.042177,1.092,-0.167059,-0.211856,1.03844,0.166936,-0.207329,1.02104,-0.166983,0.220651,1.27267,0,0,0,-2.36237,0,0,0.91902,0,0,0.760775,0.00234417,-0.0023,-2.94846,-0.00178462,0.00183423,-2.79875,0,0,0,0,0,0,0.12999,-0.276927,2.16063,-0.139476,0.279467,2.13023,0,0,-3.38269,0,0,-3.33413,0,0,1.29212,0,0,1.321,0.0879658,0.778664,-0.000466276,0,1,0,0,-0.000957208,0,0,-0.00191442,0,-0.621375,0,0,0,-0.0050806
0.923719,0,0,-0.383072,0.98837,0,0,0.152065,0.992005,0,0,0.126201,0.282485,0.000344415,-0.000337925,-0.959271,0.3063,-0.000265346,0.000272722,-0.951935,1,0,0,0,1,0,0,0,0.908068,-0.00644708,-0.0720421,-0.412529,0.905733,0.00795576,0.0754343,-0.417006,0.846191,0,0,-0.53288,0.850537,0,0,-0.525916,0.537595,0,0,0.843203,0.533128,0,0,0.846034,0.133713,0.0290083,0.129785,0.132613,0.0264,-0.134589,0.178145,0.212454,0.122177,0.175872,0.209723,-0.125882,0.126617,0.532617,0.092546,0.124966,0.531463,-0.0939403,0,0.749614,0,0.0562546,0.884485,0,0.161343,1.03369,0,0.0538575,1.08333,0.167034,0.0546602,1.07636,-0.167052,-0.204497,1.06007,0.166912,-0.202215,1.04026,-0.166965,0.241587,1.23648,0,0,0,-2.32652,0,0,0.906939,0,0,0.749642,0.001827,-0.00179257,-2.84705,-0.0013909,0.00142956,-2.69963,0,0,0,0,0,0,0.128088,-0.272876,2.12902,-0.137435,0.275378,2.09906,0,0,-3.33752,0,0,-3.29055,0,0,1.25355,0,0,1.27876,0.097779,0.760566,-0.000454152,0,0.999999,0,0,-0.00102079,0,0,-0.00204159,0,-0.674179,0,0,0,-0.00381522
0.908636,0,0,-0.417589,0.986024,0,0,0.1666,0.990399,0,0,0.138241,0.239112,0.000351214,-0.000344596,-0.970992,0.265534,-0.00027105,0.000278584,-0.964101,1,0,0,0,1,0,0,0,0.921437,-0.00445629,-0.0766822,-0.38086,0.919056,0.00582623,0.0801253,-0.385853,0.816099,0,0,-0.577911,0.82124,0,0,-0.570583,0.520704,0,0,0.853738,0.515889,0,0,0.856655,0.139583,0.0296386,0.127766,0.13852,0.0264,-0.132368,0.190675,0.210079,0.122672,0.188355,0.206779,-0.126258,0.136185,0.518063,0.0942198,0.134472,0.516674,-0.0956024,0,0.725875,0,0.0603031,0.856361,0,0.173675,0.99883,0,0.0685988,1.066,0.167027,0.0684549,1.05832,-0.167047,-0.190527,1.07793,0.166893,-0.190936,1.05609,-0.16695,0.260989,1.1983,0,0,0,-2.26022,0,0,0.883398,0,0,0.728793,0.0011808,-0.00115855,-2.696,-0.000898936,0.000923928,-2.55281,0,0,0,0,0,0,0.124526,-0.265286,2.0698,-0.133612,0.267718,2.04068,0,0,-3.25,0,0,-3.20545,0,0,1.19446,0,0,1.21491,0.107268,0.741078,-0.000442069,0,0.999999,0,0,-0.00105814,0,0,-0.00211627,0,-0.712169,0,0,0,-0.00224049
0.892991,0,0,-0.450074,0.98357,0,0,0.180526,0.988723,0,0,0.149757,0.198534,0.000348584,-0.000342015,-0.980094,0.227444,-0.000269487,0.000276978,-0.973791,1,0,0,0,1,0,0,0,0.93319,-0.0025305,-0.081135,-0.350097,0.930795,0.00376588,0.0846266,-0.355591,0.784957,0,0,-0.619551,0.790893,0,0,-0.611954,0.504752,0,0,0.863265,0.499672,0,0,0.866215,0.144239,0.0302766,0.125439,0.14324,0.0264,-0.129838,0.201578,0.20761,0.123013,0.199252,0.203739,-0.126481,0.144728,0.503049,0.0958814,0.142981,0.501423,-0.0972547,0,0.70145,0,0.0638508,0.827468,0,0.184711,0.963049,0,0.0842136,1.04636,0.167023,0.0830233,1.03812,-0.167044,-0.171312,1.09102,0.166881,-0.174697,1.06759,-0.16694,0.278622,1.1591,0,0,0,-2.16348,0,0,0.8484,0,0,0.698225,0.000405565,-0.000397913,-2.49533,-0.000308751,0.000317339,-2.35833,0,0,0,0,0,0,0.119303,-0.254159,1.98298,-0.128008,0.25649,1.95508,0,0,-3.12018,0,0,-3.07883,0,0,1.11483,0,0,1.1295,0.116235,0.72064,-0.000430226,0,0.999999,0,0,-0.00106408,0,0,-0.00212816,0,-0.732762,0,0,0,-0.000356482
0.877205,0,0,-0.480115,0.98107,0,0,0.193655,0.987021,0,0,0.160589,0.161731,0.000335832,-0.000329504,-0.986835,0.192965,-0.000260072,0.000267301,-0.981206,1,0,0,0,1,0,0,0,0.943307,-0.000701192,-0.0853331,-0.320763,0.940927,0.00180838,0.0888703,-0.326734,0.753581,0,0,-0.657355,0.760287,0,0,-0.649587,0.490082,0,0,0.871676,0.484839,0,0,0.874604,0.147698,0.030902,0.122921,0.146781,0.0264,-0.127121,0.210802,0.205107,0.123224,0.208506,0.200682,-0.12658,0.152189,0.487965,0.0974939,0.150431,0.486108,-0.0988603,0,0.676986,0,0.0668789,0.798581,0,0.194366,0.927315,0,0.0999948,1.02488,0.167022,0.0977231,1.01624,-0.167043,-0.148649,1.0988,0.166877,-0.155109,1.07424,-0.166937,0.294317,1.11995,0,0,0,-2.0363,0,0,0.801938,0,0,0.657938,-0.00049873,0.000489311,-2.24504,0.000379672,-0.000390226,-2.11614,0,0,0,0,0,0,0.112419,-0.239494,1.86857,-0.120622,0.24169,1.84228,0,0,-2.94802,0,0,-2.9107,0,0,1.01465,0,0,1.02249,0.124488,0.69978,-0.000418803,0,0.999999,0,0,-0.00103346,0,0,-0.00206693,0,-0.733926,0,0,0,0.00183685
0.861745,0,0,-0.507342,0.978593,0,0,0.205805,0.985344,0,0,0.170582,0.12966,0.000312274,-0.00030639,-0.991558,0.163014,-0.00024222,0.000248954,-0.986624,1,0,0,0,1,0,0,0,0.951822,0.00100011,-0.0892106,-0.293385,0.949479,-1.25069e-05,0.0927898,-0.299799,0.722861,0,0,-0.690994,0.730284,0,0,-0.683143,0.477041,0,0,0.878881,0.471755,0,0,0.88173,0.150037,0.0314943,0.120337,0.149211,0.0264,-0.124343,0.218371,0.202642,0.123334,0.216129,0.197697,-0.126581,0.15855,0.473238,0.0990199,0.156802,0.471161,-0.100382,0,0.653177,0,0.0693906,0.770523,0,0.202606,0.892659,0,0.115182,1.00224,0.167024,0.11186,0.993358,-0.167044,-0.124592,1.10122,0.166884,-0.134039,1.07595,-0.166941,0.307967,1.08198,0,0,0,-1.87868,0,0,0.744021,0,0,0.607931,-0.00153202,0.00150316,-1.94512,0.00116633,-0.00119875,-1.82626,0,0,0,0,0,0,0.103875,-0.221292,1.72655,-0.111455,0.223321,1.70226,0,0,-2.73354,0,0,-2.70103,0,0,0.893934,0,0,0.893919,0.131853,0.679111,-0.000407961,0,1,0,0,-0.000961138,0,0,-0.00192228,0,-0.714269,0,0,0,0.00433952
0.84711,0,0,-0.531418,0.976217,0,0,0.216795,0.983744,0,0,0.179577,0.103249,0.000277133,-0.000271911,-0.994655,0.138487,-0.000215279,0.000221264,-0.990364,1,0,0,0,1,0,0,0,0.958807,0.00254216,-0.092703,-0.268492,0.956517,-0.00166327,0.0963202,-0.275308,0.69373,0,0,-0.720235,0.70179,0,0,-0.712384,0.465978,0,0,0.884796,0.460789,0,0,0.88751,0.151387,0.0320343,0.117809,0.150648,0.0264,-0.121631,0.224371,0.200294,0.123366,0.222199,0.194881,-0.126514,0.163833,0.459316,0.100422,0.162111,0.457037,-0.101781,0,0.630743,0,0.0714079,0.744147,0,0.209443,0.86014,0,0.129019,0.979335,0.16703,0.12474,0.97031,-0.167049,-0.10127,1.09873,0.166902,-0.113439,1.07307,-0.166954,0.319516,1.04636,0,0,0,-1.6906,0,0,0.674639,0,0,0.548208,-0.00269438,0.0026436,-1.59556,0.00205124,-0.00210825,-1.4887,0,0,0,0,0,0,0.0936698,-0.19955,1.55693,-0.100505,0.201382,1.53502,0,0,-2.47672,0,0,-2.44984,0,0,0.752685,0,0,0.743766,0.138184,0.659298,-0.00039782,0,1,0,0,-0.000841946,0,0,-0.00168389,0,-0.672998,0,0,0,0.00715151
0.833818,0,0,-0.55204,0.974024,0,0,0.226446,0.98228,0,0,0.187421,0.0833966,0.00022942,-0.000225097,-0.996516,0.120251,-0.000178441,0.000183402,-0.992743,1,0,0,0,1,0,0,0,0.964366,0.00389413,-0.095748,-0.246607,0.962138,-0.00311083,0.0993985,-0.253774,0.667139,0,0,-0.744933,0.67573,0,0,-0.737149,0.457242,0,0,0.889342,0.452307,0,0,0.891862,0.151921,0.0325045,0.115453,0.151252,0.0264,-0.119104,0.22894,0.198154,0.123345,0.226842,0.192338,-0.126401,0.168089,0.446658,0.101665,0.166404,0.444201,-0.103023,0,0.610412,0,0.0729671,0.720303,0,0.214924,0.830818,0,0.140805,0.957139,0.167041,0.135716,0.948042,-0.167056,-0.0807299,1.09209,0.166932,-0.095201,1.06622,-0.166976,0.328952,1.01427,0,0,0,-1.47209,0,0,0.593803,0,0,0.478762,-0.00398578,0.00391068,-1.19639,0.00303437,-0.00311872,-1.10344,0,0,0,0,0,0,0.0818042,-0.174274,1.35971,-0.0877739,0.175872,1.34057,0,0,-2.1776,0,0,-2.15714,0,0,0.590887,0,0,0.572019,0.143366,0.641041,-0.000388496,0,1,0,0,-0.000670732,0,0,-0.00134146,0,-0.60994,0,0,0,0.0102729
0.822391,0,0,-0.568922,0.972097,0,0,0.234579,0.98101,0,0,0.193959,0.0709739,0.000167807,-0.000164645,-0.997478,0.10915,-0.000130649,0.000134281,-0.994025,1,0,0,0,1,0,0,0,0.968617,0.00502579,-0.0982849,-0.228246,0.966451,-0.00432271,0.101963,-0.235705,0.644034,0,0,-0.764997,0.653026,0,0,-0.757335,0.451176,0,0,0.892435,0.446669,0,0,0.894699,0.151841,0.0328892,0.113373,0.151207,0.0264,-0.116869,0.232251,0.196316,0.123288,0.230215,0.190176,-0.126262,0.17139,0.435721,0.102712,0.169745,0.433116,-0.104071,0,0.592898,0,0.0741127,0.699828,0,0.219114,0.805729,0,0.149926,0.93669,0.167056,0.144222,0.927537,-0.167068,-0.064803,1.08222,0.166975,-0.081023,1.0562,-0.167008,0.336285,0.98687,0,0,0,-1.22315,0,0,0.501504,0,0,0.399602,-0.00540617,0.00530429,-0.747592,0.00411572,-0.00423014,-0.670502,0,0,0,0,0,0,0.0682783,-0.145458,1.13489,-0.0732604,0.146792,1.11892,0,0,-1.83613,0,0,-1.8229,0,0,0.408547,0,0,0.378706,0.147319,0.625038,-0.00038007,0,1,0,0,-0.000442341,0,0,-0.000884682,0,-0.525407,0,0,0,0.0137035
0.813341,0,0,-0.581787,0.970521,0,0,0.241018,0.979992,0,0,0.199037,0.0668309,9.04804e-05,-8.87756e-05,-0.997764,0.106004,-7.04912e-05,7.24509e-05,-0.994366,1,0,0,0,1,0,0,0,0.971676,0.00590748,-0.100254,-0.213914,0.969566,-0.00526705,0.103954,-0.221601,0.625329,0,0,-0.780361,0.634572,0,0,-0.772864,0.448114,0,0,0.893976,0.444225,0,0,0.895915,0.151352,0.0331752,0.111658,0.150703,0.0264,-0.115018,0.234483,0.194876,0.123207,0.232484,0.188503,-0.126111,0.17381,0.426953,0.103533,0.172203,0.42423,-0.104892,0,0.578892,0,0.0748906,0.683522,0,0.22208,0.785862,0,0.155887,0.918974,0.167076,0.149804,0.909734,-0.167082,-0.0549978,1.07002,0.167032,-0.0722964,1.04375,-0.16705,0.341529,0.965247,0,0,0,-0.943748,0,0,0.397745,0,0,0.310721,-0.00695564,0.00682456,-0.249181,0.00529534,-0.00544253,-0.189857,0,0,0,0,0,0,0.0530916,-0.113104,0.882461,-0.0569659,0.114141,0.870041,0,0,-1.45234,0,0,-1.44713,0,0,0.205679,0,0,0.163801,0.149988,0.611962,-0.000372607,0,1,0,0,-0.000151618,0,0,-0.000303237,0,-0.420198,0,0,0,0.0174434
0.807149,0,0,-0.590347,0.969375,0,0,0.245586,0.979282,0,0,0.2025,0.0718005,-5.00689e-06,4.91253e-06,-0.997419,0.111611,3.90181e-06,-4.01027e-06,-0.993752,1,0,0,0,1,0,0,0,0.973641,0.00651016,-0.101596,-0.204104,0.971573,-0.00591263,0.105311,-0.211945,0.611892,0,0,-0.790942,0.621213,0,0,-0.783642,0.448378,0,0,0.893844,0.445309,0,0,0.895377,0.150647,0.0333516,0.110384,0.149916,0.0264007,-0.11363,0.2358,0.19393,0.123111,0.2338,0.187424,-0.125957,0.175416,0.420776,0.104096,0.17384,0.417973,-0.105456,0,0.569042,0,0.0753395,0.672139,0,0.223874,0.772146,0,0.158326,0.904843,0.167101,0.152137,0.89545,-0.167101,-0.0524024,1.05611,0.167104,-0.0700009,1.0294,-0.167103,0.344679,0.950437,0,0,0,-0.63391,0,0,0.282529,0,0,0.212125,-0.00863426,0.00847156,0.298891,0.00657326,-0.00675599,0.338459,0,0,0,0,0,0,0.0362448,-0.077215,0.602442,-0.0388897,0.0779231,0.59397,0,0,-1.02623,0,0,-1.02988,0,0,-0.017724,0,0,-0.07267,0.151346,0.602429,-0.000366173,1,1,0,0,0.000206598,0,0,0.000413196,0,-0.295485,0,0,0,0.021493
0.808198,0,0,-0.588911,0.968607,0,0,0.248598,0.979229,0,0,0.202758,0.18813,-0.000861884,0.000845642,-0.982143,0.227014,0.000669915,-0.000688537,-0.973891,1,0,0,0,1,0,0,0,0.973784,0.00655512,-0.101696,-0.203371,0.971719,-0.00596079,0.105412,-0.211225,0.60399,0,0,-0.796992,0.611961,0,0,-0.790888,0.483343,0,0,0.875431,0.48616,0,0,0.87387,0.14688,0.0330746,0.108969,0.144924,0.0264,-0.111881,0.235172,0.194827,0.122531,0.232677,0.188704,-0.125221,0.176239,0.418955,0.104139,0.174679,0.416139,-0.105498,0,0.566104,0,0.0747524,0.669832,0,0.221965,0.771532,0,0.138956,0.874185,0.167293,0.135295,0.863617,-0.16724,-0.10259,0.968758,0.16765,-0.112998,0.938708,-0.167497,0.340105,0.951586,0,0,0,0.106663,0,0,0.186559,0,0,0.0158143,-0.0722909,0.0709287,7.04378,0.0550351,-0.056565,7.02999,0,0,0,0,0,0,0.00270258,-0.00575602,0.044919,-0.00289941,0.00580966,0.0442833,0,0,-0.597149,0,0,-0.705138,0,0,-2.37114,0,0,-2.77021,0.146551,0.594213,-0.000343878,0,0.999997,0,0,0.00262705,0,0,0.00525411,0,-0.0881356,0,0,0,0.145228
0.841083,0,0,-0.540906,0.972796,0,0,0.231663,0.982646,0,0,0.18549,0.40702,-0.00240984,0.00236443,-0.913413,0.439522,0.00186212,-0.00191388,-0.898228,1,0,0,0,1,0,0,0,0.963044,0.00356062,-0.0949983,-0.252012,0.960799,-0.00275369,0.0986405,-0.259091,0.655448,0,0,-0.755241,0.660294,0,0,-0.751007,0.555502,0,0,0.831515,0.566255,0,0,0.82423,0.141016,0.0316195,0.112409,0.136623,0.0264,-0.115191,0.226074,0.201591,0.121743,0.222494,0.196914,-0.124398,0.169301,0.446538,0.101357,0.167638,0.444103,-0.102715,0,0.609925,0,0.0706124,0.722702,0,0.207145,0.839512,0,0.111883,0.870401,0.167449,0.113996,0.860531,-0.167334,-0.143552,0.825226,0.168091,-0.137544,0.797161,-0.167765,0.312066,1.02841,0,0,0,3.49183,0,0,-1.04676,0,0,-1.05623,-0.109552,0.107488,13.7963,0.0834022,-0.0857206,13.5636,0,0,0,0,0,0,-0.180473,0.384475,-2.99972,0.193642,-0.388,-2.95752,0,0,3.97667,0,0,3.76034,0,0,-5.06984,0,0,-5.65594,0.134937,0.622991,-0.000331877,0,0.999982,0,0,0.00605359,0,0,0.0121073,0,1.31461,0,0,0,0.205594
0.886058,0,0,-0.463574,0.979088,0,0,0.203439,0.987378,0,0,0.158381,0.651501,-0.00433544,0.00425375,-0.758623,0.673999,0.00333011,-0.00342268,-0.738717,1,0,0,0,1,0,0,0,0.941319,-0.00107548,-0.0844766,-0.326774,0.938934,0.00220896,0.0880045,-0.332647,0.73354,0,0,-0.679646,0.734803,0,0,-0.67828,0.642462,0,0,0.766317,0.660943,0,0,0.750436,0.128642,0.0296239,0.118012,0.121066,0.0264,-0.120847,0.206635,0.210738,0.120696,0.201797,0.207948,-0.123422,0.154894,0.487258,0.0971614,0.153176,0.48541,-0.0985291,0,0.674858,0,0.0624856,0.800335,0,0.180279,0.937522,0,0.126958,0.889148,0.167246,0.133656,0.883993,-0.167143,-0.0373491,0.688421,0.167514,-0.0183021,0.673762,-0.167223,0.265011,1.1374,0,0,0,5.36937,0,0,-1.73509,0,0,-1.65118,-0.113007,0.110878,17.4235,0.0860324,-0.0884239,17.0733,0,0,0,0,0,0,-0.282129,0.601043,-4.68941,0.302718,-0.606553,-4.62343,0,0,6.52448,0,0,6.25,0,0,-6.52444,0,0,-7.20715,0.127424,0.671001,-0.000339357,0,0.99995,0,0,0.00999485,0,0,0.01999,0,1.94799,0,0,0,0.236483
0.926283,0,0,-0.376828,0.984976,0,0,0.172692,0.991618,0,0,0.129204,0.845914,-0.0059723,0.00585975,-0.533254,0.858448,0.00456717,-0.00469412,-0.512858,1,0,0,0,1,0,0,0,0.911505,-0.00595277,-0.0731976,-0.404679,0.909156,0.00742708,0.0766026,-0.409284,0.808121,0,0,-0.589017,0.80644,0,0,-0.591316,0.724257,0,0,0.68953,0.748505,0,0,0.663129,0.10915,0.0276762,0.122977,0.0982431,0.0264,-0.126023,0.178872,0.219199,0.119306,0.172946,0.218147,-0.122189,0.135443,0.526011,0.0929571,0.133811,0.524751,-0.0943483,0,0.736816,0,0.0514089,0.874041,0,0.145885,1.02946,0,0.179883,0.95374,0.166601,0.186603,0.954225,-0.166625,0.192367,0.694642,0.165682,0.211475,0.696021,-0.16575,0.208014,1.23843,0,0,0,5.73931,0,0,-1.87843,0,0,-1.76905,-0.0826557,0.0810981,17.9254,0.0629258,-0.064675,17.5592,0,0,0,0,0,0,-0.302269,0.643947,-5.02415,0.324326,-0.649851,-4.95347,0,0,7.04629,0,0,6.76381,0,0,-6.73494,0,0,-7.42384,0.124308,0.727386,-0.000369747,0,0.999903,0,0,0.0139595,0,0,0.0279199,0,1.85876,0,0,0,0.237895
0.954017,0,0,-0.299753,0.989187,0,0,0.146659,0.994551,0,0,0.104249,0.957491,-0.00671494,0.0065884,-0.288309,0.962784,0.00512128,-0.00526365,-0.270174,1,0,0,0,1,0,0,0,0.880914,-0.0100109,-0.0636368,-0.468872,0.878743,0.0117673,0.0669356,-0.472433,0.862368,0,0,-0.506281,0.858757,0,0,-0.512383,0.78992,0,0,0.61321,0.817558,0,0,0.575847,0.0871346,0.0264,0.125813,0.073151,0.026728,-0.129125,0.150152,0.225674,0.117713,0.143382,0.225893,-0.120776,0.116178,0.554594,0.0896785,0.114725,0.553775,-0.0910977,0,0.782349,0,0.0401318,0.927841,0,0.112128,1.0957,0,0.222846,1.05626,0.16587,0.226827,1.05979,-0.166063,0.391252,0.858976,0.163601,0.402572,0.869009,-0.164152,0.15375,1.31033,0,0,0,4.91614,0,0,-1.58231,0,0,-1.50765,-0.0307466,0.0301672,16.1992,0.0234074,-0.0240581,15.8964,0,0,0,0,0,0,-0.257606,0.548796,-4.28178,0.276404,-0.553829,-4.22155,0,0,5.93845,0,0,5.68389,0,0,-6.04337,0,0,-6.68107,0.118542,0.781231,-0.000408062,1,0.999844,0,0,0.0176447,0,0,0.0352913,0,1.36599,0,0,0,0.221143
0.978148,0,0,-0.207908,0.99322,0,0,0.116248,0.997171,0,0,0.0751634,0.99979,-0.00866378,0.00850052,0.0164994,0.999528,0.00659517,-0.0067785,0.0292254,1,0,0,0,1,0,0,0,0.839588,-0.0145847,-0.0526499,-0.540469,0.837788,0.0166578,0.0558225,-0.542878,0.914905,0,0,-0.403669,0.910013,0,0,-0.414579,0.855401,0,0,0.517966,0.884266,0,0,0.466984,0.0570764,0.0424977,0.12748,0.0396244,0.0444912,-0.131279,0.11194,0.249277,0.115424,0.104364,0.25061,-0.118775,0.0910215,0.599511,0.0862868,0.0898814,0.599115,-0.0877443,0,0.843374,0,0.0255312,0.995996,0,0.0694645,1.17403,0,0.219264,1.22827,0.164668,0.219618,1.23185,-0.165139,0.477078,1.19998,0.160185,0.478083,1.21014,-0.161524,0.0867623,1.39254,0,0,0,5.69986,0,0,-1.84068,0,0,-1.75226,-0.111159,0.109064,18.5379,0.0846255,-0.0869779,18.1684,0,0,0,0,0,0,-0.2994,0.637836,-4.97648,0.321249,-0.643684,-4.90646,0,0,6.92061,0,0,6.62863,0,0,-6.93876,0,0,-7.66575,0.0973872,0.862435,-0.000470868,0,0.999761,0,0,0.0218417,0,0,0.0436868,0,1.83074,0,0,0,0.251864
0.994034,0,0,-0.109072,0.996489,0,0,0.0837212,0.999015,0,0,0.0443695,0.945347,-0.00993215,0.00974499,0.325769,0.943301,0.00755606,-0.0077661,0.331763,1,0,0,0,1,0,0,0,0.789504,-0.0192164,-0.0412659,-0.612055,0.788277,0.0216101,0.0443009,-0.613343,0.957426,0,0,-0.288679,0.952403,0,0,-0.304842,0.910586,0,0,0.413319,0.937531,0,0,0.347903,0.0216377,0.17797,0.127184,0.000843074,0.181363,-0.131714,0.0671719,0.390899,0.112476,0.0589543,0.392915,-0.11622,0.0618382,0.758122,0.0832551,0.0611217,0.758046,-0.084756,0,1.01437,0,0.00898906,1.17137,0,0.0219751,1.35488,0,0.132603,1.51194,0.163597,0.131502,1.51335,-0.164333,0.336711,1.6719,0.157139,0.333581,1.67591,-0.159232,0.0135388,1.5743,0,0,0,6.00879,0,0,-1.96155,0,0,-1.85102,-0.0871653,0.0855226,18.9202,0.0663589,-0.0682036,18.5369,0,0,0,0,0,0,-0.316275,0.673783,-5.25695,0.339354,-0.679962,-5.18299,0,0,7.36059,0,0,7.06249,0,0,-7.10253,0,0,-7.83261,0.0544488,1.05418,-0.000543951,0,0.999661,0,0,0.0260452,0,0,0.0520962,0,5.12993,0,0,0,0.252284
0.99977,0,0,-0.0214442,0.998491,0,0,0.0549212,0.999848,0,0,0.0174066,0.822412,-0.0074608,0.0073202,0.568796,0.821545,0.00567812,-0.00583596,0.570086,1,0,0,0,1,0,0,0,0.740597,-0.023071,-0.0315618,-0.670811,0.740011,0.0257319,0.0344717,-0.671218,0.982887,0,0,-0.18421,0.97876,0,0,-0.20501,0.947976,0,0,0.318342,0.970666,0,0,0.240431,-0.011543,0.323674,0.125104,-0.0350131,0.327959,-0.13041,0.025468,0.540496,0.109449,0.0168051,0.542677,-0.113587,0.0348194,0.917534,0.0811062,0.0345255,0.917615,-0.0826445,0,1.1804,0,-0.00598265,1.33845,0,-0.0205668,1.52219,0,0.00324963,1.72876,0.164212,0.00282437,1.72887,-0.16484,0.0634828,1.98101,0.158887,0.0622735,1.98133,-0.160673,-0.051431,1.73978,0,0,0,5.27061,0,0,-1.73223,0,0,-1.6186,0.130844,-0.128378,16.3932,-0.0996116,0.102381,16.1064,0,0,0,0,0,0,-0.276562,0.589181,-4.59687,0.296744,-0.594584,-4.5322,0,0,6.45477,0,0,6.19791,0,0,-6.12697,0,0,-6.75142,0.00382919,1.2281,-0.000574405,0,0.999561,0,0,0.029636,0,0,0.0592806,0,4.98071,0,0,0,0.215531
0.999411,0,0,0.0343034,0.999334,0,0,0.0365038,1,0,0,0.000515028,0.710822,0.000288617,-0.00028318,0.703371,0.710695,-0.00021972,0.000225823,0.7035,1,0,0,0,1,0,0,0,0.707679,-0.0253812,-0.0256293,-0.705613,0.707557,0.0282028,0.0284582,-0.70552,0.993051,0,0,-0.117683,0.989956,0,0,-0.141379,0.966443,0,0,0.256881,0.985233,0,0,0.171218,-0.0329985,0.433786,0.122959,-0.0580489,0.438476,-0.128795,-0.0013613,0.652329,0.107362,-0.0102782,0.654405,-0.111761,0.0174971,1.03301,0.0800087,0.0174808,1.03313,-0.0815691,0,1.29792,0,-0.0154884,1.45527,0,-0.047456,1.63696,0,-0.0890492,1.84381,0.167214,-0.0890992,1.8438,-0.167189,-0.139291,2.0983,0.167424,-0.139433,2.09827,-0.167352,-0.0923906,1.85212,0,0,0,3.34536,0,0,-1.10622,0,0,-1.01355,0.495392,-0.486056,10.5044,-0.377142,0.387626,10.4215,0,0,0,0,0,0,-0.173181,0.368938,-2.87851,0.185818,-0.372321,-2.83801,0,0,4.0387,0,0,3.8772,0,0,-3.85119,0,0,-4.24464,-0.030736,1.34308,-0.000527204,1,0.999491,0,0,0.031899,0,0,0.0638088,0,3.52581,0,0,0,0.135845
0.998839,0,0,0.0481819,0.999493,0,0,0.0318253,0.999994,0,0,-0.00351737,0.678534,0.00669747,-0.00657127,0.734509,0.677767,-0.00509726,0.00523895,0.73524,1,0,0,0,1,0,0,0,0.699571,-0.0259202,-0.0242313,-0.713682,0.699566,0.0287793,0.0270406,-0.713476,0.99481,0,0,-0.101748,0.992013,0,0,-0.126136,0.970306,0,0,0.24188,0.988014,0,0,0.154363,-0.0381804,0.47385,0.122357,-0.0636018,0.478623,-0.128322,-0.00780972,0.692719,0.106844,-0.0167879,0.694747,-0.111306,0.0133417,1.07398,0.0797752,0.0133923,1.0741,-0.0813407,0,1.33914,0,-0.0178352,1.49615,0,-0.0540746,1.67706,0,-0.111888,1.87981,0.169739,-0.112176,1.87973,-0.169154,-0.189563,2.12726,0.174604,-0.190381,2.12703,-0.17294,-0.102474,1.89146,0,0,0,0.83343,0,0,-0.280871,0,0,-0.241944,0.432129,-0.423986,2.69003,-0.32898,0.338125,2.7434,0,0,0,0,0,0,-0.04134,0.0880691,-0.687125,0.0443568,-0.0888767,-0.677458,0,0,0.961866,0,0,0.922853,0,0,-0.929393,0,0,-1.025,-0.0392686,1.38265,-0.000469204,0,0.999473,0,0,0.0324493,0,0,0.0649101,0,1.23652,0,0,0,0.0330386
0.998468,0,0,0.0553304,0.999571,0,0,0.0292855,0.999985,0,0,-0.00539909,0.660756,0.0151076,-0.0148229,0.750303,0.658654,-0.0114918,0.0118113,0.752266,1,0,0,0,1,0,0,0,0.695755,-0.02617,-0.0235815,-0.717415,0.695805,0.0290465,0.0263815,-0.717158,0.995546,0,0,-0.0942812,0.992896,0,0,-0.118986,0.972005,0,0,0.234959,0.989196,0,0,0.146599,-0.0405869,0.511742,0.122064,-0.0661754,0.516547,-0.128091,-0.0108219,0.730753,0.106601,-0.019827,0.732755,-0.111092,0.0113972,1.11225,0.0796701,0.011479,1.11237,-0.0812379,0,1.37749,0,-0.0190303,1.5343,0,-0.0574252,1.71478,0,-0.123493,1.91464,0.173046,-0.124266,1.9144,-0.171722,-0.215157,2.15706,0.184008,-0.217354,2.15637,-0.180243,-0.107571,1.92878,0,0,0,0.429485,0,0,-0.152462,0,0,-0.112904,0.573914,-0.5631,1.42024,-0.436922,0.449067,1.5318,0,0,0,0,0,0,-0.0192917,0.0410975,-0.320656,0.0206993,-0.0414745,-0.316139,0,0,0.450199,0,0,0.432268,0,0,-0.427604,0,0,-0.471203,-0.0435722,1.41996,-0.00038686,0,0.999465,0,0,0.0327,0,0,0.0654117,0,1.15055,0,0,0,0.0150479
0.998371,0,0,0.0570541,0.999594,0,0,0.0284766,0.999985,0,0,-0.0055535,0.655366,0.0250219,-0.0245503,0.754497,0.651461,-0.0190196,0.0195483,0.758192,1,0,0,0,1,0,0,0,0.695441,-0.0261905,-0.0235282,-0.71772,0.695496,0.0290684,0.0263275,-0.717459,0.995607,0,0,-0.0936308,0.992971,0,0,-0.118354,0.972102,0,0,0.234557,0.989261,0,0,0.146159,-0.0407605,0.546344,0.12204,-0.0663553,0.551147,-0.128072,-0.0110684,0.765369,0.106581,-0.020073,0.767367,-0.111075,0.0112321,1.14688,0.0796616,0.0113165,1.147,-0.0812296,0,1.41213,0,-0.0193023,1.56889,0,-0.0581579,1.74928,0,-0.126317,1.94812,0.17694,-0.127766,1.94768,-0.174742,-0.221602,2.1887,0.195082,-0.225723,2.18746,-0.18883,-0.108673,1.96319,0,0,0,0.103586,0,0,-0.0485537,0,0,-0.00926477,0.676453,-0.663706,0.394353,-0.514984,0.5293,0.550067,0,0,0,0,0,0,-0.0015834,0.00337176,-0.0263143,0.00169873,-0.00340316,-0.0259423,0,0,0.0391987,0,0,0.0381915,0,0,-0.0248194,0,0,-0.0266871,-0.0445341,1.45427,-0.000285841,0,0.999465,0,0,0.0327102,0,0,0.0654321,0,1.03925,0,0,0,0.000613108
0.998505,0,0,0.0546534,0.99958,0,0,0.0289906,0.99999,0,0,-0.00440394,0.659488,0.0359579,-0.0352803,0.750025,0.653559,-0.0273104,0.0280695,0.755861,1,0,0,0,1,0,0,0,0.697776,-0.026038,-0.023925,-0.715443,0.697796,0.0289054,0.0267299,-0.715213,0.995174,0,0,-0.0981289,0.992451,0,0,-0.122645,0.971001,0,0,0.239074,0.988496,0,0,0.151244,-0.0392491,0.576697,0.122221,-0.064729,0.58147,-0.128216,-0.00922693,0.79564,0.10673,-0.0182102,0.797652,-0.111206,0.0124107,1.17702,0.0797254,0.012476,1.17714,-0.081292,0,1.44222,0,-0.0188742,1.59905,0,-0.0569056,1.77962,0,-0.122546,1.97899,0.181236,-0.124819,1.97841,-0.178071,-0.213706,2.22044,0.207299,-0.220171,2.2188,-0.198298,-0.106745,1.99369,0,0,0,-0.144268,0,0,0.0308529,0,0,0.0689743,0.739745,-0.725806,-0.387619,-0.563169,0.578824,-0.20177,0,0,0,0,0,0,0.011785,-0.0251078,0.195887,-0.0126453,0.0253379,0.193137,0,0,-0.271136,0,0,-0.259382,0,0,0.278969,0,0,0.308553,-0.0429798,1.48462,-0.000171929,0,0.99947,0,0,0.0325392,0,0,0.0650899,0,0.902635,0,0,0,-0.010267
0.998778,0,0,0.0494259,0.999537,0,0,0.0304193,0.999997,0,0,-0.00237373,0.669937,0.0474026,-0.0465094,0.739442,0.661997,-0.0359746,0.0369746,0.747729,1,0,0,0,1,0,0,0,0.70188,-0.0257679,-0.0246271,-0.711403,0.701842,0.0286163,0.0274419,-0.711229,0.994355,0,0,-0.1061,0.99148,0,0,-0.130258,0.969042,0,0,0.246895,0.98711,0,0,0.160044,-0.036602,0.601906,0.122533,-0.0618842,0.606631,-0.128464,-0.00597712,0.820694,0.106993,-0.014925,0.822732,-0.111437,0.0144958,1.20181,0.0798403,0.0145275,1.20193,-0.0814044,0,1.46691,0,-0.0179658,1.62389,0,-0.0542929,1.8048,0,-0.114212,2.00558,0.185731,-0.117405,2.00499,-0.181557,-0.19586,2.24939,0.220081,-0.204941,2.24772,-0.208211,-0.102742,2.01919,0,0,0,-0.314078,0,0,0.0857583,0,0,0.121814,0.763792,-0.749399,-0.925691,-0.581476,0.597639,-0.723749,0,0,0,0,0,0,0.0208136,-0.0443418,0.345951,-0.0223325,0.0447482,0.341091,0,0,-0.480805,0,0,-0.460449,0,0,0.483751,0,0,0.534519,-0.0396964,1.50994,-5.16315e-05,0,0.99948,0,0,0.0322461,0,0,0.0645035,0,0.740694,0,0,0,-0.0175926
0.999089,0,0,0.042669,0.999476,0,0,0.0323543,1,0,0,0.000113809,0.683527,0.0587867,-0.057679,0.725264,0.673773,-0.0445834,0.0458227,0.736168,1,0,0,0,1,0,0,0,0.706877,-0.0254351,-0.0254899,-0.70642,0.706766,0.0282604,0.0283169,-0.706315,0.993264,0,0,-0.11587,0.99021,0,0,-0.139589,0.96657,0,0,0.256404,0.985315,0,0,0.170748,-0.0333685,0.621072,0.122904,-0.0584092,0.625737,-0.128757,-0.00199884,0.83966,0.107312,-0.0109044,0.841725,-0.111718,0.0170502,1.22041,0.079985,0.0170407,1.22053,-0.0815459,0,1.48536,0,-0.016797,1.64252,0,-0.0509437,1.82384,0,-0.103338,2.02617,0.190192,-0.107479,2.02574,-0.185024,-0.172424,2.27255,0.232765,-0.1842,2.27132,-0.218069,-0.0976164,2.03863,0,0,0,-0.405841,0,0,0.116162,0,0,0.149252,0.748591,-0.734485,-1.21984,-0.569903,0.585745,-1.01584,0,0,0,0,0,0,0.0255017,-0.0543297,0.423886,-0.027363,0.0548275,0.417917,0,0,-0.589807,0,0,-0.565009,0,0,0.589537,0,0,0.651205,-0.0354672,1.52915,6.77168e-05,0,0.999491,0,0,0.0318903,0,0,0.0637914,0,0.553433,0,0,0,-0.0213622
0.999363,0,0,0.0356818,0.999409,0,0,0.0343876,0.999997,0,0,0.00263533,0.697265,0.0694787,-0.0681695,0.710174,0.686007,-0.0526627,0.0541266,0.723665,1,0,0,0,1,0,0,0,0.711904,-0.0250959,-0.0263673,-0.701333,0.711721,0.0278976,0.0292065,-0.7013,0.99206,0,0,-0.125766,0.988831,0,0,-0.14904,0.963974,0,0,0.265998,0.983381,0,0,0.181553,-0.0300977,0.633255,0.123268,-0.0548922,0.637857,-0.129041,0.00202895,0.851625,0.107633,-0.00683378,0.853714,-0.112,0.0196373,1.23197,0.0801358,0.0195861,1.23209,-0.0816936,0,1.49672,0,-0.0155888,1.65405,0,-0.0474863,1.83576,0,-0.0920113,2.03928,0.19436,-0.0970478,2.03914,-0.188273,-0.147939,2.28754,0.244619,-0.162261,2.28716,-0.227308,-0.0923276,2.05094,0,0,0,-0.419559,0,0,0.122064,0,0,0.151291,0.694146,-0.681065,-1.2701,-0.528453,0.543143,-1.07805,0,0,0,0,0,0,0.0258501,-0.0550718,0.429665,-0.0277367,0.0555765,0.423632,0,0,-0.598145,0,0,-0.573064,0,0,0.596316,0,0,0.658617,-0.0310897,1.54121,0.00017844,0,0.999503,0,0,0.0315308,0,0,0.0630722,0,0.340852,0,0,0,-0.021577
0.999557,0,0,0.0297644,0.999348,0,0,0.036111,0.999989,0,0,0.00476748,0.708433,0.0787945,-0.0773097,0.697092,0.696026,-0.0596987,0.0613581,0.712895,1,0,0,0,1,0,0,0,0.716126,-0.0248076,-0.0271114,-0.697003,0.715883,0.0275892,0.0299609,-0.697031,0.990964,0,0,-0.134124,0.987595,0,0,-0.157021,0.961705,0,0,0.274087,0.981654,0,0,0.190671,-0.0273359,0.637452,0.123565,-0.0519209,0.641999,-0.129271,0.00543035,0.855629,0.107903,-0.00339621,0.857736,-0.112237,0.0218223,1.2356,0.0802668,0.0217358,1.23571,-0.0818218,0,1.50015,0,-0.0145641,1.65761,0,-0.0445542,1.83964,0,-0.0823838,2.04373,0.197968,-0.0881846,2.04396,-0.191094,-0.127111,2.29282,0.254879,-0.143606,2.29348,-0.23533,-0.0878428,2.05513,0,0,0,-0.355232,0,0,0.103466,0,0,0.12793,0.600453,-0.589137,-1.07642,-0.457126,0.469832,-0.910399,0,0,0,0,0,0,0.0218587,-0.0465681,0.363325,-0.0234537,0.0469948,0.358214,0,0,-0.505811,0,0,-0.48461,0,0,0.504098,0,0,0.556755,-0.0273768,1.54515,0.000273192,0,0.999512,0,0,0.0312271,0,0,0.0624643,0,0.102943,0,0,0,-0.0182368
0.999656,0,0,0.0262181,0.999311,0,0,0.0371164,0.999981,0,0,0.00608693,0.714553,0.0860159,-0.0843951,0.689125,0.701332,-0.0651505,0.0669615,0.706686,1,0,0,0,1,0,0,0,0.718726,-0.0246285,-0.0275729,-0.69431,0.718446,0.0273976,0.0304287,-0.694377,0.990252,0,0,-0.139289,0.986799,0,0,-0.161952,0.960262,0,0,0.279099,0.98054,0,0,0.196322,-0.0256269,0.632616,0.123744,-0.0500805,0.637127,-0.129409,0.0075329,0.850668,0.108068,-0.00127066,0.852785,-0.112382,0.0231726,1.23039,0.0803494,0.0230644,1.2305,-0.0819026,0,1.49481,0,-0.0139473,1.65234,0,-0.0427847,1.83455,0,-0.0766261,2.03864,0.20075,-0.0829941,2.03918,-0.193271,-0.114695,2.28762,0.262788,-0.132804,2.28913,-0.241521,-0.0851345,2.05022,0,0,0,-0.212861,0,0,0.0603647,0,0,0.0791683,0.467513,-0.458704,-0.63887,-0.355918,0.365813,-0.51286,0,0,0,0,0,0,0.0135268,-0.0288183,0.224837,-0.0145143,0.0290827,0.221683,0,0,-0.312815,0,0,-0.299656,0,0,0.312878,0,0,0.345617,-0.0251469,1.54004,0.00034539,1,0.999518,0,0,0.0310381,0,0,0.0620862,0,-0.160282,0,0,0,-0.0113415
0.999644,0,0,0.0266673,0.999312,0,0,0.03709,0.999983,0,0,0.00577322,0.713082,0.0916776,-0.08995,0.689216,0.699053,-0.0694167,0.0713463,0.708107,1,0,0,0,1,0,0,0,0.718109,-0.0246711,-0.0274631,-0.694951,0.717837,0.0274432,0.0303174,-0.695009,0.99042,0,0,-0.138085,0.986986,0,0,-0.160808,0.960637,0,0,0.277805,0.980832,0,0,0.194857,-0.0260477,0.611208,0.123701,-0.0505376,0.615731,-0.129376,0.00703289,0.82929,0.108029,-0.00177804,0.831405,-0.112348,0.0228551,1.20907,0.0803296,0.022752,1.20918,-0.0818833,0,1.47352,0,-0.0140341,1.63104,0,-0.0430485,1.81322,0,-0.0772831,2.01669,0.20293,-0.0841112,2.01734,-0.194967,-0.115956,2.26454,0.268987,-0.135373,2.26638,-0.246343,-0.0855462,2.02887,0,0,0,0.0269599,0,0,-0.00158541,0,0,-0.0188232,0.37968,-0.372523,0.0320041,-0.28905,0.297084,0.13675,0,0,0,0,0,0,-0.00321664,0.00685148,-0.0534546,0.00345111,-0.00691473,-0.0527108,0,0,0.0729668,0,0,0.0695488,0,0,-0.0807899,0,0,-0.0896403,-0.0255464,1.51859,0.00040097,0,0.999517,0,0,0.0310895,0,0,0.062189,0,-0.63863,0,0,0,0.00308499
0.999478,0,0,0.0322976,0.999338,0,0,0.036388,0.999997,0,0,0.00234983,0.704424,0.0958861,-0.0940792,0.696951,0.689045,-0.0725632,0.0745802,0.717209,1,0,0,0,1,0,0,0,0.711337,-0.0251344,-0.0262679,-0.70191,0.711162,0.0279387,0.0291057,-0.701869,0.992176,0,0,-0.124843,0.988956,0,0,-0.148208,0.964512,0,0,0.264041,0.983796,0,0,0.179293,-0.0305934,0.562271,0.123224,-0.0554562,0.566909,-0.129003,0.00156981,0.780658,0.107596,-0.00731248,0.782751,-0.111966,0.0193735,1.16104,0.0801185,0.0193271,1.16116,-0.0816766,0,1.42581,0,-0.0150877,1.58321,0,-0.0462027,1.76505,0,-0.085754,1.96713,0.204554,-0.0931311,1.9676,-0.196206,-0.132839,2.2127,0.273606,-0.153817,2.21403,-0.249866,-0.0904377,1.98035,0,0,0,0.337968,0,0,-0.0421473,0,0,-0.205405,0.301168,-0.295492,0.669461,-0.229278,0.235652,0.795618,0,0,0,0,0,0,-0.0350968,0.0747698,-0.583363,0.0376579,-0.0754548,-0.575155,0,0,0.801459,0,0,0.765205,0,0,-0.85798,0,0,-0.950634,-0.0297507,1.47011,0.000439964,0,0.9995,0,0,0.0316264,0,0,0.0632633,0,-1.43127,0,0,0,0.0322272
0.999188,0,0,0.0402939,0.999372,0,0,0.0354213,0.999997,0,0,-0.00256167,0.692774,0.0980329,-0.0961855,0.707956,0.675904,-0.0741415,0.0762024,0.72928,1,0,0,0,1,0,0,0,0.701501,-0.0257929,-0.0245621,-0.711778,0.701468,0.0286432,0.027376,-0.711599,0.994387,0,0,-0.105807,0.991502,0,0,-0.130088,0.969725,0,0,0.244201,0.987616,0,0,0.156889,-0.0371299,0.493984,0.122499,-0.0625195,0.49878,-0.12843,-0.00628569,0.712765,0.106966,-0.0152697,0.714814,-0.111412,0.014368,1.09388,0.0798296,0.014403,1.094,-0.0813939,0,1.35899,0,-0.0165842,1.51619,0,-0.0506851,1.6975,0,-0.0976907,1.89774,0.205381,-0.105545,1.89781,-0.196809,-0.15654,2.14032,0.275957,-0.178873,2.14053,-0.251581,-0.0973897,1.91228,0,0,0,0.480096,0,0,-0.0580374,0,0,-0.29469,0.172864,-0.169606,0.948254,-0.131602,0.13526,1.06268,0,0,0,0,0,0,-0.0503524,0.10727,-0.836931,0.054027,-0.108253,-0.825151,0,0,1.14986,0,0,1.09786,0,0,-1.23078,0,0,-1.36368,-0.0356917,1.40225,0.000457703,0,0.999475,0,0,0.0323964,0,0,0.0648042,0,-2.00459,0,0,0,0.046227
0.998874,0,0,0.0474505,0.999402,0,0,0.0345691,0.999976,0,0,-0.00697957,0.682559,0.0983062,-0.0964537,0.717737,0.664529,-0.0743113,0.0763769,0.739626,1,0,0,0,1,0,0,0,0.692534,-0.026379,-0.0230369,-0.720535,0.692631,0.0292701,0.0258292,-0.720235,0.996063,0,0,-0.0886499,0.993509,0,0,-0.113752,0.974065,0,0,0.226269,0.990617,0,0,0.136668,-0.0430191,0.413734,0.121808,-0.0688743,0.418664,-0.127877,-0.0133643,0.632825,0.106393,-0.0224396,0.634822,-0.110907,0.00985781,1.01447,0.0795837,0.00996605,1.01459,-0.0811534,0,1.27976,0,-0.0179219,1.43677,0,-0.0546922,1.61756,0,-0.108293,1.81605,0.205481,-0.11643,1.81571,-0.196849,-0.177532,2.05582,0.276242,-0.200669,2.05484,-0.251695,-0.103605,1.83184,0,0,0,0.42981,0,0,-0.0511663,0,0,-0.265077,0.0446534,-0.0438116,0.847753,-0.0339943,0.0349389,0.922219,0,0,0,0,0,0,-0.0452926,0.0964915,-0.752832,0.0485978,-0.0973751,-0.742242,0,0,1.03433,0,0,0.987559,0,0,-1.10704,0,0,-1.22657,-0.0409854,1.3221,0.000457259,0,0.999452,0,0,0.033089,0,0,0.0661901,0,-2.37686,0,0,0,0.0415778
0.998721,0,0,0.0505653,0.999415,0,0,0.0342104,0.99996,0,0,-0.00892231,0.67841,0.0969079,-0.0950817,0.72203,0.660063,-0.0732439,0.0752798,0.743831,1,0,0,0,1,0,0,0,0.688555,-0.0266348,-0.022369,-0.72435,0.688711,0.0295438,0.0251518,-0.723997,0.996706,0,0,-0.0810962,0.994307,0,0,-0.106558,0.975869,0,0,0.218359,0.991805,0,0,0.127758,-0.0456105,0.328439,0.121493,-0.0716679,0.333426,-0.127623,-0.0164798,0.547653,0.106139,-0.0255952,0.549623,-0.110683,0.00787276,0.929483,0.0794797,0.00801313,0.929601,-0.0810518,0,1.19483,0,-0.0185042,1.35174,0,-0.0564378,1.53229,0,-0.112887,1.73012,0.204941,-0.121026,1.72956,-0.196414,-0.186603,1.96884,0.274707,-0.209747,1.96725,-0.250457,-0.106313,1.74635,0,0,0,0.187109,0,0,-0.0215339,0,0,-0.116568,-0.0834663,0.0818932,0.367945,0.0635424,-0.0653096,0.374218,0,0,0,0,0,0,-0.0199177,0.0424323,-0.33106,0.0213712,-0.0428206,-0.326403,0,0,0.454862,0,0,0.434295,0,0,-0.486765,0,0,-0.53932,-0.0432803,1.23679,0.000441864,0,0.999442,0,0,0.0333935,0,0,0.0667994,0,-2.54807,0,0,0,0.0182801
0.998921,0,0,0.0464367,0.999397,0,0,0.0347244,0.999979,0,0,-0.00640842,0.684959,0.0940106,-0.092239,0.716579,0.667637,-0.0710847,0.0730607,0.737475,1,0,0,0,1,0,0,0,0.693699,-0.0263036,-0.0232336,-0.719409,0.69378,0.0291894,0.0260286,-0.719124,0.995863,0,0,-0.090869,0.993265,0,0,-0.115865,0.973522,0,0,0.228594,0.990252,0,0,0.139288,-0.0422571,0.244973,0.1219,-0.0680525,0.249887,-0.127951,-0.0124488,0.464027,0.106468,-0.0215123,0.466031,-0.110973,0.0104411,0.845608,0.0796147,0.0105398,0.845727,-0.0811838,0,1.11089,0,-0.0177352,1.26792,0,-0.0541379,1.44878,0,-0.1068,1.64801,0.203836,-0.114578,1.64765,-0.195578,-0.174546,1.88908,0.271563,-0.196666,1.88806,-0.248081,-0.102747,1.66314,0,0,0,-0.248005,0,0,0.0308599,0,0,0.150837,-0.211493,0.207508,-0.491159,0.16101,-0.165486,-0.58132,0,0,0,0,0,0,0.0257731,-0.0549068,0.428388,-0.027654,0.0554095,0.422358,0,0,-0.588546,0,0,-0.561923,0,0,0.630047,0,0,0.698085,-0.0402272,1.15345,0.000414823,0,0.999455,0,0,0.0329993,0,0,0.0660106,0,-2.51823,0,0,0,-0.0236656
0.999492,0,0,0.0318558,0.999334,0,0,0.0364902,0.999997,0,0,0.00254388,0.706349,0.0897041,-0.0880137,0.696619,0.691798,-0.0679072,0.0697948,0.715495,1,0,0,0,1,0,0,0,0.711723,-0.0251082,-0.0263355,-0.701518,0.711542,0.0279108,0.0291742,-0.701482,0.992082,0,0,-0.125594,0.988849,0,0,-0.148921,0.964296,0,0,0.264826,0.983634,0,0,0.180181,-0.030335,0.171166,0.123252,-0.0551765,0.175798,-0.129024,0.00187977,0.389537,0.10762,-0.00699832,0.391631,-0.111988,0.0195709,0.769889,0.0801303,0.0195213,0.770005,-0.0816881,0,1.03464,0,-0.0150087,1.19205,0,-0.0459729,1.37391,0,-0.0850667,1.57673,0.202179,-0.0919648,1.57708,-0.19436,-0.131403,1.82363,0.266851,-0.151018,1.82462,-0.244616,-0.0900834,1.58924,0,0,0,-0.875536,0,0,0.106015,0,0,0.537141,-0.339428,0.333032,-1.72957,0.258407,-0.26559,-1.94439,0,0,0,0,0,0,0.0917793,-0.195526,1.5255,-0.0984763,0.197316,1.50404,0,0,-2.0959,0,0,-2.0011,0,0,2.2434,0,0,2.48564,-0.0294011,1.07913,0.000378982,1,0.999501,0,0,0.0315957,0,0,0.0632019,0,-2.28733,0,0,0,-0.0842605
0.999977,0,0,0.0068019,0.999219,0,0,0.0395075,0.999839,0,0,0.0179403,0.741244,0.0839356,-0.0823539,0.660856,0.730942,-0.0636503,0.0654196,0.676308,1,0,0,0,1,0,0,0,0.741609,-0.0229967,-0.0317513,-0.669686,0.741009,0.0256524,0.0346637,-0.670109,0.982751,0,0,-0.184935,0.978685,0,0,-0.205369,0.945285,0,0,0.326246,0.968311,0,0,0.249749,-0.00999925,0.116727,0.125206,-0.0331279,0.120805,-0.130523,0.0263321,0.333516,0.109532,0.0177792,0.335655,-0.11367,0.0351616,0.71051,0.0811441,0.0348592,0.710589,-0.0826817,0,0.973307,0,-0.0103029,1.13117,0,-0.0318624,1.31436,0,-0.0471679,1.52061,0.199887,-0.0525262,1.52185,-0.192669,-0.0558878,1.77272,0.260334,-0.0711249,1.77625,-0.23981,-0.0681932,1.5311,0,0,0,-1.50355,0,0,0.181166,0,0,0.923841,-0.458814,0.450167,-2.96884,0.349296,-0.359004,-3.30622,0,0,0,0,0,0,0.157853,-0.336289,2.62375,-0.169372,0.339369,2.58683,0,0,-3.60479,0,0,-3.44176,0,0,3.8584,0,0,4.27503,-0.0106938,1.02075,0.000334221,0,0.999574,0,0,0.0291815,0,0,0.0583714,0,-1.84006,0,0,0,-0.144916
0.999561,0,0,-0.0296266,0.999036,0,0,0.0438932,0.999187,0,0,0.0403167,0.788557,0.0751598,-0.0737435,0.605881,0.78376,-0.0571177,0.0587054,0.615639,1,0,0,0,1,0,0,0,0.782447,-0.0198083,-0.0397905,-0.621129,0.781308,0.0222429,0.0428069,-0.622278,0.96287,0,0,-0.269965,0.958175,0,0,-0.286183,0.910698,0,0,0.413073,0.937294,0,0,0.348539,0.0188117,0.0694433,0.127162,-0.00168715,0.0725804,-0.131881,0.0610856,0.283028,0.112124,0.0530334,0.284988,-0.11595,0.0573752,0.652372,0.0829014,0.0567199,0.652328,-0.084408,0,0.909979,0,-0.00343388,1.06807,0,-0.0112285,1.25233,0,0.00830993,1.45773,0.196278,0.00536948,1.45945,-0.189943,0.0546764,1.70722,0.250072,0.0463149,1.71212,-0.232056,-0.0361607,1.47054,0,0,0,-2.18598,0,0,0.263372,0,0,1.34318,-0.664106,0.651591,-4.31629,0.505584,-0.519638,-4.80605,0,0,0,0,0,0,0.229504,-0.488935,3.8147,-0.246252,0.493412,3.76103,0,0,-5.24105,0,0,-5.00402,0,0,5.60977,0,0,6.21551,0.0164292,0.960979,0.000265778,0,0.99967,0,0,0.0256713,0,0,0.0513482,0,-1.89985,0,0,0,-0.210696
0.997243,0,0,-0.074209,0.998786,0,0,0.0492664,0.997705,0,0,0.0677089,0.840689,0.0637682,-0.0625665,0.534098,0.841444,-0.04856,0.0499098,0.535839,1,0,0,0,1,0,0,0,0.828048,-0.0157269,-0.0498684,-0.558213,0.826371,0.0178791,0.0530079,-0.560341,0.928516,0,0,-0.371292,0.923978,0,0,-0.382446,0.857503,0,0,0.514479,0.885625,0,0,0.464401,0.0520829,0.0335739,0.128055,0.0349695,0.0353715,-0.132171,0.101584,0.241802,0.11495,0.0942152,0.24316,-0.118443,0.0834202,0.597424,0.0854983,0.0823742,0.597122,-0.0869662,0,0.844995,0,0.00497435,1.00268,0,0.0140924,1.18684,0,0.0748324,1.38193,0.191485,0.0747159,1.3829,-0.18624,0.185877,1.61201,0.236443,0.185545,1.61476,-0.221527,0.00320753,1.40587,0,0,0,-2.67878,0,0,0.322747,0,0,1.64599,-0.813833,0.798497,-5.28934,0.619572,-0.636794,-5.88952,0,0,0,0,0,0,0.281243,-0.599159,4.67467,-0.301766,0.604646,4.6089,0,0,-6.42258,0,0,-6.13211,0,0,6.87442,0,0,7.61672,0.0487711,0.899148,0.000175232,0,0.999772,0,0,0.0213692,0,0,0.0427417,0,-1.94953,0,0,0,-0.258194
0.992404,0,0,-0.123022,0.998477,0,0,0.055169,0.995211,0,0,0.097748,0.890078,0.0505444,-0.049592,0.450275,0.895253,-0.0385495,0.0396211,0.442116,1,0,0,0,1,0,0,0,0.872198,-0.0110486,-0.0611651,-0.485188,0.870095,0.0128769,0.0644355,-0.488485,0.878531,0,0,-0.477686,0.875299,0,0,-0.483582,0.786118,0,0,0.618077,0.812455,0,0,0.583024,0.0848546,0.0264,0.127107,0.0715675,0.0265343,-0.13075,0.142243,0.226988,0.117566,0.135749,0.227234,-0.120774,0.109883,0.562284,0.0888786,0.108489,0.561574,-0.0903058,0,0.794424,0,0.0141186,0.950786,0,0.0417159,1.13303,0,0.142981,1.30591,0.185926,0.145152,1.30456,-0.181877,0.316351,1.49572,0.220633,0.322527,1.49187,-0.209122,0.0462692,1.35176,0,0,0,-2.94345,0,0,0.354635,0,0,1.80862,-0.894257,0.877405,-5.81195,0.680798,-0.699722,-6.47143,0,0,0,0,0,0,0.309031,-0.658359,5.13656,-0.331582,0.664388,5.06428,0,0,-7.05716,0,0,-6.73799,0,0,7.55364,0,0,8.36928,0.0820164,0.850599,6.70069e-05,0,0.999862,0,0,0.0166417,0,0,0.0332849,0,-1.51714,0,0,0,-0.283705
0.985072,0,0,-0.17214,0.998129,0,0,0.0611428,0.991765,0,0,0.12807,0.931179,0.0365305,-0.0358421,0.360951,0.938888,-0.0278845,0.0286596,0.341894,1,0,0,0,1,0,0,0,0.910215,-0.00613967,-0.0727616,-0.407647,0.907871,0.00762696,0.0761612,-0.412204,0.815561,0,0,-0.578672,0.814786,0,0,-0.579762,0.701176,0,0,0.712988,0.722306,0,0,0.691574,0.112688,0.0281196,0.124199,0.103266,0.0264,-0.12756,0.178016,0.219184,0.119695,0.172577,0.217877,-0.122705,0.133656,0.528718,0.0928015,0.132024,0.527486,-0.0941937,0,0.740961,0,0.0231789,0.895066,0,0.0691857,1.07349,0,0.203469,1.21414,0.180202,0.206475,1.20934,-0.177355,0.425299,1.34641,0.204358,0.433847,1.33276,-0.196261,0.089257,1.2906,0,0,0,-2.98,0,0,0.359039,0,0,1.83108,-0.905376,0.888314,-5.88413,0.689263,-0.708423,-6.55179,0,0,0,0,0,0,0.312868,-0.666534,5.20034,-0.335699,0.672638,5.12717,0,0,-7.14479,0,0,-6.82166,0,0,7.64744,0,0,8.47321,0.112008,0.797942,-5.12746e-05,0,0.99993,0,0,0.011855,0,0,0.0237106,0,-1.60387,0,0,0,-0.287228
0.976012,0,0,-0.217718,0.997771,0,0,0.0667306,0.987704,0,0,0.156334,0.961163,0.0229704,-0.0225376,0.274098,0.969366,-0.0175361,0.0180235,0.24433,1,0,0,0,1,0,0,0,0.939443,-0.00142162,-0.0836841,-0.332328,0.937054,0.00257934,0.0872028,-0.338111,0.746158,0,0,-0.665769,0.748617,0,0,-0.663002,0.611363,0,0,0.79135,0.624888,0,0,0.780714,0.132772,0.0299941,0.119921,0.126853,0.0264,-0.123174,0.205506,0.210607,0.121258,0.20123,0.207517,-0.124161,0.152555,0.491781,0.0968554,0.150828,0.489987,-0.0982241,0,0.682001,0,0.03139,0.833182,0,0.0941793,1.00635,0,0.249935,1.11036,0.174967,0.252016,1.10199,-0.173222,0.499951,1.17796,0.189472,0.505868,1.15414,-0.184509,0.128564,1.22077,0,0,0,-2.78843,0,0,0.335958,0,0,1.71336,-0.847189,0.831224,-5.50585,0.644966,-0.662894,-6.13061,0,0,0,0,0,0,0.292755,-0.623684,4.86603,-0.314119,0.629396,4.79756,0,0,-6.68547,0,0,-6.38312,0,0,7.1558,0,0,7.9285,0.135801,0.739018,-0.000168305,0,0.999973,0,0,0.00737585,0,0,0.0147518,0,-1.76881,0,0,0,-0.268763
0.966658,0,0,-0.25607,0.997442,0,0,0.0714758,0.983622,0,0,0.180246,0.979992,0.0112022,-0.0109911,0.198416,0.987142,-0.00854875,0.0087864,0.159372,1,0,0,0,1,0,0,0,0.959301,0.00265718,-0.0929634,-0.266632,0.957016,-0.00178641,0.0965828,-0.273477,0.679895,0,0,-0.73331,0.685727,0,0,-0.727859,0.528191,0,0,0.849125,0.533503,0,0,0.845798,0.144626,0.0316919,0.115339,0.141526,0.0264,-0.118584,0.223649,0.202331,0.122321,0.220507,0.197525,-0.125185,0.165705,0.456571,0.100528,0.164006,0.454262,-0.101886,0,0.625901,0,0.0381028,0.774003,0,0.114694,0.941456,0,0.280546,1.0115,0.170756,0.280476,1.00035,-0.169924,0.539729,1.0197,0.177498,0.539529,0.987983,-0.175131,0.161007,1.15273,0,0,0,-2.36873,0,0,0.285391,0,0,1.45547,-0.719698,0.706136,-4.67714,0.547907,-0.563137,-5.20786,0,0,0,0,0,0,0.248691,-0.52981,4.13361,-0.266839,0.534663,4.07545,0,0,-5.67921,0,0,-5.42235,0,0,6.07875,0,0,6.73513,0.152277,0.682765,-0.000270666,0,0.999994,0,0,0.00357075,0,0,0.00714151,0,-1.68301,0,0,0,-0.22831
0.958917,0,0,-0.283686,0.997189,0,0,0.0749222,0.980292,0,0,0.197552,0.98977,0.0025537,-0.00250559,0.142629,0.995295,-0.00194774,0.00200191,0.0968469,1,0,0,0,1,0,0,0,0.970804,0.00564946,-0.0996791,-0.21811,0.968677,-0.0049907,0.103372,-0.22573,0.627901,0,0,-0.778294,0.636495,0,0,-0.771281,0.464318,0,0,0.885668,0.462829,0,0,0.886447,0.149948,0.0329888,0.111605,0.148779,0.0264,-0.114869,0.233553,0.195792,0.122981,0.231321,0.18965,-0.125838,0.173439,0.429037,0.103293,0.171826,0.426345,-0.104651,0,0.582154,0,0.0428007,0.727691,0,0.129101,0.890301,0,0.297373,0.935108,0.1679,0.295006,0.922353,-0.167714,0.554323,0.899565,0.169376,0.547592,0.863296,-0.168845,0.183914,1.0988,0,0,0,-1.7209,0,0,0.20734,0,0,1.05742,-0.522902,0.51305,-3.39798,0.398087,-0.409152,-3.78358,0,0,0,0,0,0,0.180676,-0.384911,3.0031,-0.193861,0.388439,2.96085,0,0,-4.126,0,0,-3.93939,0,0,4.41628,0,0,4.89314,0.161941,0.638989,-0.000345486,1,1,0,0,0.000806264,0,0,0.00161253,0,-1.31241,0,0,0,-0.165869
0.956645,0,0,-0.291257,0.997118,0,0,0.0758718,0.979321,0,0,0.202311,0.991882,0.000159934,-0.000156956,0.127164,0.996832,-0.000121987,0.000125392,0.0795365,1,0,0,0,1,0,0,0,0.973537,0.00647722,-0.101524,-0.204639,0.971466,-0.00587736,0.105237,-0.212473,0.613039,0,0,-0.790053,0.622436,0,0,-0.782671,0.446258,0,0,0.894904,0.442791,0,0,0.896625,0.150903,0.0343541,0.110532,0.150246,0.027398,-0.113802,0.235775,0.194915,0.123151,0.233805,0.188394,-0.126009,0.175288,0.422185,0.104066,0.173709,0.419388,-0.105425,0,0.570704,0,0.0440663,0.715487,0,0.13299,0.876663,0,0.3012,0.914539,0.16715,0.298103,0.901429,-0.167138,0.556217,0.867057,0.167241,0.547411,0.829777,-0.167208,0.190117,1.08432,0,0,0,-0.474263,0,0,0.0571404,0,0,0.291416,-0.144125,0.141407,-0.93644,0.109721,-0.112772,-1.0427,0,0,0,0,0,0,0.0497926,-0.106077,0.827621,-0.0534266,0.10705,0.815989,0,0,-1.1371,0,0,-1.08567,0,0,1.21709,0,0,1.34851,0.164254,0.627561,-0.000366034,0,1,0,0,4.44003e-05,0,0,8.88007e-05,0,-0.34351,0,0,0,-0.0457118
0.955076,0,0,-0.296362,0.997069,0,0,0.0765135,0.978652,0,0,0.205524,0.993166,-0.00145967,0.00143213,0.116696,0.997696,0.0011129,-0.00114382,0.067825,1,0,0,0,1,0,0,0,0.975276,0.00703718,-0.102768,-0.195515,0.973246,-0.00647723,0.106495,-0.203493,0.602871,0,0,-0.797839,0.61282,0,0,-0.790223,0.43395,0,0,0.900937,0.429123,0,0,0.903246,0.15142,0.0356164,0.109798,0.151104,0.0284096,-0.113072,0.237148,0.194643,0.123264,0.23536,0.187864,-0.126122,0.176468,0.417833,0.10459,0.174914,0.414964,-0.105951,0,0.563215,0,0.044914,0.707478,0,0.135597,0.867659,0,0.303587,0.900874,0.166652,0.299976,0.887548,-0.166758,0.55698,0.845379,0.165826,0.54671,0.807484,-0.166126,0.19428,1.07473,0,0,0,-0.320479,0,0,0.0386122,0,0,0.196921,-0.0974021,0.0955667,-0.632797,0.0741524,-0.0762136,-0.704611,0,0,0,0,0,0,0.033647,-0.0716816,0.559262,-0.0361023,0.0723387,0.551393,0,0,-0.768378,0,0,-0.733623,0,0,0.822422,0,0,0.911243,0.16573,0.620097,-0.000379875,0,1,0,0,-0.000470424,0,0,-0.000940848,0,-0.224667,0,0,0,-0.0308895
0.953766,0,0,-0.30055,0.997028,0,0,0.0770405,0.978095,0,0,0.208161,0.994134,-0.00279114,0.00273851,0.108088,0.9983,0.00212783,-0.00218697,0.0581981,1,0,0,0,1,0,0,0,0.976639,0.00749744,-0.103789,-0.188009,0.974645,-0.00697034,0.107527,-0.196104,0.594446,0,0,-0.804136,0.604852,0,0,-0.796338,0.423779,0,0,0.905765,0.417822,0,0,0.908529,0.151767,0.036696,0.10919,0.151728,0.0292818,-0.112468,0.238199,0.19445,0.123355,0.236561,0.187458,-0.126214,0.177394,0.414263,0.105022,0.175863,0.411336,-0.106384,0,0.557053,0,0.0456057,0.700881,0,0.137726,0.860233,0,0.305429,0.889635,0.166249,0.301382,0.876147,-0.166451,0.557297,0.827597,0.16468,0.545788,0.789241,-0.165254,0.197682,1.06682,0,0,0,-0.263237,0,0,0.0317162,0,0,0.16175,-0.0800168,0.078509,-0.519772,0.0609169,-0.0626103,-0.578763,0,0,0,0,0,0,0.0276373,-0.0588781,0.459371,-0.0296541,0.0594185,0.45291,0,0,-0.631131,0,0,-0.602596,0,0,0.675538,0,0,0.748486,0.166891,0.613962,-0.000391216,0,1,0,0,-0.000893296,0,0,-0.00178659,0,-0.184856,0,0,0,-0.0253723
0.952708,0,0,-0.303886,0.996995,0,0,0.077461,0.977645,0,0,0.210265,0.99485,-0.00385425,0.00378159,0.101214,0.998715,0.00293801,-0.00301966,0.0505131,1,0,0,0,1,0,0,0,0.977685,0.00786486,-0.104602,-0.182012,0.97572,-0.007364,0.10835,-0.190202,0.587676,0,0,-0.809097,0.598452,0,0,-0.801159,0.415626,0,0,0.909536,0.408759,0,0,0.912642,0.151993,0.0375793,0.108703,0.152172,0.0299985,-0.111983,0.238988,0.194311,0.123427,0.237471,0.187148,-0.126287,0.178105,0.411414,0.105368,0.176592,0.40844,-0.10673,0,0.552125,0,0.0461546,0.695602,0,0.139416,0.854282,0,0.306822,0.880655,0.165932,0.30242,0.867047,-0.16621,0.55735,0.813426,0.163777,0.544832,0.77473,-0.164568,0.200385,1.06047,0,0,0,-0.210031,0,0,0.0253057,0,0,0.129056,-0.063856,0.0626528,-0.41471,0.0486137,-0.0499651,-0.461781,0,0,0,0,0,0,0.022051,-0.0469767,0.36652,-0.0236601,0.0474089,0.361362,0,0,-0.503565,0,0,-0.480791,0,0,0.538995,0,0,0.597188,0.167784,0.60906,-0.000400248,0,0.999999,0,0,-0.00123069,0,0,-0.00246139,0,-0.147843,0,0,0,-0.0202438
0.95189,0,0,-0.306439,0.99697,0,0,0.0777831,0.977297,0,0,0.211875,0.995365,-0.00466898,0.00458097,0.0959463,0.998991,0.00355878,-0.00365769,0.0446253,1,0,0,0,1,0,0,0,0.978461,0.00814636,-0.105225,-0.177415,0.976519,-0.00766562,0.108979,-0.185676,0.582463,0,0,-0.812857,0.593524,0,0,-0.804816,0.409359,0,0,0.912374,0.40179,0,0,0.915732,0.152135,0.0382621,0.108329,0.152481,0.0305532,-0.11161,0.239561,0.194206,0.123482,0.238138,0.186912,-0.126343,0.178633,0.409224,0.105632,0.177135,0.406215,-0.106996,0,0.548337,0,0.0465731,0.691543,0,0.140705,0.849703,0,0.307843,0.873764,0.165691,0.303165,0.860071,-0.166027,0.557271,0.802578,0.163093,0.543967,0.76364,-0.164049,0.202449,1.05558,0,0,0,-0.16085,0,0,0.0193807,0,0,0.0988385,-0.0489198,0.047998,-0.31761,0.0372428,-0.038278,-0.353664,0,0,0,0,0,0,0.016888,-0.0359778,0.280702,-0.0181203,0.0363086,0.276754,0,0,-0.385666,0,0,-0.368221,0,0,0.412788,0,0,0.45737,0.168447,0.605296,-0.000407154,0,0.999999,0,0,-0.00148909,0,0,-0.00297818,0,-0.113629,0,0,0,-0.015504
0.951297,0,0,-0.308274,0.996952,0,0,0.0780147,0.977045,0,0,0.213033,0.995717,-0.0052555,0.00515643,0.0921552,0.999168,0.0040056,-0.00411693,0.0403889,1,0,0,0,1,0,0,0,0.979005,0.00834891,-0.105673,-0.174105,0.97708,-0.00788266,0.109432,-0.182419,0.578698,0,0,-0.815542,0.589965,0,0,-0.807429,0.404838,0,0,0.914388,0.396763,0,0,0.917921,0.152221,0.0387477,0.108058,0.152686,0.0309462,-0.111341,0.239957,0.194123,0.123522,0.238602,0.186734,-0.126383,0.179004,0.407637,0.105823,0.177517,0.404601,-0.107187,0,0.545596,0,0.0468732,0.688606,0,0.141629,0.846388,0,0.308553,0.868791,0.165519,0.303673,0.85504,-0.165897,0.557151,0.79477,0.162604,0.543274,0.755667,-0.163679,0.203929,1.05204,0,0,0,-0.11571,0,0,0.0139412,0,0,0.0711,-0.035208,0.0345447,-0.228471,0.026804,-0.0275491,-0.254412,0,0,0,0,0,0,0.0121483,-0.0258802,0.201924,-0.0130349,0.0261189,0.199082,0,0,-0.277426,0,0,-0.264877,0,0,0.296938,0,0,0.32901,0.168913,0.602573,-0.000412115,0,0.999999,0,0,-0.00167497,0,0,-0.00334994,0,-0.0822169,0,0,0,-0.0111527
0.950913,0,0,-0.309457,0.99694,0,0,0.078164,0.976882,0,0,0.213779,0.995937,-0.00563405,0.00552785,0.0897103,0.999272,0.00429396,-0.00441331,0.0376572,1,0,0,0,1,0,0,0,0.97935,0.00847951,-0.105961,-0.171971,0.977436,-0.00802261,0.109723,-0.180318,0.576265,0,0,-0.817263,0.587665,0,0,-0.809105,0.401919,0,0,0.915675,0.393515,0,0,0.919318,0.152269,0.0390453,0.107884,0.15281,0.0311841,-0.111167,0.240205,0.194052,0.123547,0.238894,0.186603,-0.126409,0.179239,0.406594,0.105946,0.177759,0.403542,-0.107311,0,0.54381,0,0.0470662,0.686692,0,0.142224,0.84423,0,0.309,0.865566,0.165409,0.303989,0.851779,-0.165813,0.557045,0.789721,0.16229,0.542796,0.750517,-0.163442,0.204882,1.04974,0,0,0,-0.0745976,0,0,0.00898808,0,0,0.0458398,-0.022721,0.0222929,-0.147295,0.0172976,-0.0177784,-0.164025,0,0,0,0,0,0,0.00783211,-0.0166847,0.130179,-0.00840364,0.0168398,0.12835,0,0,-0.178853,0,0,-0.170767,0,0,0.191445,0,0,0.212116,0.169209,0.600799,-0.000415311,0,0.999998,0,0,-0.00179481,0,0,-0.00358962,0,-0.0536048,0,0,0,-0.00719023
0.95072,0,0,-0.310052,0.996935,0,0,0.0782392,0.9768,0,0,0.214154,0.996044,-0.00582497,0.00571518,0.0884806,0.999321,0.00443939,-0.00456278,0.0362831,1,0,0,0,1,0,0,0,0.979522,0.00854521,-0.106106,-0.170897,0.977614,-0.00809301,0.10987,-0.179261,0.575039,0,0,-0.818126,0.586506,0,0,-0.809945,0.400449,0,0,0.916319,0.39188,0,0,0.920016,0.15229,0.0391685,0.107796,0.152871,0.0312774,-0.11108,0.240328,0.19399,0.12356,0.239038,0.18651,-0.126422,0.179356,0.406043,0.106008,0.17788,0.402982,-0.107373,0,0.542883,0,0.0471632,0.685701,0,0.142523,0.843116,0,0.309221,0.863916,0.165353,0.304145,0.850111,-0.165772,0.556983,0.787156,0.162132,0.542547,0.747902,-0.163322,0.20536,1.04855,0,0,0,-0.0375187,0,0,0.00452086,0,0,0.0230563,-0.0114582,0.0112424,-0.074079,0.00872327,-0.00896576,-0.082503,0,0,0,0,0,0,0.00393916,-0.00839174,0.0654736,-0.0042266,0.00846997,0.0645527,0,0,-0.0899541,0,0,-0.0858843,0,0,0.0962806,0,0,0.106688,0.169356,0.599879,-0.000416926,0,0.999998,0,0,-0.00185508,0,0,-0.00371016,0,-0.027793,0,0,0,-0.00361627
0.950697,0,0,-0.310122,0.996934,0,0,0.0782481,0.97679,0,0,0.214199,0.996057,-0.00584863,0.0057384,0.088334,0.999327,0.00445742,-0.00458131,0.0361191,1,0,0,0,1,0,0,0,0.979542,0.00855304,-0.106123,-0.170769,0.977635,-0.0081014,0.109888,-0.179135,0.574893,0,0,-0.818229,0.586368,0,0,-0.810045,0.400273,0,0,0.916396,0.391685,0,0,0.920099,0.152293,0.0391343,0.107785,0.152878,0.0312396,-0.11107,0.240342,0.193934,0.123561,0.239055,0.18645,-0.126423,0.17937,0.405928,0.106015,0.177894,0.402867,-0.10738,0,0.542724,0,0.0471747,0.685534,0,0.142558,0.842934,0,0.309248,0.86367,0.165346,0.304163,0.849864,-0.165766,0.556976,0.786802,0.162113,0.542516,0.747541,-0.163308,0.205417,1.04836,0,0,0,-0.00447035,0,0,0.000539571,0,0,0.00274926,-0.00142012,0.00139346,-0.00882715,0.00108124,-0.00111133,-0.00984751,0,0,0,0,0,0,0.00046961,-0.00099957,0.00780433,-0.000503808,0.00101075,0.00769436,0,0,-0.0107253,0,0,-0.0102389,0,0,0.0114727,0,0,0.0127172,0.169374,0.59972,-0.000417128,0,0.999998,0,0,-0.00186226,0,0,-0.00372453,0,-0.00478148,0,0,0,-0.000431039
0.950823,0,0,-0.309733,0.996938,0,0,0.078199,0.976844,0,0,0.213954,0.995987,-0.00572544,0.00561752,0.0891386,0.999295,0.00436358,-0.00448487,0.0370176,1,0,0,0,1,0,0,0,0.97943,0.00851007,-0.106029,-0.171472,0.977519,-0.00805535,0.109792,-0.179826,0.575695,0,0,-0.817665,0.587126,0,0,-0.809496,0.401235,0,0,0.915975,0.392755,0,0,0.919643,0.152279,0.0389618,0.107843,0.152838,0.0310868,-0.111127,0.240262,0.193883,0.123553,0.238961,0.186419,-0.126415,0.179293,0.406197,0.105975,0.177816,0.403141,-0.107339,0,0.543238,0,0.0471113,0.68609,0,0.142363,0.843571,0,0.309103,0.864658,0.165382,0.304062,0.850863,-0.165793,0.557017,0.788388,0.162215,0.542681,0.74916,-0.163384,0.205104,1.04905,0,0,0,0.024544,0,0,-0.00295669,0,0,-0.0150776,0.00739356,-0.00725401,0.0484648,-0.00562856,0.00578497,0.0539446,0,0,0,0,0,0,-0.00257665,0.00549003,-0.0428304,0.0027648,-0.00553787,-0.042226,0,0,0.0588441,0,0,0.0561798,0,0,-0.0629783,0,0,-0.0697803,0.169278,0.60023,-0.00041609,0,0.999998,0,0,-0.00182284,0,0,-0.00364567,0,0.0154299,0,0,0,0.00236557
0.951079,0,0,-0.308948,0.996946,0,0,0.0780999,0.976952,0,0,0.213458,0.995843,-0.0054758,0.00537259,0.0907619,0.999228,0.00417343,-0.00428943,0.0388308,1,0,0,0,1,0,0,0,0.979202,0.00842336,-0.105837,-0.172889,0.977284,-0.00796243,0.109598,-0.181221,0.577312,0,0,-0.816524,0.588654,0,0,-0.808385,0.403175,0,0,0.915123,0.394912,0,0,0.918719,0.152248,0.0386717,0.107959,0.152757,0.0308363,-0.111242,0.240099,0.193837,0.123536,0.238769,0.186414,-0.126398,0.179138,0.406797,0.105893,0.177656,0.403752,-0.107258,0,0.544333,0,0.0469832,0.68727,0,0.141968,0.844913,0,0.308809,0.866707,0.165455,0.303854,0.852936,-0.165848,0.557093,0.791647,0.162421,0.543004,0.752485,-0.163541,0.204472,1.05049,0,0,0,0.0495261,0,0,-0.00596657,0,0,-0.0304297,0.0149825,-0.0147001,0.0977924,-0.0114061,0.0117232,0.10887,0,0,0,0,0,0,-0.00519957,0.0110784,-0.0864261,0.00557899,-0.0111777,-0.0852093,0,0,0.118736,0,0,0.113372,0,0,-0.127101,0,0,-0.14082,0.169082,0.601317,-0.000413989,0,0.999999,0,0,-0.00174328,0,0,-0.00348656,0,0.032841,0,0,0,0.00477353
0.951441,0,0,-0.307831,0.996957,0,0,0.0779588,0.977106,0,0,0.212753,0.995634,-0.00512015,0.00502365,0.0930716,0.999127,0.00390251,-0.00401098,0.0414109,1,0,0,0,1,0,0,0,0.978875,0.00829998,-0.105565,-0.174905,0.976946,-0.00783022,0.109323,-0.183206,0.579609,0,0,-0.814895,0.590826,0,0,-0.806799,0.405931,0,0,0.913904,0.397978,0,0,0.917395,0.152201,0.0382856,0.108124,0.152638,0.0305066,-0.111406,0.239863,0.193798,0.123512,0.238491,0.186432,-0.126373,0.178915,0.407676,0.105777,0.177426,0.404647,-0.107141,0,0.545915,0,0.0468007,0.688972,0,0.141406,0.846846,0,0.308383,0.869649,0.165558,0.303552,0.855911,-0.165927,0.557185,0.796312,0.162716,0.543446,0.757247,-0.163764,0.203571,1.05256,0,0,0,0.0704777,0,0,-0.00849009,0,0,-0.0433016,0.0213471,-0.0209447,0.139161,-0.0162514,0.016703,0.154932,0,0,0,0,0,0,-0.00739921,0.0157633,-0.122986,0.00793917,-0.0159059,-0.121255,0,0,0.168972,0,0,0.161322,0,0,-0.18086,0,0,-0.200372,0.168801,0.602887,-0.000410986,0,0.999999,0,0,-0.00163006,0,0,-0.00326013,0,0.0474519,0,0,0,0.00679278
0.951888,0,0,-0.306445,0.99697,0,0,0.0777838,0.977296,0,0,0.211879,0.995366,-0.00467892,0.00459074,0.0959349,0.998991,0.00356638,-0.0036655,0.0446101,1,0,0,0,1,0,0,0,0.978462,0.008147,-0.105226,-0.177404,0.976521,-0.00766631,0.108981,-0.185666,0.582451,0,0,-0.812866,0.593513,0,0,-0.804825,0.409344,0,0,0.91238,0.401774,0,0,0.915739,0.152135,0.0378251,0.108328,0.152482,0.0301159,-0.11161,0.239562,0.193767,0.123482,0.238139,0.186473,-0.126343,0.178634,0.408781,0.105633,0.177136,0.405771,-0.106996,0,0.54789,0,0.046574,0.691095,0,0.140708,0.849254,0,0.307846,0.87331,0.165688,0.303166,0.859616,-0.166025,0.557271,0.802115,0.163084,0.543964,0.763175,-0.164043,0.202453,1.05513,0,0,0,0.0873953,0,0,-0.010529,0,0,-0.0536969,0.026487,-0.0259876,0.172564,-0.0201643,0.0207249,0.192126,0,0,0,0,0,0,-0.00917528,0.0195475,-0.152508,0.00984494,-0.019725,-0.150363,0,0,0.209531,0,0,0.200061,0,0,-0.224276,0,0,-0.248494,0.168448,0.604849,-0.000407256,0,0.999999,0,0,-0.00148967,0,0,-0.00297935,0,0.0592589,0,0,0,0.00842344
0.952399,0,0,-0.304854,0.996986,0,0,0.0775831,0.977513,0,0,0.210875,0.995048,-0.00417256,0.00409392,0.0992194,0.998823,0.00318058,-0.00326897,0.0482804,1,0,0,0,1,0,0,0,0.977982,0.0079715,-0.104838,-0.180271,0.976025,-0.00747826,0.108588,-0.188488,0.585704,0,0,-0.810525,0.596587,0,0,-0.802548,0.413254,0,0,0.910616,0.406121,0,0,0.913819,0.152049,0.0373118,0.108561,0.152293,0.0296828,-0.111842,0.239208,0.193745,0.123448,0.237727,0.186533,-0.126309,0.178307,0.41006,0.105468,0.1768,0.407072,-0.106831,0,0.550166,0,0.0463133,0.693541,0,0.139904,0.852024,0,0.307214,0.87752,0.165837,0.302707,0.863878,-0.166138,0.557332,0.808791,0.163509,0.544517,0.769999,-0.164364,0.201167,1.0581,0,0,0,0.100279,0,0,-0.0120811,0,0,-0.0616166,0.0304024,-0.0298292,0.198008,-0.0231451,0.0237887,0.220457,0,0,0,0,0,0,-0.0105282,0.02243,-0.174996,0.0112964,-0.0226334,-0.172532,0,0,0.240433,0,0,0.229547,0,0,-0.257342,0,0,-0.285122,0.168037,0.60711,-0.000402974,0,0.999999,0,0,-0.00132858,0,0,-0.00265717,0,0.0682729,0,0,0,0.00966541
0.952952,0,0,-0.303121,0.997003,0,0,0.0773646,0.977748,0,0,0.209782,0.99469,-0.00362148,0.00355323,0.102793,0.998625,0.00276066,-0.00283739,0.0522741,1,0,0,0,1,0,0,0,0.977448,0.00778055,-0.104416,-0.183389,0.975476,-0.00727365,0.108161,-0.191557,0.589233,0,0,-0.807963,0.599924,0,0,-0.800057,0.4175,0,0,0.908677,0.410841,0,0,0.911707,0.151944,0.0367668,0.108815,0.152074,0.0292246,-0.112095,0.238811,0.193733,0.123411,0.237266,0.18661,-0.126271,0.177944,0.41146,0.105288,0.176427,0.408496,-0.106651,0,0.552648,0,0.0460288,0.696207,0,0.139029,0.855041,0,0.306509,0.882109,0.166001,0.302188,0.868526,-0.166262,0.557353,0.816069,0.163974,0.545068,0.777446,-0.164717,0.199766,1.06132,0,0,0,0.109134,0,0,-0.0131486,0,0,-0.0670525,0.0330935,-0.0324698,0.215491,-0.025194,0.0258942,0.239923,0,0,0,0,0,0,-0.0114578,0.0244108,-0.190446,0.012294,-0.0246307,-0.187765,0,0,0.261651,0,0,0.249821,0,0,-0.280051,0,0,-0.310299,0.167582,0.609578,-0.000398301,0,0.999999,0,0,-0.00115327,0,0,-0.00230654,0,0.0744814,0,0,0,0.0105188
0.953526,0,0,-0.30131,0.997021,0,0,0.0771365,0.977992,0,0,0.208641,0.994301,-0.00304611,0.0029887,0.106522,0.9984,0.00232218,-0.00238672,0.0564433,1,0,0,0,1,0,0,0,0.976881,0.0075812,-0.103974,-0.186642,0.974893,-0.00706007,0.107715,-0.194759,0.592906,0,0,-0.805272,0.603397,0,0,-0.797441,0.421924,0,0,0.906631,0.415759,0,0,0.909475,0.151822,0.0362102,0.109079,0.151833,0.0287582,-0.112358,0.238383,0.193732,0.123372,0.236773,0.186701,-0.126231,0.177558,0.412928,0.105101,0.176031,0.40999,-0.106463,0,0.555245,0,0.045731,0.698994,0,0.138112,0.858193,0,0.305753,0.886904,0.166172,0.301625,0.873386,-0.166393,0.557325,0.823681,0.164462,0.545587,0.785241,-0.165088,0.198299,1.06469,0,0,0,0.113955,0,0,-0.0137293,0,0,-0.0700182,0.0345595,-0.0339082,0.22501,-0.0263103,0.0270415,0.250523,0,0,0,0,0,0,-0.0119639,0.0254877,-0.198859,0.012837,-0.0257201,-0.196061,0,0,0.27321,0,0,0.260864,0,0,-0.292439,0,0,-0.324004,0.167097,0.61216,-0.000393422,0,1,0,0,-0.000970213,0,0,-0.00194043,0,0.0778896,0,0,0,0.0109835
0.954101,0,0,-0.299486,0.997038,0,0,0.0769068,0.978237,0,0,0.207492,0.993895,-0.00246685,0.00242036,0.110276,0.998156,0.00188069,-0.00193296,0.0606404,1,0,0,0,1,0,0,0,0.976299,0.00738052,-0.10353,-0.189916,0.974295,-0.00684506,0.107265,-0.197982,0.596592,0,0,-0.802545,0.606882,0,0,-0.794792,0.426368,0,0,0.90455,0.420698,0,0,0.907201,0.151685,0.0356609,0.109345,0.151576,0.0282996,-0.112622,0.237939,0.193739,0.123332,0.236263,0.186801,-0.126191,0.177162,0.414412,0.104912,0.175625,0.4115,-0.106274,0,0.557861,0,0.0454304,0.701801,0,0.137186,0.861365,0,0.304972,0.891734,0.166347,0.301036,0.878284,-0.166525,0.557243,0.831355,0.164957,0.546051,0.793109,-0.165465,0.196819,1.06808,0,0,0,0.114745,0,0,-0.0138232,0,0,-0.0705037,0.0348014,-0.0341455,0.226564,-0.0264941,0.0272305,0.252258,0,0,0,0,0,0,-0.0120467,0.0256647,-0.200234,0.0129257,-0.0258985,-0.197417,0,0,0.275102,0,0,0.262653,0,0,-0.294456,0,0,-0.326257,0.166601,0.614763,-0.000388495,0,1,0,0,-0.000785889,0,0,-0.00157178,0,0.0785011,0,0,0,0.0110594
0.954656,0,0,-0.297713,0.997055,0,0,0.0766835,0.978473,0,0,0.206375,0.993486,-0.00190409,0.00186821,0.113923,0.997901,0.00145173,-0.00149207,0.0647179,1,0,0,0,1,0,0,0,0.975722,0.00718557,-0.103097,-0.193096,0.973703,-0.00663619,0.106828,-0.201112,0.600161,0,0,-0.799879,0.610257,0,0,-0.792203,0.430677,0,0,0.902506,0.425485,0,0,0.904965,0.151539,0.0351366,0.109602,0.151313,0.0278631,-0.112878,0.237495,0.193754,0.123293,0.235755,0.186906,-0.126152,0.176771,0.415857,0.104729,0.175224,0.41297,-0.106091,0,0.560405,0,0.0451374,0.704529,0,0.136285,0.864444,0,0.304193,0.896428,0.166517,0.300442,0.883047,-0.166655,0.557113,0.83882,0.165441,0.546445,0.800768,-0.165833,0.195378,1.07136,0,0,0,0.111503,0,0,-0.0134334,0,0,-0.0685081,0.0338191,-0.0331815,0.220164,-0.0257464,0.026462,0.245128,0,0,0,0,0,0,-0.0117061,0.0249401,-0.194576,0.0125604,-0.0251663,-0.191838,0,0,0.267327,0,0,0.255243,0,0,-0.286138,0,0,-0.317023,0.16611,0.617295,-0.000383705,0,1,0,0,-0.000606774,0,0,-0.00121355,0,0.0763071,0,0,0,0.0107469
0.955171,0,0,-0.296054,0.997072,0,0,0.0764749,0.978693,0,0,0.20533,0.993091,-0.00137819,0.00135222,0.11733,0.997648,0.00105082,-0.00108003,0.0685283,1,0,0,0,1,0,0,0,0.975173,0.00700338,-0.102693,-0.196067,0.973141,-0.00644101,0.106419,-0.204035,0.603488,0,0,-0.797372,0.613402,0,0,-0.789771,0.434696,0,0,0.900577,0.42995,0,0,0.902853,0.151392,0.0346536,0.109842,0.151055,0.0274622,-0.113116,0.237068,0.193773,0.123257,0.235269,0.18701,-0.126116,0.176398,0.41721,0.104559,0.174843,0.414346,-0.105919,0,0.562782,0,0.0448629,0.707077,0,0.13544,0.867319,0,0.303448,0.900815,0.166677,0.299867,0.8875,-0.166777,0.556946,0.845803,0.165896,0.546764,0.80794,-0.16618,0.194029,1.07443,0,0,0,0.104223,0,0,-0.0125572,0,0,-0.0640386,0.0316114,-0.0310157,0.205795,-0.0240657,0.0247347,0.229131,0,0,0,0,0,0,-0.0109423,0.0233129,-0.18188,0.0117409,-0.0235239,-0.179317,0,0,0.249889,0,0,0.238577,0,0,-0.267463,0,0,-0.296345,0.165643,0.619663,-0.000379219,0,1,0,0,-0.000439348,0,0,-0.000878695,0,0.0713146,0,0,0,0.0100456
0.955629,0,0,-0.294574,0.997086,0,0,0.0762888,0.978888,0,0,0.204399,0.992729,-0.000909506,0.00089237,0.120366,0.99741,0.0006935,-0.000712768,0.0719244,1,0,0,0,1,0,0,0,0.974677,0.006841,-0.102332,-0.198713,0.972632,-0.00626705,0.106055,-0.20664,0.606444,0,0,-0.795126,0.616198,0,0,-0.787591,0.438271,0,0,0.898843,0.433921,0,0,0.900951,0.15125,0.0342277,0.110055,0.150816,0.0271092,-0.113329,0.236679,0.193793,0.123224,0.234827,0.187105,-0.126083,0.176061,0.418417,0.104406,0.174498,0.415573,-0.105767,0,0.5649,0,0.0446177,0.709346,0,0.134686,0.869878,0,0.302769,0.904724,0.16682,0.299339,0.89147,-0.166886,0.55676,0.852031,0.166304,0.547007,0.814341,-0.166491,0.192824,1.07716,0,0,0,0.0929153,0,0,-0.0111942,0,0,-0.0570908,0.0281796,-0.0276484,0.183468,-0.021453,0.0220494,0.20427,0,0,0,0,0,0,-0.00975508,0.0207826,-0.162144,0.010467,-0.0209708,-0.159864,0,0,0.222766,0,0,0.212699,0,0,-0.238452,0,0,-0.264187,0.165221,0.621772,-0.000375225,0,1,0,0,-0.000290086,0,0,-0.000580173,0,0.0635237,0,0,0,0.00895567
0.956009,0,0,-0.293339,0.997098,0,0,0.0761335,0.97905,0,0,0.203621,0.992419,-0.00051834,0.000508582,0.1229,0.997201,0.000395255,-0.000406236,0.0747592,1,0,0,0,1,0,0,0,0.974256,0.00670545,-0.102031,-0.200922,0.972202,-0.00612184,0.10575,-0.208814,0.608906,0,0,-0.793243,0.618526,0,0,-0.785764,0.441251,0,0,0.897384,0.43723,0,0,0.89935,0.151126,0.0338732,0.110233,0.150609,0.0268153,-0.113505,0.236347,0.19381,0.123197,0.234451,0.187185,-0.126055,0.175776,0.419422,0.104279,0.174207,0.416595,-0.10564,0,0.566664,0,0.0444125,0.711236,0,0.134055,0.872009,0,0.302192,0.907984,0.16694,0.298887,0.894782,-0.166978,0.556578,0.85723,0.166645,0.54718,0.819688,-0.166752,0.191816,1.07943,0,0,0,0.0775784,0,0,-0.00934571,0,0,-0.0476655,0.0235238,-0.0230801,0.153179,-0.0179085,0.0184061,0.170546,0,0,0,0,0,0,-0.00814464,0.0173508,-0.135376,0.00873903,-0.0175095,-0.13347,0,0,0.185995,0,0,0.177577,0,0,-0.199077,0,0,-0.220571,0.164864,0.623531,-0.000371881,0,1,0,0,-0.000165466,0,0,-0.000330932,0,0.0529307,0,0,0,0.00747722
0.956293,0,0,-0.292411,0.997106,0,0,0.076017,0.979171,0,0,0.203038,0.992182,-0.000225023,0.000220787,0.124801,0.99704,0.000171598,-0.000176362,0.0768857,1,0,0,0,1,0,0,0,0.973937,0.00660377,-0.101805,-0.202579,0.971876,-0.00601291,0.105521,-0.210444,0.610749,0,0,-0.791824,0.62027,0,0,-0.784389,0.443484,0,0,0.896282,0.439709,0,0,0.89814,0.151028,0.0336042,0.110366,0.150449,0.0265918,-0.113638,0.236094,0.19382,0.123177,0.234165,0.187241,-0.126035,0.17556,0.420171,0.104184,0.173986,0.417357,-0.105544,0,0.567982,0,0.0442584,0.712649,0,0.133581,0.873601,0,0.301753,0.910423,0.16703,0.298541,0.897261,-0.167047,0.556426,0.861126,0.166902,0.547292,0.823698,-0.166949,0.191059,1.08113,0,0,0,0.0582039,0,0,-0.00701219,0,0,-0.0357619,0.0176426,-0.0173104,0.114928,-0.0134314,0.0138048,0.127957,0,0,0,0,0,0,-0.00611069,0.013019,-0.10157,0.00655655,-0.013137,-0.100142,0,0,0.139543,0,0,0.133238,0,0,-0.149367,0,0,-0.165496,0.164593,0.624844,-0.000369375,0,1,0,0,-7.1968e-05,0,0,-0.000143936,0,0.0395411,0,0,0,0.0056099
0.956462,0,0,-0.291856,0.997112,0,0,0.0759473,0.979243,0,0,0.202689,0.992038,-4.98532e-05,4.89318e-05,0.125937,0.996941,3.80336e-05,-3.90905e-05,0.0781567,1,0,0,0,1,0,0,0,0.973746,0.00654299,-0.10167,-0.203569,0.971679,-0.0059478,0.105385,-0.211419,0.611849,0,0,-0.790974,0.621311,0,0,-0.783564,0.444817,0,0,0.895621,0.44119,0,0,0.897414,0.150969,0.0334348,0.110446,0.150352,0.0264495,-0.113716,0.235941,0.193816,0.123164,0.233993,0.187265,-0.126022,0.17543,0.420609,0.104127,0.173854,0.417803,-0.105487,0,0.56876,0,0.0441661,0.713483,0,0.133297,0.874543,0,0.301488,0.911871,0.167085,0.298331,0.898733,-0.167088,0.556328,0.863447,0.167056,0.547351,0.826087,-0.167066,0.190606,1.08213,0,0,0,0.034799,0,0,-0.00419229,0,0,-0.0213799,0.0105375,-0.0103381,0.0687101,-0.0080217,0.00824433,0.0764948,0,0,0,0,0,0,-0.00365334,0.00778332,-0.0607243,0.00391999,-0.00785396,-0.0598687,0,0,0.083431,0,0,0.079658,0,0,-0.0892997,0,0,-0.0989342,0.164431,0.62562,-0.000367874,0,1,0,0,-1.60681e-05,0,0,-3.21362e-05,0,0.0233442,0,0,0,0.00335399
0.956498,0,0,-0.291739,0.997113,0,0,0.0759326,0.979258,0,0,0.202615,0.992008,-1.31598e-05,1.29295e-05,0.126177,0.99692,1.00591e-05,-1.03271e-05,0.0784256,1,0,0,0,1,0,0,0,0.973705,0.00653013,-0.101641,-0.203778,0.971638,-0.00593403,0.105356,-0.211625,0.612082,0,0,-0.790794,0.621531,0,0,-0.78339,0.445099,0,0,0.895481,0.441503,0,0,0.89726,0.150956,0.0333795,0.110462,0.150331,0.0264,-0.113733,0.235909,0.193796,0.123162,0.233956,0.187251,-0.12602,0.175402,0.420682,0.104115,0.173825,0.417878,-0.105475,0,0.568905,0,0.0441466,0.71364,0,0.133237,0.874722,0,0.301432,0.912158,0.167096,0.298287,0.899025,-0.167097,0.556307,0.863918,0.167088,0.547363,0.826573,-0.167091,0.19051,1.08233,0,0,0,0.00736177,0,0,-0.000886917,0,0,-0.0045222,0.00220746,-0.00216588,0.0145376,-0.00168018,0.00172757,0.0161791,0,0,0,0,0,0,-0.000772811,0.00164598,-0.0128469,0.000829194,-0.00166073,-0.0126627,0,0,0.0176454,0,0,0.0168478,0,0,-0.0188899,0,0,-0.0209284,0.164396,0.625765,-0.000367565,1,1,0,0,-4.24404e-06,0,0,-8.48807e-06,0,0.00435233,0,0,0,0.000709444
